time,t2m_K,snowfall_m_we_month,snow_evap_m_we_month,net_accum_m_we_month,year,month,snowfall_m_iceeq_month,sublimation_m_iceeq_month,net_accum_m_iceeq_month
1940-01-01 00:00:00,243.33233642578125,,,,1940,1,,,
1940-01-01 06:00:00,,0.0047095298767089845,0.00013220849930348778,0.004841738376012472,1940,1,0.005135801392267159,-0.0001441750265032582,0.005279976418770416
1940-02-01 00:00:00,232.72891235351562,,,,1940,2,,,
1940-02-01 06:00:00,,0.002762889862060547,9.504771733190865e-05,0.0028579375793924555,1940,2,0.0030129660436865285,-0.00010365072773381532,0.003116616771420344
1940-03-01 00:00:00,221.63958740234375,,,,1940,3,,,
1940-03-01 06:00:00,,0.003272724151611328,0.00021519784640986473,0.0034879219980211928,1940,3,0.0035689467302195505,-0.00023467595028338573,0.003803622680502936
1940-04-01 00:00:00,216.50148010253906,,,,1940,4,,,
1940-04-01 06:00:00,,0.0037658214569091797,0.00014249368200580648,0.003908315138914986,1940,4,0.004106675525528004,-0.00015539114722552504,0.004262066672753529
1940-05-01 00:00:00,224.10379028320312,,,,1940,5,,,
1940-05-01 06:00:00,,0.017301530734403058,0.0004766746424138546,0.017778205376816913,1940,5,0.018867536242533324,-0.0005198196754785764,0.0193873559180119
1940-06-01 00:00:00,215.47532653808594,,,,1940,6,,,
1940-06-01 06:00:00,,0.006585359573364258,0.00012740623787976801,0.006712765811244026,1940,6,0.007181417201051535,-0.00013893810019603925,0.007320355301247574
1940-07-01 00:00:00,218.16920471191406,,,,1940,7,,,
1940-07-01 06:00:00,,0.006585359573364258,0.0001883168422864401,0.006773676415650698,1940,7,0.007181417201051535,-0.0002053618781749619,0.007386779079226497
1940-08-01 00:00:00,219.7169189453125,,,,1940,8,,,
1940-08-01 06:00:00,,0.0068547606468200685,0.00020783141080755741,0.007062592057627626,1940,8,0.007475202450185461,-0.00022664275987737995,0.007701845210062842
1940-09-01 00:00:00,218.34373474121094,,,,1940,9,,,
1940-09-01 06:00:00,,0.010080812004161999,0.0002551755169406533,0.010335987521102652,1940,9,0.010993251912935658,-0.000278272101352948,0.011271524014288607
1940-10-01 00:00:00,222.6807861328125,,,,1940,10,,,
1940-10-01 06:00:00,,0.00612637996673584,0.00023461999953724443,0.006360999966273085,1940,10,0.0066808941840085494,-0.0002558560518399612,0.006936750235848511
1940-11-01 00:00:00,233.4329071044922,,,,1940,11,,,
1940-11-01 06:00:00,,0.0019698145952133927,0.00019398407130211126,0.002163798666515504,1940,11,0.0021481075193166767,-0.00021154206248867095,0.002359649581805348
1940-12-01 00:00:00,242.50997924804688,,,,1940,12,,,
1940-12-01 06:00:00,,0.002434587326388282,0.00018885991594288498,0.002623447242331167,1940,12,0.0026549480113285517,-0.00020595410680794435,0.002860902118136496
1941-01-01 00:00:00,240.85841369628906,,,,1941,1,,,
1941-01-01 06:00:00,,0.0017960071563720703,7.370576786343008e-05,0.0018697129242355004,1941,1,0.0019585683275595094,-8.03770641913087e-05,0.0020389453917508183
1941-02-01 00:00:00,235.33151245117188,,,,1941,2,,,
1941-02-01 06:00:00,,0.008525562286376954,0.0002902613254263997,0.008815823611803353,1941,2,0.00929723259146887,-0.00031653361551406726,0.009613766206982937
1941-03-01 00:00:00,223.39114379882812,,,,1941,3,,,
1941-03-01 06:00:00,,0.005128598213195801,0.00023486862282879885,0.0053634668360246,1941,3,0.005592800668697711,-0.00025612717865735967,0.005848927847355071
1941-04-01 00:00:00,218.792724609375,,,,1941,4,,,
1941-04-01 06:00:00,,0.0036499500274658203,0.0002822104452206986,0.003932160472686519,1941,4,0.003980316278588681,-0.0003077540296845132,0.004288070308273194
1941-05-01 00:00:00,216.94537353515625,,,,1941,5,,,
1941-05-01 06:00:00,,0.003262746334075928,0.00018089909863192589,0.003443645432707854,1941,5,0.0035580657950664424,-0.00019727273569457564,0.003755338530761018
1941-06-01 00:00:00,218.06240844726562,,,,1941,6,,,
1941-06-01 06:00:00,,0.005054891109466553,0.0002972719394165324,0.005352163048883085,1941,6,0.005512422147727974,-0.00032417877798967545,0.00583660092571765
1941-07-01 00:00:00,217.3121337890625,,,,1941,7,,,
1941-07-01 06:00:00,,0.0030033230781555177,0.00025387650530319663,0.003257199583458714,1941,7,0.0032751614810856244,-0.00027685551287153393,0.003552016993957158
1941-08-01 00:00:00,216.84552001953125,,,,1941,8,,,
1941-08-01 06:00:00,,0.005328154563903809,0.00016116026672534644,0.005489314830629155,1941,8,0.005810419371759879,-0.0001757472919578478,0.005986166663717726
1941-09-01 00:00:00,215.00843811035156,,,,1941,9,,,
1941-09-01 06:00:00,,0.004644513130187988,6.656383629888296e-05,0.004711076966486871,1941,9,0.0050648998148178715,-7.258869825396179e-05,0.005137488513071833
1941-10-01 00:00:00,226.28536987304688,,,,1941,10,,,
1941-10-01 06:00:00,,0.005008864402770996,0.00026217348931822926,0.0052710378920892255,1941,10,0.00546222944686041,-0.0002859034779915259,0.005748132924851936
1941-11-01 00:00:00,237.13824462890625,,,,1941,11,,,
1941-11-01 06:00:00,,0.007493019104003906,0.0003142638579447521,0.007807282961948658,1941,11,0.008171231302076233,-0.00034270867823855185,0.008513939980314786
1941-12-01 00:00:00,244.4495391845703,,,,1941,12,,,
1941-12-01 06:00:00,,0.00614633560180664,-0.00024366254892811413,0.005902673052878526,1941,12,0.006702656054314766,0.00026571706535236,0.006436938988962406
1942-01-01 00:00:00,242.92654418945312,,,,1942,1,,,
1942-01-01 06:00:00,,0.0048492193222045895,-0.00020573173915181542,0.004643487583052774,1942,1,0.0052881344844106755,0.00022435304160503316,0.005063781442805643
1942-02-01 00:00:00,235.14991760253906,,,,1942,2,,,
1942-02-01 06:00:00,,0.0056686878204345705,0.00033369191442034207,0.0060023797348549126,1942,2,0.006181775158598223,-0.0003638952174703839,0.006545670376068607
1942-03-01 00:00:00,221.43296813964844,,,,1942,3,,,
1942-03-01 06:00:00,,0.0026241660118103026,0.000178694527130574,0.0028028605389408766,1942,3,0.0028616859452675054,-0.00019486862282505342,0.003056554568092559
1942-04-01 00:00:00,220.09878540039062,,,,1942,4,,,
1942-04-01 06:00:00,,0.005127310752868652,0.00025520380586385727,0.00538251455873251,1942,4,0.005591396677065051,-0.0002783029507784703,0.005869699627843522
1942-05-01 00:00:00,216.53738403320312,,,,1942,5,,,
1942-05-01 06:00:00,,0.006974494457244873,0.00011734166764654219,0.007091836124891416,1942,5,0.007605773672022763,-0.00012796256013799585,0.007733736232160758
1942-06-01 00:00:00,214.05941772460938,,,,1942,6,,,
1942-06-01 06:00:00,,0.004007220268249512,9.856332326307893e-05,0.004105783591512591,1942,6,0.004369923956651593,-0.0001074845400905986,0.004477408496742192
1942-07-01 00:00:00,219.04710388183594,,,,1942,7,,,
1942-07-01 06:00:00,,0.007034361362457275,0.00019960263452958315,0.007233963996986859,1942,7,0.0076710592829414125,-0.00021766917615003613,0.007888728459091448
1942-08-01 00:00:00,214.82957458496094,,,,1942,8,,,
1942-08-01 06:00:00,,0.003991127014160156,0.00016690676857251675,0.004158033782732673,1942,8,0.004352374061243354,-0.00018201392428845883,0.004534387985531813
1942-09-01 00:00:00,218.90634155273438,,,,1942,9,,,
1942-09-01 06:00:00,,0.005822539329528809,0.00024173356359824538,0.006064272893127054,1942,9,0.00634955215870099,-0.0002636134826589372,0.006613165641359928
1942-10-01 00:00:00,225.66001892089844,,,,1942,10,,,
1942-10-01 06:00:00,,0.005966734886169433,0.0003589578322134912,0.006325692718382924,1942,10,0.0065067992215588144,-0.0003914480176810154,0.00689824723923983
1942-11-01 00:00:00,235.06997680664062,,,,1942,11,,,
1942-11-01 06:00:00,,0.005629420280456543,0.00019146178965456784,0.005820882070111111,1942,11,0.006138953413802118,-0.0002087914827203575,0.006347744896522476
1942-12-01 00:00:00,242.2887725830078,,,,1942,12,,,
1942-12-01 06:00:00,,0.005667400360107422,-0.00026880927998718107,0.005398591080120241,1942,12,0.006180371166965563,0.0002931398909347667,0.005887231276030797
1943-01-01 00:00:00,245.43353271484375,,,,1943,1,,,
1943-01-01 06:00:00,,0.007104206085205078,-4.288310256015393e-05,0.007061322982644925,1943,1,0.007747225829013171,4.67645611343009e-05,0.007700461267878871
1943-02-01 00:00:00,237.24732971191406,,,,1943,2,,,
1943-02-01 06:00:00,,0.005857944488525391,0.0003914506662113126,0.006249395154736703,1943,2,0.006388161928599117,-0.0004268818606448338,0.00681504378924395
1943-03-01 00:00:00,226.6046600341797,,,,1943,3,,,
1943-03-01 06:00:00,,0.006655204296112061,0.0005068200262030587,0.007162024322315119,1943,3,0.0072575837471232935,-0.0005526935945507728,0.007810277341674067
1943-04-01 00:00:00,222.33665466308594,,,,1943,4,,,
1943-04-01 06:00:00,,0.0060929059982299805,0.00023534026695415378,0.006328246265184134,1943,4,0.006644390401559412,-0.00025664151249089835,0.00690103191405031
1943-05-01 00:00:00,217.3863525390625,,,,1943,5,,,
1943-05-01 06:00:00,,0.005018842220306396,0.00021579953609034418,0.00523464175639674,1943,5,0.005473110382013518,-0.00023533210042567522,0.005708442482439193
1943-06-01 00:00:00,219.6927490234375,,,,1943,6,,,
1943-06-01 06:00:00,,0.008352398872375488,0.0003354971995577216,0.00868789607193321,1943,6,0.009108395716876213,-0.0003658639035525863,0.009474259620428799
1943-07-01 00:00:00,215.37564086914062,,,,1943,7,,,
1943-07-01 06:00:00,,0.006575381755828858,0.00021235504536889493,0.006787736801197753,1943,7,0.0071705362658984265,-0.00023157584009694102,0.0074021121059953685
1943-08-01 00:00:00,217.379150390625,,,,1943,8,,,
1943-08-01 06:00:00,,0.005667400360107422,0.0002531822479795665,0.0059205826080869885,1943,8,0.006180371166965563,-0.0002760984165535076,0.006456469583519071
1943-09-01 00:00:00,223.7498779296875,,,,1943,9,,,
1943-09-01 06:00:00,,0.013344523933483288,0.0005252308601484401,0.013869754793631728,1943,9,0.014552370701726594,-0.0005727708398565323,0.015125141541583127
1943-10-01 00:00:00,224.19432067871094,,,,1943,10,,,
1943-10-01 06:00:00,,0.003651881217956543,0.00021297622297424823,0.003864857440930791,1943,10,0.0039824222660376695,-0.00023225324206570144,0.004214675508103371
1943-11-01 00:00:00,234.66746520996094,,,,1943,11,,,
1943-11-01 06:00:00,,0.0027616024017333984,0.00022466591326519847,0.002986268314998597,1943,11,0.0030115620520538696,-0.0002450009959271521,0.0032565630479810216
1943-12-01 00:00:00,241.65155029296875,,,,1943,12,,,
1943-12-01 06:00:00,,0.0036917924880981445,-0.00011038706670660759,0.003581405421391537,1943,12,0.004025946006650103,0.00012037848059608243,0.00390556752605402
1944-01-01 00:00:00,240.99630737304688,,,,1944,1,,,
1944-01-01 06:00:00,,0.00331263542175293,3.4859025618061422e-06,0.003316121324314736,1944,1,0.0036124704708319845,-3.801420459984888e-06,0.0036162718912919694
1944-02-01 00:00:00,235.33106994628906,,,,1944,2,,,
1944-02-01 06:00:00,,0.0049844026565551754,0.00014810348905029968,0.005132506145605475,1944,2,0.005435553605839885,-0.0001615087121595416,0.005597062317999427
1944-03-01 00:00:00,224.1609649658203,,,,1944,3,,,
1944-03-01 06:00:00,,0.003372502326965332,0.0003279233118519187,0.0037004256388172506,1944,3,0.0036777560817506344,-0.0003576044840260836,0.004035360565776718
1944-04-01 00:00:00,217.69386291503906,,,,1944,4,,,
1944-04-01 06:00:00,,0.0032444000244140625,0.00021091513917781413,0.0034553151635918766,1944,4,0.0035380589143010495,-0.00023000560433785618,0.0037680645186389055
1944-05-01 00:00:00,222.87791442871094,,,,1944,5,,,
1944-05-01 06:00:00,,0.006705093383789063,0.00036613913252949717,0.00707123251631856,1944,5,0.007311988422888836,-0.0003992793157355476,0.007711267738624384
1944-06-01 00:00:00,219.9655303955078,,,,1944,6,,,
1944-06-01 06:00:00,,0.003881692886352539,0.0002987758198287338,0.004180468706181273,1944,6,0.004233034772467327,-0.00032581877843918623,0.004558853550906513
1944-07-01 00:00:00,217.51129150390625,,,,1944,7,,,
1944-07-01 06:00:00,,0.005378043651580811,0.00014563813456334174,0.005523681786144152,1944,7,0.0058648240475254205,-0.00015882021217376415,0.006023644259699184
1944-08-01 00:00:00,214.44471740722656,,,,1944,8,,,
1944-08-01 06:00:00,,0.003192901611328125,0.000195775693282485,0.00338867730461061,1944,8,0.0034818992489946835,-0.00021349584872681023,0.003695395097721494
1944-09-01 00:00:00,216.61378479003906,,,,1944,9,,,
1944-09-01 06:00:00,,0.0049245357513427734,0.0001474748714827001,0.0050720106228254735,1944,9,0.005370267994921235,-0.00016082319681864787,0.005531091191739884
1944-10-01 00:00:00,224.34292602539062,,,,1944,10,,,
1944-10-01 06:00:00,,0.004070949554443359,0.0001891936466563493,0.004260143201099708,1944,10,0.004439421542468221,-0.00020631804433625877,0.004645739586804479
1944-11-01 00:00:00,236.0273895263672,,,,1944,11,,,
1944-11-01 06:00:00,,0.005088686943054199,0.0001750777882989496,0.005263764731353149,1944,11,0.005549276928085277,-0.0001909245237720279,0.0057402014518573045
1944-12-01 00:00:00,243.73915100097656,,,,1944,12,,,
1944-12-01 06:00:00,,0.006425714492797852,-0.0002950179507024586,0.0061306965420953935,1944,12,0.007007322238601801,0.0003217207750299439,0.006685601463571857
1945-01-01 00:00:00,245.46856689453125,,,,1945,1,,,
1945-01-01 06:00:00,,0.001017737540860253,0.00042980131111107766,0.0014475388519713307,1945,1,0.0011098555516469498,-0.0004687037198594085,0.0015785592715063584
1945-02-01 00:00:00,236.7250518798828,,,,1945,2,,,
1945-02-01 06:00:00,,0.004361915588378906,0.00030112822059891187,0.004663043808977818,1945,2,0.004756723651449189,-0.00032838410098027463,0.0050851077524294635
1945-03-01 00:00:00,226.72470092773438,,,,1945,3,,,
1945-03-01 06:00:00,,0.007373607158660889,0.00037572003584500634,0.007749327194505895,1945,3,0.008041011078147097,-0.0004097274109542054,0.008450738489101302
1945-04-01 00:00:00,219.47901916503906,,,,1945,4,,,
1945-04-01 06:00:00,,0.006073594093322754,0.00024417348322458565,0.0063177675765473396,1945,4,0.0066233305270695245,-0.00026627424561023516,0.006889604772679759
1945-05-01 00:00:00,223.25025939941406,,,,1945,5,,,
1945-05-01 06:00:00,,0.008820390701293946,0.0004882943176198751,0.00930868501891382,1945,5,0.009618746675347813,-0.0005324910770118594,0.010151237752359673
1945-06-01 00:00:00,216.26649475097656,,,,1945,6,,,
1945-06-01 06:00:00,,0.0019794702529907227,0.00018620712216943502,0.0021656773751601577,1945,6,0.002158637135213438,-0.00020306120192959106,0.002361698337143029
1945-07-01 00:00:00,212.37286376953125,,,,1945,7,,,
1945-07-01 06:00:00,,0.002115297317504883,8.717192395124584e-05,0.002202469241456129,1945,7,0.002306758252458978,-9.506207628271084e-05,0.002401820328741689
1945-08-01 00:00:00,219.3340301513672,,,,1945,8,,,
1945-08-01 06:00:00,,0.007104206085205078,0.00021330751769710332,0.007317513602902182,1945,8,0.007747225829013171,-0.000232614523115707,0.007979840352128878
1945-09-01 00:00:00,216.74609375,,,,1945,9,,,
1945-09-01 06:00:00,,0.005175590515136719,0.00018191663548350334,0.005357507150620222,1945,9,0.00564404636328977,-0.0001983823723920429,0.0058424287356818125
1945-10-01 00:00:00,228.05661010742188,,,,1945,10,,,
1945-10-01 06:00:00,,0.008481144905090332,0.0003615643421653658,0.008842709247255697,1945,10,0.009248794880142129,-0.0003942904494715003,0.009643085329613629
1945-11-01 00:00:00,238.114990234375,,,,1945,11,,,
1945-11-01 06:00:00,,0.006730198860168457,-1.3342942111194134e-05,0.006716855918057263,1945,11,0.007339366259725689,1.4550645704682807e-05,0.007324815614021006
1945-12-01 00:00:00,244.11587524414062,,,,1945,12,,,
1945-12-01 06:00:00,,0.005597555637359619,-0.00016117244667839258,0.005436383190681226,1945,12,0.0061042046208938045,0.0001757605743493921,0.005928444046544412
1946-01-01 00:00:00,245.85475158691406,,,,1946,1,,,
1946-01-01 06:00:00,,0.0058470010757446286,-0.0002194437780417502,0.005627557297702878,1946,1,0.006376227999721514,0.00023930619197573628,0.006136921807745777
1946-02-01 00:00:00,235.55247497558594,,,,1946,2,,,
1946-02-01 06:00:00,,0.005046844482421875,0.00033238070318475366,0.005379225185606629,1946,2,0.005503647200023855,-0.00036246532517421337,0.005866112525198068
1946-03-01 00:00:00,224.29852294921875,,,,1946,3,,,
1946-03-01 06:00:00,,0.008082032203674316,0.0002069374022539705,0.008288969605928287,1946,3,0.008813557474017793,-0.00022566783233802671,0.009039225306355819
1946-04-01 00:00:00,222.7224884033203,,,,1946,4,,,
1946-04-01 06:00:00,,0.006595015525817871,0.00040373243973590434,0.006998747965553775,1946,4,0.007191947138296478,-0.0004402752886978237,0.007632222426994302
1946-05-01 00:00:00,222.29640197753906,,,,1946,5,,,
1946-05-01 06:00:00,,0.006665182113647461,0.0002422275982098654,0.006907409711857326,1946,5,0.007268464682276402,-0.0002641522335985446,0.007532616915874947
1946-06-01 00:00:00,220.0652313232422,,,,1946,6,,,
1946-06-01 06:00:00,,0.005706667900085449,0.00022760796127840877,0.005934275861363858,1946,6,0.006223192911761668,-0.00024820933618147084,0.0064714022479431385
1946-07-01 00:00:00,216.10337829589844,,,,1946,7,,,
1946-07-01 06:00:00,,0.003701770305633545,0.0001987549097975716,0.0039005252154311167,1946,7,0.004036826941803211,-0.00021674472169855137,0.0042535716635017625
1946-08-01 00:00:00,217.78773498535156,,,,1946,8,,,
1946-08-01 06:00:00,,0.0047294855117797855,0.00020380715432111174,0.004933292666100897,1946,8,0.005157563262573376,-0.00022225425771113603,0.005379817520284511
1946-09-01 00:00:00,220.75668334960938,,,,1946,9,,,
1946-09-01 06:00:00,,0.005301117897033691,0.00037355758831836283,0.005674675485352054,1946,9,0.005780935547474036,-0.0004073692348073749,0.006188304782281411
1946-10-01 00:00:00,222.28744506835938,,,,1946,10,,,
1946-10-01 06:00:00,,0.0047893524169921875,0.00015989355160854756,0.004949245968600735,1946,10,0.005222848873492026,-0.00017436592323723834,0.005397214796729263
1946-11-01 00:00:00,235.5006103515625,,,,1946,11,,,
1946-11-01 06:00:00,,0.006218433380126953,0.00014239229494705796,0.006360825675074011,1946,11,0.006781279585743678,-0.00015528058336647542,0.006936560169110153
1946-12-01 00:00:00,241.41055297851562,,,,1946,12,,,
1946-12-01 06:00:00,,0.0009179595177556621,0.000126386500778608,0.00104434601853427,1946,12,0.0010010463661457602,-0.00013782606409880918,0.0011388724302445693
1947-01-01 00:00:00,242.8068084716797,,,,1947,1,,,
1947-01-01 06:00:00,,0.003931260108947754,0.00010786081122660107,0.004039120920174355,1947,1,0.004287088450324704,-0.00011762356731363258,0.004404712017638337
1947-02-01 00:00:00,233.37100219726562,,,,1947,2,,,
1947-02-01 06:00:00,,0.003604888916015625,0.00028948023682460187,0.003894369152840227,1947,2,0.00393117657144561,-0.0003156818285982572,0.004246858400043868
1947-03-01 00:00:00,225.5413818359375,,,,1947,3,,,
1947-03-01 06:00:00,,0.00868070125579834,0.00018586851947475225,0.008866569775273092,1947,3,0.009466413583204296,-0.00020269195144465894,0.009669105534648954
1947-04-01 00:00:00,223.23345947265625,,,,1947,4,,,
1947-04-01 06:00:00,,0.006276369094848633,0.0003533970157150179,0.006629766110563651,1947,4,0.00684445920921334,-0.00038538387755181886,0.007229843086765159
1947-05-01 00:00:00,216.90452575683594,,,,1947,5,,,
1947-05-01 06:00:00,,0.004230594635009766,0.00018722293025348337,0.0044178175652632495,1947,5,0.004613516504917956,-0.0002041689533843875,0.0048176854583023435
1947-06-01 00:00:00,218.4693603515625,,,,1947,6,,,
1947-06-01 06:00:00,,0.0044803619384765625,0.00017944150204129983,0.004659803440517862,1947,6,0.00488589088165383,-0.00019568320833293328,0.005081574089986764
1947-07-01 00:00:00,218.3271484375,,,,1947,7,,,
1947-07-01 06:00:00,,0.004170727729797363,0.00024429331824649125,0.004415021048043854,1947,7,0.0045482308939993055,-0.00026640492720446157,0.004814635821203767
1947-08-01 00:00:00,217.9429931640625,,,,1947,8,,,
1947-08-01 06:00:00,,0.005268287658691406,0.0002742585909800255,0.005542546249671432,1947,8,0.005745133760841228,-0.0002990824329116963,0.006044216193752924
1947-09-01 00:00:00,219.54563903808594,,,,1947,9,,,
1947-09-01 06:00:00,,0.007338523864746094,0.00021788128651678562,0.007556405151262879,1947,9,0.008002752306157136,-0.00023760227537272149,0.008240354581529857
1947-10-01 00:00:00,223.88455200195312,,,,1947,10,,,
1947-10-01 06:00:00,,0.0034922361373901367,0.00023694637056905776,0.0037291825079591944,1947,10,0.003808327303587935,-0.00025839298862492664,0.004066720292212862
1947-11-01 00:00:00,240.18118286132812,,,,1947,11,,,
1947-11-01 06:00:00,,0.0086517333984375,0.00018796575022861362,0.008839699148666114,1947,11,0.009434823771469465,-0.0002049790078828938,0.00963980277935236
1947-12-01 00:00:00,245.30763244628906,,,,1947,12,,,
1947-12-01 06:00:00,,0.004410192914656363,0.0002266908501042053,0.004636883764760569,1947,12,0.004809370681195598,-0.0002472092149446077,0.005056579896140206
1948-01-01 00:00:00,242.85096740722656,,,,1948,1,,,
1948-01-01 06:00:00,,0.0007184028625488281,0.0002737152128247544,0.0009921180753735825,1948,1,0.0007834273310238038,-0.00029848987221892516,0.001081917203242729
1948-02-01 00:00:00,235.8205108642578,,,,1948,2,,,
1948-02-01 06:00:00,,0.004723045931314118,0.0002635784419908305,0.004986624373304949,1948,2,0.0051505408193174675,-0.0002874355965003604,0.005437976415817829
1948-03-01 00:00:00,226.71592712402344,,,,1948,3,,,
1948-03-01 06:00:00,,0.007184028625488281,0.0003935367189114913,0.007577565344399772,1948,3,0.007834273310238038,-0.0004291567272753449,0.008263430037513383
1948-04-01 00:00:00,221.1374969482422,,,,1948,4,,,
1948-04-01 06:00:00,,0.004992127418518066,0.00014409199695819552,0.005136219415476262,1948,4,0.005443977555635841,-0.00015713412972540405,0.005601111685361245
1948-05-01 00:00:00,220.74703979492188,,,,1948,5,,,
1948-05-01 06:00:00,,0.010596442222595214,0.00024158693267963826,0.010838029155274853,1948,5,0.011555553132601105,-0.00026345357980331324,0.011819006712404418
1948-06-01 00:00:00,216.55101013183594,,,,1948,6,,,
1948-06-01 06:00:00,,0.003051280975341797,0.000157995975087033,0.00320927695042883,1948,6,0.0033274601694021776,-0.0001722965922432203,0.003499756761645398
1948-07-01 00:00:00,216.63694763183594,,,,1948,7,,,
1948-07-01 06:00:00,,0.003013300895690918,0.00023040573578327894,0.003243706631474197,1948,7,0.003286042416238733,-0.00025126034436562586,0.0035373027606043586
1948-08-01 00:00:00,216.11241149902344,,,,1948,8,,,
1948-08-01 06:00:00,,0.002534365653991699,0.00019024599459953605,0.002724611648591235,1948,8,0.00276375752888953,-0.00020746564296568817,0.002971223171855218
1948-09-01 00:00:00,216.04959106445312,,,,1948,9,,,
1948-09-01 06:00:00,,0.004499673843383789,0.000188276928383857,0.004687950771767646,1948,9,0.004906950756143717,-0.00020531835156363906,0.005112269107707356
1948-10-01 00:00:00,225.4830322265625,,,,1948,10,,,
1948-10-01 06:00:00,,0.005647444725036621,0.0003354677270181128,0.005982912452054734,1948,10,0.006158609296659346,-0.00036583176337853085,0.006524441060037877
1948-11-01 00:00:00,239.46957397460938,,,,1948,11,,,
1948-11-01 06:00:00,,0.008980035781860352,0.00028440268943086267,0.009264438471291214,1948,11,0.009792841637797547,-0.00031014469948839986,0.010102986337285947
1948-12-01 00:00:00,244.47654724121094,,,,1948,12,,,
1948-12-01 06:00:00,,0.0058470010757446286,-0.00026598825061228124,0.005581012825132348,1948,12,0.006376227999721514,0.00029006352302320744,0.0060861644766983065
1949-01-01 00:00:00,243.33848571777344,,,,1949,1,,,
1949-01-01 06:00:00,,0.003911304473876953,0.0001727288241909264,0.004084033298067879,1949,1,0.004265326580018488,-0.0001883629489541182,0.0044536895289726056
1949-02-01 00:00:00,234.4614715576172,,,,1949,2,,,
1949-02-01 06:00:00,,0.004217717831488698,0.0003251858870498836,0.004542903718538582,1949,2,0.004599474189191601,-0.00035461928794970946,0.0049540934771413105
1949-03-01 00:00:00,220.50445556640625,,,,1949,3,,,
1949-03-01 06:00:00,,0.004559862613677979,0.00015234685270115733,0.004712209466379136,1949,3,0.004972587364970533,-0.00016613615343637658,0.005138723518406909
1949-04-01 00:00:00,222.46315002441406,,,,1949,4,,,
1949-04-01 06:00:00,,0.00814962387084961,0.0003113760303676827,0.008460999901217292,1949,4,0.008887267034732398,-0.0003395594660498175,0.009226826500782215
1949-05-01 00:00:00,222.61119079589844,,,,1949,5,,,
1949-05-01 06:00:00,,0.011145219751051627,0.0002801169961458072,0.011425336747197434,1949,5,0.012154001909543757,-0.00030547109721462066,0.012459473006758379
1949-06-01 00:00:00,216.66531372070312,,,,1949,6,,,
1949-06-01 06:00:00,,0.0024912357330322266,0.00026284431987733115,0.0027540800529095577,1949,6,0.002716723809195449,-0.00028663502712904156,0.0030033588363244904
1949-07-01 00:00:00,220.76490783691406,,,,1949,7,,,
1949-07-01 06:00:00,,0.006345891952514648,0.00023585017479490488,0.006581742127309553,1949,7,0.0069202747573769334,-0.0002571975733859377,0.007177472330762871
1949-08-01 00:00:00,215.36676025390625,,,,1949,8,,,
1949-08-01 06:00:00,,0.003631925582885742,0.00018801462720148266,0.003819940210087225,1949,8,0.003960660395731452,-0.00020503230883476843,0.004165692704566221
1949-09-01 00:00:00,223.85972595214844,,,,1949,9,,,
1949-09-01 06:00:00,,0.008922100067138672,0.0004995823837816715,0.009421682450920343,1949,9,0.009729662014327886,-0.0005448008547237421,0.010274462869051627
1949-10-01 00:00:00,229.88934326171875,,,,1949,10,,,
1949-10-01 06:00:00,,0.01352992057800293,0.00021817965116497363,0.013748100229167903,1949,10,0.014754548067614972,-0.00023792764576333002,0.0149924757133783
1949-11-01 00:00:00,240.20693969726562,,,,1949,11,,,
1949-11-01 06:00:00,,0.008323431015014648,0.00010120129297774838,0.008424632307992397,1949,11,0.009076805905141382,-0.0001103612791469448,0.009187167184288327
1949-12-01 00:00:00,246.7242889404297,,,,1949,12,,,
1949-12-01 06:00:00,,0.0018359179697654327,0.0002729478757828474,0.00210886584554828,1949,12,0.00200209157008226,-0.0002976530815516329,0.002299744651633893
1950-01-01 00:00:00,244.31837463378906,,,,1950,1,,,
1950-01-01 06:00:00,,0.00458979606628418,0.000291782955173403,0.004881579021457583,1950,1,0.005005230170429858,-0.0003181929718357721,0.00532342314226563
1950-02-01 00:00:00,233.2423095703125,,,,1950,2,,,
1950-02-01 06:00:00,,0.0016402243192715105,0.00023076877696439623,0.0018709930962359067,1950,2,0.0017886851900452676,-0.00025165624532649534,0.0020403414353717627
1950-03-01 00:00:00,223.19485473632812,,,,1950,3,,,
1950-03-01 06:00:00,,0.007583141326904297,0.00046323284623213113,0.008046374173136427,1950,3,0.008269510716362373,-0.0005051612281702629,0.008774671944532636
1950-04-01 00:00:00,217.21282958984375,,,,1950,4,,,
1950-04-01 06:00:00,,0.004576921463012695,0.00019686497398652136,0.004773786436999217,1950,4,0.004991190254103267,-0.00021468372299511597,0.005205873977098382
1950-05-01 00:00:00,213.3959503173828,,,,1950,5,,,
1950-05-01 06:00:00,,0.002504432201385498,0.00011950239131692797,0.0026239345927024263,1950,5,0.002731114723430205,-0.00013031885639795852,0.002861433579828164
1950-06-01 00:00:00,221.62060546875,,,,1950,6,,,
1950-06-01 06:00:00,,0.0049631595611572266,0.00033185986285388935,0.005295019424011116,1950,6,0.0054123877439010105,-0.00036189734226160233,0.005774285086162612
1950-07-01 00:00:00,217.5282440185547,,,,1950,7,,,
1950-07-01 06:00:00,,0.006246113777160644,0.00022710009652655573,0.0064732138736872,1950,7,0.006811465405845849,-0.000247655503300497,0.007059120909146346
1950-08-01 00:00:00,218.57936096191406,,,,1950,8,,,
1950-08-01 06:00:00,,0.009309303760528565,0.0002833617356372997,0.009592665496165866,1950,8,0.010151912497850125,-0.000309009526322028,0.010460922024172153
1950-09-01 00:00:00,219.71485900878906,,,,1950,9,,,
1950-09-01 06:00:00,,0.010718107223510742,0.0002324878005310893,0.010950595024041831,1950,9,0.011688230341887396,-0.00025353086208406686,0.011941761203971462
1950-10-01 00:00:00,226.7538604736328,,,,1950,10,,,
1950-10-01 06:00:00,,0.010566508769989014,0.00025617120845708994,0.010822679978446104,1950,10,0.011522910327141781,-0.0002793579154384841,0.011802268242580264
1950-11-01 00:00:00,237.26316833496094,,,,1950,11,,,
1950-11-01 06:00:00,,0.00938558578491211,0.0003312279295641929,0.009716813714476302,1950,11,0.010235099002085178,-0.0003612082110841798,0.010596307213169358
1950-12-01 00:00:00,244.3639678955078,,,,1950,12,,,
1950-12-01 06:00:00,,0.0015166282653808593,-5.3640513215214014e-05,0.0014629877521656453,1950,12,0.0016539021432724747,5.8495652361193035e-05,0.0015954064909112816
1951-01-01 00:00:00,246.0865478515625,,,,1951,1,,,
1951-01-01 06:00:00,,0.007124161720275879,-7.078988710418344e-06,0.007117082731565461,1951,1,0.007768987699319388,7.719725965559807e-06,0.007761267973353829
1951-02-01 00:00:00,233.60919189453125,,,,1951,2,,,
1951-02-01 06:00:00,,0.003767108917236328,0.000258456717710942,0.00402556563494727,1951,2,0.004108079517160663,-0.00028185029194213956,0.004389929809102803
1951-03-01 00:00:00,223.6898193359375,,,,1951,3,,,
1951-03-01 06:00:00,,0.006246113777160644,0.00029455998446792364,0.006540673761628568,1951,3,0.006811465405845849,-0.00032122135710787746,0.007132686762953727
1951-04-01 00:00:00,222.87796020507812,,,,1951,4,,,
1951-04-01 06:00:00,,0.0098876953125,0.0003432507219258696,0.01023094603442587,1951,4,0.010782655738822245,-0.00037431921693115546,0.011156974955753402
1951-05-01 00:00:00,227.65638732910156,,,,1951,5,,,
1951-05-01 06:00:00,,0.014378035068511963,0.0006930612522410229,0.015071096320752986,1951,5,0.015679427555629184,-0.000755791987176688,0.016435219542805874
1951-06-01 00:00:00,219.5211181640625,,,,1951,6,,,
1951-06-01 06:00:00,,0.0022498370690300362,0.00027655737540044356,0.0025263944444304798,1951,6,0.00245347553874595,-0.00030158928615097445,0.0027550648248969244
1951-07-01 00:00:00,212.19056701660156,,,,1951,7,,,
1951-07-01 06:00:00,,0.003502213954925537,0.0001400694505150568,0.003642283405440594,1951,7,0.0038192082387410436,-0.00015274749238283183,0.003971955731123875
1951-08-01 00:00:00,220.06515502929688,,,,1951,8,,,
1951-08-01 06:00:00,,0.008481144905090332,0.00034606169792823495,0.008827206603018566,1951,8,0.009248794880142129,-0.0003773846215138876,0.009626179501656016
1951-09-01 00:00:00,215.82131958007812,,,,1951,9,,,
1951-09-01 06:00:00,,0.0061991214752197266,0.0001422697096131742,0.006341391184832901,1951,9,0.006760219711253791,-0.00015514690252254546,0.006915366613776336
1951-10-01 00:00:00,227.1705322265625,,,,1951,10,,,
1951-10-01 06:00:00,,0.007184028625488281,0.0002665704523678869,0.007450599077856168,1951,10,0.007834273310238038,-0.00029069842133902605,0.008124971731577064
1951-11-01 00:00:00,237.2892608642578,,,,1951,11,,,
1951-11-01 06:00:00,,0.0042389631271362305,0.00015043820064875035,0.004389401327784981,1951,11,0.0046226424505302404,-0.00016405474443702327,0.004786697194967263
1951-12-01 00:00:00,244.13284301757812,,,,1951,12,,,
1951-12-01 06:00:00,,0.0005388022991610342,0.00031358994310721756,0.0008523922422682517,1951,12,0.0005875706642977472,-0.00034197376565672577,0.0009295444299544729
1952-01-01 00:00:00,243.11944580078125,,,,1952,1,,,
1952-01-01 06:00:00,,0.0005388021469116211,0.00033592066902201625,0.0008747228159336374,1952,1,0.0005875704982678529,-0.00036632570231408533,0.0009538962005819382
1952-02-01 00:00:00,233.06236267089844,,,,1952,2,,,
1952-02-01 06:00:00,,0.001232099675507925,0.0002777460700599477,0.0015098457455678727,1952,2,0.0013436201477730915,-0.0003028855725844577,0.0016465057203575491
1952-03-01 00:00:00,222.83660888671875,,,,1952,3,,,
1952-03-01 06:00:00,,0.0047693967819213865,0.00030360481759998946,0.005073001599521376,1952,3,0.0052010870031858085,-0.0003310848610686908,0.005532171864254499
1952-04-01 00:00:00,219.32037353515625,,,,1952,4,,,
1952-04-01 06:00:00,,0.007029533386230469,0.00024885765742510557,0.007278391043655574,1952,4,0.007665794314318941,-0.0002713823963196353,0.007937176710638576
1952-05-01 00:00:00,216.02890014648438,,,,1952,5,,,
1952-05-01 06:00:00,,0.004499995708465576,0.00020139065163675695,0.004701386360102333,1952,5,0.004907301754051882,-0.00021961903122874257,0.0051269207852806245
1952-06-01 00:00:00,220.95103454589844,,,,1952,6,,,
1952-06-01 06:00:00,,0.00876760482788086,0.0002305335074197501,0.00899813833530061,1952,6,0.009561183018408788,-0.00025139968093756824,0.009812582699346357
1952-07-01 00:00:00,218.09378051757812,,,,1952,7,,,
1952-07-01 06:00:00,,0.007643008232116699,0.0001640079397475347,0.007807016171864234,1952,7,0.008334796327281024,-0.00017885271510091025,0.008513649042381935
1952-08-01 00:00:00,214.93035888671875,,,,1952,8,,,
1952-08-01 06:00:00,,0.006286025047302246,0.00021249146084301174,0.006498516508145258,1952,8,0.006854989146458284,-0.00023172460288223742,0.007086713749340521
1952-09-01 00:00:00,214.4884796142578,,,,1952,9,,,
1952-09-01 06:00:00,,0.009433865547180176,0.00018868004553951323,0.009622545592719689,1952,9,0.010287748688309896,-0.00020575795587733176,0.01049350664418723
1952-10-01 00:00:00,225.5762481689453,,,,1952,10,,,
1952-10-01 06:00:00,,0.006345891952514648,0.0001828771230066195,0.006528769075521267,1952,10,0.0069202747573769334,-0.0001994297960813735,0.007119704553458306
1952-11-01 00:00:00,234.8885498046875,,,,1952,11,,,
1952-11-01 06:00:00,,0.003611326217651367,0.00013631255228574446,0.0037476387699371116,1952,11,0.003938196529608906,-0.00014865054774890343,0.00408684707735781
1952-12-01 00:00:00,244.48109436035156,,,,1952,12,,,
1952-12-01 06:00:00,,0.001835918578763085,0.00010991924232257588,0.0019458378210856608,1952,12,0.002002092234201837,-0.00011986831223835973,0.002121960546440197
1953-01-01 00:00:00,241.8750762939453,,,,1953,1,,,
1953-01-01 06:00:00,,0.0011374710467862315,0.0002555693665271974,0.001393040413313429,1953,1,0.0012404264414244619,-0.00027870159926630033,0.0015191280406907622
1953-02-01 00:00:00,232.34339904785156,,,,1953,2,,,
1953-02-01 06:00:00,,0.002739715576171875,0.00029939896194264293,0.003039114538114518,1953,2,0.0029876941942986643,-0.0003264983227291635,0.0033141925170278278
1953-03-01 00:00:00,222.5399932861328,,,,1953,3,,,
1953-03-01 06:00:00,,0.0048093080520629885,0.00022415741987060755,0.005033465471933596,1953,3,0.005244610743798242,-0.0002444464775033888,0.005489057221301632
1953-04-01 00:00:00,222.7467803955078,,,,1953,4,,,
1953-04-01 06:00:00,,0.009791135787963867,0.0003874521644320339,0.010178587952395901,1953,4,0.01067735636637281,-0.0004225214443097425,0.011099877810682552
1953-05-01 00:00:00,222.8468780517578,,,,1953,5,,,
1953-05-01 06:00:00,,0.00891019105911255,0.0003652987157693133,0.009275489774881863,1953,5,0.00971667509172579,-0.0003983628307189894,0.010115037922444779
1953-06-01 00:00:00,218.95391845703125,,,,1953,6,,,
1953-06-01 06:00:00,,0.004181027412414551,0.0002959846460726112,0.004477012058487162,1953,6,0.004559462827060578,-0.00032277496845431973,0.004882237795514898
1953-07-01 00:00:00,218.800537109375,,,,1953,7,,,
1953-07-01 06:00:00,,0.004829263687133789,0.0002795299224089831,0.0051087936095427725,1953,7,0.005266372614104459,-0.0003048308859421844,0.005571203500046644
1953-08-01 00:00:00,218.6625518798828,,,,1953,8,,,
1953-08-01 06:00:00,,0.00457981824874878,0.00019421909528318792,0.004774037344031968,1953,8,0.00499434923527675,-0.00021179835908744592,0.005206147594364196
1953-09-01 00:00:00,213.96951293945312,,,,1953,9,,,
1953-09-01 06:00:00,,0.00250089168548584,9.250006405636668e-05,0.0025933917495422065,1953,9,0.0027272537464403924,-0.00010087247988698656,0.002828126226327379
1953-10-01 00:00:00,222.73451232910156,,,,1953,10,,,
1953-10-01 06:00:00,,0.004410195350646973,0.00016450731782242657,0.0045747026684693996,1953,10,0.004809373337673907,-0.00017939729315422743,0.0049887706308281345
1953-11-01 00:00:00,235.6494903564453,,,,1953,11,,,
1953-11-01 06:00:00,,0.0032444000244140625,0.00025830159029283095,0.0035027016147068935,1953,11,0.0035380589143010495,-0.00028168112354725293,0.0038197400378483025
1953-12-01 00:00:00,245.5056915283203,,,,1953,12,,,
1953-12-01 06:00:00,,0.01772061368683353,-0.0008315156504977494,0.01688909803633578,1953,12,0.019324551457833728,0.0009067782448176111,0.018417773213016117
1954-01-01 00:00:00,243.0851287841797,,,,1954,1,,,
1954-01-01 06:00:00,,0.0023348088465354523,0.00026634390524122865,0.002601152751776681,1954,1,0.0025461383277376798,-0.0002904513688563017,0.0028365896965939813
1954-02-01 00:00:00,234.05300903320312,,,,1954,2,,,
1954-02-01 06:00:00,,0.0019646644592285155,0.0002880148706026375,0.002252679329831153,1954,2,0.0021424912314378574,-0.0003140838283562023,0.00245657505979406
1954-03-01 00:00:00,224.8723602294922,,,,1954,3,,,
1954-03-01 06:00:00,,0.007483363151550293,0.00036713545268867164,0.007850498604238965,1954,3,0.00816070136483129,-0.00040036581536387306,0.008561067180195163
1954-04-01 00:00:00,219.1473846435547,,,,1954,4,,,
1954-04-01 06:00:00,,0.004490017890930176,0.00022281534620560706,0.004712833237135783,1954,4,0.004896420818898774,-0.0002429829293409019,0.005139403748239676
1954-05-01 00:00:00,217.26626586914062,,,,1954,5,,,
1954-05-01 06:00:00,,0.006445670127868652,0.00024095357512123882,0.006686623702989891,1954,5,0.007029084108908017,-0.0002627628954430085,0.007291847004351026
1954-06-01 00:00:00,217.0525665283203,,,,1954,6,,,
1954-06-01 06:00:00,,0.0038913488388061523,0.0001689956698101014,0.004060344508616254,1954,6,0.004243564709712271,-0.00018429189728473433,0.004427856606997005
1954-07-01 00:00:00,214.9854278564453,,,,1954,7,,,
1954-07-01 06:00:00,,0.0038414597511291504,0.0001558546696628582,0.003997314420792009,1954,7,0.004189160033946729,-0.00016996147182427284,0.004359121505771002
1954-08-01 00:00:00,215.38465881347656,,,,1954,8,,,
1954-08-01 06:00:00,,0.005996668338775634,0.00021223080984782426,0.0062088991486234585,1954,8,0.00653944202701814,-0.00023144035970318894,0.006770882386721328
1954-09-01 00:00:00,213.27890014648438,,,,1954,9,,,
1954-09-01 06:00:00,,0.0030126571655273438,0.00013887975364923477,0.0031515369191765785,1954,9,0.003285340420422403,-0.00015145011303079037,0.0034367905334531934
1954-10-01 00:00:00,227.12879943847656,,,,1954,10,,,
1954-10-01 06:00:00,,0.011574268341064453,0.00030558756170648846,0.011879855902770941,1954,10,0.012621884777605728,-0.00033324706838221206,0.01295513184598794
1954-11-01 00:00:00,234.7248992919922,,,,1954,11,,,
1954-11-01 06:00:00,,0.004055500030517578,1.0454764606038225e-05,0.004065954795123616,1954,11,0.004422573642876312,-1.1401051914981706e-05,0.004433974694791293
1954-12-01 00:00:00,242.4532470703125,,,,1954,12,,,
1954-12-01 06:00:00,,0.0014767169952392579,-5.360639031550818e-05,0.0014231106049237498,1954,12,0.0016103784026600411,5.8458440911132144e-05,0.0015519199617489092
1955-01-01 00:00:00,241.1084442138672,,,,1955,1,,,
1955-01-01 06:00:00,,0.0009179592132568359,0.0001959338804226718,0.0011138930936795076,1955,1,0.0010010460340859715,-0.00021366835378699214,0.0012147143878729636
1955-02-01 00:00:00,235.0941925048828,,,,1955,2,,,
1955-02-01 06:00:00,,0.0048846244812011715,0.00017612117808312177,0.005060745659284293,1955,2,0.005326744254308802,-0.00019206235341670856,0.00551880660772551
1955-03-01 00:00:00,225.62574768066406,,,,1955,3,,,
1955-03-01 06:00:00,,0.007593119144439697,0.00020392651786096394,0.007797045662300661,1955,3,0.008280391651515482,-0.00022238442514827035,0.008502776076663752
1955-04-01 00:00:00,224.26620483398438,,,,1955,4,,,
1955-04-01 06:00:00,,0.011374711990356445,0.00027244118973612785,0.011647153180092573,1955,4,0.01240426607454356,-0.0002971005340633891,0.01270136660860695
1955-05-01 00:00:00,220.47901916503906,,,,1955,5,,,
1955-05-01 06:00:00,,0.006116402149200439,0.0002373507450101897,0.006353752894210629,1955,5,0.00667001324885544,-0.0002588339640241981,0.0069288472128796385
1955-06-01 00:00:00,214.15841674804688,,,,1955,6,,,
1955-06-01 06:00:00,,0.0013904571533203125,0.00014254081179387867,0.0015329979651141912,1955,6,0.0015163109632718784,-0.00015544254285046748,0.0016717535061223459
1955-07-01 00:00:00,216.74484252929688,,,,1955,7,,,
1955-07-01 06:00:00,,0.007203984260559082,0.00022500514460261912,0.0074289894051617015,1955,7,0.007856035180544256,-0.00024537093195487364,0.008101406112499128
1955-08-01 00:00:00,219.87655639648438,,,,1955,8,,,
1955-08-01 06:00:00,,0.0057871341705322266,0.00027571028913371266,0.006062844459665939,1955,8,0.006310942388802864,-0.00030066552795388513,0.006611607916756749
1955-09-01 00:00:00,217.26596069335938,,,,1955,9,,,
1955-09-01 06:00:00,,0.005725979804992676,0.00019100445206277072,0.0059169842570554465,1955,9,0.006244252786251555,-0.0002082927503410804,0.0064525455365926345
1955-10-01 00:00:00,220.15994262695312,,,,1955,10,,,
1955-10-01 06:00:00,,0.001506650600094872,0.00015822497416593251,0.0016648755742608046,1955,10,0.0016430213741492606,-0.0001725463186106134,0.0018155676927598741
1955-11-01 00:00:00,235.9907989501953,,,,1955,11,,,
1955-11-01 06:00:00,,0.004953503608703613,0.0004445627855602652,0.0053980663942638785,1955,11,0.005401857806656067,-0.00048480129286833715,0.005886659099524403
1955-12-01 00:00:00,243.0658721923828,,,,1955,12,,,
1955-12-01 06:00:00,,0.0026141881942749025,0.0001705144706647843,0.0027847026649396867,1955,12,0.0028508050101143973,-0.0001859481686638869,0.003036753178778284
1956-01-01 00:00:00,247.9425048828125,,,,1956,1,,,
1956-01-01 06:00:00,,0.006046557426452636,0.00016744028857829107,0.0062139977150309274,1956,1,0.0065938467027836815,-0.0001825957345455737,0.006776442437329255
1956-02-01 00:00:00,236.0384521484375,,,,1956,2,,,
1956-02-01 06:00:00,,0.0046763777732849125,0.0002354281983571127,0.0049118059716420255,1956,2,0.005099648607726185,-0.00025673740278856345,0.005356386010514749
1956-03-01 00:00:00,222.8687286376953,,,,1956,3,,,
1956-03-01 06:00:00,,0.003951215744018554,0.00022240350663196295,0.004173619250650518,1956,3,0.004308850320630921,-0.00024253381312100647,0.004551384133751927
1956-04-01 00:00:00,220.56739807128906,,,,1956,4,,,
1956-04-01 06:00:00,,0.009713888168334961,0.00027368590235710144,0.009987574070692062,1956,4,0.010593116868413261,-0.0002984579087863701,0.010891574777199632
1956-05-01 00:00:00,217.7329864501953,,,,1956,5,,,
1956-05-01 06:00:00,,0.00435032844543457,0.000134620187100154,0.004484948632534724,1956,5,0.004744087726755256,-0.0001468050022902443,0.0048908927290455
1956-06-01 00:00:00,219.91134643554688,,,,1956,6,,,
1956-06-01 06:00:00,,0.008825540542602539,0.00022545564570464194,0.009050996188307181,1956,6,0.00962436264187845,-0.00024586220905631616,0.009870224850934766
1956-07-01 00:00:00,216.71502685546875,,,,1956,7,,,
1956-07-01 06:00:00,,0.004200661182403564,0.0002008230658248067,0.004401484248228371,1956,7,0.00458087369945863,-0.0002190000717827772,0.004799873771241407
1956-08-01 00:00:00,216.31143188476562,,,,1956,8,,,
1956-08-01 06:00:00,,0.004011082649230957,0.0001529485423816368,0.004164031191612594,1956,8,0.004374135931549571,-0.00016679230357866608,0.004540928235128238
1956-09-01 00:00:00,216.25827026367188,,,,1956,9,,,
1956-09-01 06:00:00,,0.0044127702713012695,0.00015193978811112174,0.004564710059412391,1956,9,0.004812181320939225,-0.0001656922443959888,0.004977873565335213
1956-10-01 00:00:00,223.9263916015625,,,,1956,10,,,
1956-10-01 06:00:00,,0.006106424331665039,0.0002046745192274102,0.00631109885089245,1956,10,0.006659132313702332,-0.00022320013001898603,0.006882332443721319
1956-11-01 00:00:00,236.43722534179688,,,,1956,11,,,
1956-11-01 06:00:00,,0.005252838134765625,0.00018976445426233113,0.005442602589027956,1956,11,0.005728285861249318,-0.00020694051718901977,0.005935226378438338
1956-12-01 00:00:00,247.18353271484375,,,,1956,12,,,
1956-12-01 06:00:00,,0.0069844698387896646,0.00018417605790546076,0.007168645896695126,1956,12,0.007616651950697562,-0.00020084630087836505,0.007817498251575928
1957-01-01 00:00:00,244.1990203857422,,,,1957,1,,,
1957-01-01 06:00:00,,0.004609751701354981,8.35570375897987e-05,0.00469330873894478,1957,1,0.005026992040736074,-9.111999737164525e-05,0.00511811203810772
1957-02-01 00:00:00,231.05516052246094,,,,1957,2,,,
1957-02-01 06:00:00,,0.0014239311218261718,9.5297209918499e-05,0.0015192283317446709,1957,2,0.001552814745721016,-0.00010392280252835223,0.0016567375482493684
1957-03-01 00:00:00,223.0067596435547,,,,1957,3,,,
1957-03-01 06:00:00,,0.006196224689483642,0.00024213015858549626,0.006438354848069139,1957,3,0.0067570607300803075,-0.00026404597446619,0.007021106704546498
1957-04-01 00:00:00,222.0919189453125,,,,1957,4,,,
1957-04-01 06:00:00,,0.006652951240539551,0.0002829858858603984,0.006935937126399949,1957,4,0.00725512676176614,-0.00030859965742682484,0.007563726419192965
1957-05-01 00:00:00,219.4347686767578,,,,1957,5,,,
1957-05-01 06:00:00,,0.008281588554382324,0.0002816687221638858,0.00856325727654621,1957,5,0.00903117617707996,-0.0003071632738973673,0.009338339450977328
1957-06-01 00:00:00,220.36936950683594,,,,1957,6,,,
1957-06-01 06:00:00,,0.003495454788208008,0.000262391697106068,0.003757846485314076,1957,6,0.003811837282669583,-0.00028614143632068483,0.004097978718990268
1957-07-01 00:00:00,216.9175567626953,,,,1957,7,,,
1957-07-01 06:00:00,,0.003681814670562744,0.00024776704085525123,0.003929581711417995,1957,7,0.004015065071496994,-0.0002701930652729021,0.004285258136769897
1957-08-01 00:00:00,216.4806671142578,,,,1957,8,,,
1957-08-01 06:00:00,,0.004240572452545166,0.00022308071202132852,0.004463653164566495,1957,8,0.004624397440071064,-0.0002432723140908708,0.004867669754161935
1957-09-01 00:00:00,212.4231719970703,,,,1957,9,,,
1957-09-01 06:00:00,,0.002133965492248535,0.00011808031365490024,0.0022520458059034354,1957,9,0.0023271161311325356,-0.00012876806287339174,0.0024558841940059274
1957-10-01 00:00:00,224.5572052001953,,,,1957,10,,,
1957-10-01 06:00:00,,0.004310417175292969,0.00032360917248297483,0.004634026347775944,1957,10,0.004700563986142823,-0.00035289986094108486,0.005053463847083908
1957-11-01 00:00:00,234.70082092285156,,,,1957,11,,,
1957-11-01 06:00:00,,0.0024719241228012834,0.0003014632675331086,0.002773387390334392,1957,11,0.002695664256053744,-0.00032874947386380435,0.0030244137299175484
1957-12-01 00:00:00,244.88870239257812,,,,1957,12,,,
1957-12-01 06:00:00,,0.003272724151611328,0.00019367343338672072,0.0034663975849980487,1957,12,0.0035689467302195505,-0.00021120330794626032,0.0037801500381658107
1958-01-01 00:00:00,247.0140380859375,,,,1958,1,,,
1958-01-01 06:00:00,,0.007144117355346679,0.00014196709671523421,0.007286084452061914,1958,1,0.007790749569625604,-0.00015481689936230558,0.00794556646898791
1958-02-01 00:00:00,236.92022705078125,,,,1958,2,,,
1958-02-01 06:00:00,,0.008886048977728933,0.00021350341849029063,0.009099552396219224,1958,2,0.009690347849213667,-0.00023282815538744887,0.009923176004601117
1958-03-01 00:00:00,223.46246337890625,,,,1958,3,,,
1958-03-01 06:00:00,,0.005667400360107422,0.00021916607511229813,0.00588656643521972,1958,3,0.006180371166965563,-0.00023900335344852577,0.006419374520414089
1958-04-01 00:00:00,214.92112731933594,,,,1958,4,,,
1958-04-01 06:00:00,,0.002269148826599121,0.00011247911606915295,0.002381627942668274,1958,4,0.0024745352525617458,-0.0001226598866621079,0.002597195139223854
1958-05-01 00:00:00,220.19549560546875,,,,1958,5,,,
1958-05-01 06:00:00,,0.005328154563903809,0.0003196117118932307,0.00564776627579704,1958,5,0.005810419371759879,-0.0003485405800362385,0.006158959951796117
1958-06-01 00:00:00,216.6625213623047,,,,1958,6,,,
1958-06-01 06:00:00,,0.0032733678817749023,0.00022849670494906604,0.0035018645867239684,1958,6,0.00356964872603588,-0.00024917852229996296,0.003818827248335843
1958-07-01 00:00:00,218.74542236328125,,,,1958,7,,,
1958-07-01 06:00:00,,0.005587577819824219,0.00032290517119690774,0.005910482991021126,1958,7,0.006093323685740696,-0.00035213213870982304,0.006445455824450519
1958-08-01 00:00:00,214.2052764892578,,,,1958,8,,,
1958-08-01 06:00:00,,0.003272724151611328,0.00013412807893473656,0.0034068522305460646,1958,8,0.0035689467302195505,-0.00014626835216438008,0.003715215082383931
1958-09-01 00:00:00,221.8499755859375,,,,1958,9,,,
1958-09-01 06:00:00,,0.009424209594726562,0.00040707289008423686,0.0098312824848108,1958,9,0.010277218751064953,-0.00044391809169491475,0.010721136842759868
1958-10-01 00:00:00,226.35118103027344,,,,1958,10,,,
1958-10-01 06:00:00,,0.007194006443023681,0.000385434614145197,0.007579441057168878,1958,10,0.007845154245391147,-0.0004203212804200621,0.008265475525811208
1958-11-01 00:00:00,237.16749572753906,,,,1958,11,,,
1958-11-01 06:00:00,,0.004152059555053711,7.398734885555314e-05,0.004226046903909264,1958,11,0.004527873015325748,-8.068413179449633e-05,0.004608557147120244
1958-12-01 00:00:00,241.54013061523438,,,,1958,12,,,
1958-12-01 06:00:00,,0.001865851879119873,-0.00014109988405834882,0.0017247519950615241,1958,12,0.0020347348736312683,0.00015387119308434986,0.0018808636805469183
1959-01-01 00:00:00,244.69850158691406,,,,1959,1,,,
1959-01-01 06:00:00,,0.0059467792510986325,-0.00012180927442386746,0.005824969976674765,1959,1,0.006485037351252598,0.00013283454135645307,0.0063522028098961444
1959-02-01 00:00:00,237.64955139160156,,,,1959,2,,,
1959-02-01 06:00:00,,0.006470775604248047,0.0005584496095252689,0.007029225213773316,1959,2,0.007056461945744871,-0.0006089963026447862,0.007665458248389657
1959-03-01 00:00:00,225.58848571777344,,,,1959,3,,,
1959-03-01 06:00:00,,0.0036917924880981445,0.0004569429662296898,0.004148735454327835,1959,3,0.004025946006650103,-0.0004983020351468809,0.004524248041796984
1959-04-01 00:00:00,223.76602172851562,,,,1959,4,,,
1959-04-01 06:00:00,,0.005204558372497559,0.0003956303153245244,0.005600188687822083,1959,4,0.0056756361750246,-0.00043143982041932865,0.006107075995443929
1959-05-01 00:00:00,225.347412109375,,,,1959,5,,,
1959-05-01 06:00:00,,0.009369170665740967,0.0004157139774179086,0.009784884643158876,1959,5,0.010217198108768775,-0.000453341305799246,0.01067053941456802
1959-06-01 00:00:00,218.07859802246094,,,,1959,6,,,
1959-06-01 06:00:00,,0.004625201225280762,0.0001863297075033188,0.0048115309327840805,1959,6,0.005043839940327984,-0.00020319488277352102,0.005247034823101506
1959-07-01 00:00:00,216.94967651367188,,,,1959,7,,,
1959-07-01 06:00:00,,0.003552103042602539,0.0003222765333703137,0.003874379575972853,1959,7,0.0038736129145065857,-0.00035144660127624174,0.004225059515782828
1959-08-01 00:00:00,217.748046875,,,,1959,8,,,
1959-08-01 06:00:00,,0.004998886585235595,0.0002340574379559257,0.005232944023191521,1959,8,0.0054513485117073015,-0.00025524257138050783,0.00570659108308781
1959-09-01 00:00:00,215.3166961669922,,,,1959,9,,,
1959-09-01 06:00:00,,0.0053397417068481445,0.00018909494974650443,0.005528836656594649,1959,9,0.005823055296453811,-0.00020621041411832543,0.006029265710572136
1959-10-01 00:00:00,227.37890625,,,,1959,10,,,
1959-10-01 06:00:00,,0.007343673706054687,0.0003625047867899411,0.007706178492844628,1959,10,0.008008368272687772,-0.00039531601612861623,0.008403684288816387
1959-11-01 00:00:00,233.79379272460938,,,,1959,11,,,
1959-11-01 06:00:00,,0.001371145248413086,0.0001314091113044924,0.0015025543597175783,1959,11,0.001495251088781991,-0.0001433032838653134,0.0016385543726473045
1959-12-01 00:00:00,244.33123779296875,,,,1959,12,,,
1959-12-01 06:00:00,,0.002095341682434082,0.00018829233013093472,0.002283634012565017,1959,12,0.002284996382152761,-0.00020533514736197897,0.0024903315295147404
1960-01-01 00:00:00,244.75393676757812,,,,1960,1,,,
1960-01-01 06:00:00,,0.003392457962036133,0.00012710268201772125,0.0035195606440538542,1960,1,0.003699517952056851,-0.00013860706872161532,0.0038381250207784666
1960-02-01 00:00:00,237.2872314453125,,,,1960,2,,,
1960-02-01 06:00:00,,0.007112574577331543,0.0003002176119480282,0.007412792189279571,1960,2,0.007756351774625455,-0.0003273910708266392,0.008083742845452093
1960-03-01 00:00:00,222.46580505371094,,,,1960,3,,,
1960-03-01 06:00:00,,0.004509973526000977,0.0002200479037128389,0.004730021429713816,1960,3,0.004918182689204991,-0.00023996499859633467,0.0051581476878013255
1960-04-01 00:00:00,219.7112579345703,,,,1960,4,,,
1960-04-01 06:00:00,,0.003196120262145996,0.00016899802722036839,0.0033651182893663645,1960,4,0.0034854092280763313,-0.00018429446807019452,0.003669703696146526
1960-05-01 00:00:00,220.22744750976562,,,,1960,5,,,
1960-05-01 06:00:00,,0.0070144057273864744,0.00027548846173885977,0.007289894189125334,1960,5,0.007649297412635195,-0.0003004236223978841,0.007949721035033079
1960-06-01 00:00:00,220.43081665039062,,,,1960,6,,,
1960-06-01 06:00:00,,0.009192466735839844,0.00020050010061822832,0.009392966836458072,1960,6,0.010024500257186307,-0.00021864787417473098,0.010243148131361037
1960-07-01 00:00:00,219.2973175048828,,,,1960,7,,,
1960-07-01 06:00:00,,0.00561751127243042,0.00026166193129029125,0.005879173203720711,1960,7,0.006125966491200021,-0.00028534561754666436,0.006411312108746686
1960-08-01 00:00:00,214.87387084960938,,,,1960,8,,,
1960-08-01 06:00:00,,0.003681814670562744,0.00020066716242581606,0.00388248183298856,1960,8,0.004015065071496994,-0.0002188300571710099,0.004233895128668005
1960-09-01 00:00:00,219.9614715576172,,,,1960,9,,,
1960-09-01 06:00:00,,0.00868070125579834,0.00028359174029901624,0.008964292996097356,1960,9,0.009466413583204296,-0.00030926034929009403,0.00977567393249439
1960-10-01 00:00:00,226.32766723632812,,,,1960,10,,,
1960-10-01 06:00:00,,0.0068248271942138675,0.00018860413692891597,0.007013431331142784,1960,10,0.007442559644726137,-0.0002056751765855136,0.007648234821311651
1960-11-01 00:00:00,237.14907836914062,,,,1960,11,,,
1960-11-01 06:00:00,,0.004132747650146484,7.873043068684638e-05,0.004211478080833331,1960,11,0.0045068131408358605,-8.585652201400913e-05,0.004592669662849869
1960-12-01 00:00:00,244.76194763183594,,,,1960,12,,,
1960-12-01 06:00:00,,0.005148553848266601,-0.00025211772008333356,0.0048964361281832675,1960,12,0.005614562539003927,0.00027493753553253385,0.005339625003471393
1961-01-01 00:00:00,242.59768676757812,,,,1961,1,,,
1961-01-01 06:00:00,,0.0009379148483276367,0.00020075470583833522,0.001138669554165972,1961,1,0.0010228079043921882,-0.0002189255243602347,0.001241733428752423
1961-02-01 00:00:00,236.10858154296875,,,,1961,2,,,
1961-02-01 06:00:00,,0.0022350311279296874,0.0004816741005924996,0.002716705228522187,1961,2,0.0024373294742962783,-0.000525271647320065,0.0029626011216163433
1961-03-01 00:00:00,221.05569458007812,,,,1961,3,,,
1961-03-01 06:00:00,,0.0028736114501953123,0.0002418110438156873,0.0031154224940109997,1961,3,0.0031337093240952152,-0.0002636979758077288,0.003397407299902944
1961-04-01 00:00:00,218.4409637451172,,,,1961,4,,,
1961-04-01 06:00:00,,0.0023946762084960938,0.00017098768148571253,0.0025656638899818063,1961,4,0.002611424436746013,-0.000186464210998596,0.0027978886477446085
1961-05-01 00:00:00,219.82444763183594,,,,1961,5,,,
1961-05-01 06:00:00,,0.0026141881942749025,0.00026202732988167554,0.002876215524156578,1961,5,0.0028508050101143973,-0.00028574408929299405,0.0031365490994073914
1961-06-01 00:00:00,224.66534423828125,,,,1961,6,,,
1961-06-01 06:00:00,,0.007966160774230957,0.0005026823782827705,0.008468843152513728,1961,6,0.008687198227078469,-0.0005481814376038937,0.009235379664682363
1961-07-01 00:00:00,217.37869262695312,,,,1961,7,,,
1961-07-01 06:00:00,,0.003023278713226318,0.0002437551165712648,0.003267033829797583,1961,7,0.0032969233513918408,-0.00026581801152809686,0.0035627413629199375
1961-08-01 00:00:00,216.7030029296875,,,,1961,8,,,
1961-08-01 06:00:00,,0.003981149196624756,0.00019021904645342148,0.004171368243078177,1961,8,0.004341493126090247,-0.00020743625567439637,0.004548929381764643
1961-09-01 00:00:00,219.29708862304688,,,,1961,9,,,
1961-09-01 06:00:00,,0.003466486930847168,0.00025779680981941056,0.0037242837406665785,1961,9,0.003780247470934752,-0.00028113065411058946,0.004061378125045341
1961-10-01 00:00:00,229.78167724609375,,,,1961,10,,,
1961-10-01 06:00:00,,0.008022165298461914,0.0005634033683236339,0.008585568666785549,1961,10,0.008748271863099143,-0.0006143984387389683,0.009362670301838112
1961-11-01 00:00:00,236.25047302246094,,,,1961,11,,,
1961-11-01 06:00:00,,0.001100778579711914,0.000132573681185022,0.001233352260896936,1961,11,0.0012004128459235704,-0.0001445732619247786,0.001344986107848349
1961-12-01 00:00:00,242.52857971191406,,,,1961,12,,,
1961-12-01 06:00:00,,0.0025543212890625,-0.00014986945025157182,0.0024044518388109284,1961,12,0.002785519399195747,0.00016343451499626152,0.0026220848841994856
1962-01-01 00:00:00,242.15252685546875,,,,1962,1,,,
1962-01-01 06:00:00,,0.0023348093032836913,5.2736713121248614e-05,0.00238754601640494,1962,1,0.002546138825827362,-5.751004702426239e-05,0.0026036488728516244
1962-02-01 00:00:00,234.04583740234375,,,,1962,2,,,
1962-02-01 06:00:00,,0.0016402244567871095,0.0003629335064033512,0.0020031579631904608,1962,2,0.0017886853400077528,-0.00039578354024356725,0.0021844688802513204
1962-03-01 00:00:00,226.68389892578125,,,,1962,3,,,
1962-03-01 06:00:00,,0.008820390701293946,0.0003529190114932135,0.009173309712787158,1962,3,0.009618746675347813,-0.00038486260795334075,0.010003609283301153
1962-04-01 00:00:00,221.2144775390625,,,,1962,4,,,
1962-04-01 06:00:00,,0.0038237571716308594,0.0002610641804494662,0.004084821352080326,1962,4,0.004169855148997665,-0.0002846937627584146,0.00445454891175608
1962-05-01 00:00:00,220.6653289794922,,,,1962,5,,,
1962-05-01 06:00:00,,0.010177373886108398,0.00021258890046738088,0.01038996278657578,1962,5,0.011098553856170553,-0.000231830862014592,0.011330384718185146
1962-06-01 00:00:00,223.6707000732422,,,,1962,6,,,
1962-06-01 06:00:00,,0.00870966911315918,0.00046304016723297536,0.009172709280392155,1962,6,0.009498003394939126,-0.0005049511093053167,0.010002954504244443
1962-07-01 00:00:00,219.8787841796875,,,,1962,7,,,
1962-07-01 06:00:00,,0.007064294815063476,0.00024808128364384174,0.007312376098707318,1962,7,0.007703702088400737,-0.00027053575097474563,0.007974237839375483
1962-08-01 00:00:00,219.05349731445312,,,,1962,8,,,
1962-08-01 06:00:00,,0.009009969234466553,0.0002669602108653635,0.009276929445331917,1962,8,0.009825484443256873,-0.00029112345786844434,0.010116607901125318
1962-09-01 00:00:00,219.94815063476562,,,,1962,9,,,
1962-09-01 06:00:00,,0.0036982297897338867,0.0002867648145183921,0.003984994604252279,1962,9,0.004032965964813399,-0.0003127206265195115,0.00434568659133291
1962-10-01 00:00:00,226.45172119140625,,,,1962,10,,,
1962-10-01 06:00:00,,0.004470062255859375,0.00027830218314193187,0.004748364439001306,1962,10,0.0048746589485925565,-0.00030349202087451673,0.005178150969467073
1962-11-01 00:00:00,235.90577697753906,,,,1962,11,,,
1962-11-01 06:00:00,,0.001062154769897461,0.0003375575761310756,0.0013997123460285366,1962,11,0.001158293096943796,-0.00036811077004479344,0.0015264038669885894
1962-12-01 00:00:00,242.37802124023438,,,,1962,12,,,
1962-12-01 06:00:00,,0.0014767169952392579,0.00010385843107769688,0.0015805754263169547,1962,12,0.0016103784026600411,-0.00011325892156782646,0.0017236373242278677
1963-01-01 00:00:00,243.3245391845703,,,,1963,1,,,
1963-01-01 06:00:00,,0.002075386047363281,0.0002962676138849929,0.002371653661248274,1963,1,0.002263234511846544,-0.00032308354840239137,0.0025863180602489354
1963-02-01 00:00:00,235.20516967773438,,,,1963,2,,,
1963-02-01 06:00:00,,0.003911304473876953,0.00017650402151048183,0.004087808495387435,1963,2,0.004265326580018488,-0.00019247984897544364,0.0044578064289939314
1963-03-01 00:00:00,225.4308319091797,,,,1963,3,,,
1963-03-01 06:00:00,,0.0068248271942138675,0.0003807330000199727,0.0072055601942338406,1963,3,0.007442559644726137,-0.00041519411125405964,0.007857753755980197
1963-04-01 00:00:00,219.74636840820312,,,,1963,4,,,
1963-04-01 06:00:00,,0.0070198774337768555,0.0002750508429016918,0.007294928276678547,1963,4,0.007655264377073997,-0.0002999463935678209,0.007955210770641818
1963-05-01 00:00:00,223.3843994140625,,,,1963,5,,,
1963-05-01 06:00:00,,0.008740568161010742,0.00028556402339745545,0.009026132184408198,1963,5,0.009531699194122946,-0.0003114111487431357,0.009843110342866083
1963-06-01 00:00:00,221.58924865722656,,,,1963,6,,,
1963-06-01 06:00:00,,0.006942629814147949,0.0002993392408825457,0.007241969055030495,1963,6,0.007571024879114448,-0.000326433196164172,0.00789745807527862
1963-07-01 00:00:00,217.73028564453125,,,,1963,7,,,
1963-07-01 06:00:00,,0.0032028794288635255,0.0002370412219534046,0.0034399206508169303,1963,7,0.003492780184147792,-0.00025849642524907807,0.00375127660939687
1963-08-01 00:00:00,218.90354919433594,,,,1963,8,,,
1963-08-01 06:00:00,,0.0035620808601379396,0.0002661612059455365,0.0038282420660834763,1963,8,0.003884493849659694,-0.00029025213298313683,0.004174745982642831
1963-09-01 00:00:00,224.14242553710938,,,,1963,9,,,
1963-09-01 06:00:00,,0.0086517333984375,0.00040837432788976,0.00906010772632726,1963,9,0.009434823771469465,-0.00044533732594303165,0.009880161097412497
1963-10-01 00:00:00,225.10360717773438,,,,1963,10,,,
1963-10-01 06:00:00,,0.005647444725036621,0.0002582854960564873,0.005905730221093108,1963,10,0.006158609296659346,-0.00028166357258068407,0.00644027286924003
1963-11-01 00:00:00,234.30406188964844,,,,1963,11,,,
1963-11-01 06:00:00,,0.0035920143127441406,6.869257776997983e-05,0.0036607068905141205,1963,11,0.003917136655119019,-7.491011752451453e-05,0.003992046772643533
1963-12-01 00:00:00,245.77725219726562,,,,1963,12,,,
1963-12-01 06:00:00,,0.004130816459655762,6.297766522038728e-05,0.004193794124876149,1963,12,0.004504707153386872,-6.86779337190701e-05,0.004573385087105942
1964-01-01 00:00:00,245.06072998046875,,,,1964,1,,,
1964-01-01 06:00:00,,0.004250550270080566,7.25243124179542e-05,0.0043230745824985204,1964,1,0.0046352783752241725,-7.908867221150949e-05,0.004714367047435682
1964-02-01 00:00:00,233.7006378173828,,,,1964,2,,,
1964-02-01 06:00:00,,0.002762889862060547,0.0002648934692842886,0.0030277833313448353,1964,2,0.0030129660436865285,-0.00028886965025549466,0.003301835693942023
1964-03-01 00:00:00,225.61192321777344,,,,1964,3,,,
1964-03-01 06:00:00,,0.0076629638671875,0.0003123914357274771,0.007975355302914978,1964,3,0.00835655819758724,-0.0003406667783287645,0.008697224975916006
1964-04-01 00:00:00,215.06491088867188,,,,1964,4,,,
1964-04-01 06:00:00,,0.001409769058227539,0.00014008910511620343,0.0015498581633437425,1964,4,0.0015373708377617655,-0.0001527689259718685,0.001690139763733634
1964-05-01 00:00:00,216.654052734375,,,,1964,5,,,
1964-05-01 06:00:00,,0.006495559215545654,0.00023243963569257174,0.0067279988512382255,1964,5,0.007083488784673559,-0.0002534783377236333,0.007336967122397192
1964-06-01 00:00:00,221.0558319091797,,,,1964,6,,,
1964-06-01 06:00:00,,0.004953503608703613,0.00023484049597755075,0.005188344104681164,1964,6,0.005401857806656067,-0.00025609650597333775,0.005657954312629404
1964-07-01 00:00:00,219.7526397705078,,,,1964,7,,,
1964-07-01 06:00:00,,0.00612637996673584,0.00027655314188450574,0.006402933108620346,1964,7,0.0066808941840085494,-0.00030158466944875216,0.006982478853457302
1964-08-01 00:00:00,218.55007934570312,,,,1964,8,,,
1964-08-01 06:00:00,,0.0036119699478149416,0.0003141086568575702,0.003926078604672512,1964,8,0.003938898525425236,-0.0003425394295066196,0.004281437954931856
1964-09-01 00:00:00,214.47991943359375,,,,1964,9,,,
1964-09-01 06:00:00,,0.004132747650146484,0.00010392644082912739,0.004236674090975612,1964,9,0.0045068131408358605,-0.00011333308705466454,0.004620146227890525
1964-10-01 00:00:00,222.5465087890625,,,,1964,10,,,
1964-10-01 06:00:00,,0.0025942325592041016,0.0002083062767269439,0.0028025388359310456,1964,10,0.0028290431398081805,-0.0002271606071177142,0.003056203746925895
1964-11-01 00:00:00,235.18728637695312,,,,1964,11,,,
1964-11-01 06:00:00,,0.000859379768371582,0.00031096598831936717,0.0011703457566909492,1964,11,0.0009371644147999804,-0.0003391123100538355,0.0012762767248538159
1964-12-01 00:00:00,242.48382568359375,,,,1964,12,,,
1964-12-01 06:00:00,,0.0015764951705932618,0.00021032342920079827,0.00178681859979406,1964,12,0.001719187754191125,-0.00022936033718734815,0.0019485480913784732
1965-01-01 00:00:00,244.12014770507812,,,,1965,1,,,
1965-01-01 06:00:00,,0.00280376672744751,0.0002977170282974839,0.003101483755744994,1965,1,0.0030575427780234568,-0.00032466415299616566,0.0033822069310196225
1965-02-01 00:00:00,235.62457275390625,,,,1965,2,,,
1965-02-01 06:00:00,,0.003028106689453125,0.00031343435402959586,0.003341541043482721,1965,2,0.0033021883200143125,-0.00034180409381635315,0.003643992413830666
1965-03-01 00:00:00,225.44459533691406,,,,1965,3,,,
1965-03-01 06:00:00,,0.00869067907333374,0.00026675315166357905,0.008957432224997319,1965,3,0.009477294518357405,-0.0002908976572121909,0.009768192175569596
1965-04-01 00:00:00,219.58767700195312,,,,1965,4,,,
1965-04-01 06:00:00,,0.004663825035095215,0.00023308186791837215,0.004896906903013587,1965,4,0.005085959689307759,-0.000254178700020035,0.0053401383893277934
1965-05-01 00:00:00,222.10928344726562,,,,1965,5,,,
1965-05-01 06:00:00,,0.005986690521240234,0.0003152123128529638,0.006301902834093198,1965,5,0.006528561091865032,-0.00034374298021042944,0.006872304072075461
1965-06-01 00:00:00,220.06333923339844,,,,1965,6,,,
1965-06-01 06:00:00,,0.003369927406311035,0.00026445428375154734,0.0036343816900625825,1965,6,0.003674948098485316,-0.000288390712924261,0.003963338811409577
1965-07-01 00:00:00,215.38577270507812,,,,1965,7,,,
1965-07-01 06:00:00,,0.003631925582885742,0.0001874056295491755,0.0038193312124349178,1965,7,0.003960660395731452,-0.00020436818925755236,0.004165028584989005
1965-08-01 00:00:00,220.8944854736328,,,,1965,8,,,
1965-08-01 06:00:00,,0.0069645166397094725,0.00033635686359048125,0.007300873503299954,1965,8,0.007594892736869654,-0.00036680137796126633,0.007961694114830921
1965-09-01 00:00:00,218.3815460205078,,,,1965,9,,,
1965-09-01 06:00:00,,0.0053397417068481445,0.00019425296341069043,0.005533994670258835,1965,9,0.005823055296453811,-0.000211835292705224,0.006034890589159034
1965-10-01 00:00:00,223.95144653320312,,,,1965,10,,,
1965-10-01 06:00:00,,0.0058270454406738285,0.00016289956402033569,0.005989945004694164,1965,10,0.0063544661294152975,-0.00017764401747037697,0.006532110146885675
1965-11-01 00:00:00,235.424560546875,,,,1965,11,,,
1965-11-01 06:00:00,,0.0025877952575683594,0.0003040399169549346,0.002891835174523294,1965,11,0.002822023181644885,-0.00033155934237179345,0.003153582524016678
1965-12-01 00:00:00,244.16177368164062,,,,1965,12,,,
1965-12-01 06:00:00,,0.002095341682434082,0.00020954634819645435,0.0023048880306305365,1965,12,0.002284996382152761,-0.00022851292060682043,0.0025135093027595814
1966-01-01 00:00:00,243.36410522460938,,,,1966,1,,,
1966-01-01 06:00:00,,0.0022549867630004884,0.000182051322190091,0.0024370380851905793,1966,1,0.0024590913446024955,-0.00019852924993466847,0.0026576205945371637
1966-02-01 00:00:00,234.1581268310547,,,,1966,2,,,
1966-02-01 06:00:00,,0.0011175155639648437,0.0003752107615582645,0.0014927263255231082,1966,2,0.0012186647371481391,-0.0004091720409577584,0.0016278367781058978
1966-03-01 00:00:00,226.98484802246094,,,,1966,3,,,
1966-03-01 06:00:00,,0.004240572452545166,0.0004510139173362404,0.004691586369881406,1966,3,0.004624397440071064,-0.0004918363329729993,0.005116233773044063
1966-04-01 00:00:00,221.77589416503906,,,,1966,4,,,
1966-04-01 06:00:00,,0.004605889320373535,0.00027188012609258294,0.004877769446466118,1966,4,0.005022780065838097,-0.0002964886871238636,0.00531926875296196
1966-05-01 00:00:00,218.96641540527344,,,,1966,5,,,
1966-05-01 06:00:00,,0.004050993919372558,0.0002827769456416718,0.00433377086501423,1966,5,0.004417659672162004,-0.0003083718054980063,0.004726031477660011
1966-06-01 00:00:00,215.1361846923828,,,,1966,6,,,
1966-06-01 06:00:00,,0.0019698143005371094,0.00011681418175157887,0.0020866284822886882,1966,6,0.0021481071979684943,-0.00012738733015439353,0.0022754945281228877
1966-07-01 00:00:00,218.64637756347656,,,,1966,7,,,
1966-07-01 06:00:00,,0.0024944543838500977,0.0002751790909314877,0.0027696334747815852,1966,7,0.0027202337882770967,-0.00030008624965265833,0.0030203200379297548
1966-08-01 00:00:00,216.60244750976562,,,,1966,8,,,
1966-08-01 06:00:00,,0.003681814670562744,0.0002464517581756809,0.003928266428738425,1966,8,0.004015065071496994,-0.00026875873301600967,0.004283823804513004
1966-09-01 00:00:00,219.97439575195312,,,,1966,9,,,
1966-09-01 06:00:00,,0.006392240524291992,0.00031273625609173905,0.006704976780383731,1966,9,0.006970818456152663,-0.0003410428092603479,0.00731186126541301
1966-10-01 00:00:00,224.68505859375,,,,1966,10,,,
1966-10-01 06:00:00,,0.005268287658691406,0.00023230580845847725,0.005500593467149884,1966,10,0.005745133760841228,-0.0002533323974465401,0.005998466158287768
1966-11-01 00:00:00,237.10919189453125,,,,1966,11,,,
1966-11-01 06:00:00,,0.005687355995178223,0.00013087162176361744,0.00581822761694184,1966,11,0.00620213303727178,-0.0001427171447803898,0.00634485018205217
1966-12-01 00:00:00,246.5210723876953,,,,1966,12,,,
1966-12-01 06:00:00,,0.006764960289001465,-0.0007344462967012078,0.006030513992300257,1966,12,0.007377274033807486,0.0008009228971659844,0.006576351136641501
1967-01-01 00:00:00,246.23416137695312,,,,1967,1,,,
1967-01-01 06:00:00,,0.0026141881942749025,0.00028437997971195725,0.00289856817398686,1967,1,0.0028508050101143973,-0.0003101199342551333,0.0031609249443695308
1967-02-01 00:00:00,234.74024963378906,,,,1967,2,,,
1967-02-01 06:00:00,,0.0013698577880859376,0.00022650909377261997,0.0015963668818585576,1967,2,0.0014938470971493322,-0.000247011007385627,0.001740858104534959
1967-03-01 00:00:00,224.34445190429688,,,,1967,3,,,
1967-03-01 06:00:00,,0.004569840431213379,0.00023447384010069072,0.00480431427131407,1967,3,0.004983468300123641,-0.00025569666314142933,0.00523916496326507
1967-04-01 00:00:00,220.68954467773438,,,,1967,4,,,
1967-04-01 06:00:00,,0.004586577415466309,0.00031343905902758706,0.004900016474493896,1967,4,0.00500172019134821,-0.00034180922467566744,0.005343529416023877
1967-05-01 00:00:00,217.39317321777344,,,,1967,5,,,
1967-05-01 06:00:00,,0.0047394633293151855,0.00014305111253634095,0.004882514441851527,1967,5,0.005168444197726483,-0.0001559990322097502,0.005324443229936234
1967-06-01 00:00:00,219.0929412841797,,,,1967,6,,,
1967-06-01 06:00:00,,0.003128528594970703,0.00016581788077019155,0.0032943464757408947,1967,6,0.0034116996673617265,-0.00018082647848439645,0.003592526145846123
1967-07-01 00:00:00,217.0877685546875,,,,1967,7,,,
1967-07-01 06:00:00,,0.004619729518890381,0.00020613093711290275,0.004825860456003283,1967,7,0.0050378729758891825,-0.0002247883719878983,0.0052626613478770805
1967-08-01 00:00:00,218.02700805664062,,,,1967,8,,,
1967-08-01 06:00:00,,0.009778261184692383,0.00029851116123609246,0.010076772345928475,1967,8,0.010663316450046218,-0.00032553016492485544,0.010988846614971072
1967-09-01 00:00:00,219.62852478027344,,,,1967,9,,,
1967-09-01 06:00:00,,0.00673985481262207,0.0002579666906967759,0.006997821503318846,1967,9,0.007349896196970632,-0.0002813159113378145,0.007631212108308447
1967-10-01 00:00:00,227.49806213378906,,,,1967,10,,,
1967-10-01 06:00:00,,0.005797111988067627,0.0003193219812601455,0.006116433969327772,1967,10,0.006321823323955972,-0.0003482246251473779,0.00667004794910335
1967-11-01 00:00:00,236.7227325439453,,,,1967,11,,,
1967-11-01 06:00:00,,0.001718759536743164,0.00037060846807435155,0.0020893680048175156,1967,11,0.0018743288295999608,-0.0004041531821966756,0.0022784820117966362
1967-12-01 00:00:00,244.15322875976562,,,,1967,12,,,
1967-12-01 06:00:00,,0.0015166282653808593,0.00015019587299320848,0.0016668241383740678,1967,12,0.0016539021432724747,-0.00016379048308964937,0.001817692626362124
1968-01-01 00:00:00,242.17425537109375,,,,1968,1,,,
1968-01-01 06:00:00,,0.0013370275497436523,8.220492006785207e-05,0.0014192324698115042,1968,1,0.0014580453105165236,-8.964549625719963e-05,0.0015476908067737231
1968-02-01 00:00:00,236.87730407714844,,,,1968,2,,,
1968-02-01 06:00:00,,0.005227088928222656,0.00015286619018297642,0.005379955118405633,1968,2,0.005700206028596135,-0.00016670249747325673,0.005866908526069393
1968-03-01 00:00:00,226.23793029785156,,,,1968,3,,,
1968-03-01 06:00:00,,0.006246113777160644,0.00022572376183234156,0.006471837538992986,1968,3,0.006811465405845849,-0.0002461545930559886,0.007057619998901838
1968-04-01 00:00:00,225.58749389648438,,,,1968,4,,,
1968-04-01 06:00:00,,0.010862946510314941,0.00028204527916386724,0.011144991789478809,1968,4,0.01184617940056155,-0.00030757391402820854,0.012153753314589759
1968-05-01 00:00:00,219.9517364501953,,,,1968,5,,,
1968-05-01 06:00:00,,0.0047693967819213865,0.00019488655671011655,0.004964283338631503,1968,5,0.0052010870031858085,-0.00021252623414407475,0.005413613237329883
1968-06-01 00:00:00,221.85177612304688,,,,1968,6,,,
1968-06-01 06:00:00,,0.0047217607498168945,0.0003684657294797944,0.005090226479296689,1968,6,0.00514913931277742,-0.000401816498887453,0.005550955811664873
1968-07-01 00:00:00,216.65895080566406,,,,1968,7,,,
1968-07-01 06:00:00,,0.004250550270080566,0.00016067550459410995,0.004411225774674676,1968,7,0.0046352783752241725,-0.0001752186527743838,0.004810497027998556
1968-08-01 00:00:00,215.66709899902344,,,,1968,8,,,
1968-08-01 06:00:00,,0.0036119699478149416,0.0001885653133285814,0.003800535261143523,1968,8,0.003938898525425236,-0.00020563283896246607,0.004144531364387702
1968-09-01 00:00:00,215.88531494140625,,,,1968,9,,,
1968-09-01 06:00:00,,0.0036209821701049805,0.00021630683113471605,0.0038372890012396965,1968,9,0.0039487264668538495,-0.00023588531203349623,0.004184611778887346
1968-10-01 00:00:00,229.3961944580078,,,,1968,10,,,
1968-10-01 06:00:00,,0.012242782115936279,0.00042009388853330164,0.012662876004469581,1968,10,0.01335090743286399,-0.0004581176537985841,0.013809025086662574
1968-11-01 00:00:00,237.49923706054688,,,,1968,11,,,
1968-11-01 06:00:00,,0.003360271453857422,0.0002098495897371322,0.003570121043594554,1968,11,0.0036644181612403726,-0.0002288436093098497,0.0038932617705502224
1968-12-01 00:00:00,242.95327758789062,,,,1968,12,,,
1968-12-01 06:00:00,,0.003931260108947754,-0.00012493711491288196,0.003806322994034872,1968,12,0.004287088450324704,0.0001362454906356401,0.004150842959689064
1969-01-01 00:00:00,245.2801513671875,,,,1969,1,,,
1969-01-01 06:00:00,,0.0023946762084960938,0.00034204474941361694,0.0027367209579097105,1969,1,0.002611424436746013,-0.00037300408878257024,0.002984428525528583
1969-02-01 00:00:00,238.16819763183594,,,,1969,2,,,
1969-02-01 06:00:00,,0.006777191162109375,0.00043819510610774157,0.007215386268217116,1969,2,0.007390611954317747,-0.0004778572585689657,0.007868469212886713
1969-03-01 00:00:00,221.1576690673828,,,,1969,3,,,
1969-03-01 06:00:00,,0.0019356966018676757,0.00021854489750694484,0.0021542414993746205,1969,3,0.0021109014197030268,-0.00023832595147976534,0.002349227371182792
1969-04-01 00:00:00,223.70394897460938,,,,1969,4,,,
1969-04-01 06:00:00,,0.006228089332580566,0.000388062586353044,0.00661615191893361,1969,4,0.006791809522988621,-0.0004231871170698408,0.007214996640058462
1969-05-01 00:00:00,221.0654754638672,,,,1969,5,,,
1969-05-01 06:00:00,,0.004519951343536377,0.00030775818158872424,0.004827709525125101,1969,5,0.004929063624358099,-0.0003356141565853045,0.005264677780943403
1969-06-01 00:00:00,221.52960205078125,,,,1969,6,,,
1969-06-01 06:00:00,,0.005938410758972168,0.00048539534145675134,0.006423806100428919,1969,6,0.006475911405640314,-0.0005293297071502195,0.007005241112790534
1969-07-01 00:00:00,216.2415771484375,,,,1969,7,,,
1969-07-01 06:00:00,,0.005527710914611817,0.00017304546490777285,0.00570075637951959,1969,7,0.0060280380748220464,-0.00018870824962679699,0.006216746324448843
1969-08-01 00:00:00,218.70779418945312,,,,1969,8,,,
1969-08-01 06:00:00,,0.009019947052001953,0.00019352483795955777,0.009213471889961512,1969,8,0.009836365378409982,-0.0002110412627694196,0.010047406641179401
1969-09-01 00:00:00,219.9363555908203,,,,1969,9,,,
1969-09-01 06:00:00,,0.006894350051879883,0.0002888299059122801,0.007183179957792163,1969,9,0.00751837519288973,-0.0003149726345826391,0.00783334782747237
1969-10-01 00:00:00,228.7549591064453,,,,1969,10,,,
1969-10-01 06:00:00,,0.005737245082855225,0.00048519314932491395,0.006222438232180138,1969,10,0.006256537713037322,-0.0005291092140947807,0.006785646927132102
1969-11-01 00:00:00,236.3670654296875,,,,1969,11,,,
1969-11-01 06:00:00,,0.002780914306640625,0.00023765995865687728,0.0030185742652975023,1969,11,0.0030326219265437568,-0.00025917116538372656,0.0032917930919274833
1969-12-01 00:00:00,244.15655517578125,,,,1969,12,,,
1969-12-01 06:00:00,,0.004031038284301758,-0.00019304738380014895,0.0038379909005016094,1969,12,0.0043958978018557885,0.00021052059302088217,0.0041853772088349065
1970-01-01 00:00:00,243.58863830566406,,,,1970,1,,,
1970-01-01 06:00:00,,0.0012771604922818369,0.00017923775303643196,0.0014563982453182688,1970,1,0.001392759533567979,-0.00019546101748793015,0.0015882205510559092
1970-02-01 00:00:00,234.0537872314453,,,,1970,2,,,
1970-02-01 06:00:00,,0.0012617111206054688,0.0003726210677996278,0.0016343321884050965,1970,2,0.0013759118000059637,-0.0004063479474368896,0.0017822597474428533
1970-03-01 00:00:00,223.63128662109375,,,,1970,3,,,
1970-03-01 06:00:00,,0.0035121917724609377,0.000258504887460731,0.0037706966599216686,1970,3,0.003830089173894152,-0.0002819028216583762,0.004111991995552528
1970-04-01 00:00:00,219.87301635742188,,,,1970,4,,,
1970-04-01 06:00:00,,0.004673480987548828,0.00022605207050219178,0.00489953305805102,1970,4,0.005096489626552702,-0.0002465126177777446,0.005343002244330447
1970-05-01 00:00:00,220.6849822998047,,,,1970,5,,,
1970-05-01 06:00:00,,0.00844123363494873,0.00029830653802491723,0.008739540172973648,1970,5,0.009205271139529694,-0.0003253070207469108,0.009530578160276606
1970-06-01 00:00:00,217.14964294433594,,,,1970,6,,,
1970-06-01 06:00:00,,0.004528641700744629,0.00015288987049189018,0.004681531571236519,1970,6,0.004938540567878548,-0.0001667283211470994,0.005105268889025648
1970-07-01 00:00:00,215.35208129882812,,,,1970,7,,,
1970-07-01 06:00:00,,0.0024046540260314942,0.00018705956663325196,0.002591713592664746,1970,7,0.002622305371899121,-0.0002039908033077993,0.0028262961752069204
1970-08-01 00:00:00,214.54559326171875,,,,1970,8,,,
1970-08-01 06:00:00,,0.0048691749572753905,0.0002493747946573421,0.005118549751932732,1970,8,0.005309896354716892,-0.00027194634095675254,0.005581842695673645
1970-09-01 00:00:00,218.72854614257812,,,,1970,9,,,
1970-09-01 06:00:00,,0.007589578628540039,0.0002719508484005928,0.007861529476940632,1970,9,0.008276530674525669,-0.00029656581068766933,0.008573096485213339
1970-10-01 00:00:00,227.94911193847656,,,,1970,10,,,
1970-10-01 06:00:00,,0.010905754566192628,0.0003505828964989632,0.011256337462691592,1970,10,0.011892862122347466,-0.0003823150452551398,0.012275177167602607
1970-11-01 00:00:00,235.1872100830078,,,,1970,11,,,
1970-11-01 06:00:00,,0.0036499500274658203,9.47089574765414e-05,0.0037446589849423617,1970,11,0.003980316278588681,-0.00010328130586318582,0.004083597584451867
1970-12-01 00:00:00,244.8248748779297,,,,1970,12,,,
1970-12-01 06:00:00,,0.00280376672744751,0.00019278916879557074,0.0029965558962430808,1970,12,0.0030575427780234568,-0.00021023900632014257,0.003267781784343599
1971-01-01 00:00:00,246.43409729003906,,,,1971,1,,,
1971-01-01 06:00:00,,0.0047095298767089845,0.00022863720660097896,0.004938167083309963,1971,1,0.005135801392267159,-0.00024933174111339037,0.005385133133380548
1971-02-01 00:00:00,237.52101135253906,,,,1971,2,,,
1971-02-01 06:00:00,,0.0034066200256347655,0.0004890670767053962,0.0038956871023401616,1971,2,0.003714961860016102,-0.0005333337804857101,0.004248295640501812
1971-03-01 00:00:00,221.3491668701172,,,,1971,3,,,
1971-03-01 06:00:00,,0.003013300895690918,0.0002622977248392999,0.003275598620530218,1971,3,0.003286042416238733,-0.00028603895838527795,0.003572081374624011
1971-04-01 00:00:00,225.88784790039062,,,,1971,4,,,
1971-04-01 06:00:00,,0.00980079174041748,0.0002651805134519236,0.010065972253869404,1971,4,0.010687886303617753,-0.00028918267552009117,0.010977068979137845
1971-05-01 00:00:00,219.77767944335938,,,,1971,5,,,
1971-05-01 06:00:00,,0.004988908767700195,0.0002181916788686067,0.005207100446568802,1971,5,0.005440467576554193,-0.00023794076212498003,0.0056784083386791735
1971-06-01 00:00:00,217.70822143554688,,,,1971,6,,,
1971-06-01 06:00:00,,0.0036499500274658203,0.0001651388545269583,0.0038150888819927786,1971,6,0.003980316278588681,-0.00018008599185055432,0.004160402270439235
1971-07-01 00:00:00,216.81101989746094,,,,1971,7,,,
1971-07-01 06:00:00,,0.0058270454406738285,0.00017180310969706626,0.005998848550370895,1971,7,0.0063544661294152975,-0.00018735344568927617,0.006541819575104574
1971-08-01 00:00:00,219.15264892578125,,,,1971,8,,,
1971-08-01 06:00:00,,0.004150772094726562,0.00028542258369270714,0.00443619467841927,1971,8,0.004526469023693088,-0.0003112569069713273,0.0048377259306644155
1971-09-01 00:00:00,215.96241760253906,,,,1971,9,,,
1971-09-01 06:00:00,,0.004055500030517578,0.00023800635062798392,0.004293506381145562,1971,9,0.004422573642876312,-0.0002595489101722834,0.004682122553048595
1971-10-01 00:00:00,224.01699829101562,,,,1971,10,,,
1971-10-01 06:00:00,,0.00280376672744751,0.0002439375113681308,0.0030477042388156405,1971,10,0.0030575427780234568,-0.000266016915341473,0.0033235596933649295
1971-11-01 00:00:00,237.3868408203125,,,,1971,11,,,
1971-11-01 06:00:00,,0.004731416702270508,-1.3340584700927138e-05,0.004718076117569581,1971,11,0.0051596692500223635,1.4548074919222615e-05,0.005145121175103141
1971-12-01 00:00:00,245.9457244873047,,,,1971,12,,,
1971-12-01 06:00:00,,0.0031929040473187343,0.0002223986346507445,0.003415302681969479,1971,12,0.0034819019054729925,-0.00024252850016438877,0.0037244304056373817
1972-01-01 00:00:00,244.41885375976562,,,,1972,1,,,
1972-01-01 06:00:00,,0.0022350311279296874,0.00037239719240460544,0.0026074283203342927,1972,1,0.0024373294742962783,-0.00040610380851102007,0.0028434332828072982
1972-02-01 00:00:00,236.11099243164062,,,,1972,2,,,
1972-02-01 06:00:00,,0.0072059154510498045,0.0002733935049036518,0.007479308955953457,1972,2,0.007858141167993243,-0.0002981390456964578,0.008156280213689701
1972-03-01 00:00:00,221.47955322265625,,,,1972,3,,,
1972-03-01 06:00:00,,0.0020554304122924806,0.00017171058011626882,0.002227140992408749,1972,3,0.002241472641540328,-0.00018725254102101288,0.0024287251825613402
1972-04-01 00:00:00,218.96127319335938,,,,1972,4,,,
1972-04-01 06:00:00,,0.0044127702713012695,0.00028661865508183837,0.004699388926383108,1972,4,0.004812181320939225,-0.00031256123782097964,0.005124742558760205
1972-05-01 00:00:00,221.7226104736328,,,,1972,5,,,
1972-05-01 06:00:00,,0.005507755279541016,0.0002959291634397232,0.005803684442980739,1972,5,0.006006276204515829,-0.0003227144639473535,0.006328990668463183
1972-06-01 00:00:00,220.919189453125,,,,1972,6,,,
1972-06-01 06:00:00,,0.004518985748291016,0.00035888300408259965,0.004877868752373615,1972,6,0.004928010630633604,-0.00039136641666586656,0.005319377047299471
1972-07-01 00:00:00,218.29742431640625,,,,1972,7,,,
1972-07-01 06:00:00,,0.005028820037841797,0.00019935416348744185,0.005228174201329239,1972,7,0.005483991317166627,-0.000217398215362532,0.005701389532529159
1972-08-01 00:00:00,222.1478271484375,,,,1972,8,,,
1972-08-01 06:00:00,,0.0047594189643859865,0.00040412825383100425,0.005163547218216991,1972,8,0.0051902060680327,-0.00044070692893239283,0.005630912996965093
1972-09-01 00:00:00,216.95103454589844,,,,1972,9,,,
1972-09-01 06:00:00,,0.002269148826599121,0.00023434529248334002,0.002503494119082461,1972,9,0.0024745352525617458,-0.0002555564803526063,0.002730091732914352
1972-10-01 00:00:00,227.48599243164062,,,,1972,10,,,
1972-10-01 06:00:00,,0.00866074562072754,0.0003488215230390779,0.009009567143766618,1972,10,0.00944465171289808,-0.00038039424540793664,0.009825045958306017
1972-11-01 00:00:00,237.0320281982422,,,,1972,11,,,
1972-11-01 06:00:00,,0.0031092166900634766,0.00019485410302877426,0.003304070793092251,1972,11,0.003390639792871839,-0.00021249084299757278,0.0036031306358694118
1972-12-01 00:00:00,243.19595336914062,,,,1972,12,,,
1972-12-01 06:00:00,,0.0025543212890625,-3.918780947742562e-05,0.0025151334795850745,1972,12,0.002785519399195747,4.2734797685306014e-05,0.002742784601510441
1973-01-01 00:00:00,245.24229431152344,,,,1973,1,,,
1973-01-01 06:00:00,,0.004470062255859375,0.00020994585065636784,0.004680008106515743,1973,1,0.0048746589485925565,-0.00022894858304947418,0.005103607531642031
1973-02-01 00:00:00,233.71554565429688,,,,1973,2,,,
1973-02-01 06:00:00,,0.002901935577392578,0.00023093599593266846,0.003132871573325247,1973,2,0.0031645971400137167,-0.00025183859970847157,0.0034164357397221882
1973-03-01 00:00:00,225.296875,,,,1973,3,,,
1973-03-01 06:00:00,,0.00637582540512085,0.0003610042165746563,0.0067368296216955064,1973,3,0.006952917562836259,-0.0003936796254903558,0.0073465971883266154
1973-04-01 00:00:00,222.68792724609375,,,,1973,4,,,
1973-04-01 06:00:00,,0.005320429801940918,0.00039026440754241776,0.005710694209483336,1973,4,0.005801995421963924,-0.00042558823068965945,0.006227583652653583
1973-05-01 00:00:00,222.5405731201172,,,,1973,5,,,
1973-05-01 06:00:00,,0.00614633560180664,0.00042900458993244683,0.006575340191739087,1973,5,0.006702656054314766,-0.0004678348854225156,0.007170490939737281
1973-06-01 00:00:00,217.21868896484375,,,,1973,6,,,
1973-06-01 06:00:00,,0.005107998847961426,0.00019621418141468894,0.005304213029376115,1973,6,0.005570336802575164,-0.0002139740255340119,0.005784310828109176
1973-07-01 00:00:00,217.9861602783203,,,,1973,7,,,
1973-07-01 06:00:00,,0.003013300895690918,0.0002623051850605407,0.003275606080751459,1973,7,0.003286042416238733,-0.00028604709385009886,0.0035720895100888315
1973-08-01 00:00:00,215.84481811523438,,,,1973,8,,,
1973-08-01 06:00:00,,0.005747222900390625,0.00017485784192103893,0.005922080742311663,1973,8,0.0062674186481904304,-0.00019068466948859205,0.006458103317679022
1973-09-01 00:00:00,218.6453094482422,,,,1973,9,,,
1973-09-01 06:00:00,,0.006015658378601074,0.0001789439411368221,0.006194602319737896,1973,9,0.006560150903599862,-0.00019514061192674165,0.006755291515526604
1973-10-01 00:00:00,225.4554901123047,,,,1973,10,,,
1973-10-01 06:00:00,,0.004490017890930176,0.00028422148807294434,0.00477423937900312,1973,10,0.004896420818898774,-0.00030994709713516285,0.005206367916033937
1973-11-01 00:00:00,237.335205078125,,,,1973,11,,,
1973-11-01 06:00:00,,0.0010718107223510742,0.00041514215809002053,0.0014869528804410947,1973,11,0.0011688230341887396,-0.0004527177296510584,0.001621540763839798
1973-12-01 00:00:00,241.24664306640625,,,,1973,12,,,
1973-12-01 06:00:00,,0.0023547649383544923,0.00013616456708405168,0.002490929505438544,1973,12,0.0025679006961335793,-0.0001484891680305907,0.00271638986416417
1974-01-01 00:00:00,244.4528045654297,,,,1974,1,,,
1974-01-01 06:00:00,,0.002274942398071289,0.00020036753558088093,0.0024753099336521697,1974,1,0.002480853214908712,-0.00021850331033901953,0.002699356525247731
1974-02-01 00:00:00,233.57875061035156,,,,1974,2,,,
1974-02-01 06:00:00,,0.004379940032958984,0.00010876277174247662,0.004488702804701461,1974,2,0.004776379534306417,-0.00011860716656758627,0.0048949867008740025
1974-03-01 00:00:00,223.9639892578125,,,,1974,3,,,
1974-03-01 06:00:00,,0.006036579608917236,0.0002344202483072877,0.006270999857224524,1974,3,0.006582965767630573,-0.00025563822061863434,0.0068386039882492086
1974-04-01 00:00:00,221.23878479003906,,,,1974,4,,,
1974-04-01 06:00:00,,0.006218433380126953,0.0002059152193396585,0.006424348599466612,1974,4,0.006781279585743678,-0.00022455312905088166,0.0070058327147945595
1974-05-01 00:00:00,218.72372436523438,,,,1974,5,,,
1974-05-01 06:00:00,,0.004569840431213379,0.0003204982602255768,0.004890338691438956,1974,5,0.004983468300123641,-0.0003495073721107708,0.005332975672234412
1974-06-01 00:00:00,219.29736328125,,,,1974,6,,,
1974-06-01 06:00:00,,0.0025491714477539062,0.00024189151008613408,0.0027910629578400403,1974,6,0.00277990343266511,-0.00026378572528476996,0.00304368915794988
1974-07-01 00:00:00,214.65087890625,,,,1974,7,,,
1974-07-01 06:00:00,,0.0019556522369384766,0.0001428781572030857,0.002098530394141562,1974,7,0.002132663290009244,-0.00015581042224982084,0.0022884737122590643
1974-08-01 00:00:00,217.98837280273438,,,,1974,8,,,
1974-08-01 06:00:00,,0.0048492193222045895,0.00024388909605477238,0.005093108418259362,1974,8,0.0052881344844106755,-0.00026596411783508434,0.00555409860224576
1974-09-01 00:00:00,217.27371215820312,,,,1974,9,,,
1974-09-01 06:00:00,,0.0050983428955078125,0.00021295194164849818,0.005311294837156311,1974,9,0.00555980686533022,-0.00023222676297546147,0.005792033628305682
1974-10-01 00:00:00,224.68209838867188,,,,1974,10,,,
1974-10-01 06:00:00,,0.004310417175292969,0.00018150809628423304,0.004491925271577202,1974,10,0.004700563986142823,-0.00019793685527179174,0.004898500841414614
1974-11-01 00:00:00,234.9707794189453,,,,1974,11,,,
1974-11-01 06:00:00,,0.0009076595306396484,0.00017407353152520955,0.001081733062164858,1974,11,0.0009898141010246983,-0.0001898293691659864,0.0011796434701906847
1974-12-01 00:00:00,245.6790313720703,,,,1974,12,,,
1974-12-01 06:00:00,,0.0037915706634521484,-2.235995780210942e-05,0.003769210705650039,1974,12,0.0041347553581811865,2.4383814397065888e-05,0.004110371543784121
1975-01-01 00:00:00,244.67393493652344,,,,1975,1,,,
1975-01-01 06:00:00,,0.0030332565307617187,0.00018038510461337864,0.0032136416353750973,1975,1,0.0033078042865449494,-0.00019671221877140527,0.003504516505316355
1975-02-01 00:00:00,237.1848907470703,,,,1975,2,,,
1975-02-01 06:00:00,,0.005875968933105468,0.0002863404806703329,0.006162309413775801,1975,2,0.0064078178114563445,-0.0003122578851366771,0.006720075696593022
1975-03-01 00:00:00,227.72190856933594,,,,1975,3,,,
1975-03-01 06:00:00,,0.008042120933532714,0.00038851355402584885,0.008430634487558564,1975,3,0.008770033733405359,-0.00042367890297257234,0.009193712636377933
1975-04-01 00:00:00,218.3634490966797,,,,1975,4,,,
1975-04-01 06:00:00,,0.0022788047790527344,0.00021504060714505613,0.0024938453861977905,1975,4,0.0024850651898066893,-0.00023450447889319096,0.0027195696686998804
1975-05-01 00:00:00,223.30364990234375,,,,1975,5,,,
1975-05-01 06:00:00,,0.003781592845916748,0.0005030710366554558,0.004284663882572204,1975,5,0.004123874423028078,-0.0005486052744334305,0.004672479697461509
1975-06-01 00:00:00,215.74929809570312,,,,1975,6,,,
1975-06-01 06:00:00,,0.001612544059753418,0.0001870958658400923,0.0017996399255935103,1975,6,0.0017584995199055812,-0.0002040303880480832,0.0019625299079536643
1975-07-01 00:00:00,213.686279296875,,,,1975,7,,,
1975-07-01 06:00:00,,0.0029833674430847167,0.00017245839117094875,0.0031558258342556655,1975,7,0.0032533996107794072,-0.00018806803835436068,0.003441467649133768
1975-08-01 00:00:00,215.83450317382812,,,,1975,8,,,
1975-08-01 06:00:00,,0.006186246871948242,0.0001730503368889913,0.006359297208837234,1975,8,0.006746179794927199,-0.0001887135625834147,0.006934893357510614
1975-09-01 00:00:00,216.3561248779297,,,,1975,9,,,
1975-09-01 06:00:00,,0.005330085754394531,0.0001766195346135646,0.005506705289008096,1975,9,0.005812525359208867,-0.000192605817462993,0.00600513117667186
1975-10-01 00:00:00,225.0413360595703,,,,1975,10,,,
1975-10-01 06:00:00,,0.0048492193222045895,0.0002966159605421126,0.005145835282746702,1975,10,0.0052881344844106755,-0.000323463424800559,0.005611597909211234
1975-11-01 00:00:00,235.5880584716797,,,,1975,11,,,
1975-11-01 06:00:00,,0.0025491714477539062,0.0003548421082086861,0.0029040135559625924,1975,11,0.00277990343266511,-0.00038695976903891613,0.0031668632017040265
1975-12-01 00:00:00,244.17669677734375,,,,1975,12,,,
1975-12-01 06:00:00,,0.0028736114501953123,1.5020318096503616e-05,0.002888631768291816,1975,12,0.0031337093240952152,-1.6379845252457596e-05,0.0031500891693476726
1976-01-01 00:00:00,243.92942810058594,,,,1976,1,,,
1976-01-01 06:00:00,,0.0030033230781555177,0.0002619128383230418,0.0032652359164785593,1976,1,0.0032751614810856244,-0.0002856192348124774,0.0035607807158981016
1976-02-01 00:00:00,235.29209899902344,,,,1976,2,,,
1976-02-01 06:00:00,,0.003416275978088379,0.0002984036633279175,0.003714679641416296,1976,2,0.0037254917972610454,-0.00032541293710787076,0.004050904734368916
1976-03-01 00:00:00,224.04428100585938,,,,1976,3,,,
1976-03-01 06:00:00,,0.006764960289001465,0.00021424781007226557,0.00697920809907373,1976,3,0.007377274033807486,-0.00023363992374292864,0.0076109139575504135
1976-04-01 00:00:00,216.6949005126953,,,,1976,4,,,
1976-04-01 06:00:00,,0.0034857988357543945,0.0002077348453894956,0.00369353368114389,1976,4,0.0038013073454246393,-0.00022653745407796684,0.0040278447995026065
1976-05-01 00:00:00,216.90020751953125,,,,1976,5,,,
1976-05-01 06:00:00,,0.003931260108947754,0.00018235582101624458,0.004113615929963999,1976,5,0.004287088450324704,-0.00019886130972327653,0.0044859497600479815
1976-06-01 00:00:00,216.6173095703125,,,,1976,6,,,
1976-06-01 06:00:00,,0.0030416250228881836,0.00018913252097263467,0.0032307575438608183,1976,6,0.003316930232157234,-0.0002062513860115972,0.003523181618168831
1976-07-01 00:00:00,215.931884765625,,,,1976,7,,,
1976-07-01 06:00:00,,0.0018558740615844727,0.0001929499441757798,0.0020488240057602524,1976,7,0.00202385393847816,-0.00021041433388852758,0.002234268272366687
1976-08-01 00:00:00,212.2701873779297,,,,1976,8,,,
1976-08-01 06:00:00,,0.001097559928894043,0.00015570851974189281,0.0012532684486359358,1976,8,0.0011969028668419226,-0.0001698020935026094,0.0013667049603445318
1976-09-01 00:00:00,217.75782775878906,,,,1976,9,,,
1976-09-01 06:00:00,,0.004229307174682617,0.00029845742210454773,0.004527764596787165,1976,9,0.004612112513285297,-0.0003254715617279692,0.004937584075013266
1976-10-01 00:00:00,224.9722900390625,,,,1976,10,,,
1976-10-01 06:00:00,,0.0036718368530273436,0.00043328721367288383,0.004105124066700228,1976,10,0.004004184136343886,-0.0004725051403193935,0.00447668927666328
1976-11-01 00:00:00,236.34881591796875,,,,1976,11,,,
1976-11-01 06:00:00,,0.0036499500274658203,0.00020160101121291518,0.0038515510386787355,1976,11,0.003980316278588681,-0.0002198484309846403,0.004200164709573321
1976-12-01 00:00:00,245.53048706054688,,,,1976,12,,,
1976-12-01 06:00:00,,0.003292679786682129,0.00017413435271009802,0.003466814139392227,1976,12,0.0035907086005257673,-0.00018989569543085934,0.0037806042959566267
1977-01-01 00:00:00,246.83323669433594,,,,1977,1,,,
1977-01-01 06:00:00,,0.005407977104187012,0.00015318483347073197,0.005561161937657744,1977,1,0.005897466852984746,-0.00016704998197462591,0.0060645168349593714
1977-02-01 00:00:00,234.28802490234375,,,,1977,2,,,
1977-02-01 06:00:00,,0.0032624244689941407,0.0003107896540313959,0.0035732141230255367,1977,2,0.0035577147971582778,-0.00033892001530141317,0.003896634812459691
1977-03-01 00:00:00,225.11122131347656,,,,1977,3,,,
1977-03-01 06:00:00,,0.008141899108886718,0.00021041356085333974,0.008352312669740057,1977,3,0.008878843084936442,-0.00022945862688477614,0.009108301711821217
1977-04-01 00:00:00,221.64761352539062,,,,1977,4,,,
1977-04-01 06:00:00,,0.00500178337097168,0.00019511577556841075,0.0051968991465400904,1977,4,0.005454507492880785,-0.00021277620018365402,0.005667283693064439
1977-05-01 00:00:00,223.18801879882812,,,,1977,5,,,
1977-05-01 06:00:00,,0.006256091594696045,0.0004528238583588973,0.006708915453054943,1977,5,0.006822346340998958,-0.0004938100963564855,0.007316156437355444
1977-06-01 00:00:00,223.15298461914062,,,,1977,6,,,
1977-06-01 06:00:00,,0.008236527442932129,0.00029179317061789334,0.008528320613550022,1977,6,0.00898203646993689,-0.0003182041119060996,0.00930024058184299
1977-07-01 00:00:00,221.62709045410156,,,,1977,7,,,
1977-07-01 06:00:00,,0.005288243293762207,0.0004460784481125302,0.0057343217418747375,1977,7,0.005766895631147444,-0.00048645414188934586,0.006253349773036791
1977-08-01 00:00:00,219.86717224121094,,,,1977,8,,,
1977-08-01 06:00:00,,0.00459977388381958,0.00032626668598823017,0.00492604056980781,1977,8,0.005016111105582965,-0.00035579791274616157,0.0053719090183291275
1977-09-01 00:00:00,217.3072509765625,,,,1977,9,,,
1977-09-01 06:00:00,,0.004132747650146484,0.0002345057437196374,0.004367253393866122,1977,9,0.0045068131408358605,-0.0002557314544379906,0.0047625445952738515
1977-10-01 00:00:00,219.8341827392578,,,,1977,10,,,
1977-10-01 06:00:00,,0.0018758296966552735,0.00018715715850703418,0.0020629868551623074,1977,10,0.0020456158087843765,-0.00020409722847004817,0.0022497130372544248
1977-11-01 00:00:00,234.74029541015625,,,,1977,11,,,
1977-11-01 06:00:00,,0.002607107162475586,6.199043275501026e-05,0.002669097595230596,1977,11,0.002843083056134772,-6.760134433479854e-05,0.0029106844004695705
1977-12-01 00:00:00,241.42672729492188,,,,1977,12,,,
1977-12-01 06:00:00,,0.000818181037902832,0.0002006523942327476,0.0010188334321355795,1977,12,0.0008922366825548876,-0.00021881395227126238,0.00111105063482615
1978-01-01 00:00:00,242.1244354248047,,,,1978,1,,,
1978-01-01 06:00:00,,0.0019356966018676757,0.000257674214662984,0.0021933708165306595,1978,1,0.0021109014197030268,-0.00028099696255505345,0.00239189838225808
1978-02-01 00:00:00,235.6505584716797,,,,1978,2,,,
1978-02-01 06:00:00,,0.0040915489196777345,0.0003571355737221893,0.004448684493399924,1978,2,0.0044618854085907685,-0.00038946082194349975,0.004851346230534268
1978-03-01 00:00:00,224.69949340820312,,,,1978,3,,,
1978-03-01 06:00:00,,0.005707311630249024,0.0003390947647858411,0.006046406395034865,1978,3,0.006223894907577997,-0.00036978709355053554,0.006593682001128533
1978-04-01 00:00:00,227.12045288085938,,,,1978,4,,,
1978-04-01 06:00:00,,0.010225653648376465,0.0003402473812457174,0.010565901029622182,1978,4,0.011151203542395271,-0.0003710440362548717,0.011522247578650143
1978-05-01 00:00:00,222.61839294433594,,,,1978,5,,,
1978-05-01 06:00:00,,0.007902431488037109,0.00044144762996438657,0.008343879118001496,1978,5,0.008617700641261841,-0.0004814041766241947,0.009099104817886037
1978-06-01 00:00:00,218.3759765625,,,,1978,6,,,
1978-06-01 06:00:00,,0.003466486930847168,0.00020348693942651153,0.0036699738702736795,1978,6,0.003780247470934752,-0.00022190505935279338,0.004002152530287546
1978-07-01 00:00:00,217.51950073242188,,,,1978,7,,,
1978-07-01 06:00:00,,0.003172945976257324,0.000295587820255605,0.003468533796512929,1978,7,0.0034601373786884667,-0.0003223422249243239,0.0037824796036127904
1978-08-01 00:00:00,219.65338134765625,,,,1978,8,,,
1978-08-01 06:00:00,,0.006725049018859864,0.000361086888005957,0.007086135906865821,1978,8,0.007333750293195052,-0.00039376977972296293,0.007727520072918015
1978-09-01 00:00:00,218.55178833007812,,,,1978,9,,,
1978-09-01 06:00:00,,0.0024622678756713867,0.000218206609133631,0.0026804744848050177,1978,9,0.0026851339974606177,-0.0002379570437662279,0.0029230910412268458
1978-10-01 00:00:00,228.2687225341797,,,,1978,10,,,
1978-10-01 06:00:00,,0.007443451881408691,0.0003028253006050363,0.007746277182013727,1978,10,0.008117177624218855,-0.0003302347880098542,0.008447412412228709
1978-11-01 00:00:00,236.90408325195312,,,,1978,11,,,
1978-11-01 06:00:00,,0.003746509552001953,0.0001337547437287867,0.00388026429573074,1978,11,0.0040856156510381166,-0.00014586122544033446,0.004231476876478451
1978-12-01 00:00:00,244.1847686767578,,,,1978,12,,,
1978-12-01 06:00:00,,0.003971171379089355,0.00019662098202388734,0.004167792361113243,1978,12,0.004330612190937138,-0.00021441764669998618,0.004545029837637124
1979-01-01 00:00:00,242.92811584472656,,,,1979,1,,,
1979-01-01 06:00:00,,0.0011773824691772461,0.0003255384770454839,0.00150292094622273,1979,1,0.0012839503480667896,-0.0003550037917617054,0.001638954139828495
1979-02-01 00:00:00,234.1453399658203,,,,1979,2,,,
1979-02-01 06:00:00,,0.002289104461669922,0.00034606405533850194,0.002635168517008424,1979,2,0.002496297122867963,-0.0003773871922993478,0.0028736843151673107
1979-03-01 00:00:00,227.91368103027344,,,,1979,3,,,
1979-03-01 06:00:00,,0.01201329231262207,0.0002736372611252591,0.01228692957374733,1979,3,0.013100645924342498,-0.0002984048649130415,0.013399050789255539
1979-04-01 00:00:00,225.81617736816406,,,,1979,4,,,
1979-04-01 06:00:00,,0.005793571472167969,0.00039018941242829897,0.006183760884596268,1979,4,0.00631796234696616,-0.00042550644757720715,0.006743468794543367
1979-05-01 00:00:00,218.6439666748047,,,,1979,5,,,
1979-05-01 06:00:00,,0.004050993919372558,0.0001947793731233105,0.004245773292495869,1979,5,0.004417659672162004,-0.00021240934909848473,0.00463006902126049
1979-06-01 00:00:00,222.426513671875,,,,1979,6,,,
1979-06-01 06:00:00,,0.007647514343261719,0.00019806725322268903,0.007845581596484408,1979,6,0.00833971029799533,-0.00021599482357981354,0.008555705121575144
1979-07-01 00:00:00,215.9447784423828,,,,1979,7,,,
1979-07-01 06:00:00,,0.004559862613677979,0.0001287615916226059,0.0046886242053005844,1979,7,0.004972587364970533,-0.0001404161304499519,0.005113003495420485
1979-08-01 00:00:00,218.16416931152344,,,,1979,8,,,
1979-08-01 06:00:00,,0.003781592845916748,0.00024400845959462458,0.0040256013055113725,1979,8,0.004123874423028078,-0.0002660942852722187,0.004389968708300297
1979-09-01 00:00:00,222.78213500976562,,,,1979,9,,,
1979-09-01 06:00:00,,0.010553956031799316,0.0003506270586512983,0.010904583090450615,1979,9,0.011509221408723354,-0.0003823632046360941,0.011891584613359448
1979-10-01 00:00:00,225.65150451660156,,,,1979,10,,,
1979-10-01 06:00:00,,0.005028820037841797,0.0002617473432110273,0.005290567381052824,1979,10,0.005483991317166627,-0.0002854387603173689,0.005769430077483996
1979-11-01 00:00:00,236.6902313232422,,,,1979,11,,,
1979-11-01 06:00:00,,0.002877473831176758,0.00021005939925089478,0.0030875332304276526,1979,11,0.0031379212989931927,-0.00022907240921580673,0.0033669937082089992
1979-12-01 00:00:00,243.8895263671875,,,,1979,12,,,
1979-12-01 06:00:00,,0.0023946762084960938,0.0002011593847782933,0.002595835593274387,1979,12,0.002611424436746013,-0.00021936683181929476,0.002830791268565307
1980-01-01 00:00:00,243.40164184570312,,,,1980,1,,,
1980-01-01 06:00:00,,0.0010376930236816405,0.00044155983778182417,0.0014792528614634647,1980,1,0.001131617255923272,-0.0004815265406562968,0.0016131437965795688
1980-02-01 00:00:00,234.2808074951172,,,,1980,2,,,
1980-02-01 06:00:00,,0.0038269758224487305,0.00017856227641459553,0.004005538098863326,1980,2,0.004173365128079314,-0.00019472440176073667,0.00436808952984005
1980-03-01 00:00:00,226.17794799804688,,,,1980,3,,,
1980-03-01 06:00:00,,0.00409090518951416,0.000469529729707574,0.004560434919221734,1980,3,0.004461183412774438,-0.0005120280585687829,0.004973211471343221
1980-04-01 00:00:00,221.347900390625,,,,1980,4,,,
1980-04-01 06:00:00,,0.0035920143127441406,0.0002961378777399659,0.0038881521904841065,1980,4,0.003917136655119019,-0.0003229420695092322,0.004240078724628251
1980-05-01 00:00:00,221.66734313964844,,,,1980,5,,,
1980-05-01 06:00:00,,0.006166291236877441,0.0002448755200020969,0.0064111667568795385,1980,5,0.006724417924620982,-0.0002670398255202802,0.006991457750141263
1980-06-01 00:00:00,220.4827423095703,,,,1980,6,,,
1980-06-01 06:00:00,,0.00679779052734375,0.00024479348212480545,0.0070425840094685555,1980,6,0.007413075820440294,-0.0002669503621862655,0.007680026182626559
1980-07-01 00:00:00,220.2173309326172,,,,1980,7,,,
1980-07-01 06:00:00,,0.003222835063934326,0.00028593414172064515,0.003508769205654971,1980,7,0.0035145420544540084,-0.0003118147674161888,0.0038263568218701973
1980-08-01 00:00:00,217.65794372558594,,,,1980,8,,,
1980-08-01 06:00:00,,0.0028137445449829103,0.00023159678294177867,0.003045341327924689,1980,8,0.003068423713176565,-0.0002525591962287663,0.0033209829094053315
1980-09-01 00:00:00,219.1394500732422,,,,1980,9,,,
1980-09-01 06:00:00,,0.007338523864746094,0.0002315684105269611,0.007570092275273055,1980,9,0.008002752306157136,-0.0002525282557545922,0.008255280561911727
1980-10-01 00:00:00,226.50048828125,,,,1980,10,,,
1980-10-01 06:00:00,,0.008221721649169922,9.91058419458568e-05,0.00832082749111578,1980,10,0.008965890566161311,-0.00010807616351783729,0.009073966729679148
1980-11-01 00:00:00,239.14691162109375,,,,1980,11,,,
1980-11-01 06:00:00,,0.0054073333740234375,0.00015564801287837327,0.005562981386901811,1980,11,0.005896764857168416,-0.00016973611000913115,0.006066500967177547
1980-12-01 00:00:00,243.29791259765625,,,,1980,12,,,
1980-12-01 06:00:00,,0.0028237223625183104,-4.014512524008751e-06,0.002819707849994302,1980,12,0.003079304648329673,4.377876253008453e-06,0.0030749267720766647
1981-01-01 00:00:00,245.25588989257812,,,,1981,1,,,
1981-01-01 06:00:00,,0.00716407299041748,-7.000793411862105e-05,0.007094065056298859,1981,1,0.007812511439931821,7.634453011845261e-05,0.007736166909813368
1981-02-01 00:00:00,235.6868438720703,,,,1981,2,,,
1981-02-01 06:00:00,,0.004073524475097656,0.00030950030777603387,0.00438302478287369,1981,2,0.00444222952573354,-0.00033751396704038587,0.004779743492773925
1981-03-01 00:00:00,226.18594360351562,,,,1981,3,,,
1981-03-01 06:00:00,,0.0059168457984924315,0.00035539397795218973,0.006272239776444621,1981,3,0.006452394545793273,-0.0003875615899151469,0.00683995613570842
1981-04-01 00:00:00,222.302734375,,,,1981,4,,,
1981-04-01 06:00:00,,0.006788134574890137,0.0002900486870203167,0.0070781832619104534,1981,4,0.00740254588319535,-0.000316301730665558,0.007718847613860908
1981-05-01 00:00:00,225.33189392089844,,,,1981,5,,,
1981-05-01 06:00:00,,0.015425705909729004,0.00030219681502785534,0.01572790272475686,1981,5,0.016821925746705563,-0.0003295494166061672,0.017151475163311735
1981-06-01 00:00:00,221.78053283691406,,,,1981,6,,,
1981-06-01 06:00:00,,0.0076378583908081055,0.00027797403163276613,0.007915832422440872,1981,6,0.008329180360750386,-0.00030313416753845814,0.008632314528288845
1981-07-01 00:00:00,223.57516479492188,,,,1981,7,,,
1981-07-01 06:00:00,,0.009379148483276367,0.00045293332568689947,0.009832081808963267,1981,7,0.010228079043921883,-0.0004939294718504902,0.010722008515772374
1981-08-01 00:00:00,224.7366943359375,,,,1981,8,,,
1981-08-01 06:00:00,,0.0068248271942138675,0.0004503732518060133,0.007275200446019881,1981,8,0.007442559644726137,-0.000491137679177768,0.007933697323903904
1981-09-01 00:00:00,218.44664001464844,,,,1981,9,,,
1981-09-01 06:00:00,,0.002713322639465332,0.0002731906988628907,0.0029865133383282227,1981,9,0.0029589123658291514,-0.00029791788316563874,0.00325683024899479
1981-10-01 00:00:00,221.374755859375,,,,1981,10,,,
1981-10-01 06:00:00,,0.001636362075805664,0.0001302158780163154,0.0017665779538219794,1981,10,0.0017844733651097753,-0.00014200204800034395,0.0019264754131101192
1981-11-01 00:00:00,234.71685791015625,,,,1981,11,,,
1981-11-01 06:00:00,,0.0024526119232177734,0.0003266356943640858,0.0027792476175818592,1981,11,0.002674604060215674,-0.0003562003210077271,0.0030308043812234016
1981-12-01 00:00:00,244.1819305419922,,,,1981,12,,,
1981-12-01 06:00:00,,0.0038913488388061523,0.00017430730804335326,0.004065656146849506,1981,12,0.004243564709712271,-0.00019008430539078873,0.004433649015103059
1982-01-01 00:00:00,243.68800354003906,,,,1982,1,,,
1982-01-01 06:00:00,,0.001975607872009277,0.00041919987997971473,0.002394807751988992,1982,1,0.0021544251603154603,-0.0004571427262592309,0.0026115678865746912
1982-02-01 00:00:00,235.07713317871094,,,,1982,2,,,
1982-02-01 06:00:00,,0.0029199600219726564,0.0003870349028147757,0.003306994924787432,1982,2,0.003184253022870945,-0.0004220664152832886,0.003606319438154233
1982-03-01 00:00:00,225.20068359375,,,,1982,3,,,
1982-03-01 06:00:00,,0.009598660469055175,0.00022869323438499123,0.009827353703440166,1982,3,0.010467459617290266,-0.0002493928401144942,0.01071685245740476
1982-04-01 00:00:00,225.78883361816406,,,,1982,4,,,
1982-04-01 06:00:00,,0.01041877269744873,0.0004646243469323963,0.010883397044381127,1982,4,0.011361802287294144,-0.0005066786771345652,0.01186848096442871
1982-05-01 00:00:00,224.23497009277344,,,,1982,5,,,
1982-05-01 06:00:00,,0.008291566371917724,0.0004198818051008857,0.00871144817701861,1982,5,0.00904205711223307,-0.0004578863741558186,0.009499943486388888
1982-06-01 00:00:00,220.458740234375,,,,1982,6,,,
1982-06-01 06:00:00,,0.010544300079345703,0.0002973848004330648,0.010841684879778768,1982,6,0.01149869147147841,-0.00032430185434358214,0.011822993325821993
1982-07-01 00:00:00,222.10342407226562,,,,1982,7,,,
1982-07-01 06:00:00,,0.006355869770050049,0.0004101841264855466,0.006766053896535596,1982,7,0.0069311556925300425,-0.00044731093400822967,0.007378466626538272
1982-08-01 00:00:00,218.90213012695312,,,,1982,8,,,
1982-08-01 06:00:00,,0.007523274421691895,0.0001913056505145505,0.007714580072206445,1982,8,0.008204225105443724,-0.00020862121103004414,0.008412846316473767
1982-09-01 00:00:00,218.30433654785156,,,,1982,9,,,
1982-09-01 06:00:00,,0.007618546485900879,0.00021677801851183176,0.00783532450441271,1982,9,0.0083081204862605,-0.00023639914777735197,0.008544519634037852
1982-10-01 00:00:00,229.27597045898438,,,,1982,10,,,
1982-10-01 06:00:00,,0.014218389987945557,0.0005281958437990397,0.014746585831744596,1982,10,0.01550533259317945,-0.0005760041917110575,0.01608133678489051
1982-11-01 00:00:00,239.89259338378906,,,,1982,11,,,
1982-11-01 06:00:00,,0.0019505023956298828,0.00023649304057471454,0.0021869954362045974,1982,11,0.002127047323478607,-0.0002578986265809319,0.002384945950059539
1982-12-01 00:00:00,245.3916473388672,,,,1982,12,,,
1982-12-01 06:00:00,,0.0031529903411865235,-6.491914973594248e-06,0.0031464984262129293,1982,12,0.00343837550838225,7.079514693123499e-06,0.0034312959936891266
1983-01-01 00:00:00,245.0159454345703,,,,1983,1,,,
1983-01-01 06:00:00,,0.004250550270080566,0.00013453488936647772,0.004385085159447044,1983,1,0.0046352783752241725,-0.00014671198404196044,0.004781990359266132
1983-02-01 00:00:00,234.64149475097656,,,,1983,2,,,
1983-02-01 06:00:00,,0.003478717803955078,0.00034737320384010674,0.003826091007795185,1983,2,0.003793585391445014,-0.0003788148351582407,0.004172400226603255
1983-03-01 00:00:00,225.5887451171875,,,,1983,3,,,
1983-03-01 06:00:00,,0.004649662971496582,0.00028116934408899396,0.0049308323155855755,1983,3,0.005070515781348508,-0.0003066186958440501,0.005377134477192558
1983-04-01 00:00:00,223.38055419921875,,,,1983,4,,,
1983-04-01 06:00:00,,0.00803375244140625,0.0002330515162611846,0.008266803957667435,1983,4,0.008760907787793076,-0.0002541456011572351,0.00901505338895031
1983-05-01 00:00:00,222.73497009277344,,,,1983,5,,,
1983-05-01 06:00:00,,0.006026601791381836,0.00026859019308176355,0.0062951919844635995,1983,5,0.006572084832477466,-0.0002929009739168632,0.006864985806394329
1983-06-01 00:00:00,219.14120483398438,,,,1983,6,,,
1983-06-01 06:00:00,,0.004016876220703125,0.00027946155751124024,0.004296337778214365,1983,6,0.004380453893896538,-0.00030475633316383885,0.004685210227060376
1983-07-01 00:00:00,218.39453125,,,,1983,7,,,
1983-07-01 06:00:00,,0.004699552059173584,0.00014782078214921058,0.004847372841322794,1983,7,0.0051249204571140496,-0.00016120041673850662,0.005286120873852556
1983-08-01 00:00:00,221.72866821289062,,,,1983,8,,,
1983-08-01 06:00:00,,0.0047095298767089845,0.0003602682429118431,0.0050697981196208275,1983,8,0.005135801392267159,-0.0003928770369812902,0.005528678429248449
1983-09-01 00:00:00,220.97262573242188,,,,1983,9,,,
1983-09-01 06:00:00,,0.007608890533447266,0.0003061048610106809,0.007914995394457947,1983,9,0.008297590549015556,-0.00033381118976082976,0.008631401738776386
1983-10-01 00:00:00,226.2567901611328,,,,1983,10,,,
1983-10-01 06:00:00,,0.004958975315093994,0.0002339427941478789,0.005192918109241873,1983,10,0.005407824771094868,-0.0002551175508700969,0.005662942321964965
1983-11-01 00:00:00,235.27865600585938,,,,1983,11,,,
1983-11-01 06:00:00,,0.004808666679309681,-7.496093166992068e-05,0.00473370574763976,1983,11,0.005243911318767373,8.174583606316322e-05,0.00516216548270421
1983-12-01 00:00:00,242.1162872314453,,,,1983,12,,,
1983-12-01 06:00:00,,0.0011574268341064454,0.00020058190275449306,0.0013580087368609385,1983,12,0.0012621884777605729,-0.00021873708043019963,0.0014809255581907726
1984-01-01 00:00:00,245.0521697998047,,,,1984,1,,,
1984-01-01 06:00:00,,0.004370284080505371,0.00038556143790628993,0.004755845518411661,1984,1,0.004765849597061473,-0.00042045958332201735,0.00518630918038349
1984-02-01 00:00:00,238.1532745361328,,,,1984,2,,,
1984-02-01 06:00:00,,0.009166073799133301,0.0001862305391114205,0.009352304338244723,1984,2,0.009995718428716795,-0.00020308673839849564,0.010198805167115292
1984-03-01 00:00:00,228.06124877929688,,,,1984,3,,,
1984-03-01 06:00:00,,0.010257196426391602,0.00037179063074290755,0.01062898705713451,1984,3,0.011185601337395422,-0.0004054423454121129,0.011591043682807535
1984-04-01 00:00:00,220.67173767089844,,,,1984,4,,,
1984-04-01 06:00:00,,0.004750728607177734,0.00015873859615567198,0.004909467203333406,1984,4,0.005180729124512251,-0.00017310642983170334,0.005353835554343954
1984-05-01 00:00:00,224.2610626220703,,,,1984,5,,,
1984-05-01 06:00:00,,0.008012187480926514,0.0004252094688126817,0.008437396949739197,1984,5,0.008737390927946035,-0.0004636962582471992,0.009201087186193235
1984-06-01 00:00:00,215.80789184570312,,,,1984,6,,,
1984-06-01 06:00:00,,0.002993345260620117,0.0001331630429604047,0.003126508303580522,1984,6,0.003264280545932516,-0.00014521596833195715,0.003409496514264473
1984-07-01 00:00:00,224.76153564453125,,,,1984,7,,,
1984-07-01 06:00:00,,0.011793780326843261,0.0003893395070917904,0.012183119833935052,1984,7,0.012861265350974111,-0.00042457961514917163,0.013285844966123284
1984-08-01 00:00:00,219.4626922607422,,,,1984,8,,,
1984-08-01 06:00:00,,0.006016623973846435,0.00023542144044768064,0.006252045414294116,1984,8,0.006561203897324357,-0.00025673003320357757,0.006817933930527934
1984-09-01 00:00:00,221.28578186035156,,,,1984,9,,,
1984-09-01 06:00:00,,0.007724761962890625,0.00034615033655427396,0.008070912299444899,1984,9,0.00842394979595488,-0.00037748128304719076,0.00880143107900207
1984-10-01 00:00:00,223.34129333496094,,,,1984,10,,,
1984-10-01 06:00:00,,0.006605315208435059,9.710345766507089e-05,0.00670241866610013,1984,10,0.007203179071357752,-0.0001058925383479508,0.007309071609705703
1984-11-01 00:00:00,235.40237426757812,,,,1984,11,,,
1984-11-01 06:00:00,,0.0029740333557128906,0.0001864310761447996,0.00316046443185769,1984,11,0.0032432206714426287,-0.00020330542654830924,0.003446526097990938
1984-12-01 00:00:00,245.14486694335938,,,,1984,12,,,
1984-12-01 06:00:00,,0.004968953132629394,-8.457759395241738e-06,0.0049604953732341524,1984,12,0.005418705706247976,9.22329268837703e-06,0.005409482413559599
1985-01-01 00:00:00,243.26092529296875,,,,1985,1,,,
1985-01-01 06:00:00,,0.0007383584976196289,0.00037674056366086004,0.001115099061280489,1985,1,0.0008051892013300206,-0.0004108403093357252,0.0012160295106657458
1985-02-01 00:00:00,234.4395751953125,,,,1985,2,,,
1985-02-01 06:00:00,,0.00490264892578125,0.00027172436020919124,0.005174373285990442,1985,2,0.0053464001371660306,-0.0002963188224745815,0.005642718959640612
1985-03-01 00:00:00,225.76422119140625,,,,1985,3,,,
1985-03-01 06:00:00,,0.0070443391799926754,0.00032809139520395547,0.007372430575196631,1985,3,0.007681940218094521,-0.0003577877810293953,0.008039727999123916
1985-04-01 00:00:00,224.0205535888672,,,,1985,4,,,
1985-04-01 06:00:00,,0.006942629814147949,0.0003584134374250425,0.007301043251572992,1985,4,0.007571024879114448,-0.0003908543483370147,0.007961879227451462
1985-05-01 00:00:00,220.55776977539062,,,,1985,5,,,
1985-05-01 06:00:00,,0.008720612525939942,0.00026373739528935404,0.008984349921229295,1985,5,0.00950993732381673,-0.00028760893706581683,0.009797546260882545
1985-06-01 00:00:00,224.9750518798828,,,,1985,6,,,
1985-06-01 06:00:00,,0.01297760009765625,0.00034429505467414856,0.013321895152330399,1985,6,0.014152235657204198,-0.00037545807489002025,0.014527693732094218
1985-07-01 00:00:00,220.63735961914062,,,,1985,7,,,
1985-07-01 06:00:00,,0.004669618606567383,0.0003629140332122915,0.005032532639779674,1985,7,0.005092277651654724,-0.00039576230448450545,0.0054880399561392295
1985-08-01 00:00:00,220.67483520507812,,,,1985,8,,,
1985-08-01 06:00:00,,0.006006648592301644,0.0004016144637716934,0.006408263056073338,1985,8,0.006550325618649557,-0.00043796560934753913,0.006988291227997097
1985-09-01 00:00:00,218.09393310546875,,,,1985,9,,,
1985-09-01 06:00:00,,0.005465269088745117,0.0001886965474113822,0.005653965636156499,1985,9,0.005959944480638077,-0.0002057759513755531,0.00616572043201363
1985-10-01 00:00:00,226.63319396972656,,,,1985,10,,,
1985-10-01 06:00:00,,0.012133026123046875,0.00022745818714611232,0.012360484310192987,1985,10,0.013231217146179797,-0.0002480460056119,0.013479263151791697
1985-11-01 00:00:00,237.02842712402344,,,,1985,11,,,
1985-11-01 06:00:00,,0.008980035781860352,-1.9917759345844388e-05,0.008960118022514507,1985,11,0.009792841637797547,2.1720566353156364e-05,0.009771121071444391
1985-12-01 00:00:00,242.0225830078125,,,,1985,12,,,
1985-12-01 06:00:00,,0.0030532121658325196,-9.80876264179642e-05,0.0029551245394145555,1985,12,0.003329566156851166,0.00010696578671533718,0.003222600370135829
1986-01-01 00:00:00,247.72476196289062,,,,1986,1,,,
1986-01-01 06:00:00,,0.008580923080444336,0.0003252924419939518,0.008906215522438287,1986,1,0.009357604231673212,-0.0003547354874525101,0.009712339719125721
1986-02-01 00:00:00,238.9261016845703,,,,1986,2,,,
1986-02-01 06:00:00,,0.008615684509277344,0.0005351006984710693,0.009150785207748414,1986,2,0.00939551200575501,-0.0005835340223239578,0.009979046028078968
1986-03-01 00:00:00,226.67691040039062,,,,1986,3,,,
1986-03-01 06:00:00,,0.009219503402709961,0.0004323029212173424,0.009651806323927304,1986,3,0.010053984081472149,-0.00047143175705271795,0.010525415838524867
1986-04-01 00:00:00,225.22215270996094,,,,1986,4,,,
1986-04-01 06:00:00,,0.011220216751098633,0.00029638776322826743,0.0115166045143269,1986,4,0.012235787078624463,-0.00032321457276801243,0.012559001651392475
1986-05-01 00:00:00,217.72091674804688,,,,1986,5,,,
1986-05-01 06:00:00,,0.0029035449028015138,0.0002880412735976279,0.0031915861763991416,1986,5,0.0031663521295545406,-0.00031411262115335647,0.003480464750707897
1986-06-01 00:00:00,217.0679931640625,,,,1986,6,,,
1986-06-01 06:00:00,,0.0035533905029296875,0.0002919110411312431,0.0038453015440609306,1986,6,0.0038750169061392446,-0.00031833265117910917,0.004193349557318354
1986-07-01 00:00:00,219.5826416015625,,,,1986,7,,,
1986-07-01 06:00:00,,0.007453429698944092,0.0003319110284792259,0.007785340727423318,1986,7,0.008128058559371964,-0.00036195313901769453,0.008490011698389659
1986-08-01 00:00:00,219.00457763671875,,,,1986,8,,,
1986-08-01 06:00:00,,0.005637466907501221,0.000435036407179723,0.0060725033146809436,1986,8,0.006147728361506238,-0.0004744126577750523,0.006622141019281291
1986-09-01 00:00:00,216.8377227783203,,,,1986,9,,,
1986-09-01 06:00:00,,0.0033409595489501953,0.0002474524935678346,0.00358841204251803,1986,9,0.0036433582867504855,-0.00026985004751127,0.003913208334261755
1986-10-01 00:00:00,222.95867919921875,,,,1986,10,,,
1986-10-01 06:00:00,,0.00433037281036377,0.00020554401562549173,0.0045359168259892614,1986,10,0.00472232585644904,-0.0002241483267453563,0.0049464741831943965
1986-11-01 00:00:00,236.7506866455078,,,,1986,11,,,
1986-11-01 06:00:00,,0.008516550064086914,0.00012560993729948677,0.0086421600013864,1986,11,0.009287404650040255,-0.000136979211886027,0.009424383861926282
1986-12-01 00:00:00,245.08900451660156,,,,1986,12,,,
1986-12-01 06:00:00,,0.004270505905151367,2.490313199814409e-05,0.004295409037149511,1986,12,0.004657040245530389,-2.715717775152027e-05,0.004684197423281909
1987-01-01 00:00:00,245.9630584716797,,,,1987,1,,,
1987-01-01 06:00:00,,0.0013170719146728515,0.0001601421368377487,0.0014772140515106002,1987,1,0.001436283440210307,-0.00017463700854716325,0.00161092044875747
1987-02-01 00:00:00,236.86386108398438,,,,1987,2,,,
1987-02-01 06:00:00,,0.00971517562866211,1.768560614436865e-05,0.009732861234806479,1987,2,0.010594520860045921,-1.9286375293749888e-05,0.01061380723533967
1987-03-01 00:00:00,226.82302856445312,,,,1987,3,,,
1987-03-01 06:00:00,,0.007433474063873291,0.00039552920698042725,0.007829003270853719,1987,3,0.008106296689065748,-0.00043132956050210164,0.00853762624956785
1987-04-01 00:00:00,222.30490112304688,,,,1987,4,,,
1987-04-01 06:00:00,,0.006083250045776367,0.00029869566787965596,0.006381945713656023,1987,4,0.006633860464314468,-0.00032573137173353973,0.006959591836048007
1987-05-01 00:00:00,220.82127380371094,,,,1987,5,,,
1987-05-01 06:00:00,,0.006425714492797852,0.0002168226521462202,0.006642537144944072,1987,5,0.007007322238601801,-0.00023644782131539824,0.007243770059917199
1987-06-01 00:00:00,222.77273559570312,,,,1987,6,,,
1987-06-01 06:00:00,,0.005870819091796875,0.00036984687721997034,0.006240665969016845,1987,6,0.006402201844925708,-0.00040332265781894256,0.006805524502744651
1987-07-01 00:00:00,219.9330291748047,,,,1987,7,,,
1987-07-01 06:00:00,,0.00560753345489502,0.0003948838217183948,0.006002417276613415,1987,7,0.0061150855560469135,-0.00043062575978014696,0.006545711315827061
1987-08-01 00:00:00,213.21197509765625,,,,1987,8,,,
1987-08-01 06:00:00,,0.003292679786682129,9.687934652902186e-05,0.0033895591332111508,1987,8,0.0035907086005257673,-0.00010564814234353528,0.0036963567428693026
1987-09-01 00:00:00,219.4646759033203,,,,1987,9,,,
1987-09-01 06:00:00,,0.004441738128662109,0.0002576555125415325,0.004699393641203642,1987,9,0.004843771132674056,-0.00028097656765706925,0.005124747700331125
1987-10-01 00:00:00,224.18968200683594,,,,1987,10,,,
1987-10-01 06:00:00,,0.00536806583404541,0.00027684789674822243,0.005644913730793633,1987,10,0.0058539431123723114,-0.00030190610332412476,0.006155849215696437
1987-11-01 00:00:00,232.75135803222656,,,,1987,11,,,
1987-11-01 06:00:00,,0.001718759536743164,0.00023162970319390297,0.001950389239937067,1987,11,0.0018743288295999608,-0.0002525950961765572,0.002126923925776518
1987-12-01 00:00:00,243.09559631347656,,,,1987,12,,,
1987-12-01 06:00:00,,0.0011274933815002442,0.0001464273955207318,0.001273920777020976,1987,12,0.0012295456723012477,-0.0001596809111458362,0.001389226583447084
1988-01-01 00:00:00,245.00222778320312,,,,1988,1,,,
1988-01-01 06:00:00,,0.004929041862487793,0.0003664801712147892,0.005295522033702583,1988,1,0.0053751819656355435,-0.0003996512226987886,0.005774833188334332
1988-02-01 00:00:00,233.60166931152344,,,,1988,2,,,
1988-02-01 06:00:00,,0.005488443374633789,0.00014409499160592532,0.005632538366239714,1988,2,0.005985216330025942,-0.00015713739542630895,0.006142353725452251
1988-03-01 00:00:00,229.69586181640625,,,,1988,3,,,
1988-03-01 06:00:00,,0.009139680862426757,0.0004975241337888292,0.009637204996215587,1988,3,0.009966936600247282,-0.0005425563072942521,0.010509492907541534
1988-04-01 00:00:00,223.22792053222656,,,,1988,4,,,
1988-04-01 06:00:00,,0.0061991214752197266,0.00026739161694422364,0.00646651309216395,1988,4,0.006760219711253791,-0.00029159391160765935,0.0070518136228614504
1988-05-01 00:00:00,220.04684448242188,,,,1988,5,,,
1988-05-01 06:00:00,,0.005996668338775634,0.00020949032041244208,0.006206158659188076,1988,5,0.00653944202701814,-0.00022845182160571655,0.006767893848623856
1988-06-01 00:00:00,222.99583435058594,,,,1988,6,,,
1988-06-01 06:00:00,,0.00673985481262207,0.0004800935257662786,0.007219948338388349,1988,6,0.007349896196970632,-0.0005235480106502493,0.007873444207620883
1988-07-01 00:00:00,217.43624877929688,,,,1988,7,,,
1988-07-01 06:00:00,,0.005707311630249024,0.00019533721497282385,0.005902648845221847,1988,7,0.006223894907577997,-0.00021301768263121465,0.006436912590209212
1988-08-01 00:00:00,220.40045166015625,,,,1988,8,,,
1988-08-01 06:00:00,,0.011793780326843261,0.000251014216337353,0.012044794543180614,1988,8,0.012861265350974111,-0.00027373415085861833,0.01313499950183273
1988-09-01 00:00:00,220.96279907226562,,,,1988,9,,,
1988-09-01 06:00:00,,0.008053064346313477,0.00020967985619790852,0.008262744202511385,1988,9,0.008781967662282963,-0.00022865851275671593,0.009010626175039678
1988-10-01 00:00:00,226.56692504882812,,,,1988,10,,,
1988-10-01 06:00:00,,0.007223939895629883,0.00019686945306602867,0.007420809348695912,1988,10,0.007877797050850472,-0.00021468860748749037,0.008092485658337962
1988-11-01 00:00:00,235.50567626953125,,,,1988,11,,,
1988-11-01 06:00:00,,0.004209995269775391,0.00013413900160230696,0.004344134271377698,1988,11,0.00459105263879541,-0.00014628026347034565,0.004737332902265755
1988-12-01 00:00:00,243.95176696777344,,,,1988,12,,,
1988-12-01 06:00:00,,0.0032328128814697265,0.00012363626738078892,0.0033564491488505153,1988,12,0.003525422989607117,-0.00013482690008810133,0.003660249889695218
1989-01-01 00:00:00,242.7706298828125,,,,1989,1,,,
1989-01-01 06:00:00,,0.0028935670852661133,-5.532134673558176e-06,0.002888034950592555,1989,1,0.003155471194401432,6.032862239430944e-06,0.003149438332162001
1989-02-01 00:00:00,235.12271118164062,,,,1989,2,,,
1989-02-01 06:00:00,,0.005731773376464844,0.0003038874710910022,0.006035660847555846,1989,2,0.00625057074859852,-0.0003313930982453677,0.006581963846843888
1989-03-01 00:00:00,225.58355712890625,,,,1989,3,,,
1989-03-01 06:00:00,,0.005268287658691406,0.0003612601478380384,0.005629547806529444,1989,3,0.005745133760841228,-0.0003939587217426809,0.006139092482583908
1989-04-01 00:00:00,220.02342224121094,,,,1989,4,,,
1989-04-01 06:00:00,,0.004055500030517578,0.0002323322114534676,0.004287832241971046,1989,4,0.004422573642876312,-0.00025336119024369424,0.004675934833120006
1989-05-01 00:00:00,218.72708129882812,,,,1989,5,,,
1989-05-01 06:00:00,,0.005128598213195801,0.0002356552955461666,0.005364253508741968,1989,5,0.005592800668697711,-0.00025698505512122854,0.005849785723818939
1989-06-01 00:00:00,218.1787872314453,,,,1989,6,,,
1989-06-01 06:00:00,,0.005349397659301758,0.00022915692716196645,0.005578554586463724,1989,6,0.005833585233698754,-0.00024989850290290777,0.006083483736601662
1989-07-01 00:00:00,219.56736755371094,,,,1989,7,,,
1989-07-01 06:00:00,,0.00612637996673584,0.0002839975291863084,0.006410377495922149,1989,7,0.0066808941840085494,-0.00030970286716064166,0.006990597051169192
1989-08-01 00:00:00,220.38323974609375,,,,1989,8,,,
1989-08-01 06:00:00,,0.010795998573303222,0.0003632670996012166,0.011159265672904439,1989,8,0.011773171835663274,-0.0003961473278093965,0.012169319163472669
1989-09-01 00:00:00,221.94105529785156,,,,1989,9,,,
1989-09-01 06:00:00,,0.005320429801940918,0.0004175845824647695,0.0057380143844056875,1989,9,0.005801995421963924,-0.0004553812240619078,0.006257376646025831
1989-10-01 00:00:00,224.2353515625,,,,1989,10,,,
1989-10-01 06:00:00,,0.005467844009399414,0.00022466897789854556,0.00569251298729796,1989,10,0.005962752463903396,-0.00024500433794825033,0.006207756801851646
1989-11-01 00:00:00,236.85418701171875,,,,1989,11,,,
1989-11-01 06:00:00,,0.004113435745239258,7.597461808472872e-05,0.0041894103633239865,1989,11,0.004485753266345973,-8.285127381104549e-05,0.0045686045401570185
1989-12-01 00:00:00,245.95956420898438,,,,1989,12,,,
1989-12-01 06:00:00,,0.0007782697677612305,0.0004947594366967678,0.0012730292044579984,1989,12,0.0008487129419424542,-0.0005395413704435854,0.0013882543123860398
1990-01-01 00:00:00,245.7696075439453,,,,1990,1,,,
1990-01-01 06:00:00,,0.006046557426452636,0.0002715738248298294,0.006318131251282466,1990,1,0.0065938467027836815,-0.0002961546617555391,0.006890001364539221
1990-02-01 00:00:00,234.30223083496094,,,,1990,2,,,
1990-02-01 06:00:00,,0.004289817810058594,0.00023855325998738407,0.0045283710700459775,1990,2,0.004678100120020276,-0.0002601453216874417,0.004938245441707718
1990-03-01 00:00:00,224.7902069091797,,,,1990,3,,,
1990-03-01 06:00:00,,0.006166291236877441,0.00029357082003116374,0.006459862056908605,1990,3,0.006724417924620982,-0.0003201426608845842,0.007044560585505567
1990-04-01 00:00:00,220.939697265625,,,,1990,4,,,
1990-04-01 06:00:00,,0.003302335739135742,0.00034683634294196963,0.003649172082077712,1990,4,0.003601238537770711,-0.00037822938161610645,0.003979467919386817
1990-05-01 00:00:00,218.99728393554688,,,,1990,5,,,
1990-05-01 06:00:00,,0.005407977104187012,0.00017179580172523856,0.005579772905912251,1990,5,0.005897466852984746,-0.00018734547625434957,0.006084812329239095
1990-06-01 00:00:00,222.67063903808594,,,,1990,6,,,
1990-06-01 06:00:00,,0.0063343048095703125,0.00036322034429758787,0.0066975251538679,1990,6,0.006907638832683001,-0.00039609634056443605,0.007303735173247438
1990-07-01 00:00:00,221.11538696289062,,,,1990,7,,,
1990-07-01 06:00:00,,0.003971171379089355,0.0004286489353034995,0.004399820314392855,1990,7,0.004330612190937138,-0.00046744703958942143,0.004798059230526559
1990-08-01 00:00:00,218.04847717285156,,,,1990,8,,,
1990-08-01 06:00:00,,0.004948997497558593,0.000251835145172663,0.005200832642731256,1990,8,0.005396943835941759,-0.0002746293840487056,0.005671573219990464
1990-09-01 00:00:00,219.96026611328125,,,,1990,9,,,
1990-09-01 06:00:00,,0.00941455364227295,0.0003134695580229163,0.009728023200295866,1990,9,0.01026668881382001,-0.0003418424842125587,0.010608531298032568
1990-10-01 00:00:00,228.1499481201172,,,,1990,10,,,
1990-10-01 06:00:00,,0.004929041862487793,0.00031175320618785917,0.005240795068675652,1990,10,0.0053751819656355435,-0.00033997078101184204,0.005715152746647385
1990-11-01 00:00:00,239.2278289794922,,,,1990,11,,,
1990-11-01 06:00:00,,0.00735783576965332,4.985215491615236e-05,0.007407687924569473,1990,11,0.008023812180647023,-5.43644001266656e-05,0.008078176580773689
1990-12-01 00:00:00,247.0087432861328,,,,1990,12,,,
1990-12-01 06:00:00,,0.003731703758239746,-6.69215340167284e-05,0.0036647822242230174,1990,12,0.004069469747262537,7.297877210112147e-05,0.003996490975161414
1991-01-01 00:00:00,244.19664001464844,,,,1991,1,,,
1991-01-01 06:00:00,,0.001915740966796875,0.0003120016772300005,0.0022277426440268757,1991,1,0.00208913954939681,-0.0003402417417993462,0.0024293812911961566
1991-02-01 00:00:00,237.37379455566406,,,,1991,2,,,
1991-02-01 06:00:00,,0.004668331146240235,0.0005350654944777488,0.005203396640717984,1991,2,0.005090873660022066,-0.0005834956319277523,0.005674369291949819
1991-03-01 00:00:00,225.3548583984375,,,,1991,3,,,
1991-03-01 06:00:00,,0.007643008232116699,0.0003097459499258548,0.007952754182042554,1991,3,0.008334796327281024,-0.00033778184288533786,0.008672578170166362
1991-04-01 00:00:00,221.4515380859375,,,,1991,4,,,
1991-04-01 06:00:00,,0.007773041725158691,0.00026435527252033353,0.008037396997679025,1991,4,0.008476599482179598,-0.00028828273993493293,0.00876488222211453
1991-05-01 00:00:00,221.4044189453125,,,,1991,5,,,
1991-05-01 06:00:00,,0.0058170676231384276,0.0003823797296718112,0.006199447352810239,1991,5,0.006343585194262189,-0.0004169898905908519,0.006760575084853041
1991-06-01 00:00:00,220.2280731201172,,,,1991,6,,,
1991-06-01 06:00:00,,0.002809882164001465,0.00036406414983503055,0.0031739463138364954,1991,6,0.0030642117382785874,-0.0003970165210850933,0.003461228259363681
1991-07-01 00:00:00,222.4325714111328,,,,1991,7,,,
1991-07-01 06:00:00,,0.003701770305633545,0.0004899725629002206,0.004191742868533766,1991,7,0.004036826941803211,-0.0005343212245367727,0.004571148166339984
1991-08-01 00:00:00,220.32286071777344,,,,1991,8,,,
1991-08-01 06:00:00,,0.0038215041160583494,0.0003591501232222072,0.004180654239280557,1991,8,0.004167398163640512,-0.00039165771343752147,0.004559055877078034
1991-09-01 00:00:00,224.3896942138672,,,,1991,9,,,
1991-09-01 06:00:00,,0.011934757232666016,0.00034841816523112357,0.01228317539789714,1991,9,0.013015002434750289,-0.00037995437865989484,0.013394956813410184
1991-10-01 00:00:00,226.5234832763672,,,,1991,10,,,
1991-10-01 06:00:00,,0.009379148483276367,0.0003095340187428519,0.009688682502019218,1991,10,0.010228079043921883,-0.0003375507292724666,0.010565629773194349
1991-11-01 00:00:00,236.09547424316406,,,,1991,11,,,
1991-11-01 06:00:00,,0.0061604976654052734,9.456044062972069e-05,0.006255058106034994,1991,11,0.0067180999622740165,-0.00010311934637919376,0.0068212193086532105
1991-12-01 00:00:00,245.70018005371094,,,,1991,12,,,
1991-12-01 06:00:00,,0.0004390239715576172,0.00020177797414362432,0.0006408019457012416,1991,12,0.000478761146736769,-0.00022004141127985203,0.0006988025580166211
1992-01-01 00:00:00,243.74757385253906,,,,1992,1,,,
1992-01-01 06:00:00,,0.003172945976257324,0.0001636985308778094,0.0033366445071351335,1992,1,0.0034601373786884667,-0.0001785153008482109,0.0036386526795366774
1992-02-01 00:00:00,232.81134033203125,,,,1992,2,,,
1992-02-01 06:00:00,,0.0014374494552612306,0.00036344588461361126,0.0018008953398748419,1992,2,0.0015675566578639373,-0.0003963422951075368,0.0019638989529714742
1992-03-01 00:00:00,223.13294982910156,,,,1992,3,,,
1992-03-01 06:00:00,,0.002115297317504883,0.00032325351785402747,0.0024385508353589103,1992,3,0.002306758252458978,-0.0003525120151079907,0.0026592702675669686
1992-04-01 00:00:00,225.88658142089844,,,,1992,4,,,
1992-04-01 06:00:00,,0.014928102493286133,0.00045071091153658926,0.015378813404822722,1992,4,0.016279282980682805,-0.000491505901348516,0.01677078888203132
1992-05-01 00:00:00,221.0590362548828,,,,1992,5,,,
1992-05-01 06:00:00,,0.004280483722686768,0.0001853106776252389,0.004465794400312007,1992,5,0.004667921180683498,-0.00020208361791192902,0.0048700047985954275
1992-06-01 00:00:00,222.42721557617188,,,,1992,6,,,
1992-06-01 06:00:00,,0.009260058403015137,0.0003410701174288988,0.009601128520444036,1992,6,0.010098209817900912,-0.0003719412403804785,0.01047015105828139
1992-07-01 00:00:00,217.8144989013672,,,,1992,7,,,
1992-07-01 06:00:00,,0.005677378177642823,0.00017665805801243551,0.005854036235655258,1992,7,0.006191252102118672,-0.0001926478277125796,0.006383899929831252
1992-08-01 00:00:00,217.6899871826172,,,,1992,8,,,
1992-08-01 06:00:00,,0.004988908767700195,0.0002415991126326844,0.00523050788033288,1992,8,0.005440467576554193,-0.00026346686219485757,0.005703934438749051
1992-09-01 00:00:00,220.61727905273438,,,,1992,9,,,
1992-09-01 06:00:00,,0.008082032203674316,0.0003364803869772004,0.008418512590651517,1992,9,0.008813557474017793,-0.0003669360817635773,0.00918049355578137
1992-10-01 00:00:00,230.21778869628906,,,,1992,10,,,
1992-10-01 06:00:00,,0.014727258682250976,0.0004160014243097976,0.015143260106560774,1992,10,0.016060260285987976,-0.00045365477023969196,0.01651391505622767
1992-11-01 00:00:00,236.22479248046875,,,,1992,11,,,
1992-11-01 06:00:00,,0.0037658214569091797,0.0003620652132667601,0.00412788667017594,1992,11,0.004106675525528004,-0.0003948366556889423,0.004501512181216946
1992-12-01 00:00:00,243.09181213378906,,,,1992,12,,,
1992-12-01 06:00:00,,0.003043234348297119,-0.00016346684533345978,0.0028797675029636595,1992,12,0.003318685221698058,0.00017826264485655373,0.003140422576841504
1993-01-01 00:00:00,245.44384765625,,,,1993,1,,,
1993-01-01 06:00:00,,0.00842127799987793,-0.00039809932932257654,0.008023178670555353,1993,1,0.009183509269223478,0.0004341323111478479,0.00874937695807563
1993-02-01 00:00:00,235.1862030029297,,,,1993,2,,,
1993-02-01 06:00:00,,0.007993841171264648,0.000253116711974144,0.008246957883238792,1993,2,0.008717384047180641,-0.00027602694871771427,0.008993410995898355
1993-03-01 00:00:00,226.68865966796875,,,,1993,3,,,
1993-03-01 06:00:00,,0.007203984260559082,0.0004702681393609964,0.007674252399920078,1993,3,0.007856035180544256,-0.0005128333035561574,0.008368868484100412
1993-04-01 00:00:00,222.39584350585938,,,,1993,4,,,
1993-04-01 06:00:00,,0.006971597671508789,0.00030851413430355024,0.007280111805812339,1993,4,0.0076026146908492786,-0.0003364385325011453,0.007939053223350425
1993-05-01 00:00:00,223.5590362548828,,,,1993,5,,,
1993-05-01 06:00:00,,0.009568727016448975,0.0003853834583424032,0.009954110474791378,1993,5,0.010434816811830942,-0.000420265494375576,0.010855082306206519
1993-06-01 00:00:00,218.82997131347656,,,,1993,6,,,
1993-06-01 06:00:00,,0.004731416702270508,0.00024597925948910415,0.004977395961759612,1993,6,0.0051596692500223635,-0.0002682434672727417,0.005427912717295105
1993-07-01 00:00:00,220.4324188232422,,,,1993,7,,,
1993-07-01 06:00:00,,0.009518837928771973,0.00014443230969618526,0.009663270238468158,1993,7,0.0103804121360654,-0.0001575052450340079,0.010537917381099408
1993-08-01 00:00:00,214.88027954101562,,,,1993,8,,,
1993-08-01 06:00:00,,0.005028820037841797,0.00016359869332518428,0.005192418731166982,1993,8,0.005483991317166627,-0.000178406426745021,0.005662397743911648
1993-09-01 00:00:00,218.3028106689453,,,,1993,9,,,
1993-09-01 06:00:00,,0.005243182182312012,0.00018356446526013315,0.005426746647572145,1993,9,0.0057177559240043745,-0.00020017935142871662,0.005917935275433091
1993-10-01 00:00:00,226.22483825683594,,,,1993,10,,,
1993-10-01 06:00:00,,0.008730590343475342,0.00043598872725851833,0.00916657907073386,1993,10,0.009520818258969837,-0.000475451174763924,0.009996269433733763
1993-11-01 00:00:00,236.4329071044922,,,,1993,11,,,
1993-11-01 06:00:00,,0.0030705928802490234,-8.47488990984857e-06,0.003062117990339175,1993,11,0.0033485200438920647,9.241973729387754e-06,0.003339278070162677
1993-12-01 00:00:00,244.55191040039062,,,,1993,12,,,
1993-12-01 06:00:00,,0.003851437568664551,5.105836316943169e-06,0.003856543404981494,1993,12,0.004200040969099837,-5.567978535379682e-06,0.004205608947635217
1994-01-01 00:00:00,244.13658142089844,,,,1994,1,,,
1994-01-01 06:00:00,,0.0035121917724609377,0.0001833034213632345,0.003695495193824172,1994,1,0.003830089173894152,-0.00019989467978542475,0.004029983853679577
1994-02-01 00:00:00,232.360107421875,,,,1994,2,,,
1994-02-01 06:00:00,,0.0024152755737304687,0.0003347833757288754,0.002750058949459344,1994,2,0.002633888302868559,-0.0003650854697152403,0.0029989737725837993
1994-03-01 00:00:00,224.1901092529297,,,,1994,3,,,
1994-03-01 06:00:00,,0.007563185691833496,0.0002236703739981749,0.007786856065831671,1994,3,0.008247748846056157,-0.00024391534787151026,0.008491664193927667
1994-04-01 00:00:00,219.4915771484375,,,,1994,4,,,
1994-04-01 06:00:00,,0.0032057762145996094,0.0001600139551101165,0.003365790169709726,1994,4,0.003495939165321275,-0.00017449722476566685,0.003670436390086942
1994-05-01 00:00:00,220.64808654785156,,,,1994,5,,,
1994-05-01 06:00:00,,0.009369170665740967,0.00035545502996683356,0.009724625695707801,1994,5,0.010217198108768775,-0.00038762816790276287,0.010604826276671538
1994-06-01 00:00:00,222.89364624023438,,,,1994,6,,,
1994-06-01 06:00:00,,0.004576921463012695,0.0004232376522850245,0.00500015911529772,1994,6,0.004991190254103267,-0.0004615459675954466,0.005452736221698713
1994-07-01 00:00:00,216.85946655273438,,,,1994,7,,,
1994-07-01 06:00:00,,0.0013669610023498535,0.0002686727122636512,0.0016356337146135047,1994,7,0.001490688115975849,-0.000292990962119576,0.001783679078095425
1994-08-01 00:00:00,218.0580596923828,,,,1994,8,,,
1994-08-01 06:00:00,,0.006246113777160644,0.0002759683518888778,0.006522082129049522,1994,8,0.006811465405845849,-0.00030094694862473043,0.00711241235447058
1994-09-01 00:00:00,219.7503662109375,,,,1994,9,,,
1994-09-01 06:00:00,,0.00679779052734375,0.0004211419145576656,0.007218932441901416,1994,9,0.007413075820440294,-0.00045926053932133647,0.00787233635976163
1994-10-01 00:00:00,225.35789489746094,,,,1994,10,,,
1994-10-01 06:00:00,,0.004120838642120361,0.00032101240649353715,0.004441851048613899,1994,10,0.004493826218233763,-0.00035006805506383547,0.0048438942732975995
1994-11-01 00:00:00,237.5691680908203,,,,1994,11,,,
1994-11-01 06:00:00,,0.008246183395385742,-9.686363046057522e-05,0.008149319764925167,1994,11,0.008992566407181834,0.00010563100377380067,0.008886935403408033
1994-12-01 00:00:00,243.48068237304688,,,,1994,12,,,
1994-12-01 06:00:00,,0.0008880254561518086,0.00019285250455141066,0.0010808779607032193,1994,12,0.0009684028965668577,-0.00021030807475617302,0.0011787109713230308
1995-01-01 00:00:00,241.3797607421875,,,,1995,1,,,
1995-01-01 06:00:00,,0.002095341682434082,5.776220932602882e-05,0.002153103891760111,1995,1,0.002284996382152761,-6.299041365979151e-05,0.002347986795812553
1995-02-01 00:00:00,235.80650329589844,,,,1995,2,,,
1995-02-01 06:00:00,,0.007714462280273437,0.00040347282993025146,0.00811793511020369,1995,2,0.008412717862893606,-0.0004399921809490201,0.008852710043842627
1995-03-01 00:00:00,226.32723999023438,,,,1995,3,,,
1995-03-01 06:00:00,,0.0057871341705322266,0.00045084126650181134,0.006237975437034038,1995,3,0.006310942388802864,-0.0004916480550728586,0.0068025904438757225
1995-04-01 00:00:00,220.20555114746094,,,,1995,4,,,
1995-04-01 06:00:00,,0.007782697677612305,0.00027898536063730717,0.008061683038249612,1995,4,0.008487129419424541,-0.0003042370345008802,0.008791366453925422
1995-05-01 00:00:00,220.9122772216797,,,,1995,5,,,
1995-05-01 06:00:00,,0.00845121145248413,0.00037541294877883045,0.00882662440126296,1995,5,0.009216152074682802,-0.00040939252865739413,0.009625544603340195
1995-06-01 00:00:00,219.2025909423828,,,,1995,6,,,
1995-06-01 06:00:00,,0.005658388137817383,0.00025526053104840685,0.00591364866886579,1995,6,0.006170543225536949,-0.00027836481030360613,0.006448908035840555
1995-07-01 00:00:00,221.921142578125,,,,1995,7,,,
1995-07-01 06:00:00,,0.0047693967819213865,0.0005038601453634328,0.00527325692728482,1995,7,0.0052010870031858085,-0.0005494658073756083,0.005750552810561417
1995-08-01 00:00:00,216.99244689941406,,,,1995,8,,,
1995-08-01 06:00:00,,0.003502213954925537,0.00024046150501817466,0.003742675459943712,1995,8,0.0038192082387410436,-0.00026222628682461794,0.004081434525565661
1995-09-01 00:00:00,213.09449768066406,,,,1995,9,,,
1995-09-01 06:00:00,,0.003572702407836914,0.00016461560153402388,0.003737318009370938,1995,9,0.0038960767806291317,-0.00017951537789969888,0.004075592158528831
1995-10-01 00:00:00,226.8643035888672,,,,1995,10,,,
1995-10-01 06:00:00,,0.01121506690979004,0.00045551578023150796,0.011670582690021547,1995,10,0.012230171112093827,-0.000496745670917675,0.0127269167830115
1995-11-01 00:00:00,236.53811645507812,,,,1995,11,,,
1995-11-01 06:00:00,,0.0008014440536499023,0.0002170090447179973,0.0010184530983678997,1995,11,0.0008739847913303187,-0.0002366510847524507,0.0011106358760827695
1995-12-01 00:00:00,245.22247314453125,,,,1995,12,,,
1995-12-01 06:00:00,,0.0038115262985229494,-2.8179577429909842e-05,0.0037833467210930394,1995,12,0.004156517228487404,3.07301825844164e-05,0.004125787045902987
1996-01-01 00:00:00,243.9656982421875,,,,1996,1,,,
1996-01-01 06:00:00,,0.0037915706634521484,-0.0001834976916143205,0.003608072971837828,1996,1,0.0041347553581811865,0.0002001065339305567,0.00393464882425063
1996-02-01 00:00:00,237.9080352783203,,,,1996,2,,,
1996-02-01 06:00:00,,0.007131242752075195,0.00023278931330423803,0.007364032065379433,1996,2,0.007776709653299013,-0.00025385966554442534,0.008030569318843437
1996-03-01 00:00:00,224.53004455566406,,,,1996,3,,,
1996-03-01 06:00:00,,0.006166291236877441,0.000303088387590833,0.006469379624468274,1996,3,0.006724417924620982,-0.00033052168766721155,0.007054939612288194
1996-04-01 00:00:00,223.10525512695312,,,,1996,4,,,
1996-04-01 06:00:00,,0.010573267936706543,0.0002496261731721461,0.010822894109878689,1996,4,0.011530281283213241,-0.0002722204723796577,0.011802501755592899
1996-05-01 00:00:00,216.627685546875,,,,1996,5,,,
1996-05-01 06:00:00,,0.005527710914611817,0.00013929726052310797,0.005667008175134925,1996,5,0.0060280380748220464,-0.00015190540951265862,0.006179943484334705
1996-06-01 00:00:00,218.36477661132812,,,,1996,6,,,
1996-06-01 06:00:00,,0.006981253623962402,0.0002026288420893252,0.0071838824660517275,1996,6,0.007613144628094222,-0.00022096929344528373,0.007834113921539506
1996-07-01 00:00:00,221.8037872314453,,,,1996,7,,,
1996-07-01 06:00:00,,0.00662527084350586,0.000599378077640722,0.007224648921146582,1996,7,0.007224940941663969,-0.0006536293104042769,0.007878570252068246
1996-08-01 00:00:00,223.52874755859375,,,,1996,8,,,
1996-08-01 06:00:00,,0.007583141326904297,0.000446448870934546,0.008029590197838842,1996,8,0.008269510716362373,-0.00048685809262218754,0.00875636880898456
1996-09-01 00:00:00,218.2441864013672,,,,1996,9,,,
1996-09-01 06:00:00,,0.003437519073486328,0.000268768344540149,0.003706287418026477,1996,9,0.0037486576591999215,-0.0002930952503164111,0.004041752909516333
1996-10-01 00:00:00,223.74818420410156,,,,1996,10,,,
1996-10-01 06:00:00,,0.008730590343475342,0.0002688822074560449,0.008999472550931387,1996,10,0.009520818258969837,-0.00029321941925413835,0.009814037678223976
1996-11-01 00:00:00,238.763427734375,,,,1996,11,,,
1996-11-01 06:00:00,,0.006836414337158203,5.9979589423164725e-05,0.006896393926581368,1996,11,0.007455195569420069,-6.540849446364746e-05,0.007520604063883716
1996-12-01 00:00:00,246.88902282714844,,,,1996,12,,,
1996-12-01 06:00:00,,0.0017361402511596679,0.00034306542947888375,0.002079205680638552,1996,12,0.001893282716640859,-0.00037411715319398444,0.0022673998698348437
1997-01-01 00:00:00,244.70733642578125,,,,1997,1,,,
1997-01-01 06:00:00,,0.004270505905151367,0.00017075319774448872,0.004441259102895855,1997,1,0.004657040245530389,-0.00018620850353815563,0.004843248749068545
1997-02-01 00:00:00,232.8938751220703,,,,1997,2,,,
1997-02-01 06:00:00,,0.0023972511291503905,0.00037214141339063643,0.0027693925425410267,1997,2,0.0026142324200113306,-0.0004058248782885893,0.00302005729829992
1997-03-01 00:00:00,223.95787048339844,,,,1997,3,,,
1997-03-01 06:00:00,,0.0034124135971069338,0.00041636682290118187,0.0038287804200081155,1997,3,0.0037212798223630683,-0.00045405324198602166,0.00417533306434909
1997-04-01 00:00:00,221.17312622070312,,,,1997,4,,,
1997-04-01 06:00:00,,0.010824322700500488,0.0003109589160885662,0.011135281616589054,1997,4,0.011804059651581775,-0.0003391045976974549,0.01214316424927923
1997-05-01 00:00:00,219.7855224609375,,,,1997,5,,,
1997-05-01 06:00:00,,0.007513296604156494,0.0002591114491224289,0.007772408053278923,1997,5,0.008193344170290615,-0.0002825642847572834,0.008475908455047898
1997-06-01 00:00:00,220.83168029785156,,,,1997,6,,,
1997-06-01 06:00:00,,0.0065081119537353516,0.00044454377893998753,0.006952655732675339,1997,6,0.007097177703091986,-0.00048478056591056437,0.00758195826900255
1997-07-01 00:00:00,212.2242889404297,,,,1997,7,,,
1997-07-01 06:00:00,,0.004639685153961182,0.00012083247073633175,0.004760517624697513,1997,7,0.0050596348461954,-0.00013176932468520364,0.005191404170880603
1997-08-01 00:00:00,218.17147827148438,,,,1997,8,,,
1997-08-01 06:00:00,,0.006176269054412842,0.0002490897837560624,0.006425358838168905,1997,8,0.006735298859774091,-0.0002716355329946155,0.007006934392768708
1997-09-01 00:00:00,217.66702270507812,,,,1997,9,,,
1997-09-01 06:00:00,,0.006662607192993164,0.000221811089431867,0.006884418282425031,1997,9,0.007265656699011084,-0.0002418877747348604,0.007507544473745944
1997-10-01 00:00:00,221.6425018310547,,,,1997,10,,,
1997-10-01 06:00:00,,0.003242790699005127,0.0001886309328256175,0.0034314216318307444,1997,10,0.0035363039247602256,-0.00020570439784691112,0.0037420083226071365
1997-11-01 00:00:00,239.4342041015625,,,,1997,11,,,
1997-11-01 06:00:00,,0.002742290496826172,0.00031623715767636895,0.003058527654502541,1997,11,0.002990502177563982,-0.00034486058634282325,0.0033353627639068056
1997-12-01 00:00:00,245.31739807128906,,,,1997,12,,,
1997-12-01 06:00:00,,0.0011374711990356444,0.0003093513194471598,0.0014468225184828042,1997,12,0.001240426607454356,-0.00033735149339930183,0.0015777781008536576
1998-01-01 00:00:00,246.26339721679688,,,,1998,1,,,
1998-01-01 06:00:00,,0.0069445610046386715,-9.338613599538804e-05,0.006851174868643284,1998,1,0.007573130866563436,0.0001018387524486238,0.007471292114114813
1998-02-01 00:00:00,236.3760223388672,,,,1998,2,,,
1998-02-01 06:00:00,,0.00614633560180664,0.0001652827486395836,0.006311618350446224,1998,2,0.006702656054314766,-0.000180242910184933,0.006882898964499698
1998-03-01 00:00:00,226.0899658203125,,,,1998,3,,,
1998-03-01 06:00:00,,0.00892016887664795,0.0002971981622977182,0.009217367038945668,1998,3,0.009727556026878898,-0.00032409832311637755,0.010051654349995276
1998-04-01 00:00:00,216.6930694580078,,,,1998,4,,,
1998-04-01 06:00:00,,0.004132747650146484,0.00019924109619751107,0.0043319887463439954,1998,4,0.0045068131408358605,-0.00021727491406489755,0.004724088054900758
1998-05-01 00:00:00,219.996826171875,,,,1998,5,,,
1998-05-01 06:00:00,,0.010317063331604004,0.00031606734555680307,0.010633130677160808,1998,5,0.011250886948314071,-0.00034467540409684086,0.011595562352410913
1998-06-01 00:00:00,220.8729248046875,,,,1998,6,,,
1998-06-01 06:00:00,,0.007840633392333984,0.00021748995641246438,0.008058123348746449,1998,6,0.008550309042894203,-0.00023717552498632975,0.008787484567880532
1998-07-01 00:00:00,219.3767852783203,,,,1998,7,,,
1998-07-01 06:00:00,,0.005028820037841797,0.0002172221546061337,0.005246042192447931,1998,7,0.005483991317166627,-0.00023688348375805202,0.005720874800924679
1998-08-01 00:00:00,215.2970428466797,,,,1998,8,,,
1998-08-01 06:00:00,,0.003113079071044922,0.00021127346553839743,0.0033243525365833195,1998,8,0.003394851767769817,-0.00023039636372780526,0.003625248131497622
1998-09-01 00:00:00,215.9654998779297,,,,1998,9,,,
1998-09-01 06:00:00,,0.004712104797363281,0.00019061105922446586,0.004902715856587747,1998,9,0.005138609375532476,-0.00020786375051741097,0.0053464731260498876
1998-10-01 00:00:00,221.99176025390625,,,,1998,10,,,
1998-10-01 06:00:00,,0.004370284080505371,0.00020054779888596387,0.004570831879391335,1998,10,0.004765849597061473,-0.00021869988973387554,0.004984549486795348
1998-11-01 00:00:00,237.4276580810547,,,,1998,11,,,
1998-11-01 06:00:00,,0.005436301231384277,7.803263724781573e-05,0.005514333868632093,1998,11,0.005928354668903246,-8.50955695177925e-05,0.006013450238421039
1998-12-01 00:00:00,245.38888549804688,,,,1998,12,,,
1998-12-01 06:00:00,,0.002274942398071289,-3.8430187851190566e-05,0.0022365122102200982,1998,12,0.002480853214908712,4.190860180064402e-05,0.0024389446131080675
1999-01-01 00:00:00,247.64370727539062,,,,1999,1,,,
1999-01-01 06:00:00,,0.009848105907440185,-0.00023311455734074116,0.009614991350099444,1999,1,0.010739482996117976,0.00025421434824508306,0.010485268647872893
1999-02-01 00:00:00,234.6939697265625,,,,1999,2,,,
1999-02-01 06:00:00,,0.006200408935546875,0.0004046170972287655,0.006605026032775641,1999,2,0.00676162370288645,-0.0004412400187881848,0.007202863721674635
1999-03-01 00:00:00,224.50433349609375,,,,1999,3,,,
1999-03-01 06:00:00,,0.008361411094665528,0.00023049084320518886,0.008591901937870718,1999,3,0.009118223658304829,-0.00025135315507654184,0.00936957681338137
1999-04-01 00:00:00,220.80380249023438,,,,1999,4,,,
1999-04-01 06:00:00,,0.005793571472167969,0.00024168405798263848,0.006035255530150607,1999,4,0.00631796234696616,-0.00026355949616427315,0.0065815218431304326
1999-05-01 00:00:00,221.26988220214844,,,,1999,5,,,
1999-05-01 06:00:00,,0.012412405014038086,0.00031885899079497904,0.012731264004833065,1999,5,0.013535883330466833,-0.00034771972823879936,0.013883603058705632
1999-06-01 00:00:00,219.74072265625,,,,1999,6,,,
1999-06-01 06:00:00,,0.004084467887878418,0.00024923012824729085,0.004333698016125709,1999,6,0.004454163454611143,-0.0002717885804223455,0.0047259520350334885
1999-07-01 00:00:00,216.0121307373047,,,,1999,7,,,
1999-07-01 06:00:00,,0.0037915706634521484,0.00022483706125058233,0.004016407724702731,1999,7,0.0041347553581811865,-0.00024518763495156193,0.004379942993132748
1999-08-01 00:00:00,220.46739196777344,,,,1999,8,,,
1999-08-01 06:00:00,,0.004889130592346191,0.00044091414802096553,0.005330044740367157,1999,8,0.005331658225023109,-0.00048082240787455347,0.005812480632897663
1999-09-01 00:00:00,215.59402465820312,,,,1999,9,,,
1999-09-01 06:00:00,,0.002713322639465332,0.0002427048166282475,0.0029560274560935795,1999,9,0.0029589123658291514,-0.00026467264626853595,0.0032235850120976876
1999-10-01 00:00:00,225.1171875,,,,1999,10,,,
1999-10-01 06:00:00,,0.00842127799987793,0.0002813764032907784,0.008702654403168709,1999,10,0.009183509269223478,-0.00030684449650030356,0.009490353765723783
1999-11-01 00:00:00,235.82147216796875,,,,1999,11,,,
1999-11-01 06:00:00,,0.003186464309692383,9.028174099512398e-05,0.003276746050687507,1999,11,0.0034748792908313878,-9.845337076894654e-05,0.0035733326616003342
1999-12-01 00:00:00,243.06802368164062,,,,1999,12,,,
1999-12-01 06:00:00,,0.0027738332748413084,-0.00016483130457345396,0.0026090019702678545,1999,12,0.003024899972564131,0.0001797506047693064,0.002845149367794825
2000-01-01 00:00:00,243.75010681152344,,,,2000,1,,,
2000-01-01 06:00:00,,0.0034523248672485352,3.6559347063302996e-05,0.003488884214311838,2000,1,0.003764803562975502,-3.98684264594362e-05,0.0038046719894349375
2000-02-01 00:00:00,233.43240356445312,,,,2000,2,,,
2000-02-01 06:00:00,,0.007392597198486328,5.070169589771467e-05,0.007443298894384043,2000,2,0.008061719954728819,-5.5290835221062885e-05,0.008117010789949882
2000-03-01 00:00:00,221.00433349609375,,,,2000,3,,,
2000-03-01 06:00:00,,0.00870065689086914,0.0001781245053280145,0.008878781396197154,2000,3,0.009488175453510512,-0.00019424700690077917,0.00968242246041129
2000-04-01 00:00:00,217.09144592285156,,,,2000,4,,,
2000-04-01 06:00:00,,0.0028388500213623047,0.0001919945643749088,0.0030308445857372135,2000,4,0.003095801550013418,-0.00020937248023436073,0.003305174030247779
2000-05-01 00:00:00,219.05848693847656,,,,2000,5,,,
2000-05-01 06:00:00,,0.005976712703704834,0.00027357133712939684,0.006250284040834231,2000,5,0.0065176801567119235,-0.0002983329739688079,0.006816013130680731
2000-06-01 00:00:00,218.32603454589844,,,,2000,6,,,
2000-06-01 06:00:00,,0.005774259567260742,0.00026824971428141,0.006042509281542152,2000,6,0.006296902472476273,-0.000292529677515169,0.006589432149991441
2000-07-01 00:00:00,216.47796630859375,,,,2000,7,,,
2000-07-01 06:00:00,,0.008062076568603516,0.0002420911827357486,0.008304167751339265,2000,7,0.008791795603711577,-0.00026400347081324816,0.009055799074524825
2000-08-01 00:00:00,217.58651733398438,,,,2000,8,,,
2000-08-01 06:00:00,,0.003911304473876953,0.00027746907435357573,0.004188773548230529,2000,8,0.004265326580018488,-0.0003025835052928852,0.004567910085311373
2000-09-01 00:00:00,217.42323303222656,,,,2000,9,,,
2000-09-01 06:00:00,,0.006894350051879883,0.00026208508643321693,0.0071564351383131,2000,9,0.00751837519288973,-0.0002858070735367687,0.007804182266426499
2000-10-01 00:00:00,225.83428955078125,,,,2000,10,,,
2000-10-01 06:00:00,,0.011534357070922851,0.00022229145106393843,0.01175664852198679,2000,10,0.012578361036993294,-0.00024241161511879872,0.012820772652112093
2000-11-01 00:00:00,240.8800048828125,,,,2000,11,,,
2000-11-01 06:00:00,,0.010177373886108398,0.00024245728855021298,0.010419831174658611,2000,11,0.011098553856170553,-0.00026440271379521587,0.01136295656996577
2000-12-01 00:00:00,245.89012145996094,,,,2000,12,,,
2000-12-01 06:00:00,,0.0005787134170532227,0.00024367701262235643,0.0008223904296755791,2000,12,0.0006310942388802864,-0.0002657328381923189,0.0008968270770726052
2001-01-01 00:00:00,245.09906005859375,,,,2001,1,,,
2001-01-01 06:00:00,,0.0032527685165405274,6.197157255201091e-05,0.0033147400890925385,2001,1,0.0035471848599133338,-6.758077704690393e-05,0.0036147656369602383
2001-02-01 00:00:00,235.80355834960938,,,,2001,2,,,
2001-02-01 06:00:00,,0.00692138671875,0.0002630464383400977,0.007184433157090098,2001,2,0.007547859017175572,-0.00028685543984743476,0.007834714457023008
2001-03-01 00:00:00,221.74636840820312,,,,2001,3,,,
2001-03-01 06:00:00,,0.009478926658630371,0.00030659134208690377,0.009785518000717275,2001,3,0.010336888395452966,-0.0003343417034753585,0.010671230098928326
2001-04-01 00:00:00,217.58566284179688,,,,2001,4,,,
2001-04-01 06:00:00,,0.0038237571716308594,0.0002600410643935902,0.00408379823602445,2001,4,0.004169855148997665,-0.0002835780418686916,0.004453433190866357
2001-05-01 00:00:00,220.30064392089844,,,,2001,5,,,
2001-05-01 06:00:00,,0.007842564582824707,0.00034199359361082317,0.00818455817643553,2001,5,0.00855241503034319,-0.0003729483027380841,0.008925363333081275
2001-06-01 00:00:00,220.828125,,,,2001,6,,,
2001-06-01 06:00:00,,0.006681919097900391,0.0004104202653252287,0.007092339363225619,2001,6,0.007286716573500971,-0.0004475684463742952,0.007734285019875266
2001-07-01 00:00:00,218.7574920654297,,,,2001,7,,,
2001-07-01 06:00:00,,0.0025543212890625,0.0003249246074119583,0.0028792458964744584,2001,7,0.002785519399195747,-0.0003543343592278716,0.0031398537584236184
2001-08-01 00:00:00,215.3939666748047,,,,2001,8,,,
2001-08-01 06:00:00,,0.004749441146850586,0.00028281363775022327,0.005032254784600809,2001,8,0.005179325132879591,-0.00030841181870253353,0.005487736951582125
2001-09-01 00:00:00,220.172607421875,,,,2001,9,,,
2001-09-01 06:00:00,,0.0086517333984375,0.00034168068668805063,0.00899341408512555,2001,9,0.009434823771469465,-0.00037260707381466803,0.009807430845284133
2001-10-01 00:00:00,223.6826934814453,,,,2001,10,,,
2001-10-01 06:00:00,,0.005687355995178223,0.0003676153428386897,0.006054971338016912,2001,10,0.00620213303727178,-0.0004008891415907194,0.0066030221788624995
2001-11-01 00:00:00,240.2588653564453,,,,2001,11,,,
2001-11-01 06:00:00,,0.010351181030273438,0.00030849777976982296,0.01065967881004326,2001,11,0.01128809272657954,-0.0003364206976770152,0.011624513424256555
2001-12-01 00:00:00,247.18724060058594,,,,2001,12,,,
2001-12-01 06:00:00,,0.002314853668212891,0.00010983394458889962,0.0024246876128017902,2001,12,0.0025243769555211458,-0.0001197752939900759,0.0026441522495112215
2002-01-01 00:00:00,247.4287109375,,,,2002,1,,,
2002-01-01 06:00:00,,0.007603096961975098,0.0003200891660526395,0.007923186128027736,2002,1,0.008291272586668591,-0.0003490612497847759,0.008640333836453365
2002-02-01 00:00:00,234.2529296875,,,,2002,2,,,
2002-02-01 06:00:00,,0.0045601844787597655,0.00028530416311696173,0.004845488641876727,2002,2,0.004972938362878697,-0.000311127767848377,0.005284066130727075
2002-03-01 00:00:00,227.2214813232422,,,,2002,3,,,
2002-03-01 06:00:00,,0.012212848663330078,0.000577502729720436,0.012790351393050514,2002,3,0.013318264627404664,-0.0006297739691607807,0.013948038596565446
2002-04-01 00:00:00,225.28770446777344,,,,2002,4,,,
2002-04-01 06:00:00,,0.014541864395141602,0.0004140154633205384,0.01495587985846214,2002,4,0.01585808549088506,-0.00045148905487517815,0.01630957454576024
2002-05-01 00:00:00,221.18299865722656,,,,2002,5,,,
2002-05-01 06:00:00,,0.0033824801445007323,0.0005362519692425849,0.003918732113743317,2002,5,0.003688637016903743,-0.0005847894975382605,0.004273426514442003
2002-06-01 00:00:00,218.02833557128906,,,,2002,6,,,
2002-06-01 06:00:00,,0.00311887264251709,0.00025743848345882725,0.003376311125975917,2002,6,0.0034011697301167825,-0.0002807398947206404,0.003681909624837423
2002-07-01 00:00:00,222.73037719726562,,,,2002,7,,,
2002-07-01 06:00:00,,0.011953425407409669,0.00048571475581411506,0.012439140163223783,2002,7,0.013035360313423847,-0.0005296780325126664,0.013565038345936514
2002-08-01 00:00:00,221.994384765625,,,,2002,8,,,
2002-08-01 06:00:00,,0.010586464405059814,0.000514410572941415,0.011100874978001229,2002,8,0.011544672197447998,-0.0005609711809611941,0.01210564337840919
2002-09-01 00:00:00,219.76626586914062,,,,2002,9,,,
2002-09-01 06:00:00,,0.008748292922973633,0.0001989583543036133,0.008947251277277246,2002,9,0.0095401231439189,-0.00021696658048376587,0.009757089724402666
2002-10-01 00:00:00,226.1772918701172,,,,2002,10,,,
2002-10-01 06:00:00,,0.007203984260559082,0.0004429848922882229,0.007646969152847305,2002,10,0.007856035180544256,-0.0004830805804669824,0.008339115761011238
2002-11-01 00:00:00,236.35556030273438,,,,2002,11,,,
2002-11-01 06:00:00,,0.006006002426147461,-5.686073563992977e-06,0.006000316352583468,2002,11,0.006549620966354919,6.200734529981436e-06,0.006543420231824937
2002-12-01 00:00:00,243.2187042236328,,,,2002,12,,,
2002-12-01 06:00:00,,0.0025742769241333006,2.815252461232376e-05,0.0026024294487456243,2002,12,0.0028072812695019633,-3.070068114757226e-05,0.0028379819506495355
2003-01-01 00:00:00,245.39614868164062,,,,2003,1,,,
2003-01-01 06:00:00,,0.0011175155639648437,1.909816637635231e-05,0.001136613730341196,2003,1,0.0012186647371481391,-2.082678994149652e-05,0.0012394915270896357
2003-02-01 00:00:00,234.24008178710938,,,,2003,2,,,
2003-02-01 06:00:00,,0.0018384933471679687,0.00038432199507951734,0.002222815342247486,2003,2,0.002004900051437261,-0.0004191079553757005,0.0024240080068129617
2003-03-01 00:00:00,224.58206176757812,,,,2003,3,,,
2003-03-01 06:00:00,,0.005308198928833008,0.00040648629274073753,0.005714685221573745,2003,3,0.005788657501453662,-0.0004432783999353735,0.006231935901389035
2003-04-01 00:00:00,221.4975128173828,,,,2003,4,,,
2003-04-01 06:00:00,,0.00982975959777832,0.000245029223151505,0.010074788820929825,2003,4,0.010719476115352584,-0.0002672074407322846,0.01098668355608487
2003-05-01 00:00:00,219.3361358642578,,,,2003,5,,,
2003-05-01 06:00:00,,0.008092010021209716,0.00019848695083055646,0.008290496972040273,2003,5,0.0088244384091709,-0.0002164525090845763,0.009040890918255476
2003-06-01 00:00:00,214.85267639160156,,,,2003,6,,,
2003-06-01 06:00:00,,0.0015063285827636719,0.00018576392903923988,0.0016920925118029118,2003,6,0.0016426702102112015,-0.0002025778942630751,0.0018452481044742767
2003-07-01 00:00:00,215.74606323242188,,,,2003,7,,,
2003-07-01 06:00:00,,0.002175164222717285,0.0001792499329894781,0.002354414155706763,2003,7,0.002372043863377628,-0.00019547429987947448,0.0025675181632571023
2003-08-01 00:00:00,221.89183044433594,,,,2003,8,,,
2003-08-01 06:00:00,,0.007533252239227295,0.00038429472278949105,0.007917546962016787,2003,8,0.008215106040596831,-0.0004190782146014079,0.00863418425519824
2003-09-01 00:00:00,218.3738250732422,,,,2003,9,,,
2003-09-01 06:00:00,,0.0035533905029296875,0.0002667478966031922,0.0038201383995328797,2003,9,0.0038750169061392446,-0.0002908919265029359,0.00416590883264218
2003-10-01 00:00:00,225.31765747070312,,,,2003,10,,,
2003-10-01 06:00:00,,0.007184028625488281,0.00028900105389766394,0.007473029679385945,2003,10,0.007834273310238038,-0.000315159273607049,0.008149432583845087
2003-11-01 00:00:00,236.3177947998047,,,,2003,11,,,
2003-11-01 06:00:00,,0.0030416250228881836,0.0003787910391110927,0.0034204160619992763,2003,11,0.003316930232157234,-0.00041307637852899966,0.0037300066106862335
2003-12-01 00:00:00,247.4555206298828,,,,2003,12,,,
2003-12-01 06:00:00,,0.0030532121658325196,-4.76284883916378e-05,0.0030055836774408816,2003,12,0.003329566156851166,5.1939463894915806e-05,0.00327762669295625
2004-01-01 00:00:00,245.5236053466797,,,,2004,1,,,
2004-01-01 06:00:00,,0.0012372493743896484,0.0003584998659789562,0.0015957492403686046,2004,1,0.0013492359589854397,-0.00039094859975894895,0.0017401845587443887
2004-02-01 00:00:00,236.61715698242188,,,,2004,2,,,
2004-02-01 06:00:00,,0.004928398132324219,0.0006358480984999914,0.0055642462308242106,2004,2,0.005374479969819213,-0.000693400325517984,0.006067880295337198
2004-03-01 00:00:00,222.82022094726562,,,,2004,3,,,
2004-03-01 06:00:00,,0.0048691749572753905,0.0003501320859868429,0.0052193070432622335,2004,3,0.005309896354716892,-0.0003818234307381056,0.005691719785454998
2004-04-01 00:00:00,222.5482635498047,,,,2004,4,,,
2004-04-01 06:00:00,,0.012629985809326172,0.00032578938407823443,0.012955775193404406,2004,4,0.013773157916386228,-0.00035527740902751843,0.014128435325413746
2004-05-01 00:00:00,219.7357940673828,,,,2004,5,,,
2004-05-01 06:00:00,,0.009578704833984375,0.00024237619363702833,0.009821081027621404,2004,5,0.010445697746984051,-0.0002643142787753853,0.010710012025759438
2004-06-01 00:00:00,216.7235107421875,,,,2004,6,,,
2004-06-01 06:00:00,,0.003669261932373047,0.0001845215738285333,0.00385378350620158,2004,6,0.004001376153078568,-0.0002012230903255543,0.004202599243404122
2004-07-01 00:00:00,214.07371520996094,,,,2004,7,,,
2004-07-01 06:00:00,,0.0030532121658325196,0.00020204836910124867,0.003255260534933768,2004,7,0.003329566156851166,-0.00022033628037213595,0.003549902437223302
2004-08-01 00:00:00,217.62017822265625,,,,2004,8,,,
2004-08-01 06:00:00,,0.0034822583198547362,0.0002845384713509702,0.0037667967912057066,2004,8,0.003797446368434827,-0.0003102927713751038,0.004107739139809931
2004-09-01 00:00:00,224.15089416503906,,,,2004,9,,,
2004-09-01 06:00:00,,0.014059066772460938,0.0003370931663084775,0.014396159938769415,2004,9,0.015331588628637881,-0.00036760432530913575,0.015699192953947016
2004-10-01 00:00:00,226.44522094726562,,,,2004,10,,,
2004-10-01 06:00:00,,0.004260528087615967,0.0002736129012191668,0.0045341409888351334,2004,10,0.004646159310377281,-0.00029837830012995287,0.004944537610507234
2004-11-01 00:00:00,235.54127502441406,,,,2004,11,,,
2004-11-01 06:00:00,,0.0019118785858154297,0.00023844733368605375,0.0021503259195014834,2004,11,0.0020849275744988325,-0.00026002980772743046,0.002344957382226263
2004-12-01 00:00:00,247.1816864013672,,,,2004,12,,,
2004-12-01 06:00:00,,0.0006984472274780273,0.00040655708871781824,0.0011050043161958457,2004,12,0.000761665460717587,-0.0004433556038362249,0.001205021064553812
2005-01-01 00:00:00,246.81072998046875,,,,2005,1,,,
2005-01-01 06:00:00,,0.001376938819885254,0.0003125473391264677,0.0016894861590117218,2005,1,0.0015015690511289573,-0.0003408367929405319,0.0018424058440694893
2005-02-01 00:00:00,235.0948944091797,,,,2005,2,,,
2005-02-01 06:00:00,,0.003586864471435547,0.00022595463087782264,0.0038128191023133694,2005,2,0.003911520688588382,-0.00024640635864539,0.004157927047233772
2005-03-01 00:00:00,225.38665771484375,,,,2005,3,,,
2005-03-01 06:00:00,,0.006345891952514648,0.00037590973861370005,0.0067218016911283485,2005,3,0.0069202747573769334,-0.0004099342842025082,0.007330209041579442
2005-04-01 00:00:00,223.0351104736328,,,,2005,4,,,
2005-04-01 06:00:00,,0.012601017951965332,0.0003411292000237154,0.012942147151989047,2005,4,0.013741568104651398,-0.0003720056706910746,0.014113573775342472
2005-05-01 00:00:00,218.64321899414062,,,,2005,5,,,
2005-05-01 06:00:00,,0.00639578104019165,0.00019383177277632058,0.006589612812967971,2005,5,0.006974679433142475,-0.00021137597903633649,0.007186055412178811
2005-06-01 00:00:00,218.64602661132812,,,,2005,6,,,
2005-06-01 06:00:00,,0.00494384765625,0.0003123783717455808,0.005256226027995581,2005,6,0.0053913278694111225,-0.00034065253189267264,0.005731980401303796
2005-07-01 00:00:00,215.56411743164062,,,,2005,7,,,
2005-07-01 06:00:00,,0.003143012523651123,0.000225207179573772,0.003368219703224895,2005,7,0.003427494573229142,-0.00024559125362461504,0.0036730858268537564
2005-08-01 00:00:00,218.71226501464844,,,,2005,8,,,
2005-08-01 06:00:00,,0.006156313419342041,0.00030270837305579334,0.0064590217923978345,2005,8,0.006713536989467875,-0.0003301072770510287,0.007043644266518903
2005-09-01 00:00:00,223.9032440185547,,,,2005,9,,,
2005-09-01 06:00:00,,0.012601017951965332,0.0003772893687710166,0.012978307320736349,2005,9,0.013741568104651398,-0.00041143878819085777,0.014153006892842256
2005-10-01 00:00:00,227.85647583007812,,,,2005,10,,,
2005-10-01 06:00:00,,0.014318165727308952,0.0005434794011307531,0.014861645128439705,2005,10,0.015614139288232225,-0.0005926711026507667,0.01620681039088299
2005-11-01 00:00:00,235.87562561035156,,,,2005,11,,,
2005-11-01 06:00:00,,0.002877473831176758,0.00011444283882156014,0.002991916669998318,2005,11,0.0031379212989931927,-0.00012480135095044726,0.0032627226499436397
2005-12-01 00:00:00,248.25283813476562,,,,2005,12,,,
2005-12-01 06:00:00,,0.0008381366729736328,0.00016342573799192904,0.0010015624109655618,2005,12,0.0009139985528611045,-0.00017821781678509165,0.001092216369646196
2006-01-01 00:00:00,246.18777465820312,,,,2006,1,,,
2006-01-01 06:00:00,,0.005048775672912597,-8.613662794232369e-06,0.005040162010118365,2006,1,0.005505753187472843,9.393307300144349e-06,0.005496359880172699
2006-02-01 00:00:00,232.3792724609375,,,,2006,2,,,
2006-02-01 06:00:00,,0.0019826889038085938,0.00014454763095272938,0.002127236534761323,2006,2,0.0021621471142950857,-0.00015763100431050094,0.002319778118605587
2006-03-01 00:00:00,223.0126495361328,,,,2006,3,,,
2006-03-01 06:00:00,,0.003911304473876953,0.0002910325178163475,0.0042023369916933005,2006,3,0.004265326580018488,-0.00031737461048674757,0.004582701190505235
2006-04-01 00:00:00,222.8198699951172,,,,2006,4,,,
2006-04-01 06:00:00,,0.00853586196899414,0.00037384990719147027,0.008909711876185611,2006,4,0.009308464524530142,-0.00040768801220443865,0.00971615253673458
2006-05-01 00:00:00,223.06837463378906,,,,2006,5,,,
2006-05-01 06:00:00,,0.008550989627838134,0.0004371675944639719,0.008988157222302106,2006,5,0.009324961426213887,-0.00047673674423552,0.009801698170449406
2006-06-01 00:00:00,221.52500915527344,,,,2006,6,,,
2006-06-01 06:00:00,,0.0030802488327026367,0.00025299712251580786,0.0033332459552184446,2006,6,0.0033590499811370082,-0.00027589653491363994,0.0036349465160506484
2006-07-01 00:00:00,214.2274932861328,,,,2006,7,,,
2006-07-01 06:00:00,,0.004529929161071778,0.00015571826370432972,0.004685647424776108,2006,7,0.004939944559511208,-0.00016981271941584483,0.005109757278927053
2006-08-01 00:00:00,218.89926147460938,,,,2006,8,,,
2006-08-01 06:00:00,,0.0029733896255493162,0.00022538515913765876,0.003198774784686975,2006,8,0.003242518675626299,-0.0002457853425710564,0.0034883040181973553
2006-09-01 00:00:00,216.34829711914062,,,,2006,9,,,
2006-09-01 06:00:00,,0.002607107162475586,0.00018831214219972026,0.002795419304675306,2006,9,0.002843083056134772,-0.00020535675267145065,0.0030484398088062225
2006-10-01 00:00:00,221.307861328125,,,,2006,10,,,
2006-10-01 06:00:00,,0.003292679786682129,0.00022412818798329682,0.003516807974665426,2006,10,0.0035907086005257673,-0.00024441459976368244,0.00383512320028945
2006-11-01 00:00:00,237.26278686523438,,,,2006,11,,,
2006-11-01 06:00:00,,0.0023946762084960938,0.0002986131585203111,0.002693289367016405,2006,11,0.002611424436746013,-0.000325641394242433,0.0029370658309884456
2006-12-01 00:00:00,244.48422241210938,,,,2006,12,,,
2006-12-01 06:00:00,,0.003172945976257324,0.00010145407028403497,0.003274400046541359,2006,12,0.0034601373786884667,-0.00011063693596950378,0.0035707743146579703
2007-01-01 00:00:00,246.2874298095703,,,,2007,1,,,
2007-01-01 06:00:00,,0.0038713932037353514,4.649818874895573e-05,0.003917891392484307,2007,1,0.0042218028394060535,-5.0706857959602755e-05,0.004272509697365656
2007-02-01 00:00:00,233.43994140625,,,,2007,2,,,
2007-02-01 06:00:00,,0.004145622253417969,0.0003175884252414107,0.004463210678659379,2007,2,0.004520853057162452,-0.0003463341605686049,0.0048671872177310565
2007-03-01 00:00:00,221.2483367919922,,,,2007,3,,,
2007-03-01 06:00:00,,0.0036119699478149416,0.0002149834792362526,0.003826953427051194,2007,3,0.003938898525425236,-0.00023444218019220566,0.004173340705617441
2007-04-01 00:00:00,216.5740203857422,,,,2007,4,,,
2007-04-01 06:00:00,,0.002568483352661133,0.00019727973085537087,0.0027657630835165037,2007,4,0.0028009633071549977,-0.0002151360205620184,0.003016099327717016
2007-05-01 00:00:00,223.39797973632812,,,,2007,5,,,
2007-05-01 06:00:00,,0.005627489089965821,0.000499589853825455,0.006127078943791275,2007,5,0.00613684742635313,-0.0005448090009001691,0.006681656427253299
2007-06-01 00:00:00,224.42628479003906,,,,2007,6,,,
2007-06-01 06:00:00,,0.008419990539550781,0.0004910864245175617,0.008911076964068343,2007,6,0.00918210527759082,-0.0005355359045993038,0.009717641182190123
2007-07-01 00:00:00,220.20001220703125,,,,2007,7,,,
2007-07-01 06:00:00,,0.005088686943054199,0.00032011839793995024,0.00540880534099415,2007,7,0.005549276928085277,-0.00034909312752448227,0.005898370055609759
2007-08-01 00:00:00,218.28590393066406,,,,2007,8,,,
2007-08-01 06:00:00,,0.004420173168182373,0.0002754982057012967,0.00469567137388367,2007,8,0.004820254272827015,-0.00030043424831111964,0.005120688521138135
2007-09-01 00:00:00,217.5946502685547,,,,2007,9,,,
2007-09-01 06:00:00,,0.0055811405181884766,0.0002539944543968886,0.005835134972585365,2007,9,0.006086303727577401,-0.00027698413783739214,0.006363287865414792
2007-10-01 00:00:00,225.84617614746094,,,,2007,10,,,
2007-10-01 06:00:00,,0.005547666549682617,0.00039773393073119225,0.005945400480413809,2007,10,0.006049799945128262,-0.00043373383940151824,0.006483533784529781
2007-11-01 00:00:00,236.40939331054688,,,,2007,11,,,
2007-11-01 06:00:00,,0.002162933349609375,0.0002343973028473556,0.0023973306524567306,2007,11,0.0023587059428673662,-0.0002556131983068218,0.002614319141174188
2007-12-01 00:00:00,245.1119384765625,,,,2007,12,,,
2007-12-01 06:00:00,,0.0024944543838500977,-8.679921738803386e-05,0.0024076551664620636,2007,12,0.0027202337882770967,9.465563510145459e-05,0.002625578153175642
2008-01-01 00:00:00,242.79408264160156,,,,2008,1,,,
2008-01-01 06:00:00,,0.0025144101711703113,-7.756194099783897e-05,0.0024368482301724724,2008,1,0.0027419958246132073,8.458226935424098e-05,0.0026574135552589664
2008-02-01 00:00:00,233.77462768554688,,,,2008,2,,,
2008-02-01 06:00:00,,0.005488443374633789,0.0002395346498815343,0.005727978024515324,2008,2,0.005985216330025942,-0.0002612155396745194,0.006246431869700462
2008-03-01 00:00:00,223.84866333007812,,,,2008,3,,,
2008-03-01 06:00:00,,0.003911304473876953,0.0003427365707466379,0.004254041044623591,2008,3,0.004265326580018488,-0.0003737585286222878,0.0046390851086407755
2008-04-01 00:00:00,222.49661254882812,,,,2008,4,,,
2008-04-01 06:00:00,,0.005378365516662598,0.000367944447134505,0.005746309963797103,2008,4,0.005865175045433585,-0.0004012480339525682,0.006266423079386153
2008-05-01 00:00:00,220.05113220214844,,,,2008,5,,,
2008-05-01 06:00:00,,0.006106424331665039,0.0002236945816548541,0.006330118913319894,2008,5,0.006659132313702332,-0.0002439417466247046,0.006903074060327037
2008-06-01 00:00:00,216.38124084472656,,,,2008,6,,,
2008-06-01 06:00:00,,0.002645730972290039,0.00017074228981073247,0.0028164732621007715,2008,6,0.002885202805114546,-0.00018619660829959919,0.0030713994134141456
2008-07-01 00:00:00,220.37452697753906,,,,2008,7,,,
2008-07-01 06:00:00,,0.009149658679962158,0.00039589003808941924,0.009545548718051577,2008,7,0.009977817535400389,-0.0004317230513516022,0.010409540586751993
2008-08-01 00:00:00,218.33578491210938,,,,2008,8,,,
2008-08-01 06:00:00,,0.007792675495147705,0.0002635327720781788,0.008056208267225884,2008,8,0.008498010354577649,-0.0002873857928878722,0.008785396147465522
2008-09-01 00:00:00,221.73536682128906,,,,2008,9,,,
2008-09-01 06:00:00,,0.012514114379882812,0.0003184814122505486,0.012832595792133361,2008,9,0.013646798669446906,-0.0003473079741009254,0.01399410664354783
2008-10-01 00:00:00,224.9901580810547,,,,2008,10,,,
2008-10-01 06:00:00,,0.006365847587585449,0.0001422959649630684,0.0065081435525485174,2008,10,0.00694203662768315,-0.00015517553431087066,0.007097212161994021
2008-11-01 00:00:00,236.4380340576172,,,,2008,11,,,
2008-11-01 06:00:00,,0.0033795833587646484,0.00019949348643422127,0.0035790768451988697,2008,11,0.0036854780357302597,-0.00021755014878322928,0.003903028184513489
2008-12-01 00:00:00,246.6072998046875,,,,2008,12,,,
2008-12-01 06:00:00,,0.003651881217956543,1.174878270830959e-05,0.0036636300006648525,2008,12,0.0039824222660376695,-1.281219488365277e-05,0.003995234460921322
2009-01-01 00:00:00,247.1903533935547,,,,2009,1,,,
2009-01-01 06:00:00,,0.004929041862487793,0.00041341683827340604,0.0053424587007611995,2009,1,0.0053751819656355435,-0.00045083624675398696,0.00582601821238953
2009-02-01 00:00:00,233.43084716796875,,,,2009,2,,,
2009-02-01 06:00:00,,0.0026315689086914063,0.00037260346580296754,0.0030041723744943737,2009,2,0.002869758897155296,-0.00040632875223878685,0.0032760876493940824
2009-03-01 00:00:00,225.3205108642578,,,,2009,3,,,
2009-03-01 06:00:00,,0.0068547606468200685,0.00040691517933737486,0.007261675826157443,2009,3,0.007475202450185461,-0.000443746106147628,0.00791894855633309
2009-04-01 00:00:00,218.23065185546875,,,,2009,4,,,
2009-04-01 06:00:00,,0.0051659345626831055,0.0002767882542684674,0.005442722816951573,2009,4,0.005633516426044826,-0.0003018410624519819,0.005935357488496808
2009-05-01 00:00:00,225.70547485351562,,,,2009,5,,,
2009-05-01 06:00:00,,0.008800435066223144,0.0006232529171029455,0.009423687983326089,2009,5,0.009596984805041595,-0.0006796651222496678,0.010276649927291263
2009-06-01 00:00:00,222.58169555664062,,,,2009,6,,,
2009-06-01 06:00:00,,0.0042389631271362305,0.0004363965690572513,0.004675359696193482,2009,6,0.0046226424505302404,-0.0004758959313601432,0.005098538381890384
2009-07-01 00:00:00,219.58815002441406,,,,2009,7,,,
2009-07-01 06:00:00,,0.00331263542175293,0.00036042658230144297,0.0036730620040543727,2009,7,0.0036124704708319845,-0.0003930497080713664,0.004005520178903351
2009-08-01 00:00:00,216.90965270996094,,,,2009,8,,,
2009-08-01 06:00:00,,0.004230594635009766,0.00023430575674865395,0.00446490039175842,2009,8,0.004613516504917956,-0.0002555133661381177,0.004869029871056074
2009-09-01 00:00:00,220.32489013671875,,,,2009,9,,,
2009-09-01 06:00:00,,0.008844852447509766,0.0002720074262470007,0.009116859873756766,2009,9,0.009645422516368338,-0.00029662750953871395,0.009942050025907052
2009-10-01 00:00:00,225.14744567871094,,,,2009,10,,,
2009-10-01 06:00:00,,0.0057871341705322266,0.00046469215685647215,0.006251826327388699,2009,10,0.006310942388802864,-0.000506752624707167,0.006817695013510031
2009-11-01 00:00:00,238.3795623779297,,,,2009,11,,,
2009-11-01 06:00:00,,0.004596233367919922,0.00014596141409128904,0.004742194782011211,2009,11,0.005012250128593154,-0.00015917275255320507,0.005171422881146358
2009-12-01 00:00:00,245.51771545410156,,,,2009,12,,,
2009-12-01 06:00:00,,0.0012172937393188476,8.711102418601513e-05,0.0013044047635048627,2009,12,0.001327474088679223,-9.499566432498923e-05,0.0014224697530042124
2010-01-01 00:00:00,247.71876525878906,,,,2010,1,,,
2010-01-01 06:00:00,,0.002504432201385498,0.000571673404192552,0.0030761056055780504,2010,1,0.002731114723430205,-0.0006234170165676685,0.0033545317399978737
2010-02-01 00:00:00,236.78904724121094,,,,2010,2,,,
2010-02-01 06:00:00,,0.004524135589599609,0.000316246272996068,0.004840381862595677,2010,2,0.004933626597164241,-0.0003448705267132693,0.00527849712387751
2010-03-01 00:00:00,226.9407501220703,,,,2010,3,,,
2010-03-01 06:00:00,,0.011973381042480469,0.00037727648159489033,0.012350657524075359,2010,3,0.013057122183730063,-0.00041142473456367537,0.013468546918293738
2010-04-01 00:00:00,214.82550048828125,,,,2010,4,,,
2010-04-01 06:00:00,,0.0023946762084960938,0.00016125632873809082,0.0025559325372341846,2010,4,0.002611424436746013,-0.0001758520487874491,0.002787276485533462
2010-05-01 00:00:00,224.0491943359375,,,,2010,5,,,
2010-05-01 06:00:00,,0.007363629341125488,0.0004401226033223793,0.007803751944447867,2010,5,0.008030130142993988,-0.0004799592184540668,0.008510089361448056
2010-06-01 00:00:00,217.935302734375,,,,2010,6,,,
2010-06-01 06:00:00,,0.005552172660827637,0.00021451961947605014,0.005766692280303687,2010,6,0.00605471391584257,-0.0002339363353064887,0.006288650251149059
2010-07-01 00:00:00,217.6082763671875,,,,2010,7,,,
2010-07-01 06:00:00,,0.0059467792510986325,0.0003656277267509722,0.006312406977849605,2010,7,0.006485037351252598,-0.0003987216213205804,0.0068837589725731785
2010-08-01 00:00:00,218.992919921875,,,,2010,8,,,
2010-08-01 06:00:00,,0.010346996784210204,0.0002948523033410311,0.010641849087551235,2010,8,0.011283529753773395,-0.0003215401345049412,0.011605069888278337
2010-09-01 00:00:00,215.89776611328125,,,,2010,9,,,
2010-09-01 06:00:00,,0.0058901309967041016,0.00026755884573503863,0.00615768984243914,2010,9,0.006423261719415596,-0.00029177627670124166,0.0067150379961168375
2010-10-01 00:00:00,227.1776123046875,,,,2010,10,,,
2010-10-01 06:00:00,,0.007483363151550293,0.00020622852898668497,0.007689591680536978,2010,10,0.00816070136483129,-0.00022489479715014717,0.008385596161981437
2010-11-01 00:00:00,237.07821655273438,,,,2010,11,,,
2010-11-01 06:00:00,,0.006604671478271484,7.187743904069066e-05,0.006676548917312175,2010,11,0.007202477075541422,-7.8383248681233e-05,0.007280860324222655
2010-12-01 00:00:00,246.99896240234375,,,,2010,12,,,
2010-12-01 06:00:00,,0.003392457962036133,-0.0003758684790227562,0.0030165894830133768,2010,12,0.003699517952056851,0.0004098892901011518,0.0032896286619556996
2011-01-01 00:00:00,247.34092712402344,,,,2011,1,,,
2011-01-01 06:00:00,,0.0028935670852661133,0.0004635787568986416,0.0033571458421647548,2011,1,0.003155471194401432,-0.0005055384480901217,0.0036610096424915537
2011-02-01 00:00:00,237.6556396484375,,,,2011,2,,,
2011-02-01 06:00:00,,0.0041636466979980465,0.0004138713469728827,0.004577518044970929,2011,2,0.00454050894001968,-0.0004513318941907118,0.004991840834210391
2011-03-01 00:00:00,221.51284790039062,,,,2011,3,,,
2011-03-01 06:00:00,,0.0034722805023193358,0.0002812156279105693,0.0037534961302299052,2011,3,0.003786565433281718,-0.00030666916893191856,0.004093234602213637
2011-04-01 00:00:00,219.36354064941406,,,,2011,4,,,
2011-04-01 06:00:00,,0.004026532173156738,0.0002568516356404871,0.004283383808797225,2011,4,0.004390983831141481,-0.000280099929815144,0.004671083760956625
2011-05-01 00:00:00,215.1411895751953,,,,2011,5,,,
2011-05-01 06:00:00,,0.002534365653991699,0.0001630554674193263,0.0026974211214110255,2011,5,0.00276375752888953,-0.00017781403208214428,0.0029415715609716745
2011-06-01 00:00:00,216.20907592773438,,,,2011,6,,,
2011-06-01 06:00:00,,0.0032830238342285156,0.00019306718604639173,0.0034760910202749074,2011,6,0.0035801786632808238,-0.00021054218761874777,0.0037907208508995717
2011-07-01 00:00:00,218.7283172607422,,,,2011,7,,,
2011-07-01 06:00:00,,0.006026601791381836,0.0002999726033522165,0.0063265743947340525,2011,7,0.006572084832477466,-0.00032712388588027974,0.006899208718357745
2011-08-01 00:00:00,219.96945190429688,,,,2011,8,,,
2011-08-01 06:00:00,,0.0058968901634216305,0.00029835769382771107,0.006195247857249342,2011,8,0.0064306326754870555,-0.00032536280679139703,0.006755995482278453
2011-09-01 00:00:00,217.5865478515625,,,,2011,9,,,
2011-09-01 06:00:00,,0.004779696464538574,0.00028580299112945795,0.005065499455668032,2011,9,0.005212318936247082,-0.0003116717460517535,0.005523990682298835
2011-10-01 00:00:00,227.30516052246094,,,,2011,10,,,
2011-10-01 06:00:00,,0.01124500036239624,0.00031334147206507623,0.011558341834461316,2011,10,0.01226281391755315,-0.0003417028048692216,0.012604516722422372
2011-11-01 00:00:00,239.95162963867188,,,,2011,11,,,
2011-11-01 06:00:00,,0.0016994476318359375,0.0003229652065783739,0.0020224128384143114,2011,11,0.0018532689551100734,-0.00035219760804620925,0.0022054665631562826
2011-12-01 00:00:00,246.15306091308594,,,,2011,12,,,
2011-12-01 06:00:00,,0.0057272672653198246,-0.0001271733352609772,0.005600093930058847,2011,12,0.006245656777884214,0.00013868411696944078,0.006106972660914773
2012-01-01 00:00:00,244.61746215820312,,,,2012,1,,,
2012-01-01 06:00:00,,0.0018359184265136718,0.00018299892253708093,0.0020189173490507526,2012,1,0.002002092068171943,-0.00019956261999681672,0.0022016546881687593
2012-02-01 00:00:00,234.60476684570312,,,,2012,2,,,
2012-02-01 06:00:00,,0.004293680191040039,0.0002456920483382419,0.004539372239378281,2012,2,0.004682312094918254,-0.0002679302599108417,0.0049502423548290955
2012-03-01 00:00:00,225.33740234375,,,,2012,3,,,
2012-03-01 06:00:00,,0.013569831848144531,0.00040598721916467183,0.013975819067309204,2012,3,0.014798071808227405,-0.0004427341539418449,0.01524080596216925
2012-04-01 00:00:00,217.01431274414062,,,,2012,4,,,
2012-04-01 06:00:00,,0.005330085754394531,0.00014514576855617634,0.005475231522950708,2012,4,0.005812525359208867,-0.00015828328086824026,0.005970808640077107
2012-05-01 00:00:00,217.9326934814453,,,,2012,5,,,
2012-05-01 06:00:00,,0.006495559215545654,0.0001693890430033207,0.006664948258548974,2012,5,0.007083488784673559,-0.0001847208756851916,0.007268209660358751
2012-06-01 00:00:00,220.12660217285156,,,,2012,6,,,
2012-06-01 06:00:00,,0.005948066711425781,0.00033522609737701714,0.006283292808802798,2012,6,0.006486441342885257,-0.00036556826322466427,0.006852009606109922
2012-07-01 00:00:00,216.70741271972656,,,,2012,7,,,
2012-07-01 06:00:00,,0.00458979606628418,0.0002051297449725098,0.00479492581125669,2012,7,0.005005230170429858,-0.00022369655940295506,0.005228926729832813
2012-08-01 00:00:00,214.01055908203125,,,,2012,8,,,
2012-08-01 06:00:00,,0.0030033230781555177,0.00016179849626496434,0.003165121574420482,2012,8,0.0032751614810856244,-0.00017644328927477027,0.0034516047703603944
2012-09-01 00:00:00,216.08042907714844,,,,2012,9,,,
2012-09-01 06:00:00,,0.005948066711425781,0.00022153748250275385,0.006169604193928535,2012,9,0.006486441342885257,-0.00024158940294738694,0.006728030745832644
2012-10-01 00:00:00,224.91622924804688,,,,2012,10,,,
2012-10-01 06:00:00,,0.0034922361373901367,0.0002933127572759986,0.003785548894666135,2012,10,0.003808327303587935,-0.0003198612402137389,0.0041281885438016735
2012-11-01 00:00:00,238.711181640625,,,,2012,11,,,
2012-11-01 06:00:00,,0.002124309539794922,0.00026875184266828,0.002393061382463202,2012,11,0.002316586193887592,-0.00029307725481818976,0.0026096634487057816
2012-12-01 00:00:00,247.71238708496094,,,,2012,12,,,
2012-12-01 06:00:00,,0.003851437568664551,-0.00014281969342846423,0.0037086178752360867,2012,12,0.004200040969099837,0.0001557466667704081,0.004044294302329429
2013-01-01 00:00:00,246.17333984375,,,,2013,1,,,
2013-01-01 06:00:00,,0.002733922004699707,0.0001799636782379821,0.002913885682937689,2013,1,0.002981376231951698,-0.00019625264802397175,0.0031776288799756696
2013-02-01 00:00:00,231.8136749267578,,,,2013,2,,,
2013-02-01 06:00:00,,0.004632282257080078,0.00020535149378702043,0.004837633750867099,2013,2,0.005051561894307609,-0.00022393837926610734,0.0052755002735737164
2013-03-01 00:00:00,225.106689453125,,,,2013,3,,,
2013-03-01 06:00:00,,0.011454534530639649,0.00021321982203517109,0.01166775435267482,2013,3,0.012491313555768428,-0.00023251888989658787,0.012723832445665016
2013-04-01 00:00:00,221.22093200683594,,,,2013,4,,,
2013-04-01 06:00:00,,0.00856482982635498,0.00030386311118490994,0.00886869293753989,2013,4,0.009340054336264973,-0.0003313665334622791,0.009671420869727252
2013-05-01 00:00:00,214.1917724609375,,,,2013,5,,,
2013-05-01 06:00:00,,0.0030532121658325196,0.00019688894099090248,0.003250101106823422,2013,5,0.003329566156851166,-0.00021470985931396126,0.0035442760161651277
2013-06-01 00:00:00,225.24462890625,,,,2013,6,,,
2013-06-01 06:00:00,,0.011509895324707031,0.0006612276483792812,0.012171122973086312,2013,6,0.012551685195972771,-0.0007210770429435999,0.01327276223891637
2013-07-01 00:00:00,220.03488159179688,,,,2013,7,,,
2013-07-01 06:00:00,,0.00919954776763916,0.00035631493465189125,0.00955586270229105,2013,7,0.01003222221116593,-0.00038856590474579196,0.010420788115911723
2013-08-01 00:00:00,223.35269165039062,,,,2013,8,,,
2013-08-01 06:00:00,,0.009339237213134765,0.0004891077862339444,0.00982834499936871,2013,8,0.010184555303309448,-0.0005333781747371259,0.010717933478046575
2013-09-01 00:00:00,224.64193725585938,,,,2013,9,,,
2013-09-01 06:00:00,,0.009752511978149414,0.0006182122779136989,0.010370724256063113,2013,9,0.010635236617393035,-0.0006741682419996717,0.011309404859392707
2013-10-01 00:00:00,224.89244079589844,,,,2013,10,,,
2013-10-01 06:00:00,,0.002165186405181885,0.00027374200872145595,0.002438928413903341,2013,10,0.00236116292822452,-0.00029851909348032273,0.002659682021704843
2013-11-01 00:00:00,239.8253631591797,,,,2013,11,,,
2013-11-01 06:00:00,,0.004113435745239258,0.0005763514491263777,0.0046897871943656355,2013,11,0.004485753266345973,-0.000628518483234872,0.005114271749580845
2013-12-01 00:00:00,246.8942413330078,,,,2013,12,,,
2013-12-01 06:00:00,,0.0015964508056640625,0.00021945839398540556,0.001815909199649468,2013,12,0.0017409496244973417,-0.00023932213084558947,0.0019802717553429315
2014-01-01 00:00:00,246.01351928710938,,,,2014,1,,,
2014-01-01 06:00:00,,0.00153658390045166,0.0003129370976239443,0.0018495209980756043,2014,1,0.0016756640135786914,-0.0003412618294699502,0.0020169258430486415
2014-02-01 00:00:00,231.7777557373047,,,,2014,2,,,
2014-02-01 06:00:00,,0.0012256622314453125,0.0003445854876190424,0.0015702477190643548,2014,2,0.0013366000342915076,-0.0003757747956587158,0.0017123748299502234
2014-03-01 00:00:00,221.3891143798828,,,,2014,3,,,
2014-03-01 06:00:00,,0.0047294855117797855,0.00017800270579755307,0.004907488217577339,2014,3,0.005157563262573376,-0.00019411418298533595,0.0053516774455587115
2014-04-01 00:00:00,223.5463409423828,,,,2014,4,,,
2014-04-01 06:00:00,,0.013904571533203125,0.000529106737303664,0.014433678270506789,2014,4,0.015163109632718783,-0.0005769975325012693,0.015740107165220053
2014-05-01 00:00:00,222.66334533691406,,,,2014,5,,,
2014-05-01 06:00:00,,0.01049666404724121,0.00029917618667241186,0.010795840233913622,2014,5,0.011446743781070022,-0.0003262553835031754,0.011772999164573196
2014-06-01 00:00:00,222.46408081054688,,,,2014,6,,,
2014-06-01 06:00:00,,0.009752511978149414,0.00037381675610959064,0.010126328734259005,2014,6,0.010635236617393035,-0.0004076518605339047,0.01104288847792694
2014-07-01 00:00:00,216.6504669189453,,,,2014,7,,,
2014-07-01 06:00:00,,0.005547666549682617,0.00023316814913414418,0.005780834698816761,2014,7,0.006049799945128262,-0.00025427279076787804,0.00630407273589614
2014-08-01 00:00:00,217.6171417236328,,,,2014,8,,,
2014-08-01 06:00:00,,0.007124161720275879,0.00035292388347443195,0.0074770856037503115,2014,8,0.007768987699319388,-0.0003848679209099585,0.008153855620229347
2014-09-01 00:00:00,219.27847290039062,,,,2014,9,,,
2014-09-01 06:00:00,,0.005793571472167969,0.00020164609668427147,0.00599521756885224,2014,9,0.00631796234696616,-0.00021989759725656648,0.006537859944222726
2014-10-01 00:00:00,224.69004821777344,,,,2014,10,,,
2014-10-01 06:00:00,,0.006585359573364258,0.00019449192623142154,0.006779851499595679,2014,10,0.007181417201051535,-0.00021209588465803875,0.007393513085709573
2014-11-01 00:00:00,236.8152618408203,,,,2014,11,,,
2014-11-01 06:00:00,,0.0014677047729492188,0.000335289747454226,0.0018029945204034448,2014,11,0.001600550461231427,-0.0003656376744320894,0.0019661881356635167
2014-12-01 00:00:00,246.22071838378906,,,,2014,12,,,
2014-12-01 06:00:00,,0.004978930950164795,0.00013533145829569548,0.005114262408460491,2014,12,0.005429586641401085,-0.00014758065244895908,0.005577167293850044
2015-01-01 00:00:00,244.09088134765625,,,,2015,1,,,
2015-01-01 06:00:00,,0.00331263542175293,0.00012503696198109537,0.003437672383734025,2015,1,0.0036124704708319845,-0.0001363543751156983,0.0037488248459476826
2015-02-01 00:00:00,233.52406311035156,,,,2015,2,,,
2015-02-01 06:00:00,,0.0038031578063964845,0.00018095072591677307,0.003984108532313258,2015,2,0.0041473912828751194,-0.00019732903589615383,0.004344720318771273
2015-03-01 00:00:00,225.294921875,,,,2015,3,,,
2015-03-01 06:00:00,,0.008401322364807128,0.00035093109090666985,0.008752253455713798,2015,3,0.00916174739891726,-0.0003826947556234131,0.009544442154540674
2015-04-01 00:00:00,224.3321990966797,,,,2015,4,,,
2015-04-01 06:00:00,,0.01056361198425293,0.0005487625294335885,0.011112374513686518,2015,4,0.011519751345968297,-0.0005984324203201619,0.01211818376628846
2015-05-01 00:00:00,220.1044464111328,,,,2015,5,,,
2015-05-01 06:00:00,,0.008231699466705322,0.00018768074423860525,0.008419380210943928,2015,5,0.008976771501314419,-0.0002046682052765597,0.009181439706590978
2015-06-01 00:00:00,220.62481689453125,,,,2015,6,,,
2015-06-01 06:00:00,,0.005909442901611328,0.0003619756316766143,0.006271418533287942,2015,6,0.006444321593905483,-0.00039473896584145505,0.006839060559746938
2015-07-01 00:00:00,215.1494140625,,,,2015,7,,,
2015-07-01 06:00:00,,0.005487799644470215,0.0002492651750799268,0.005737064819550141,2015,7,0.005984514334209612,-0.00027182679943285365,0.0062563411336424655
2015-08-01 00:00:00,217.44688415527344,,,,2015,8,,,
2015-08-01 06:00:00,,0.005378043651580811,0.00025124593994405584,0.005629289591524866,2015,8,0.0058648240475254205,-0.000273986848357749,0.0061388108958831695
2015-09-01 00:00:00,217.8093719482422,,,,2015,9,,,
2015-09-01 06:00:00,,0.004702448844909668,0.00022700932640873361,0.004929458171318402,2015,9,0.005128079438287533,-0.0002475565173486735,0.005375635955636207
2015-10-01 00:00:00,228.98733520507812,,,,2015,10,,,
2015-10-01 06:00:00,,0.006455647945404053,0.00042207922087982296,0.006877727166283876,2015,10,0.007039965044061126,-0.00046028268362030854,0.007500247727681434
2015-11-01 00:00:00,239.21400451660156,,,,2015,11,,,
2015-11-01 06:00:00,,0.008719325065612793,0.0002538365079089999,0.008973161573521793,2015,11,0.00950853333218407,-0.00027681189521155936,0.00978534522739563
2015-12-01 00:00:00,245.57275390625,,,,2015,12,,,
2015-12-01 06:00:00,,0.005647444725036621,-0.00011554638062989397,0.005531898344406727,2015,12,0.006158609296659346,0.00012600477713183638,0.00603260451952751
2016-01-01 00:00:00,243.35589599609375,,,,2016,1,,,
2016-01-01 06:00:00,,0.0026740550994873045,-1.1770706623792649e-05,0.0026622843928635117,2016,1,0.002916090621033047,1.2836103188432551e-05,0.0029032545178446145
2016-02-01 00:00:00,233.36654663085938,,,,2016,2,,,
2016-02-01 06:00:00,,0.00207216739654541,0.00026254157437506366,0.002334708970920474,2016,2,0.0022597245327648963,-0.00028630487936211955,0.002546029412127016
2016-03-01 00:00:00,222.87155151367188,,,,2016,3,,,
2016-03-01 06:00:00,,0.0037915706634521484,0.00034245917231601197,0.00413402983576816,2016,3,0.0041347553581811865,-0.0003734560221548658,0.004508211380336052
2016-04-01 00:00:00,223.2854461669922,,,,2016,4,,,
2016-04-01 06:00:00,,0.0077440738677978516,0.0004271790949132992,0.00817125296271115,2016,4,0.008445009670444767,-0.0004658441602107952,0.008910853830655562
2016-05-01 00:00:00,219.9460906982422,,,,2016,5,,,
2016-05-01 06:00:00,,0.005567622184753418,0.0003815271329585812,0.005949149317711999,2016,5,0.006071561815434479,-0.00041606012318274937,0.006487621938617229
2016-06-01 00:00:00,221.5519256591797,,,,2016,6,,,
2016-06-01 06:00:00,,0.011142969131469727,0.0002794709871523082,0.011422440118622035,2016,6,0.012151547580664914,-0.0003047666163056796,0.012456314196970594
2016-07-01 00:00:00,215.71279907226562,,,,2016,7,,,
2016-07-01 06:00:00,,0.003801548480987549,0.0002012787483181455,0.004002827229305695,2016,7,0.0041456362933342955,-0.0002194969992564291,0.004365133292590724
2016-08-01 00:00:00,220.6394805908203,,,,2016,8,,,
2016-08-01 06:00:00,,0.0036917924880981445,0.00038425544244091725,0.004076047930539062,2016,8,0.004025946006650103,-0.00041903537888867743,0.00444498138553878
2016-09-01 00:00:00,217.6654510498047,,,,2016,9,,,
2016-09-01 06:00:00,,0.0052721500396728516,0.0002820666431944119,0.0055542166828672634,2016,9,0.005749345735739205,-0.00030759721177144153,0.006056942947510647
2016-10-01 00:00:00,225.00750732421875,,,,2016,10,,,
2016-10-01 06:00:00,,0.006046557426452636,0.00036549100677802927,0.006412048433230666,2016,10,0.0065938467027836815,-0.0003985725264754954,0.006992419229259177
2016-11-01 00:00:00,239.89183044433594,,,,2016,11,,,
2016-11-01 06:00:00,,0.00550389289855957,0.00020017949282191694,0.005704072391381487,2016,11,0.006002064229617851,-0.00021829824735214497,0.006220362476969997
2016-12-01 00:00:00,247.42652893066406,,,,2016,12,,,
2016-12-01 06:00:00,,0.003731703758239746,8.325241506099701e-05,0.003814956173300743,2016,12,0.004069469747262537,-9.07878026837481e-05,0.004160257549946284
2017-01-01 00:00:00,245.9578857421875,,,,2017,1,,,
2017-01-01 06:00:00,,0.002993345260620117,-8.913289639167488e-05,0.0029042123642284423,2017,1,0.003264280545932516,9.720054132134664e-05,0.003167080004611169
2017-02-01 00:00:00,236.2255859375,,,,2017,2,,,
2017-02-01 06:00:00,,0.0046142578125,0.0004298099549487233,0.005044067767448723,2017,2,0.005031906011450381,-0.00046871314607276255,0.005500619157523144
2017-03-01 00:00:00,225.64878845214844,,,,2017,3,,,
2017-03-01 06:00:00,,0.009059858322143555,0.00039316401234827935,0.009453022334491835,2017,3,0.009879889119022416,-0.00042875028609408867,0.010308639405116504
2017-04-01 00:00:00,220.58993530273438,,,,2017,4,,,
2017-04-01 06:00:00,,0.00673985481262207,0.00015105106285773218,0.0068909058754798025,2017,4,0.007349896196970632,-0.00016472307836175808,0.007514619275332391
2017-05-01 00:00:00,220.99249267578125,,,,2017,5,,,
2017-05-01 06:00:00,,0.007463407516479492,0.0002791424476527027,0.007742549964132195,2017,5,0.008138939494525073,-0.0003044083398611807,0.008443347834386253
2017-06-01 00:00:00,220.4482421875,,,,2017,6,,,
2017-06-01 06:00:00,,0.00685572624206543,0.00024913818924687803,0.007104864431312308,2017,6,0.007476255443909956,-0.00027168831978939805,0.007747943763699354
2017-07-01 00:00:00,218.7323455810547,,,,2017,7,,,
2017-07-01 06:00:00,,0.0028935670852661133,0.0003254774250308401,0.0032190445102969535,2017,7,0.003155471194401432,-0.00035493721377408946,0.0035104084081755216
2017-08-01 00:00:00,217.37576293945312,,,,2017,8,,,
2017-08-01 06:00:00,,0.005308198928833008,0.00017903800180647523,0.005487236930639483,2017,8,0.005788657501453662,-0.0001952431862666033,0.005983900687720265
2017-09-01 00:00:00,220.0134735107422,,,,2017,9,,,
2017-09-01 06:00:00,,0.005967378616333008,0.0003232740273233503,0.006290652643656358,2017,9,0.0065075012173751445,-0.00035253438094149433,0.006860035598316639
2017-10-01 00:00:00,229.3585968017578,,,,2017,10,,,
2017-10-01 06:00:00,,0.007283806800842285,0.0003164376161294058,0.007600244416971691,2017,10,0.007943082661769123,-0.0003450791887997882,0.00828816185056891
2017-11-01 00:00:00,237.68673706054688,,,,2017,11,,,
2017-11-01 06:00:00,,0.008883476257324219,7.91830534581095e-05,0.008962659310782328,2017,11,0.009687542265348112,-8.635011282236586e-05,0.009773892378170477
2017-12-01 00:00:00,244.0010528564453,,,,2017,12,,,
2017-12-01 06:00:00,,0.0022549867630004884,0.0001634549698792398,0.002418441732879728,2017,12,0.0024590913446024955,-0.00017824969452479803,0.0026373410391272935
2018-01-01 00:00:00,245.83895874023438,,,,2018,1,,,
2018-01-01 06:00:00,,0.0035421252250671387,0.00010863056522794067,0.0036507557902950793,2018,1,0.003862731979353477,-0.00011846299370549691,0.003981194973058974
2018-02-01 00:00:00,234.8599395751953,,,,2018,2,,,
2018-02-01 06:00:00,,0.0027036666870117188,0.0005548501387238503,0.003258516825735569,2018,2,0.002948382428584208,-0.0006050710345952566,0.0035534534631794642
2018-03-01 00:00:00,227.5144805908203,,,,2018,3,,,
2018-03-01 06:00:00,,0.01095564365386963,0.00043386210745666176,0.011389505761326291,2018,3,0.01194726679811301,-0.00047313206920028544,0.012420398867313295
2018-04-01 00:00:00,220.57568359375,,,,2018,4,,,
2018-04-01 06:00:00,,0.004219651222229004,0.00018655837629921734,0.004406209598528221,2018,4,0.004601582576040353,-0.00020344424896315958,0.004805026825003513
2018-05-01 00:00:00,226.69134521484375,,,,2018,5,,,
2018-05-01 06:00:00,,0.011713957786560059,0.0006683065634206286,0.012382264349980687,2018,5,0.012774217869749246,-0.0007287966885721141,0.01350301455832136
2018-06-01 00:00:00,227.8296356201172,,,,2018,6,,,
2018-06-01 06:00:00,,0.012108564376831055,0.00039960697176866233,0.012508171348599717,2018,6,0.013204541305159273,-0.0004357764141424889,0.013640317719301763
2018-07-01 00:00:00,218.93540954589844,,,,2018,7,,,
2018-07-01 06:00:00,,0.0021552085876464845,0.00037458212373167046,0.002529790711378155,2018,7,0.0023502819930714116,-0.00040848650352417717,0.0027587684965955884
2018-08-01 00:00:00,220.57339477539062,,,,2018,8,,,
2018-08-01 06:00:00,,0.002015519142150879,0.0003338208451168612,0.0023493399872677404,2018,8,0.0021979489009278943,-0.0003640358180118442,0.0025619847189397387
2018-09-01 00:00:00,216.25811767578125,,,,2018,9,,,
2018-09-01 06:00:00,,0.0035244226455688477,0.00016258115647360682,0.0036870038020424545,2018,9,0.003843427094404414,-0.0001772967900475538,0.004020723884451968
2018-10-01 00:00:00,229.9871063232422,,,,2018,10,,,
2018-10-01 06:00:00,,0.013859188556671143,0.0003534330055117607,0.014212621562182904,2018,10,0.01511361892766755,-0.0003854231248765111,0.01549904205254406
2018-11-01 00:00:00,236.23831176757812,,,,2018,11,,,
2018-11-01 06:00:00,,0.005658388137817383,-2.1671672584488988e-05,0.005636716465232894,2018,11,0.006170543225536949,2.36332307355387e-05,0.00614690999480141
2018-12-01 00:00:00,249.32627868652344,,,,2018,12,,,
2018-12-01 06:00:00,,0.01045675277709961,-0.00038351748953573405,0.010073235287563875,2018,12,0.011403220040457589,0.00041823063199098587,0.010984989408466603
2019-01-01 00:00:00,245.64404296875,,,,2019,1,,,
2019-01-01 06:00:00,,0.004609751701354981,0.0002380303863901645,0.0048477820877451455,2019,1,0.005026992040736074,-0.0002595751214723713,0.005286567162208446
2019-02-01 00:00:00,238.14096069335938,,,,2019,2,,,
2019-02-01 06:00:00,,0.003658962249755859,0.0005100287169625517,0.004168990966718411,2019,2,0.0039901442200172945,-0.0005561927120638513,0.0045463369320811456
2019-03-01 00:00:00,227.17794799804688,,,,2019,3,,,
2019-03-01 06:00:00,,0.007902431488037109,0.0004897827078821137,0.008392214195919222,2019,3,0.008617700641261841,-0.0005341141852585754,0.009151814826520416
2019-04-01 00:00:00,221.23397827148438,,,,2019,4,,,
2019-04-01 06:00:00,,0.005967378616333008,0.0002052031341008842,0.006172581750433892,2019,4,0.0065075012173751445,-0.00022377659116781264,0.006731277808542957
2019-05-01 00:00:00,221.1332244873047,,,,2019,5,,,
2019-05-01 06:00:00,,0.0058170676231384276,0.00018122795736417175,0.005998295580502599,2019,5,0.006343585194262189,-0.00019763136026627233,0.006541216554528461
2019-06-01 00:00:00,218.1094970703125,,,,2019,6,,,
2019-06-01 06:00:00,,0.007319211959838867,0.00019146429440297652,0.007510676254241844,2019,6,0.007981692431667249,-0.00020879421417990896,0.008190486645847157
2019-07-01 00:00:00,219.60569763183594,,,,2019,7,,,
2019-07-01 06:00:00,,0.005238354206085205,0.0003688601340400055,0.00560721434012521,2019,7,0.005712490955381903,-0.00040224660200654903,0.006114737557388452
2019-08-01 00:00:00,217.03797912597656,,,,2019,8,,,
2019-08-01 06:00:00,,0.00639578104019165,0.000230512919370085,0.006626293959561735,2019,8,0.006974679433142475,-0.0002513772294112159,0.0072260566625536905
2019-09-01 00:00:00,218.61558532714844,,,,2019,9,,,
2019-09-01 06:00:00,,0.008352398872375488,0.0001925155520439148,0.008544914424419403,2019,9,0.009108395716876213,-0.00020994062382106302,0.009318336340697276
2019-10-01 00:00:00,225.9412384033203,,,,2019,10,,,
2019-10-01 06:00:00,,0.005128598213195801,0.00039587024566571926,0.00552446845886152,2019,10,0.005592800668697711,-0.0004317014674653427,0.006024502136163053
2019-11-01 00:00:00,238.51625061035156,,,,2019,11,,,
2019-11-01 06:00:00,,0.0025491714477539062,8.856554632075131e-05,0.0026377369940746576,2019,11,0.00277990343266511,-9.658183895392727e-05,0.0028764852716190374
2019-12-01 00:00:00,247.0601348876953,,,,2019,12,,,
2019-12-01 06:00:00,,0.003631925582885742,9.5325184520334e-05,0.0037272507674060763,2019,12,0.003960660395731452,-0.00010395330918247983,0.004064613704913933
2020-01-01 00:00:00,245.04481506347656,,,,2020,1,,,
2020-01-01 06:00:00,,0.001815962791442871,0.00019237505039200188,0.002008337841834873,2020,1,0.001980330197865726,-0.00020978740500763563,0.002190117602873362
2020-02-01 00:00:00,234.30674743652344,,,,2020,2,,,
2020-02-01 06:00:00,,0.002221512794494629,0.0003680743306176737,0.002589587125112303,2020,2,0.0024225875621533576,-0.0004013896735198186,0.0028239772356731764
2020-03-01 00:00:00,227.87350463867188,,,,2020,3,,,
2020-03-01 06:00:00,,0.01095564365386963,0.0004339058030382148,0.011389549456907844,2020,3,0.01194726679811301,-0.0004731797197799507,0.01242044651789296
2020-04-01 00:00:00,223.7608184814453,,,,2020,4,,,
2020-04-01 06:00:00,,0.009559392929077148,0.00043353968248993624,0.009992932611567085,2020,4,0.010424637872494164,-0.0004727804607305739,0.010897418333224737
2020-05-01 00:00:00,222.87698364257812,,,,2020,5,,,
2020-05-01 06:00:00,,0.011504423618316651,0.00039982873040571575,0.011904252348722368,2020,5,0.01254571823153397,-0.00043601824471724727,0.012981736476251218
2020-06-01 00:00:00,223.54586791992188,,,,2020,6,,,
2020-06-01 06:00:00,,0.013267278671264648,0.0004645723365683807,0.01373185100783303,2020,6,0.014468133774552507,-0.0005066219591803497,0.014974755733732855
2020-07-01 00:00:00,218.64964294433594,,,,2020,7,,,
2020-07-01 06:00:00,,0.0031031012535095216,0.00024300711520481856,0.0033461083687143403,2020,7,0.0033839708326167083,-0.0002650023066573812,0.0036489731392740895
2020-08-01 00:00:00,214.7979736328125,,,,2020,8,,,
2020-08-01 06:00:00,,0.002274942398071289,0.00014661008530083563,0.0024215524833721244,2020,8,0.002480853214908712,-0.00015988013664213263,0.0026407333515508446
2020-09-01 00:00:00,218.53762817382812,,,,2020,9,,,
2020-09-01 06:00:00,,0.0044127702713012695,0.00030178859014995396,0.0047145588614512235,2020,9,0.004812181320939225,-0.0003291042422573107,0.005141285563196536
2020-10-01 00:00:00,222.81744384765625,,,,2020,10,,,
2020-10-01 06:00:00,,0.00307316780090332,0.00027280658832751215,0.0033459743892308323,2020,10,0.003351328027157383,-0.0002974990058097188,0.0036488270329671016
2020-11-01 00:00:00,241.06874084472656,,,,2020,11,,,
2020-11-01 06:00:00,,0.009472489356994629,0.0004268727789167315,0.00989936213591136,2020,11,0.01032986843728967,-0.00046551011877506154,0.010795378556064732
2020-12-01 00:00:00,247.45338439941406,,,,2020,12,,,
2020-12-01 06:00:00,,0.010257196426391602,-0.00012634752492886038,0.010130848901462743,2020,12,0.011185601337395422,0.00013778356044586736,0.011047817776949555
2021-01-01 00:00:00,244.1067352294922,,,,2021,1,,,
2021-01-01 06:00:00,,0.0020554304122924806,0.0002770963677903637,0.0023325267800828444,2021,1,0.002241472641540328,-0.00030217706411162887,0.002543649705651957
2021-02-01 00:00:00,232.82823181152344,,,,2021,2,,,
2021-02-01 06:00:00,,0.002162933349609375,0.00020032832399010658,0.0023632616735994815,2021,2,0.0023587059428673662,-0.0002184605496075317,0.0025771664924748978
2021-03-01 00:00:00,227.276123046875,,,,2021,3,,,
2021-03-01 06:00:00,,0.0068846940994262695,0.000547028334949573,0.007431722434375843,2021,3,0.0075078452556447866,-0.0005965412594869934,0.008104386515131779
2021-04-01 00:00:00,220.1599884033203,,,,2021,4,,,
2021-04-01 06:00:00,,0.0054073333740234375,0.0004168206342001213,0.005824154008223559,2021,4,0.005896764857168416,-0.00045454812889871455,0.00635131298606713
2021-05-01 00:00:00,221.52960205078125,,,,2021,5,,,
2021-05-01 06:00:00,,0.009099769592285156,0.00033334095496684313,0.009433110547251999,2021,5,0.009923412859634847,-0.00036351249178499795,0.010286925351419845
2021-06-01 00:00:00,213.6954345703125,,,,2021,6,,,
2021-06-01 06:00:00,,0.003572702407836914,0.0001191152443880128,0.003691817652224927,2021,6,0.0038960767806291317,-0.00012989666781680785,0.00402597344844594
2021-07-01 00:00:00,218.18209838867188,,,,2021,7,,,
2021-07-01 06:00:00,,0.007144117355346679,0.0002884675719542429,0.007432584927300923,2021,7,0.007790749569625604,-0.00031457750485740774,0.008105327074483012
2021-08-01 00:00:00,214.47764587402344,,,,2021,8,,,
2021-08-01 06:00:00,,0.0010576486587524415,0.0002205130256697885,0.00127816168442223,2021,8,0.001153379126229489,-0.00024047221992343345,0.0013938513461529225
2021-09-01 00:00:00,216.63746643066406,,,,2021,9,,,
2021-09-01 06:00:00,,0.0033216476440429688,0.00024027417930483352,0.0035619218233478023,2021,9,0.0036222984122605984,-0.00026202200578498744,0.0038843204180455857
2021-10-01 00:00:00,221.16651916503906,,,,2021,10,,,
2021-10-01 06:00:00,,0.0018758296966552735,0.0002026963426033035,0.002078526039258577,2021,10,0.0020456158087843765,-0.00022104290360229386,0.002266658712386671
2021-11-01 00:00:00,236.33856201171875,,,,2021,11,,,
2021-11-01 06:00:00,,0.004113435745239258,0.0003469070652499795,0.004460342810489237,2021,11,0.004485753266345973,-0.0003783065051799122,0.004864059771525885
2021-12-01 00:00:00,247.2740478515625,,,,2021,12,,,
2021-12-01 06:00:00,,0.007882475852966309,-5.215699493419379e-05,0.007830318858032115,2021,12,0.008595938770955625,5.687785707109464e-05,0.008539060913884532
2022-01-01 00:00:00,246.35037231445312,,,,2022,1,,,
2022-01-01 06:00:00,,0.009219503402709961,-0.0001606730686035007,0.00905883033410646,2022,1,0.010053984081472149,0.00017521599629607493,0.009878768085176074
2022-02-01 00:00:00,235.07675170898438,,,,2022,2,,,
2022-02-01 06:00:00,,0.0010634422302246093,0.0003398703527636826,0.0014033125829882918,2022,2,0.001159697088576455,-0.00037063288196693847,0.0015303299705433935
2022-03-01 00:00:00,221.66259765625,,,,2022,3,,,
2022-03-01 06:00:00,,0.005527710914611817,0.00028392932144924996,0.005811640236061066,2022,3,0.0060280380748220464,-0.0003096284857679934,0.006337666560590039
2022-04-01 00:00:00,219.93234252929688,,,,2022,4,,,
2022-04-01 06:00:00,,0.007377147674560547,0.00023487821454182267,0.0076120258891023695,2022,4,0.00804487205513691,-0.0002561376385407008,0.008301009693677612
2022-05-01 00:00:00,219.03953552246094,,,,2022,5,,,
2022-05-01 06:00:00,,0.005557644367218018,0.0002159968513296917,0.00577364121854771,2022,5,0.006060680880281371,-0.00023554727516869324,0.006296228155450065
2022-06-01 00:00:00,223.61801147460938,,,,2022,6,,,
2022-06-01 06:00:00,,0.007695794105529785,0.0005294671263982309,0.008225261231928016,2022,6,0.00839235998422005,-0.000577390541328496,0.008969750525548544
2022-07-01 00:00:00,216.6431884765625,,,,2022,7,,,
2022-07-01 06:00:00,,0.004829263687133789,0.00025297260053775973,0.005082236287671549,2022,7,0.005266372614104459,-0.00027586979338905095,0.0055422424074935105
2022-08-01 00:00:00,221.67478942871094,,,,2022,8,,,
2022-08-01 06:00:00,,0.011334800720214843,0.0003016047170603997,0.011636405437275243,2022,8,0.012360742333931127,-0.0003289037263472188,0.012689646060278345
2022-09-01 00:00:00,218.5782928466797,,,,2022,9,,,
2022-09-01 06:00:00,,0.006990909576416016,0.000207890581805259,0.007198800158221275,2022,9,0.007623674565339166,-0.00022670728659243073,0.007850381851931596
2022-10-01 00:00:00,224.07354736328125,,,,2022,10,,,
2022-10-01 06:00:00,,0.0029334783554077148,0.00027508911152835936,0.0032085674669360743,2022,10,0.0031989949350138655,-0.0002999881259851247,0.0034989830609989904
2022-11-01 00:00:00,235.00413513183594,,,,2022,11,,,
2022-11-01 06:00:00,,0.0034568309783935547,0.0001928715209942311,0.003649702499387786,2022,11,0.0037697175336898086,-0.0002103288124255519,0.0039800463461153604
2022-12-01 00:00:00,244.45223999023438,,,,2022,12,,,
2022-12-01 06:00:00,,0.007742786407470703,-0.00022018660292815183,0.007522599804542551,2022,12,0.008443605678812107,0.0002401162518300456,0.008203489426982062
2023-01-01 00:00:00,242.44822692871094,,,,2023,1,,,
2023-01-01 06:00:00,,0.0035720586776733397,-5.707806707277996e-05,0.0035149806106005597,2023,1,0.003895374784812802,6.2244347952868e-05,0.003833130436859934
2023-02-01 00:00:00,233.53030395507812,,,,2023,2,,,
2023-02-01 06:00:00,,0.0037851333618164062,0.00015828815521672367,0.00394342151703313,2023,2,0.004127735400017891,-0.00017261521833884805,0.004300350618356739
2023-03-01 00:00:00,226.10980224609375,,,,2023,3,,,
2023-03-01 06:00:00,,0.014368057250976562,0.0005452113904539146,0.014913268641430477,2023,3,0.015668546620476075,-0.0005945598587283693,0.016263106479204446
2023-04-01 00:00:00,223.50515747070312,,,,2023,4,,,
2023-04-01 06:00:00,,0.00794684886932373,0.00039181808824650943,0.00833866695757024,2023,4,0.008666138352588582,-0.0004272825389820168,0.0090934208915706
2023-05-01 00:00:00,220.59445190429688,,,,2023,5,,,
2023-05-01 06:00:00,,0.007553207874298096,0.00021477642003446816,0.007767984294332564,2023,5,0.00823686791090305,-0.00023421637953595218,0.008471084290439001
2023-06-01 00:00:00,221.8894500732422,,,,2023,6,,,
2023-06-01 06:00:00,,0.0075702667236328125,0.00038943710387684405,0.007959703827509657,2023,6,0.008255470800035782,-0.0004246860456672236,0.008680156845703006
2023-07-01 00:00:00,219.85589599609375,,,,2023,7,,,
2023-07-01 06:00:00,,0.006695115566253662,0.00032394290319643916,0.007019058469450101,2023,7,0.007301107487735727,-0.0003532637984693993,0.0076543712862051265
2023-08-01 00:00:00,222.0010986328125,,,,2023,8,,,
2023-08-01 06:00:00,,0.009059860758134164,0.0004114144539926201,0.009471275212126784,2023,8,0.009879891775500724,-0.00044865262158410045,0.010328544397084824
2023-09-01 00:00:00,221.2895965576172,,,,2023,9,,,
2023-09-01 06:00:00,,0.008545517921447754,0.0003518552694004029,0.008897373190848157,2023,9,0.009318994461775086,-0.00038370258386085374,0.00970269704563594
2023-10-01 00:00:00,226.14645385742188,,,,2023,10,,,
2023-10-01 06:00:00,,0.005527710914611817,0.00047047519856278084,0.005998186113174597,2023,10,0.0060280380748220464,-0.0005130591042124109,0.006541097179034457
2023-11-01 00:00:00,238.05810546875,,,,2023,11,,,
2023-11-01 06:00:00,,0.010080814361572266,0.0002947758839582093,0.010375590245530475,2023,11,0.010993254483721118,-0.00032145679820960667,0.011314711281930725
2023-12-01 00:00:00,245.0537109375,,,,2023,12,,,
2023-12-01 06:00:00,,0.006725049018859864,-0.00010540287767071276,0.0066196461411891505,2023,12,0.007333750293195052,0.00011494315994625165,0.007218807133248801
2024-01-01 00:00:00,242.4031219482422,,,,2024,1,,,
2024-01-01 06:00:00,,0.0047294855117797855,-0.0002459497918607667,0.004483535719919019,2024,1,0.005157563262573376,0.0002682113324544893,0.0048893519301188865
2024-02-01 00:00:00,233.69541931152344,,,,2024,2,,,
2024-02-01 06:00:00,,0.005525777445291169,0.00026476799121155636,0.005790545436502726,2024,2,0.006025929602280446,-0.0002887328148435729,0.006314662417124019
2024-03-01 00:00:00,225.02972412109375,,,,2024,3,,,
2024-03-01 06:00:00,,0.008141899108886718,0.0003953101200750098,0.008537209228961729,2024,3,0.008878843084936442,-0.00043109064348419824,0.009309933728420641
2024-04-01 00:00:00,221.68597412109375,,,,2024,4,,,
2024-04-01 06:00:00,,0.006479144096374512,0.000354026296918164,0.006833170393292676,2024,4,0.0070655878913571555,-0.0003860701165955987,0.007451658007952754
2024-05-01 00:00:00,222.6042022705078,,,,2024,5,,,
2024-05-01 06:00:00,,0.012432360649108886,0.0004745140709928819,0.012906874720101769,2024,5,0.01355764520077305,-0.000517463545248508,0.014075108746021556
2024-06-01 00:00:00,222.83480834960938,,,,2024,6,,,
2024-06-01 06:00:00,,0.012533426284790039,0.0004500296199694276,0.012983455904759467,2024,6,0.013667858543936793,-0.0004907629443505208,0.014158621488287313
2024-07-01 00:00:00,223.72459411621094,,,,2024,7,,,
2024-07-01 06:00:00,,0.010047662258148193,0.0005441663504825555,0.010591828608630748,2024,7,0.010957101699180145,-0.0005934202295338664,0.01155052192871401
2024-08-01 00:00:00,223.68858337402344,,,,2024,8,,,
2024-08-01 06:00:00,,0.005647444725036621,0.0005519298525541672,0.006199374577590788,2024,8,0.006158609296659346,-0.0006018864259042172,0.006760495722563564
2024-09-01 00:00:00,222.3765411376953,,,,2024,9,,,
2024-09-01 06:00:00,,0.00488591194152832,0.0003025454661838012,0.0051884574077121215,2024,9,0.005328148245941461,-0.0003299296250641234,0.005658077871005585
2024-10-01 00:00:00,225.9010467529297,,,,2024,10,,,
2024-10-01 06:00:00,,0.006405758857727051,0.00037387355496321106,0.006779632412690262,2024,10,0.006985560368295584,-0.0004077138003960862,0.00739327416869167
2024-11-01 00:00:00,236.6752471923828,,,,2024,11,,,
2024-11-01 06:00:00,,0.007425427436828613,0.0001864047578692407,0.007611832194697854,2024,11,0.008097521741361628,-0.00020327672613875759,0.008300798467500385
2024-12-01 00:00:00,244.52587890625,,,,2024,12,,,
2024-12-01 06:00:00,,0.002015519446649705,-1.7417380433926155e-05,0.001998102066215779,2024,12,0.0021979492329876824,1.8993871792722088e-05,0.0021789553611949604
2025-01-01 00:00:00,247.20181274414062,,,,2025,1,,,
2025-01-01 06:00:00,,0.0078824734169757,-1.6092153964564203e-05,0.007866381263011136,2025,1,0.008595936114477317,1.754869570835791e-05,0.008578387418768959
2025-02-01 00:00:00,236.62449645996094,,,,2025,2,,,
2025-02-01 06:00:00,,0.009120368957519531,0.00041315186535939574,0.009533520822878927,2025,2,0.009945876725757394,-0.0004505472904682614,0.010396424016225656
2025-03-01 00:00:00,225.22994995117188,,,,2025,3,,,
2025-03-01 06:00:00,,0.010037684440612793,0.0004175287904217839,0.010455213231034577,2025,3,0.010946220764027036,-0.00045532038213934995,0.011401541146166386
2025-04-01 00:00:00,224.6413116455078,,,,2025,4,,,
2025-04-01 06:00:00,,0.014899134635925293,0.00040167206316255033,0.015300806699087843,2025,4,0.016247693168947974,-0.00043802842220561647,0.016685721591153592
2025-05-01 00:00:00,221.2958984375,,,,2025,5,,,
2025-05-01 06:00:00,,0.009868061542510987,0.00026829269772861154,0.010136354240239598,2025,5,0.010761244866424194,-0.00029257655150339315,0.011053821417927587
2025-06-01 00:00:00,221.4544219970703,,,,2025,6,,,
2025-06-01 06:00:00,,0.009511113166809082,0.0002481622213963419,0.009759275388205424,2025,6,0.010371988186269445,-0.00027062401460887885,0.010642612200878324
2025-07-01 00:00:00,220.21971130371094,,,,2025,7,,,
2025-07-01 06:00:00,,0.007672941684722901,0.00033740418730303644,0.008010345872025938,2025,7,0.008367439132740349,-0.0003679434976041837,0.008735382630344533
2025-08-01 00:00:00,223.1832733154297,,,,2025,8,,,
2025-08-01 06:00:00,,0.012282690950087272,0.00048245768412016334,0.012765148634207435,2025,8,0.013394428516998114,-0.0005261261549838204,0.013920554671981935
2025-09-01 00:00:00,222.41522216796875,,,,2025,9,,,
2025-09-01 06:00:00,,0.010129094123840332,0.0004149255710217403,0.010544019694862072,2025,9,0.011045904169945836,-0.00045248153873690325,0.011498385708682739
2025-10-01 00:00:00,226.19180297851562,,,,2025,10,,,
2025-10-01 06:00:00,,0.003392457962036133,0.0005872541523785912,0.003979712114414724,2025,10,0.003699517952056851,-0.0006404080178610592,0.00433992596991791
2025-11-01 00:00:00,236.93701171875,,,,2025,11,,,
2025-11-01 06:00:00,,0.005204558372497559,0.0002396659674559487,0.005444224339953507,2025,11,0.0056756361750246,-0.0002613587431362581,0.005936994918160858
2025-12-01 00:00:00,244.74700927734375,,,,2025,12,,,
2025-12-01 06:00:00,,0.0019556522369384766,6.295106915104043e-05,0.002018603306089517,2025,12,0.002132663290009244,-6.864893037190886e-05,0.0022013122203811525
2026-01-01 00:00:00,,,,,2026,1,,,
2026-01-01 06:00:00,,,,,2026,1,,,
