depth_m,age,age_yrBP,year_CE
0.0,-65,-65,2015.0
0.196,-64,-64,2014.0
0.461,-63,-63,2013.0
0.674,-62,-62,2012.0
0.84,-61,-61,2011.0
1.053,-60,-60,2010.0
1.28,-59,-59,2009.0
1.508,-58,-58,2008.0
1.782,-57,-57,2007.0
1.901,-56,-56,2006.0
2.161,-55,-55,2005.0
2.346,-54,-54,2004.0
2.545,-53,-53,2003.0
2.782,-52,-52,2002.0
3.014,-51,-51,2001.0
3.246,-50,-50,2000.0
3.44,-49,-49,1999.0
3.686,-48,-48,1998.0
3.881,-47,-47,1997.0
4.094,-46,-46,1996.0
4.316,-45,-45,1995.0
4.669,-44,-44,1994.0
5.034,-43,-43,1993.0
5.165,-42,-42,1992.0
5.325,-41,-41,1991.0
5.465,-40,-40,1990.0
5.745,-39,-39,1989.0
5.865,-38,-38,1988.0
6.025,-37,-37,1987.0
6.195,-36,-36,1986.0
6.385,-35,-35,1985.0
6.654,-34,-34,1984.0
6.874,-33,-33,1983.0
7.059,-32,-32,1982.0
7.209,-31,-31,1981.0
7.459,-30,-30,1980.0
7.665,-29,-29,1979.0
7.894,-28,-28,1978.0
8.054,-27,-27,1977.0
8.219,-26,-26,1976.0
8.324,-25,-25,1975.0
8.539,-24,-24,1974.0
8.716,-23,-23,1973.0
8.868,-22,-22,1972.0
9.063,-21,-21,1971.0
9.253,-20,-20,1970.0
9.493,-19,-19,1969.0
9.653,-18,-18,1968.0
9.813,-17,-17,1967.0
10.008,-16,-16,1966.0
10.218,-15,-15,1965.0
10.363,-14,-14,1964.0
10.693,-13,-13,1963.0
10.888,-12,-12,1962.0
11.063,-11,-11,1961.0
11.213,-10,-10,1960.0
11.513,-9,-9,1959.0
11.713,-8,-8,1958.0
11.868,-7,-7,1957.0
12.098,-6,-6,1956.0
12.301,-5,-5,1955.0
12.513,-4,-4,1954.0
12.728,-3,-3,1953.0
12.888,-2,-2,1952.0
13.068,-1,-1,1951.0
13.183,0,0,1950.0
13.393,1,1,1949.0
13.593,2,2,1948.0
13.808,3,3,1947.0
14.018,4,4,1946.0
14.198,5,5,1945.0
14.368,6,6,1944.0
14.514,7,7,1943.0
14.668,8,8,1942.0
14.859,9,9,1941.0
15.019,10,10,1940.0
15.224,11,11,1939.0
15.409,12,12,1938.0
15.57,13,13,1937.0
15.7,14,14,1936.0
15.845,15,15,1935.0
16.0,16,16,1934.0
16.1,17,17,1933.0
16.365,18,18,1932.0
16.526,19,19,1931.0
16.633,20,20,1930.0
16.756,21,21,1929.0
16.921,22,22,1928.0
17.046,23,23,1927.0
17.176,24,24,1926.0
17.332,25,25,1925.0
17.572,26,26,1924.0
17.692,27,27,1923.0
17.897,28,28,1922.0
18.038,29,29,1921.0
18.148,30,30,1920.0
18.288,31,31,1919.0
18.438,32,32,1918.0
18.578,33,33,1917.0
18.759,34,34,1916.0
18.869,35,35,1915.0
18.98,36,36,1914.0
19.074,37,37,1913.0
19.214,38,38,1912.0
19.375,39,39,1911.0
19.49,40,40,1910.0
19.64,41,41,1909.0
19.754,42,42,1908.0
19.875,43,43,1907.0
20.005,44,44,1906.0
20.166,45,45,1905.0
20.296,46,46,1904.0
20.436,47,47,1903.0
20.606,48,48,1902.0
20.691,49,49,1901.0
20.891,50,50,1900.0
21.092,51,51,1899.0
21.312,52,52,1898.0
21.442,53,53,1897.0
21.582,54,54,1896.0
21.757,55,55,1895.0
21.892,56,56,1894.0
22.002,57,57,1893.0
22.127,58,58,1892.0
22.348,59,59,1891.0
22.543,60,60,1890.0
22.683,61,61,1889.0
22.843,62,62,1888.0
22.948,63,63,1887.0
23.088,64,64,1886.0
23.173,65,65,1885.0
23.363,66,66,1884.0
23.558,67,67,1883.0
23.763,68,68,1882.0
23.923,69,69,1881.0
24.074,70,70,1880.0
24.199,71,71,1879.0
24.364,72,72,1878.0
24.46,73,73,1877.0
24.61,74,74,1876.0
24.731,75,75,1875.0
24.876,76,76,1874.0
25.148,77,77,1873.0
25.259,78,78,1872.0
25.374,79,79,1871.0
25.574,80,80,1870.0
25.761,81,81,1869.0
25.906,82,82,1868.0
26.051,83,83,1867.0
26.172,84,84,1866.0
26.278,85,85,1865.0
26.449,86,86,1864.0
26.665,87,87,1863.0
26.866,88,88,1862.0
26.997,89,89,1861.0
27.122,90,90,1860.0
27.228,91,91,1859.0
27.364,92,92,1858.0
27.55,93,93,1857.0
27.806,94,94,1856.0
27.997,95,95,1855.0
28.163,96,96,1854.0
28.314,97,97,1853.0
28.459,98,98,1852.0
28.564,99,99,1851.0
28.785,100,100,1850.0
28.92,101,101,1849.0
29.056,102,102,1848.0
29.211,103,103,1847.0
29.327,104,104,1846.0
29.477,105,105,1845.0
29.598,106,106,1844.0
29.843,107,107,1843.0
29.948,108,108,1842.0
30.053,109,109,1841.0
30.208,110,110,1840.0
30.303,111,111,1839.0
30.403,112,112,1838.0
30.538,113,113,1837.0
30.658,114,114,1836.0
30.762,115,115,1835.0
30.872,116,116,1834.0
30.978,117,117,1833.0
31.098,118,118,1832.0
31.203,119,119,1831.0
31.402,120,120,1830.0
31.496,121,121,1829.0
31.601,122,122,1828.0
31.701,123,123,1827.0
31.815,124,124,1826.0
31.96,125,125,1825.0
32.074,126,126,1824.0
32.204,127,127,1823.0
32.313,128,128,1822.0
32.423,129,129,1821.0
32.518,130,130,1820.0
32.658,131,131,1819.0
32.753,132,132,1818.0
32.863,133,133,1817.0
32.963,134,134,1816.0
33.113,135,135,1815.0
33.228,136,136,1814.0
33.351,137,137,1813.0
33.427,138,138,1812.0
33.636,139,139,1811.0
33.763,140,140,1810.0
33.937,141,141,1809.0
34.029,142,142,1808.0
34.184,143,143,1807.0
34.279,144,144,1806.0
34.419,145,145,1805.0
34.543,146,146,1804.0
34.728,147,147,1803.0
34.858,148,148,1802.0
34.988,149,149,1801.0
35.098,150,150,1800.0
35.217,151,151,1799.0
35.313,152,152,1798.0
35.403,153,153,1797.0
35.463,154,154,1796.0
35.613,155,155,1795.0
35.752,156,156,1794.0
35.957,157,157,1793.0
36.052,158,158,1792.0
36.133,159,159,1791.0
36.268,160,160,1790.0
36.431,161,161,1789.0
36.527,162,162,1788.0
36.646,163,163,1787.0
36.772,164,164,1786.0
36.911,165,165,1785.0
37.091,166,166,1784.0
37.292,167,167,1783.0
37.495,168,168,1782.0
37.779,169,169,1781.0
37.889,170,170,1780.0
38.013,171,171,1779.0
38.118,172,172,1778.0
38.242,173,173,1777.0
38.332,174,174,1776.0
38.438,175,175,1775.0
38.618,176,176,1774.0
38.733,177,177,1773.0
38.931,178,178,1772.0
39.051,179,179,1771.0
39.191,180,180,1770.0
39.326,181,181,1769.0
39.42,182,182,1768.0
39.565,183,183,1767.0
39.72,184,184,1766.0
39.824,185,185,1765.0
39.893,186,186,1764.0
40.043,187,187,1763.0
40.108,188,188,1762.0
40.293,189,189,1761.0
40.412,190,190,1760.0
40.507,191,191,1759.0
40.642,192,192,1758.0
40.751,193,193,1757.0
40.901,194,194,1756.0
41.026,195,195,1755.0
41.151,196,196,1754.0
41.275,197,197,1753.0
41.395,198,198,1752.0
41.48,199,199,1751.0
41.594,200,200,1750.0
41.709,201,201,1749.0
41.874,202,202,1748.0
41.959,203,203,1747.0
42.103,204,204,1746.0
42.218,205,205,1745.0
42.287,206,206,1744.0
42.412,207,207,1743.0
42.496,208,208,1742.0
42.591,209,209,1741.0
42.786,210,210,1740.0
42.89,211,211,1739.0
43.01,212,212,1738.0
43.065,213,213,1737.0
43.194,214,214,1736.0
43.314,215,215,1735.0
43.394,216,216,1734.0
43.459,217,217,1733.0
43.554,218,218,1732.0
43.699,219,219,1731.0
43.804,220,220,1730.0
43.908,221,221,1729.0
44.023,222,222,1728.0
44.153,223,223,1727.0
44.292,224,224,1726.0
44.407,225,225,1725.0
44.497,226,226,1724.0
44.567,227,227,1723.0
44.701,228,228,1722.0
44.801,229,229,1721.0
44.886,230,230,1720.0
44.991,231,231,1719.0
45.141,232,232,1718.0
45.266,233,233,1717.0
45.396,234,234,1716.0
45.536,235,235,1715.0
45.636,236,236,1714.0
45.78,237,237,1713.0
45.92,238,238,1712.0
46.009,239,239,1711.0
46.149,240,240,1710.0
46.269,241,241,1709.0
46.354,242,242,1708.0
46.474,243,243,1707.0
46.614,244,244,1706.0
46.769,245,245,1705.0
46.849,246,246,1704.0
46.969,247,247,1703.0
47.094,248,248,1702.0
47.209,249,249,1701.0
47.349,250,250,1700.0
47.439,251,251,1699.0
47.554,252,252,1698.0
47.689,253,253,1697.0
47.804,254,254,1696.0
47.904,255,255,1695.0
48.039,256,256,1694.0
48.169,257,257,1693.0
48.244,258,258,1692.0
48.37,259,259,1691.0
48.465,260,260,1690.0
48.661,261,261,1689.0
48.731,262,262,1688.0
48.847,263,263,1687.0
48.953,264,264,1686.0
49.028,265,265,1685.0
49.104,266,266,1684.0
49.184,267,267,1683.0
49.28,268,268,1682.0
49.401,269,269,1681.0
49.476,270,270,1680.0
49.552,271,271,1679.0
49.668,272,272,1678.0
49.804,273,273,1677.0
49.94,274,274,1676.0
50.076,275,275,1675.0
50.126,276,276,1674.0
50.222,277,277,1673.0
50.353,278,278,1672.0
50.474,279,279,1671.0
50.56,280,280,1670.0
50.645,281,281,1669.0
50.736,282,282,1668.0
50.898,283,283,1667.0
50.983,284,284,1666.0
51.074,285,285,1665.0
51.176,286,286,1664.0
51.261,287,287,1663.0
51.402,288,288,1662.0
51.513,289,289,1661.0
51.67,290,290,1660.0
51.74,291,291,1659.0
51.851,292,292,1658.0
52.037,293,293,1657.0
52.143,294,294,1656.0
52.249,295,295,1655.0
52.415,296,296,1654.0
52.525,297,297,1653.0
52.651,298,298,1652.0
52.761,299,299,1651.0
52.832,300,300,1650.0
52.927,301,301,1649.0
53.057,302,302,1648.0
53.187,303,303,1647.0
53.303,304,304,1646.0
53.443,305,305,1645.0
53.518,306,306,1644.0
53.604,307,307,1643.0
53.692,308,308,1642.0
53.789,309,309,1641.0
53.925,310,310,1640.0
54.005,311,311,1639.0
54.221,312,312,1638.0
54.281,313,313,1637.0
54.361,314,314,1636.0
54.511,315,315,1635.0
54.626,316,316,1634.0
54.766,317,317,1633.0
54.911,318,318,1632.0
55.036,319,319,1631.0
55.177,320,320,1630.0
55.267,321,321,1629.0
55.377,322,322,1628.0
55.477,323,323,1627.0
55.632,324,324,1626.0
55.718,325,325,1625.0
55.813,326,326,1624.0
55.882,327,327,1623.0
55.992,328,328,1622.0
56.077,329,329,1621.0
56.137,330,330,1620.0
56.257,331,331,1619.0
56.383,332,332,1618.0
56.488,333,333,1617.0
56.548,334,334,1616.0
56.663,335,335,1615.0
56.728,336,336,1614.0
56.818,337,337,1613.0
56.888,338,338,1612.0
57.028,339,339,1611.0
57.108,340,340,1610.0
57.228,341,341,1609.0
57.378,342,342,1608.0
57.443,343,343,1607.0
57.513,344,344,1606.0
57.608,345,345,1605.0
57.722,346,346,1604.0
57.798,347,347,1603.0
57.89,348,348,1602.0
57.993,349,349,1601.0
58.118,350,350,1600.0
58.184,351,351,1599.0
58.254,352,352,1598.0
58.354,353,353,1597.0
58.473,354,354,1596.0
58.638,355,355,1595.0
58.773,356,356,1594.0
58.879,357,357,1593.0
58.994,358,358,1592.0
59.069,359,359,1591.0
59.174,360,360,1590.0
59.298,361,361,1589.0
59.388,362,362,1588.0
59.474,363,363,1587.0
59.583,364,364,1586.0
59.659,365,365,1585.0
59.784,366,366,1584.0
59.899,367,367,1583.0
59.979,368,368,1582.0
60.059,369,369,1581.0
60.129,370,370,1580.0
60.244,371,371,1579.0
60.329,372,372,1578.0
60.449,373,373,1577.0
60.574,374,374,1576.0
60.689,375,375,1575.0
60.813,376,376,1574.0
60.908,377,377,1573.0
60.978,378,378,1572.0
61.068,379,379,1571.0
61.188,380,380,1570.0
61.283,381,381,1569.0
61.358,382,382,1568.0
61.438,383,383,1567.0
61.573,384,384,1566.0
61.703,385,385,1565.0
61.828,386,386,1564.0
61.903,387,387,1563.0
61.998,388,388,1562.0
62.107,389,389,1561.0
62.197,390,390,1560.0
62.297,391,391,1559.0
62.427,392,392,1558.0
62.522,393,393,1557.0
62.622,394,394,1556.0
62.742,395,395,1555.0
62.857,396,396,1554.0
63.012,397,397,1553.0
63.097,398,398,1552.0
63.162,399,399,1551.0
63.312,400,400,1550.0
63.422,401,401,1549.0
63.487,402,402,1548.0
63.571,403,403,1547.0
63.661,404,404,1546.0
63.756,405,405,1545.0
63.896,406,406,1544.0
63.986,407,407,1543.0
64.105,408,408,1542.0
64.225,409,409,1541.0
64.335,410,410,1540.0
64.445,411,411,1539.0
64.54,412,412,1538.0
64.65,413,413,1537.0
64.78,414,414,1536.0
64.89,415,415,1535.0
64.985,416,416,1534.0
65.095,417,417,1533.0
65.17,418,418,1532.0
65.229,419,419,1531.0
65.344,420,420,1530.0
65.474,421,421,1529.0
65.584,422,422,1528.0
65.659,423,423,1527.0
65.749,424,424,1526.0
65.834,425,425,1525.0
65.949,426,426,1524.0
66.043,427,427,1523.0
66.133,428,428,1522.0
66.228,429,429,1521.0
66.363,430,430,1520.0
66.468,431,431,1519.0
66.528,432,432,1518.0
66.603,433,433,1517.0
66.708,434,434,1516.0
66.802,435,435,1515.0
66.897,436,436,1514.0
67.012,437,437,1513.0
67.102,438,438,1512.0
67.197,439,439,1511.0
67.292,440,440,1510.0
67.452,441,441,1509.0
67.542,442,442,1508.0
67.697,443,443,1507.0
67.782,444,444,1506.0
67.876,445,445,1505.0
67.975,446,446,1504.0
68.05,447,447,1503.0
68.161,448,448,1502.0
68.251,449,449,1501.0
68.316,450,450,1500.0
68.391,451,451,1499.0
68.501,452,452,1498.0
68.601,453,453,1497.0
68.661,454,454,1496.0
68.766,455,455,1495.0
68.895,456,456,1494.0
68.996,457,457,1493.0
69.111,458,458,1492.0
69.216,459,459,1491.0
69.295,460,460,1490.0
69.37,461,461,1489.0
69.47,462,462,1488.0
69.56,463,463,1487.0
69.685,464,464,1486.0
69.805,465,465,1485.0
69.885,466,466,1484.0
70.0,467,467,1483.0
70.095,468,468,1482.0
70.22,469,469,1481.0
70.335,470,470,1480.0
70.41,471,471,1479.0
70.505,472,472,1478.0
70.62,473,473,1477.0
70.706,474,474,1476.0
70.862,475,475,1475.0
70.948,476,476,1474.0
71.099,477,477,1473.0
71.185,478,478,1472.0
71.324,479,479,1471.0
71.463,480,480,1470.0
71.584,481,481,1469.0
71.664,482,482,1468.0
71.735,483,483,1467.0
71.863,484,484,1466.0
71.942,485,485,1465.0
72.015,486,486,1464.0
72.093,487,487,1463.0
72.145,488,488,1462.0
72.26,489,489,1461.0
72.35,490,490,1460.0
72.48,491,491,1459.0
72.575,492,492,1458.0
72.705,493,493,1457.0
72.775,494,494,1456.0
72.889,495,495,1455.0
72.979,496,496,1454.0
73.049,497,497,1453.0
73.114,498,498,1452.0
73.199,499,499,1451.0
73.25,500,500,1450.0
73.33,501,501,1449.0
73.39,502,502,1448.0
73.44,503,503,1447.0
73.54,504,504,1446.0
73.639,505,505,1445.0
73.749,506,506,1444.0
73.799,507,507,1443.0
73.899,508,508,1442.0
74.075,509,509,1441.0
74.185,510,510,1440.0
74.255,511,511,1439.0
74.39,512,512,1438.0
74.515,513,513,1437.0
74.645,514,514,1436.0
74.78,515,515,1435.0
74.86,516,516,1434.0
74.955,517,517,1433.0
75.055,518,518,1432.0
75.185,519,519,1431.0
75.246,520,520,1430.0
75.361,521,521,1429.0
75.491,522,522,1428.0
75.561,523,523,1427.0
75.656,524,524,1426.0
75.746,525,525,1425.0
75.816,526,526,1424.0
75.961,527,527,1423.0
76.111,528,528,1422.0
76.211,529,529,1421.0
76.281,530,530,1420.0
76.411,531,531,1419.0
76.586,532,532,1418.0
76.661,533,533,1417.0
76.775,534,534,1416.0
76.88,535,535,1415.0
76.981,536,536,1414.0
77.062,537,537,1413.0
77.112,538,538,1412.0
77.271,539,539,1411.0
77.331,540,540,1410.0
77.446,541,541,1409.0
77.587,542,542,1408.0
77.687,543,543,1407.0
77.762,544,544,1406.0
77.852,545,545,1405.0
77.992,546,546,1404.0
78.062,547,547,1403.0
78.118,548,548,1402.0
78.203,549,549,1401.0
78.263,550,550,1400.0
78.327,551,551,1399.0
78.392,552,552,1398.0
78.432,553,553,1397.0
78.497,554,554,1396.0
78.587,555,555,1395.0
78.628,556,556,1394.0
78.683,557,557,1393.0
78.758,558,558,1392.0
78.833,559,559,1391.0
78.913,560,560,1390.0
78.983,561,561,1389.0
79.058,562,562,1388.0
79.218,563,563,1387.0
79.318,564,564,1386.0
79.393,565,565,1385.0
79.498,566,566,1384.0
79.653,567,567,1383.0
79.778,568,568,1382.0
79.883,569,569,1381.0
79.993,570,570,1380.0
80.113,571,571,1379.0
80.183,572,572,1378.0
80.253,573,573,1377.0
80.343,574,574,1376.0
80.458,575,575,1375.0
80.583,576,576,1374.0
80.663,577,577,1373.0
80.748,578,578,1372.0
80.833,579,579,1371.0
80.923,580,580,1370.0
81.028,581,581,1369.0
81.123,582,582,1368.0
81.244,583,583,1367.0
81.359,584,584,1366.0
81.479,585,585,1365.0
81.584,586,586,1364.0
81.694,587,587,1363.0
81.819,588,588,1362.0
81.939,589,589,1361.0
82.04,590,590,1360.0
82.115,591,591,1359.0
82.23,592,592,1358.0
82.335,593,593,1357.0
82.43,594,594,1356.0
82.51,595,595,1355.0
82.615,596,596,1354.0
82.724,597,597,1353.0
82.814,598,598,1352.0
82.915,599,599,1351.0
83.0,600,600,1350.0
83.09,601,601,1349.0
83.225,602,602,1348.0
83.376,603,603,1347.0
83.485,604,604,1346.0
83.565,605,605,1345.0
83.649,606,606,1344.0
83.729,607,607,1343.0
83.824,608,608,1342.0
83.908,609,609,1341.0
83.993,610,610,1340.0
84.11,611,611,1339.0
84.225,612,612,1338.0
84.35,613,613,1337.0
84.45,614,614,1336.0
84.554,615,615,1335.0
84.703,616,616,1334.0
84.772,617,617,1333.0
84.877,618,618,1332.0
84.966,619,619,1331.0
85.081,620,620,1330.0
85.161,621,621,1329.0
85.276,622,622,1328.0
85.38,623,623,1327.0
85.519,624,624,1326.0
85.594,625,625,1325.0
85.678,626,626,1324.0
85.797,627,627,1323.0
85.847,628,628,1322.0
85.981,629,629,1321.0
86.149,630,630,1320.0
86.278,631,631,1319.0
86.367,632,632,1318.0
86.437,633,633,1317.0
86.511,634,634,1316.0
86.611,635,635,1315.0
86.685,636,636,1314.0
86.77,637,637,1313.0
86.874,638,638,1312.0
86.934,639,639,1311.0
86.993,640,640,1310.0
87.068,641,641,1309.0
87.167,642,642,1308.0
87.237,643,643,1307.0
87.322,644,644,1306.0
87.386,645,645,1305.0
87.461,646,646,1304.0
87.565,647,647,1303.0
87.759,648,648,1302.0
87.893,649,649,1301.0
88.023,650,650,1300.0
88.083,651,651,1299.0
88.168,652,652,1298.0
88.297,653,653,1297.0
88.382,654,654,1296.0
88.467,655,655,1295.0
88.561,656,656,1294.0
88.631,657,657,1293.0
88.696,658,658,1292.0
88.746,659,659,1291.0
88.825,660,660,1290.0
88.925,661,661,1289.0
89.055,662,662,1288.0
89.16,663,663,1287.0
89.265,664,664,1286.0
89.35,665,665,1285.0
89.45,666,666,1284.0
89.544,667,667,1283.0
89.617,668,668,1282.0
89.687,669,669,1281.0
89.731,670,670,1280.0
89.844,671,671,1279.0
89.939,672,672,1278.0
90.06,673,673,1277.0
90.185,674,674,1276.0
90.275,675,675,1275.0
90.379,676,676,1274.0
90.462,677,677,1273.0
90.545,678,678,1272.0
90.625,679,679,1271.0
90.705,680,680,1270.0
90.779,681,681,1269.0
90.873,682,682,1268.0
90.939,683,683,1267.0
91.049,684,684,1266.0
91.142,685,685,1265.0
91.241,686,686,1264.0
91.312,687,687,1263.0
91.385,688,688,1262.0
91.5,689,689,1261.0
91.562,690,690,1260.0
91.755,691,691,1259.0
91.838,692,692,1258.0
91.965,693,693,1257.0
92.125,694,694,1256.0
92.225,695,695,1255.0
92.37,696,696,1254.0
92.435,697,697,1253.0
92.525,698,698,1252.0
92.625,699,699,1251.0
92.67,700,700,1250.0
92.765,701,701,1249.0
92.895,702,702,1248.0
93.011,703,703,1247.0
93.106,704,704,1246.0
93.166,705,705,1245.0
93.216,706,706,1244.0
93.305,707,707,1243.0
93.415,708,708,1242.0
93.546,709,709,1241.0
93.646,710,710,1240.0
93.781,711,711,1239.0
93.951,712,712,1238.0
94.021,713,713,1237.0
94.081,714,714,1236.0
94.161,715,715,1235.0
94.201,716,716,1234.0
94.287,717,717,1233.0
94.362,718,718,1232.0
94.442,719,719,1231.0
94.566,720,720,1230.0
94.658,721,721,1229.0
94.716,722,722,1228.0
94.816,723,723,1227.0
94.881,724,724,1226.0
95.004,725,725,1225.0
95.073,726,726,1224.0
95.158,727,727,1223.0
95.268,728,728,1222.0
95.387,729,729,1221.0
95.491,730,730,1220.0
95.561,731,731,1219.0
95.635,732,732,1218.0
95.723,733,733,1217.0
95.821,734,734,1216.0
95.89,735,735,1215.0
95.989,736,736,1214.0
96.063,737,737,1213.0
96.138,738,738,1212.0
96.256,739,739,1211.0
96.335,740,740,1210.0
96.424,741,741,1209.0
96.488,742,742,1208.0
96.602,743,743,1207.0
96.7,744,744,1206.0
96.774,745,745,1205.0
96.888,746,746,1204.0
96.982,747,747,1203.0
97.11,748,748,1202.0
97.18,749,749,1201.0
97.234,750,750,1200.0
97.318,751,751,1199.0
97.378,752,752,1198.0
97.432,753,753,1197.0
97.502,754,754,1196.0
97.601,755,755,1195.0
97.76,756,756,1194.0
97.864,757,757,1193.0
97.939,758,758,1192.0
97.994,759,759,1191.0
98.089,760,760,1190.0
98.184,761,761,1189.0
98.276,762,762,1188.0
98.333,763,763,1187.0
98.455,764,764,1186.0
98.535,765,765,1185.0
98.6,766,766,1184.0
98.698,767,767,1183.0
98.807,768,768,1182.0
98.882,769,769,1181.0
98.981,770,770,1180.0
99.123,771,771,1179.0
99.171,772,772,1178.0
99.228,773,773,1177.0
99.301,774,774,1176.0
99.42,775,775,1175.0
99.467,776,776,1174.0
99.512,777,777,1173.0
99.582,778,778,1172.0
99.662,779,779,1171.0
99.766,780,780,1170.0
99.87,781,781,1169.0
99.97,782,782,1168.0
100.075,783,783,1167.0
100.164,784,784,1166.0
100.259,785,785,1165.0
100.328,786,786,1164.0
100.433,787,787,1163.0
100.502,788,788,1162.0
100.557,789,789,1161.0
100.675,790,790,1160.0
100.774,791,791,1159.0
100.887,792,792,1158.0
100.99,793,793,1157.0
101.045,794,794,1156.0
101.114,795,795,1155.0
101.242,796,796,1154.0
101.301,797,797,1153.0
101.419,798,798,1152.0
101.517,799,799,1151.0
101.67,800,800,1150.0
101.743,801,801,1149.0
101.832,802,802,1148.0
101.945,803,803,1147.0
102.05,804,804,1146.0
102.179,805,805,1145.0
102.248,806,806,1144.0
102.371,807,807,1143.0
102.44,808,808,1142.0
102.509,809,809,1141.0
102.578,810,810,1140.0
102.656,811,811,1139.0
102.715,812,812,1138.0
102.77,813,813,1137.0
102.883,814,814,1136.0
102.971,815,815,1135.0
103.055,816,816,1134.0
103.164,817,817,1133.0
103.223,818,818,1132.0
103.306,819,819,1131.0
103.365,820,820,1130.0
103.458,821,821,1129.0
103.542,822,822,1128.0
103.646,823,823,1127.0
103.73,824,824,1126.0
103.789,825,825,1125.0
103.863,826,826,1124.0
103.968,827,827,1123.0
104.053,828,828,1122.0
104.113,829,829,1121.0
104.177,830,830,1120.0
104.272,831,831,1119.0
104.331,832,832,1118.0
104.426,833,833,1117.0
104.516,834,834,1116.0
104.611,835,835,1115.0
104.681,836,836,1114.0
104.761,837,837,1113.0
104.941,838,838,1112.0
105.015,839,839,1111.0
105.087,840,840,1110.0
105.176,841,841,1109.0
105.261,842,842,1108.0
105.331,843,843,1107.0
105.401,844,844,1106.0
105.487,845,845,1105.0
105.592,846,846,1104.0
105.692,847,847,1103.0
105.777,848,848,1102.0
105.872,849,849,1101.0
105.927,850,850,1100.0
106.052,851,851,1099.0
106.143,852,852,1098.0
106.238,853,853,1097.0
106.389,854,854,1096.0
106.48,855,855,1095.0
106.545,856,856,1094.0
106.616,857,857,1093.0
106.701,858,858,1092.0
106.812,859,859,1091.0
106.902,860,860,1090.0
106.983,861,861,1089.0
107.033,862,862,1088.0
107.114,863,863,1087.0
107.2,864,864,1086.0
107.296,865,865,1085.0
107.351,866,866,1084.0
107.492,867,867,1083.0
107.593,868,868,1082.0
107.659,869,869,1081.0
107.744,870,870,1080.0
107.881,871,871,1079.0
107.931,872,872,1078.0
107.987,873,873,1077.0
108.068,874,874,1076.0
108.154,875,875,1075.0
108.23,876,876,1074.0
108.321,877,877,1073.0
108.442,878,878,1072.0
108.563,879,879,1071.0
108.679,880,880,1070.0
108.739,881,881,1069.0
108.83,882,882,1068.0
108.895,883,883,1067.0
108.955,884,884,1066.0
109.001,885,885,1065.0
109.071,886,886,1064.0
109.172,887,887,1063.0
109.267,888,888,1062.0
109.353,889,889,1061.0
109.424,890,890,1060.0
109.504,891,891,1059.0
109.61,892,892,1058.0
109.726,893,893,1057.0
109.816,894,894,1056.0
109.887,895,895,1055.0
109.972,896,896,1054.0
110.057,897,897,1053.0
110.168,898,898,1052.0
110.309,899,899,1051.0
110.404,900,900,1050.0
110.485,901,901,1049.0
110.59,902,902,1048.0
110.675,903,903,1047.0
110.81,904,904,1046.0
110.91,905,905,1045.0
110.98,906,906,1044.0
111.098,907,907,1043.0
111.254,908,908,1042.0
111.334,909,909,1041.0
111.4,910,910,1040.0
111.465,911,911,1039.0
111.555,912,912,1038.0
111.607,913,913,1037.0
111.701,914,914,1036.0
111.791,915,915,1035.0
111.886,916,916,1034.0
111.965,917,917,1033.0
112.025,918,918,1032.0
112.15,919,919,1031.0
112.225,920,920,1030.0
112.275,921,921,1029.0
112.405,922,922,1028.0
112.49,923,923,1027.0
112.54,924,924,1026.0
112.65,925,925,1025.0
112.795,926,926,1024.0
112.865,927,927,1023.0
112.944,928,928,1022.0
112.994,929,929,1021.0
113.059,930,930,1020.0
113.099,931,931,1019.0
113.174,932,932,1018.0
113.238,933,933,1017.0
113.268,934,934,1016.0
113.402,935,935,1015.0
113.537,936,936,1014.0
113.622,937,937,1013.0
113.737,938,938,1012.0
113.812,939,939,1011.0
113.877,940,940,1010.0
113.987,941,941,1009.0
114.087,942,942,1008.0
114.147,943,943,1007.0
114.197,944,944,1006.0
114.287,945,945,1005.0
114.406,946,946,1004.0
114.471,947,947,1003.0
114.57,948,948,1002.0
114.62,949,949,1001.0
114.665,950,950,1000.0
114.725,951,951,999.0
114.779,952,952,998.0
114.859,953,953,997.0
114.969,954,954,996.0
115.049,955,955,995.0
115.199,956,956,994.0
115.264,957,957,993.0
115.333,958,958,992.0
115.448,959,959,991.0
115.483,960,960,990.0
115.537,961,961,989.0
115.632,962,962,988.0
115.677,963,963,987.0
115.747,964,964,986.0
115.851,965,965,985.0
115.921,966,966,984.0
116.016,967,967,983.0
116.096,968,968,982.0
116.151,969,969,981.0
116.206,970,970,980.0
116.301,971,971,979.0
116.475,972,972,978.0
116.54,973,973,977.0
116.625,974,974,976.0
116.685,975,975,975.0
116.745,976,976,974.0
116.863,977,977,973.0
116.954,978,978,972.0
117.014,979,979,971.0
117.079,980,980,970.0
117.185,981,981,969.0
117.245,982,982,968.0
117.313,983,983,967.0
117.349,984,984,966.0
117.47,985,985,965.0
117.583,986,986,964.0
117.695,987,987,963.0
117.774,988,988,962.0
117.889,989,989,961.0
117.983,990,990,960.0
118.068,991,991,959.0
118.152,992,992,958.0
118.236,993,993,957.0
118.331,994,994,956.0
118.425,995,995,955.0
118.519,996,996,954.0
118.588,997,997,953.0
118.658,998,998,952.0
118.748,999,999,951.0
118.833,1000,1000,950.0
118.996,1001,1001,949.0
119.081,1002,1002,948.0
119.179,1003,1003,947.0
119.258,1004,1004,946.0
119.347,1005,1005,945.0
119.421,1006,1006,944.0
119.51,1007,1007,943.0
119.613,1008,1008,942.0
119.668,1009,1009,941.0
119.717,1010,1010,940.0
119.821,1011,1011,939.0
119.904,1012,1012,938.0
120.003,1013,1013,937.0
120.106,1014,1014,936.0
120.18,1015,1015,935.0
120.24,1016,1016,934.0
120.343,1017,1017,933.0
120.422,1018,1018,932.0
120.501,1019,1019,931.0
120.57,1020,1020,930.0
120.609,1021,1021,929.0
120.688,1022,1022,928.0
120.831,1023,1023,927.0
120.93,1024,1024,926.0
121.004,1025,1025,925.0
121.063,1026,1026,924.0
121.167,1027,1027,923.0
121.226,1028,1028,922.0
121.281,1029,1029,921.0
121.36,1030,1030,920.0
121.424,1031,1031,919.0
121.483,1032,1032,918.0
121.558,1033,1033,917.0
121.637,1034,1034,916.0
121.761,1035,1035,915.0
121.835,1036,1036,914.0
121.91,1037,1037,913.0
122.009,1038,1038,912.0
122.109,1039,1039,911.0
122.178,1040,1040,910.0
122.278,1041,1041,909.0
122.368,1042,1042,908.0
122.423,1043,1043,907.0
122.493,1044,1044,906.0
122.588,1045,1045,905.0
122.638,1046,1046,904.0
122.774,1047,1047,903.0
122.859,1048,1048,902.0
122.944,1049,1049,901.0
123.065,1050,1050,900.0
123.155,1051,1051,899.0
123.246,1052,1052,898.0
123.327,1053,1053,897.0
123.408,1054,1054,896.0
123.473,1055,1055,895.0
123.589,1056,1056,894.0
123.66,1057,1057,893.0
123.771,1058,1058,892.0
123.842,1059,1059,891.0
123.927,1060,1060,890.0
124.089,1061,1061,889.0
124.185,1062,1062,888.0
124.311,1063,1063,887.0
124.402,1064,1064,886.0
124.493,1065,1065,885.0
124.554,1066,1066,884.0
124.614,1067,1067,883.0
124.66,1068,1068,882.0
124.736,1069,1069,881.0
124.816,1070,1070,880.0
124.892,1071,1071,879.0
124.978,1072,1072,878.0
125.058,1073,1073,877.0
125.129,1074,1074,876.0
125.265,1075,1075,875.0
125.325,1076,1076,874.0
125.401,1077,1077,873.0
125.497,1078,1078,872.0
125.572,1079,1079,871.0
125.693,1080,1080,870.0
125.763,1081,1081,869.0
125.864,1082,1082,868.0
125.959,1083,1083,867.0
126.034,1084,1084,866.0
126.114,1085,1085,865.0
126.21,1086,1086,864.0
126.304,1087,1087,863.0
126.354,1088,1088,862.0
126.399,1089,1089,861.0
126.468,1090,1090,860.0
126.531,1091,1091,859.0
126.602,1092,1092,858.0
126.734,1093,1093,857.0
126.834,1094,1094,856.0
126.969,1095,1095,855.0
127.064,1096,1096,854.0
127.148,1097,1097,853.0
127.277,1098,1098,852.0
127.376,1099,1099,851.0
127.45,1100,1100,850.0
127.515,1101,1101,849.0
127.584,1102,1102,848.0
127.649,1103,1103,847.0
127.728,1104,1104,846.0
127.787,1105,1105,845.0
127.871,1106,1106,844.0
127.94,1107,1107,843.0
127.999,1108,1108,842.0
128.034,1109,1109,841.0
128.098,1110,1110,840.0
128.178,1111,1111,839.0
128.316,1112,1112,838.0
128.395,1113,1113,837.0
128.489,1114,1114,836.0
128.583,1115,1115,835.0
128.682,1116,1116,834.0
128.771,1117,1117,833.0
128.869,1118,1118,832.0
128.949,1119,1119,831.0
129.038,1120,1120,830.0
129.128,1121,1121,829.0
129.197,1122,1122,828.0
129.262,1123,1123,827.0
129.342,1124,1124,826.0
129.402,1125,1125,825.0
129.467,1126,1126,824.0
129.552,1127,1127,823.0
129.632,1128,1128,822.0
129.732,1129,1129,821.0
129.807,1130,1130,820.0
129.912,1131,1131,819.0
129.998,1132,1132,818.0
130.048,1133,1133,817.0
130.103,1134,1134,816.0
130.168,1135,1135,815.0
130.249,1136,1136,814.0
130.314,1137,1137,813.0
130.42,1138,1138,812.0
130.545,1139,1139,811.0
130.631,1140,1140,810.0
130.696,1141,1141,809.0
130.772,1142,1142,808.0
130.883,1143,1143,807.0
130.973,1144,1144,806.0
131.054,1145,1145,805.0
131.124,1146,1146,804.0
131.215,1147,1147,803.0
131.286,1148,1148,802.0
131.351,1149,1149,801.0
131.437,1150,1150,800.0
131.533,1151,1151,799.0
131.633,1152,1152,798.0
131.749,1153,1153,797.0
131.835,1154,1154,796.0
131.921,1155,1155,795.0
132.003,1156,1156,794.0
132.068,1157,1157,793.0
132.16,1158,1158,792.0
132.21,1159,1159,791.0
132.281,1160,1160,790.0
132.357,1161,1161,789.0
132.423,1162,1162,788.0
132.498,1163,1163,787.0
132.579,1164,1164,786.0
132.68,1165,1165,785.0
132.751,1166,1166,784.0
132.822,1167,1167,783.0
132.877,1168,1168,782.0
132.968,1169,1169,781.0
133.084,1170,1170,780.0
133.19,1171,1171,779.0
133.276,1172,1172,778.0
133.377,1173,1173,777.0
133.443,1174,1174,776.0
133.519,1175,1175,775.0
133.604,1176,1176,774.0
133.67,1177,1177,773.0
133.766,1178,1178,772.0
133.841,1179,1179,771.0
133.932,1180,1180,770.0
134.007,1181,1181,769.0
134.073,1182,1182,768.0
134.174,1183,1183,767.0
134.234,1184,1184,766.0
134.314,1185,1185,765.0
134.43,1186,1186,764.0
134.511,1187,1187,763.0
134.581,1188,1188,762.0
134.657,1189,1189,761.0
134.757,1190,1190,760.0
134.862,1191,1191,759.0
134.928,1192,1192,758.0
134.998,1193,1193,757.0
135.038,1194,1194,756.0
135.098,1195,1195,755.0
135.143,1196,1196,754.0
135.199,1197,1197,753.0
135.268,1198,1198,752.0
135.363,1199,1199,751.0
135.423,1200,1200,750.0
135.483,1201,1201,749.0
135.573,1202,1202,748.0
135.678,1203,1203,747.0
135.708,1204,1204,746.0
135.773,1205,1205,745.0
135.857,1206,1206,744.0
135.957,1207,1207,743.0
136.017,1208,1208,742.0
136.112,1209,1209,741.0
136.142,1210,1210,740.0
136.236,1211,1211,739.0
136.326,1212,1212,738.0
136.391,1213,1213,737.0
136.465,1214,1214,736.0
136.545,1215,1215,735.0
136.624,1216,1216,734.0
136.694,1217,1217,733.0
136.768,1218,1218,732.0
136.843,1219,1219,731.0
136.922,1220,1220,730.0
136.977,1221,1221,729.0
137.08,1222,1222,728.0
137.164,1223,1223,727.0
137.224,1224,1224,726.0
137.313,1225,1225,725.0
137.402,1226,1226,724.0
137.536,1227,1227,723.0
137.581,1228,1228,722.0
137.734,1229,1229,721.0
137.833,1230,1230,720.0
137.907,1231,1231,719.0
138.011,1232,1232,718.0
138.081,1233,1233,717.0
138.136,1234,1234,716.0
138.205,1235,1235,715.0
138.289,1236,1236,714.0
138.338,1237,1237,713.0
138.423,1238,1238,712.0
138.477,1239,1239,711.0
138.547,1240,1240,710.0
138.591,1241,1241,709.0
138.646,1242,1242,708.0
138.731,1243,1243,707.0
138.825,1244,1244,706.0
138.914,1245,1245,705.0
139.038,1246,1246,704.0
139.088,1247,1247,703.0
139.173,1248,1248,702.0
139.262,1249,1249,701.0
139.361,1250,1250,700.0
139.451,1251,1251,699.0
139.525,1252,1252,698.0
139.589,1253,1253,697.0
139.669,1254,1254,696.0
139.768,1255,1255,695.0
139.833,1256,1256,694.0
139.893,1257,1257,693.0
139.973,1258,1258,692.0
140.038,1259,1259,691.0
140.138,1260,1260,690.0
140.208,1261,1261,689.0
140.253,1262,1262,688.0
140.358,1263,1263,687.0
140.443,1264,1264,686.0
140.518,1265,1265,685.0
140.618,1266,1266,684.0
140.673,1267,1267,683.0
140.708,1268,1268,682.0
140.808,1269,1269,681.0
140.898,1270,1270,680.0
140.958,1271,1271,679.0
141.018,1272,1272,678.0
141.123,1273,1273,677.0
141.188,1274,1274,676.0
141.262,1275,1275,675.0
141.322,1276,1276,674.0
141.402,1277,1277,673.0
141.487,1278,1278,672.0
141.587,1279,1279,671.0
141.657,1280,1280,670.0
141.706,1281,1281,669.0
141.766,1282,1282,668.0
141.841,1283,1283,667.0
141.906,1284,1284,666.0
141.996,1285,1285,665.0
142.08,1286,1286,664.0
142.14,1287,1287,663.0
142.225,1288,1288,662.0
142.3,1289,1289,661.0
142.384,1290,1290,660.0
142.454,1291,1291,659.0
142.518,1292,1292,658.0
142.623,1293,1293,657.0
142.678,1294,1294,656.0
142.762,1295,1295,655.0
142.837,1296,1296,654.0
142.916,1297,1297,653.0
142.981,1298,1298,652.0
143.041,1299,1299,651.0
143.15,1300,1300,650.0
143.22,1301,1301,649.0
143.319,1302,1302,648.0
143.374,1303,1303,647.0
143.473,1304,1304,646.0
143.568,1305,1305,645.0
143.637,1306,1306,644.0
143.722,1307,1307,643.0
143.786,1308,1308,642.0
143.901,1309,1309,641.0
143.985,1310,1310,640.0
144.075,1311,1311,639.0
144.165,1312,1312,638.0
144.214,1313,1313,637.0
144.299,1314,1314,636.0
144.413,1315,1315,635.0
144.482,1316,1316,634.0
144.552,1317,1317,633.0
144.632,1318,1318,632.0
144.696,1319,1319,631.0
144.766,1320,1320,630.0
144.871,1321,1321,629.0
144.971,1322,1322,628.0
145.026,1323,1323,627.0
145.091,1324,1324,626.0
145.161,1325,1325,625.0
145.24,1326,1326,624.0
145.315,1327,1327,623.0
145.36,1328,1328,622.0
145.459,1329,1329,621.0
145.524,1330,1330,620.0
145.614,1331,1331,619.0
145.693,1332,1332,618.0
145.777,1333,1333,617.0
145.87,1334,1334,616.0
145.955,1335,1335,615.0
146.095,1336,1336,614.0
146.2,1337,1337,613.0
146.265,1338,1338,612.0
146.315,1339,1339,611.0
146.39,1340,1340,610.0
146.435,1341,1341,609.0
146.505,1342,1342,608.0
146.576,1343,1343,607.0
146.646,1344,1344,606.0
146.707,1345,1345,605.0
146.753,1346,1346,604.0
146.83,1347,1347,603.0
146.877,1348,1348,602.0
146.938,1349,1349,601.0
146.989,1350,1350,600.0
147.04,1351,1351,599.0
147.136,1352,1352,598.0
147.212,1353,1353,597.0
147.309,1354,1354,596.0
147.39,1355,1355,595.0
147.456,1356,1356,594.0
147.598,1357,1357,593.0
147.664,1358,1358,592.0
147.796,1359,1359,591.0
147.856,1360,1360,590.0
147.932,1361,1361,589.0
148.024,1362,1362,588.0
148.069,1363,1363,587.0
148.125,1364,1364,586.0
148.196,1365,1365,585.0
148.257,1366,1366,584.0
148.332,1367,1367,583.0
148.393,1368,1368,582.0
148.463,1369,1369,581.0
148.548,1370,1370,580.0
148.633,1371,1371,579.0
148.688,1372,1372,578.0
148.773,1373,1373,577.0
148.833,1374,1374,576.0
148.898,1375,1375,575.0
148.973,1376,1376,574.0
149.028,1377,1377,573.0
149.083,1378,1378,572.0
149.168,1379,1379,571.0
149.302,1380,1380,570.0
149.411,1381,1381,569.0
149.485,1382,1382,568.0
149.575,1383,1383,567.0
149.654,1384,1384,566.0
149.738,1385,1385,565.0
149.87,1386,1386,564.0
149.965,1387,1387,563.0
150.035,1388,1388,562.0
150.124,1389,1389,561.0
150.178,1390,1390,560.0
150.208,1391,1391,559.0
150.286,1392,1392,558.0
150.345,1393,1393,557.0
150.424,1394,1394,556.0
150.454,1395,1395,555.0
150.578,1396,1396,554.0
150.692,1397,1397,553.0
150.771,1398,1398,552.0
150.85,1399,1399,551.0
150.939,1400,1400,550.0
151.029,1401,1401,549.0
151.073,1402,1402,548.0
151.113,1403,1403,547.0
151.197,1404,1404,546.0
151.277,1405,1405,545.0
151.312,1406,1406,544.0
151.367,1407,1407,543.0
151.43,1408,1408,542.0
151.507,1409,1409,541.0
151.575,1410,1410,540.0
151.666,1411,1411,539.0
151.755,1412,1412,538.0
151.83,1413,1413,537.0
151.91,1414,1414,536.0
151.975,1415,1415,535.0
152.093,1416,1416,534.0
152.184,1417,1417,533.0
152.244,1418,1418,532.0
152.34,1419,1419,531.0
152.405,1420,1420,530.0
152.466,1421,1421,529.0
152.561,1422,1422,528.0
152.632,1423,1423,527.0
152.717,1424,1424,526.0
152.763,1425,1425,525.0
152.843,1426,1426,524.0
152.904,1427,1427,523.0
152.995,1428,1428,522.0
153.045,1429,1429,521.0
153.121,1430,1430,520.0
153.195,1431,1431,519.0
153.243,1432,1432,518.0
153.354,1433,1433,517.0
153.455,1434,1434,516.0
153.506,1435,1435,515.0
153.592,1436,1436,514.0
153.647,1437,1437,513.0
153.703,1438,1438,512.0
153.805,1439,1439,511.0
153.875,1440,1440,510.0
153.962,1441,1441,509.0
154.063,1442,1442,508.0
154.109,1443,1443,507.0
154.17,1444,1444,506.0
154.251,1445,1445,505.0
154.332,1446,1446,504.0
154.428,1447,1447,503.0
154.494,1448,1448,502.0
154.57,1449,1449,501.0
154.636,1450,1450,500.0
154.702,1451,1451,499.0
154.799,1452,1452,498.0
154.829,1453,1453,497.0
154.91,1454,1454,496.0
155.002,1455,1455,495.0
155.083,1456,1456,494.0
155.165,1457,1457,493.0
155.247,1458,1458,492.0
155.323,1459,1459,491.0
155.384,1460,1460,490.0
155.466,1461,1461,489.0
155.542,1462,1462,488.0
155.593,1463,1463,487.0
155.684,1464,1464,486.0
155.72,1465,1465,485.0
155.755,1466,1466,484.0
155.811,1467,1467,483.0
155.892,1468,1468,482.0
155.973,1469,1469,481.0
156.044,1470,1470,480.0
156.125,1471,1471,479.0
156.186,1472,1472,478.0
156.227,1473,1473,477.0
156.288,1474,1474,476.0
156.364,1475,1475,475.0
156.395,1476,1476,474.0
156.435,1477,1477,473.0
156.476,1478,1478,472.0
156.532,1479,1479,471.0
156.613,1480,1480,470.0
156.658,1481,1481,469.0
156.729,1482,1482,468.0
156.815,1483,1483,467.0
156.876,1484,1484,466.0
156.972,1485,1485,465.0
157.038,1486,1486,464.0
157.145,1487,1487,463.0
157.251,1488,1488,462.0
157.333,1489,1489,461.0
157.388,1490,1490,460.0
157.414,1491,1491,459.0
157.5,1492,1492,458.0
157.545,1493,1493,457.0
157.601,1494,1494,456.0
157.697,1495,1495,455.0
157.752,1496,1496,454.0
157.798,1497,1497,453.0
157.878,1498,1498,452.0
157.933,1499,1499,451.0
157.974,1500,1500,450.0
158.049,1501,1501,449.0
158.109,1502,1502,448.0
158.2,1503,1503,447.0
158.25,1504,1504,446.0
158.376,1505,1505,445.0
158.472,1506,1506,444.0
158.557,1507,1507,443.0
158.658,1508,1508,442.0
158.708,1509,1509,441.0
158.753,1510,1510,440.0
158.883,1511,1511,439.0
158.958,1512,1512,438.0
159.004,1513,1513,437.0
159.053,1514,1514,436.0
159.183,1515,1515,435.0
159.288,1516,1516,434.0
159.352,1517,1517,433.0
159.416,1518,1518,432.0
159.505,1519,1519,431.0
159.573,1520,1520,430.0
159.687,1521,1521,429.0
159.726,1522,1522,428.0
159.834,1523,1523,427.0
159.913,1524,1524,426.0
159.977,1525,1525,425.0
160.061,1526,1526,424.0
160.13,1527,1527,423.0
160.209,1528,1528,422.0
160.258,1529,1529,421.0
160.317,1530,1530,420.0
160.362,1531,1531,419.0
160.431,1532,1532,418.0
160.51,1533,1533,417.0
160.559,1534,1534,416.0
160.643,1535,1535,415.0
160.717,1536,1536,414.0
160.781,1537,1537,413.0
160.826,1538,1538,412.0
160.885,1539,1539,411.0
160.959,1540,1540,410.0
161.014,1541,1541,409.0
161.093,1542,1542,408.0
161.163,1543,1543,407.0
161.272,1544,1544,406.0
161.346,1545,1545,405.0
161.465,1546,1546,404.0
161.51,1547,1547,403.0
161.589,1548,1548,402.0
161.653,1549,1549,401.0
161.763,1550,1550,400.0
161.822,1551,1551,399.0
161.911,1552,1552,398.0
161.966,1553,1553,397.0
162.056,1554,1554,396.0
162.15,1555,1555,395.0
162.195,1556,1556,394.0
162.269,1557,1557,393.0
162.354,1558,1558,392.0
162.409,1559,1559,391.0
162.478,1560,1560,390.0
162.568,1561,1561,389.0
162.628,1562,1562,388.0
162.687,1563,1563,387.0
162.742,1564,1564,386.0
162.827,1565,1565,385.0
162.901,1566,1566,384.0
162.981,1567,1567,383.0
163.051,1568,1568,382.0
163.111,1569,1569,381.0
163.186,1570,1570,380.0
163.24,1571,1571,379.0
163.315,1572,1572,378.0
163.375,1573,1573,377.0
163.445,1574,1574,376.0
163.49,1575,1575,375.0
163.57,1576,1576,374.0
163.654,1577,1577,373.0
163.724,1578,1578,372.0
163.824,1579,1579,371.0
163.889,1580,1580,370.0
163.969,1581,1581,369.0
164.039,1582,1582,368.0
164.129,1583,1583,367.0
164.209,1584,1584,366.0
164.248,1585,1585,365.0
164.353,1586,1586,364.0
164.452,1587,1587,363.0
164.522,1588,1588,362.0
164.603,1589,1589,361.0
164.658,1590,1590,360.0
164.778,1591,1591,359.0
164.887,1592,1592,358.0
164.963,1593,1593,357.0
165.028,1594,1594,356.0
165.078,1595,1595,355.0
165.178,1596,1596,354.0
165.233,1597,1597,353.0
165.333,1598,1598,352.0
165.383,1599,1599,351.0
165.461,1600,1600,350.0
165.553,1601,1601,349.0
165.593,1602,1602,348.0
165.65,1603,1603,347.0
165.73,1604,1604,346.0
165.81,1605,1605,345.0
165.887,1606,1606,344.0
165.941,1607,1607,343.0
165.998,1608,1608,342.0
166.088,1609,1609,341.0
166.18,1610,1610,340.0
166.266,1611,1611,339.0
166.345,1612,1612,338.0
166.444,1613,1613,337.0
166.516,1614,1614,336.0
166.618,1615,1615,335.0
166.698,1616,1616,334.0
166.768,1617,1617,333.0
166.842,1618,1618,332.0
166.921,1619,1619,331.0
166.975,1620,1620,330.0
167.025,1621,1621,329.0
167.079,1622,1622,328.0
167.172,1623,1623,327.0
167.284,1624,1624,326.0
167.352,1625,1625,325.0
167.42,1626,1626,324.0
167.507,1627,1627,323.0
167.618,1628,1628,322.0
167.667,1629,1629,321.0
167.72,1630,1630,320.0
167.779,1631,1631,319.0
167.895,1632,1632,318.0
167.968,1633,1633,317.0
168.056,1634,1634,316.0
168.124,1635,1635,315.0
168.178,1636,1636,314.0
168.252,1637,1637,313.0
168.306,1638,1638,312.0
168.38,1639,1639,311.0
168.454,1640,1640,310.0
168.548,1641,1641,309.0
168.593,1642,1642,308.0
168.658,1643,1643,307.0
168.718,1644,1644,306.0
168.788,1645,1645,305.0
168.858,1646,1646,304.0
169.023,1647,1647,303.0
169.078,1648,1648,302.0
169.149,1649,1649,301.0
169.25,1650,1650,300.0
169.315,1651,1651,299.0
169.432,1652,1652,298.0
169.514,1653,1653,297.0
169.57,1654,1654,296.0
169.673,1655,1655,295.0
169.745,1656,1656,294.0
169.817,1657,1657,293.0
169.889,1658,1658,292.0
169.972,1659,1659,291.0
170.039,1660,1660,290.0
170.116,1661,1661,289.0
170.178,1662,1662,288.0
170.255,1663,1663,287.0
170.369,1664,1664,286.0
170.415,1665,1665,285.0
170.487,1666,1666,284.0
170.554,1667,1667,283.0
170.652,1668,1668,282.0
170.729,1669,1669,281.0
170.801,1670,1670,280.0
170.867,1671,1671,279.0
170.913,1672,1672,278.0
171.015,1673,1673,277.0
171.076,1674,1674,276.0
171.131,1675,1675,275.0
171.243,1676,1676,274.0
171.293,1677,1677,273.0
171.378,1678,1678,272.0
171.438,1679,1679,271.0
171.515,1680,1680,270.0
171.583,1681,1681,269.0
171.647,1682,1682,268.0
171.743,1683,1683,267.0
171.808,1684,1684,266.0
171.902,1685,1685,265.0
171.976,1686,1686,264.0
172.054,1687,1687,263.0
172.133,1688,1688,262.0
172.167,1689,1689,261.0
172.226,1690,1690,260.0
172.304,1691,1691,259.0
172.397,1692,1692,258.0
172.446,1693,1693,257.0
172.504,1694,1694,256.0
172.597,1695,1695,255.0
172.67,1696,1696,254.0
172.757,1697,1697,253.0
172.858,1698,1698,252.0
172.936,1699,1699,251.0
173.028,1700,1700,250.0
173.067,1701,1701,249.0
173.194,1702,1702,248.0
173.238,1703,1703,247.0
173.311,1704,1704,246.0
173.405,1705,1705,245.0
173.469,1706,1706,244.0
173.577,1707,1707,243.0
173.657,1708,1708,242.0
173.722,1709,1709,241.0
173.767,1710,1710,240.0
173.822,1711,1711,239.0
173.943,1712,1712,238.0
174.052,1713,1713,237.0
174.153,1714,1714,236.0
174.228,1715,1715,235.0
174.328,1716,1716,234.0
174.398,1717,1717,233.0
174.473,1718,1718,232.0
174.534,1719,1719,231.0
174.635,1720,1720,230.0
174.73,1721,1721,229.0
174.841,1722,1722,228.0
174.956,1723,1723,227.0
175.012,1724,1724,226.0
175.122,1725,1725,225.0
175.187,1726,1726,224.0
175.323,1727,1727,223.0
175.408,1728,1728,222.0
175.478,1729,1729,221.0
175.549,1730,1730,220.0
175.604,1731,1731,219.0
175.644,1732,1732,218.0
175.734,1733,1733,217.0
175.799,1734,1734,216.0
175.889,1735,1735,215.0
175.98,1736,1736,214.0
176.048,1737,1737,213.0
176.088,1738,1738,212.0
176.163,1739,1739,211.0
176.253,1740,1740,210.0
176.308,1741,1741,209.0
176.393,1742,1742,208.0
176.432,1743,1743,207.0
176.562,1744,1744,206.0
176.667,1745,1745,205.0
176.738,1746,1746,204.0
176.807,1747,1747,203.0
176.892,1748,1748,202.0
176.957,1749,1749,201.0
177.017,1750,1750,200.0
177.106,1751,1751,199.0
177.181,1752,1752,198.0
177.266,1753,1753,197.0
177.355,1754,1754,196.0
177.429,1755,1755,195.0
177.499,1756,1756,194.0
177.588,1757,1757,193.0
177.672,1758,1758,192.0
177.757,1759,1759,191.0
177.871,1760,1760,190.0
177.981,1761,1761,189.0
178.037,1762,1762,188.0
178.116,1763,1763,187.0
178.197,1764,1764,186.0
178.286,1765,1765,185.0
178.41,1766,1766,184.0
178.504,1767,1767,183.0
178.599,1768,1768,182.0
178.688,1769,1769,181.0
178.733,1770,1770,180.0
178.808,1771,1771,179.0
178.888,1772,1772,178.0
178.982,1773,1773,177.0
179.062,1774,1774,176.0
179.12,1775,1775,175.0
179.192,1776,1776,174.0
179.26,1777,1777,173.0
179.317,1778,1778,172.0
179.368,1779,1779,171.0
179.478,1780,1780,170.0
179.578,1781,1781,169.0
179.643,1782,1782,168.0
179.743,1783,1783,167.0
179.843,1784,1784,166.0
179.898,1785,1785,165.0
179.964,1786,1786,164.0
180.019,1787,1787,163.0
180.125,1788,1788,162.0
180.235,1789,1789,161.0
180.346,1790,1790,160.0
180.412,1791,1791,159.0
180.477,1792,1792,158.0
180.573,1793,1793,157.0
180.715,1794,1794,156.0
180.836,1795,1795,155.0
180.892,1796,1796,154.0
180.983,1797,1797,153.0
181.049,1798,1798,152.0
181.146,1799,1799,151.0
181.272,1800,1800,150.0
181.374,1801,1801,149.0
181.46,1802,1802,148.0
181.516,1803,1803,147.0
181.633,1804,1804,146.0
181.678,1805,1805,145.0
181.765,1806,1806,144.0
181.846,1807,1807,143.0
181.926,1808,1808,142.0
182.009,1809,1809,141.0
182.118,1810,1810,140.0
182.202,1811,1811,139.0
182.354,1812,1812,138.0
182.448,1813,1813,137.0
182.535,1814,1814,136.0
182.601,1815,1815,135.0
182.68,1816,1816,134.0
182.757,1817,1817,133.0
182.833,1818,1818,132.0
182.92,1819,1819,131.0
183.051,1820,1820,130.0
183.101,1821,1821,129.0
183.157,1822,1822,128.0
183.208,1823,1823,127.0
183.278,1824,1824,126.0
183.383,1825,1825,125.0
183.444,1826,1826,124.0
183.554,1827,1827,123.0
183.628,1828,1828,122.0
183.713,1829,1829,121.0
183.811,1830,1830,120.0
183.909,1831,1831,119.0
183.991,1832,1832,118.0
184.059,1833,1833,117.0
184.164,1834,1834,116.0
184.24,1835,1835,115.0
184.331,1836,1836,114.0
184.387,1837,1837,113.0
184.506,1838,1838,112.0
184.595,1839,1839,111.0
184.676,1840,1840,110.0
184.727,1841,1841,109.0
184.85,1842,1842,108.0
184.955,1843,1843,107.0
185.06,1844,1844,106.0
185.112,1845,1845,105.0
185.204,1846,1846,104.0
185.267,1847,1847,103.0
185.399,1848,1848,102.0
185.493,1849,1849,101.0
185.598,1850,1850,100.0
185.743,1851,1851,99.0
185.822,1852,1852,98.0
185.907,1853,1853,97.0
186.002,1854,1854,96.0
186.082,1855,1855,95.0
186.152,1856,1856,94.0
186.242,1857,1857,93.0
186.313,1858,1858,92.0
186.393,1859,1859,91.0
186.473,1860,1860,90.0
186.54,1861,1861,89.0
186.603,1862,1862,88.0
186.698,1863,1863,87.0
186.808,1864,1864,86.0
186.883,1865,1865,85.0
186.953,1866,1866,84.0
187.028,1867,1867,83.0
187.108,1868,1868,82.0
187.178,1869,1869,81.0
187.283,1870,1870,80.0
187.393,1871,1871,79.0
187.468,1872,1872,78.0
187.573,1873,1873,77.0
187.658,1874,1874,76.0
187.783,1875,1875,75.0
187.847,1876,1876,74.0
187.887,1877,1877,73.0
187.967,1878,1878,72.0
188.022,1879,1879,71.0
188.108,1880,1880,70.0
188.193,1881,1881,69.0
188.248,1882,1882,68.0
188.332,1883,1883,67.0
188.392,1884,1884,66.0
188.432,1885,1885,65.0
188.492,1886,1886,64.0
188.592,1887,1887,63.0
188.682,1888,1888,62.0
188.772,1889,1889,61.0
188.853,1890,1890,60.0
188.927,1891,1891,59.0
188.993,1892,1892,58.0
189.048,1893,1893,57.0
189.158,1894,1894,56.0
189.258,1895,1895,55.0
189.353,1896,1896,54.0
189.493,1897,1897,53.0
189.603,1898,1898,52.0
189.717,1899,1899,51.0
189.806,1900,1900,50.0
189.871,1901,1901,49.0
189.906,1902,1902,48.0
189.966,1903,1903,47.0
190.021,1904,1904,46.0
190.147,1905,1905,45.0
190.242,1906,1906,44.0
190.321,1907,1907,43.0
190.421,1908,1908,42.0
190.466,1909,1909,41.0
190.586,1910,1910,40.0
190.691,1911,1911,39.0
190.811,1912,1912,38.0
190.891,1913,1913,37.0
190.957,1914,1914,36.0
191.022,1915,1915,35.0
191.117,1916,1916,34.0
191.203,1917,1917,33.0
191.328,1918,1918,32.0
191.388,1919,1919,31.0
191.468,1920,1920,30.0
191.523,1921,1921,29.0
191.598,1922,1922,28.0
191.648,1923,1923,27.0
191.683,1924,1924,26.0
191.788,1925,1925,25.0
191.879,1926,1926,24.0
191.959,1927,1927,23.0
192.055,1928,1928,22.0
192.105,1929,1929,21.0
192.181,1930,1930,20.0
192.326,1931,1931,19.0
192.431,1932,1932,18.0
192.526,1933,1933,17.0
192.621,1934,1934,16.0
192.718,1935,1935,15.0
192.808,1936,1936,14.0
192.908,1937,1937,13.0
193.012,1938,1938,12.0
193.057,1939,1939,11.0
193.122,1940,1940,10.0
193.212,1941,1941,9.0
193.306,1942,1942,8.0
193.411,1943,1943,7.0
193.476,1944,1944,6.0
193.561,1945,1945,5.0
193.657,1946,1946,4.0
193.716,1947,1947,3.0
193.786,1948,1948,2.0
193.872,1949,1949,1.0
193.962,1950,1950,0.0
194.037,1951,1951,-1.0
194.108,1952,1952,-2.0
194.188,1953,1953,-3.0
194.228,1954,1954,-4.0
194.308,1955,1955,-5.0
194.348,1956,1956,-6.0
194.418,1957,1957,-7.0
194.483,1958,1958,-8.0
194.573,1959,1959,-9.0
194.683,1960,1960,-10.0
194.752,1961,1961,-11.0
194.825,1962,1962,-12.0
194.996,1963,1963,-13.0
195.077,1964,1964,-14.0
195.12,1965,1965,-15.0
195.23,1966,1966,-16.0
195.339,1967,1967,-17.0
195.479,1968,1968,-18.0
195.561,1969,1969,-19.0
195.637,1970,1970,-20.0
195.702,1971,1971,-21.0
195.788,1972,1972,-22.0
195.853,1973,1973,-23.0
195.948,1974,1974,-24.0
196.022,1975,1975,-25.0
196.09,1976,1976,-26.0
196.148,1977,1977,-27.0
196.244,1978,1978,-28.0
196.31,1979,1979,-29.0
196.39,1980,1980,-30.0
196.504,1981,1981,-31.0
196.585,1982,1982,-32.0
196.701,1983,1983,-33.0
196.791,1984,1984,-34.0
196.881,1985,1985,-35.0
196.971,1986,1986,-36.0
197.08,1987,1987,-37.0
197.161,1988,1988,-38.0
197.237,1989,1989,-39.0
197.323,1990,1990,-40.0
197.396,1991,1991,-41.0
197.488,1992,1992,-42.0
197.556,1993,1993,-43.0
197.654,1994,1994,-44.0
197.772,1995,1995,-45.0
197.878,1996,1996,-46.0
197.95,1997,1997,-47.0
198.044,1998,1998,-48.0
198.138,1999,1999,-49.0
198.229,2000,2000,-50.0
198.316,2001,2001,-51.0
198.388,2002,2002,-52.0
198.501,2003,2003,-53.0
198.588,2004,2004,-54.0
198.675,2005,2005,-55.0
198.78,2006,2006,-56.0
198.874,2007,2007,-57.0
198.947,2008,2008,-58.0
199.03,2009,2009,-59.0
199.103,2010,2010,-60.0
199.161,2011,2011,-61.0
199.223,2012,2012,-62.0
199.299,2013,2013,-63.0
199.386,2014,2014,-64.0
199.451,2015,2015,-65.0
199.498,2016,2016,-66.0
199.549,2017,2017,-67.0
199.629,2018,2018,-68.0
199.709,2019,2019,-69.0
199.785,2020,2020,-70.0
199.861,2021,2021,-71.0
199.914,2022,2022,-72.0
199.963,2023,2023,-73.0
200.01,2024,2024,-74.0
200.064,2025,2025,-75.0
200.123,2026,2026,-76.0
200.209,2027,2027,-77.0
200.274,2028,2028,-78.0
200.369,2029,2029,-79.0
200.435,2030,2030,-80.0
200.561,2031,2031,-81.0
200.636,2032,2032,-82.0
200.706,2033,2033,-83.0
200.802,2034,2034,-84.0
200.857,2035,2035,-85.0
200.967,2036,2036,-86.0
201.042,2037,2037,-87.0
201.113,2038,2038,-88.0
201.199,2039,2039,-89.0
201.3,2040,2040,-90.0
201.395,2041,2041,-91.0
201.481,2042,2042,-92.0
201.576,2043,2043,-93.0
201.642,2044,2044,-94.0
201.752,2045,2045,-95.0
201.833,2046,2046,-96.0
201.933,2047,2047,-97.0
201.999,2048,2048,-98.0
202.039,2049,2049,-99.0
202.135,2050,2050,-100.0
202.271,2051,2051,-101.0
202.377,2052,2052,-102.0
202.508,2053,2053,-103.0
202.638,2054,2054,-104.0
202.754,2055,2055,-105.0
202.814,2056,2056,-106.0
202.935,2057,2057,-107.0
203.01,2058,2058,-108.0
203.076,2059,2059,-109.0
203.217,2060,2060,-110.0
203.313,2061,2061,-111.0
203.378,2062,2062,-112.0
203.454,2063,2063,-113.0
203.494,2064,2064,-114.0
203.549,2065,2065,-115.0
203.609,2066,2066,-116.0
203.655,2067,2067,-117.0
203.76,2068,2068,-118.0
203.851,2069,2069,-119.0
203.906,2070,2070,-120.0
203.997,2071,2071,-121.0
204.093,2072,2072,-122.0
204.198,2073,2073,-123.0
204.234,2074,2074,-124.0
204.349,2075,2075,-125.0
204.428,2076,2076,-126.0
204.505,2077,2077,-127.0
204.581,2078,2078,-128.0
204.681,2079,2079,-129.0
204.752,2080,2080,-130.0
204.827,2081,2081,-131.0
204.887,2082,2082,-132.0
204.947,2083,2083,-133.0
205.032,2084,2084,-134.0
205.097,2085,2085,-135.0
205.198,2086,2086,-136.0
205.268,2087,2087,-137.0
205.334,2088,2088,-138.0
205.419,2089,2089,-139.0
205.545,2090,2090,-140.0
205.615,2091,2091,-141.0
205.7,2092,2092,-142.0
205.806,2093,2093,-143.0
205.9,2094,2094,-144.0
206.045,2095,2095,-145.0
206.145,2096,2096,-146.0
206.219,2097,2097,-147.0
206.324,2098,2098,-148.0
206.414,2099,2099,-149.0
206.512,2100,2100,-150.0
206.592,2101,2101,-151.0
206.652,2102,2102,-152.0
206.787,2103,2103,-153.0
206.852,2104,2104,-154.0
206.948,2105,2105,-155.0
206.978,2106,2106,-156.0
207.088,2107,2107,-157.0
207.139,2108,2108,-158.0
207.234,2109,2109,-159.0
207.339,2110,2110,-160.0
207.419,2111,2111,-161.0
207.479,2112,2112,-162.0
207.609,2113,2113,-163.0
207.664,2114,2114,-164.0
207.774,2115,2115,-165.0
207.879,2116,2116,-166.0
207.959,2117,2117,-167.0
208.055,2118,2118,-168.0
208.15,2119,2119,-169.0
208.226,2120,2120,-170.0
208.296,2121,2121,-171.0
208.346,2122,2122,-172.0
208.442,2123,2123,-173.0
208.512,2124,2124,-174.0
208.633,2125,2125,-175.0
208.738,2126,2126,-176.0
208.794,2127,2127,-177.0
208.834,2128,2128,-178.0
208.91,2129,2129,-179.0
209.025,2130,2130,-180.0
209.081,2131,2131,-181.0
209.171,2132,2132,-182.0
209.247,2133,2133,-183.0
209.388,2134,2134,-184.0
209.444,2135,2135,-185.0
209.504,2136,2136,-186.0
209.539,2137,2137,-187.0
209.615,2138,2138,-188.0
209.716,2139,2139,-189.0
209.796,2140,2140,-190.0
209.882,2141,2141,-191.0
209.972,2142,2142,-192.0
210.053,2143,2143,-193.0
210.118,2144,2144,-194.0
210.204,2145,2145,-195.0
210.274,2146,2146,-196.0
210.32,2147,2147,-197.0
210.41,2148,2148,-198.0
210.491,2149,2149,-199.0
210.591,2150,2150,-200.0
210.687,2151,2151,-201.0
210.763,2152,2152,-202.0
210.843,2153,2153,-203.0
210.924,2154,2154,-204.0
211.024,2155,2155,-205.0
211.114,2156,2156,-206.0
211.198,2157,2157,-207.0
211.288,2158,2158,-208.0
211.393,2159,2159,-209.0
211.439,2160,2160,-210.0
211.474,2161,2161,-211.0
211.544,2162,2162,-212.0
211.619,2163,2163,-213.0
211.7,2164,2164,-214.0
211.775,2165,2165,-215.0
211.855,2166,2166,-216.0
211.921,2167,2167,-217.0
212.001,2168,2168,-218.0
212.062,2169,2169,-219.0
212.132,2170,2170,-220.0
212.253,2171,2171,-221.0
212.348,2172,2172,-222.0
212.433,2173,2173,-223.0
212.503,2174,2174,-224.0
212.558,2175,2175,-225.0
212.698,2176,2176,-226.0
212.778,2177,2177,-227.0
212.858,2178,2178,-228.0
212.933,2179,2179,-229.0
213.008,2180,2180,-230.0
213.118,2181,2181,-231.0
213.198,2182,2182,-232.0
213.279,2183,2183,-233.0
213.334,2184,2184,-234.0
213.399,2185,2185,-235.0
213.445,2186,2186,-236.0
213.52,2187,2187,-237.0
213.59,2188,2188,-238.0
213.681,2189,2189,-239.0
213.746,2190,2190,-240.0
213.866,2191,2191,-241.0
213.971,2192,2192,-242.0
214.081,2193,2193,-243.0
214.172,2194,2194,-244.0
214.222,2195,2195,-245.0
214.282,2196,2196,-246.0
214.357,2197,2197,-247.0
214.432,2198,2198,-248.0
214.512,2199,2199,-249.0
214.603,2200,2200,-250.0
214.728,2201,2201,-251.0
214.807,2202,2202,-252.0
214.867,2203,2203,-253.0
214.923,2204,2204,-254.0
215.003,2205,2205,-255.0
215.068,2206,2206,-256.0
215.193,2207,2207,-257.0
215.283,2208,2208,-258.0
215.468,2209,2209,-259.0
215.564,2210,2210,-260.0
215.658,2211,2211,-261.0
215.812,2212,2212,-262.0
215.887,2213,2213,-263.0
215.957,2214,2214,-264.0
216.037,2215,2215,-265.0
216.107,2216,2216,-266.0
216.162,2217,2217,-267.0
216.242,2218,2218,-268.0
216.307,2219,2219,-269.0
216.356,2220,2220,-270.0
216.441,2221,2221,-271.0
216.495,2222,2222,-272.0
216.56,2223,2223,-273.0
216.634,2224,2224,-274.0
216.684,2225,2225,-275.0
216.787,2226,2226,-276.0
216.872,2227,2227,-277.0
216.961,2228,2228,-278.0
217.065,2229,2229,-279.0
217.179,2230,2230,-280.0
217.239,2231,2231,-281.0
217.329,2232,2232,-282.0
217.379,2233,2233,-283.0
217.453,2234,2234,-284.0
217.54,2235,2235,-285.0
217.657,2236,2236,-286.0
217.751,2237,2237,-287.0
217.815,2238,2238,-288.0
217.864,2239,2239,-289.0
217.948,2240,2240,-290.0
217.997,2241,2241,-291.0
218.07,2242,2242,-292.0
218.144,2243,2243,-293.0
218.242,2244,2244,-294.0
218.306,2245,2245,-295.0
218.38,2246,2246,-296.0
218.459,2247,2247,-297.0
218.557,2248,2248,-298.0
218.616,2249,2249,-299.0
218.734,2250,2250,-300.0
218.823,2251,2251,-301.0
218.892,2252,2252,-302.0
218.95,2253,2253,-303.0
219.01,2254,2254,-304.0
219.099,2255,2255,-305.0
219.163,2256,2256,-306.0
219.242,2257,2257,-307.0
219.301,2258,2258,-308.0
219.385,2259,2259,-309.0
219.523,2260,2260,-310.0
219.636,2261,2261,-311.0
219.7,2262,2262,-312.0
219.759,2263,2263,-313.0
219.867,2264,2264,-314.0
219.936,2265,2265,-315.0
220.014,2266,2266,-316.0
220.068,2267,2267,-317.0
220.172,2268,2268,-318.0
220.26,2269,2269,-319.0
220.32,2270,2270,-320.0
220.389,2271,2271,-321.0
220.487,2272,2272,-322.0
220.59,2273,2273,-323.0
220.655,2274,2274,-324.0
220.694,2275,2275,-325.0
220.799,2276,2276,-326.0
220.874,2277,2277,-327.0
220.958,2278,2278,-328.0
221.023,2279,2279,-329.0
221.102,2280,2280,-330.0
221.177,2281,2281,-331.0
221.261,2282,2282,-332.0
221.296,2283,2283,-333.0
221.375,2284,2284,-334.0
221.469,2285,2285,-335.0
221.549,2286,2286,-336.0
221.604,2287,2287,-337.0
221.693,2288,2288,-338.0
221.768,2289,2289,-339.0
221.808,2290,2290,-340.0
221.903,2291,2291,-341.0
221.998,2292,2292,-342.0
222.094,2293,2293,-343.0
222.159,2294,2294,-344.0
222.219,2295,2295,-345.0
222.285,2296,2296,-346.0
222.365,2297,2297,-347.0
222.42,2298,2298,-348.0
222.456,2299,2299,-349.0
222.521,2300,2300,-350.0
222.587,2301,2301,-351.0
222.708,2302,2302,-352.0
222.769,2303,2303,-353.0
222.83,2304,2304,-354.0
222.885,2305,2305,-355.0
223.002,2306,2306,-356.0
223.063,2307,2307,-357.0
223.134,2308,2308,-358.0
223.215,2309,2309,-359.0
223.281,2310,2310,-360.0
223.343,2311,2311,-361.0
223.414,2312,2312,-362.0
223.475,2313,2313,-363.0
223.572,2314,2314,-364.0
223.689,2315,2315,-365.0
223.796,2316,2316,-366.0
223.857,2317,2317,-367.0
223.903,2318,2318,-368.0
223.969,2319,2319,-369.0
224.015,2320,2320,-370.0
224.076,2321,2321,-371.0
224.163,2322,2322,-372.0
224.235,2323,2323,-373.0
224.286,2324,2324,-374.0
224.372,2325,2325,-375.0
224.413,2326,2326,-376.0
224.469,2327,2327,-377.0
224.525,2328,2328,-378.0
224.591,2329,2329,-379.0
224.688,2330,2330,-380.0
224.764,2331,2331,-381.0
224.845,2332,2332,-382.0
224.967,2333,2333,-383.0
225.033,2334,2334,-384.0
225.083,2335,2335,-385.0
225.194,2336,2336,-386.0
225.255,2337,2337,-387.0
225.316,2338,2338,-388.0
225.432,2339,2339,-389.0
225.497,2340,2340,-390.0
225.578,2341,2341,-391.0
225.643,2342,2342,-392.0
225.708,2343,2343,-393.0
225.848,2344,2344,-394.0
225.888,2345,2345,-395.0
225.953,2346,2346,-396.0
226.008,2347,2347,-397.0
226.118,2348,2348,-398.0
226.188,2349,2349,-399.0
226.248,2350,2350,-400.0
226.318,2351,2351,-401.0
226.426,2352,2352,-402.0
226.504,2353,2353,-403.0
226.563,2354,2354,-404.0
226.626,2355,2355,-405.0
226.684,2356,2356,-406.0
226.737,2357,2357,-407.0
226.809,2358,2358,-408.0
226.862,2359,2359,-409.0
226.924,2360,2360,-410.0
226.967,2361,2361,-411.0
227.059,2362,2362,-412.0
227.107,2363,2363,-413.0
227.184,2364,2364,-414.0
227.271,2365,2365,-415.0
227.344,2366,2366,-416.0
227.427,2367,2367,-417.0
227.52,2368,2368,-418.0
227.598,2369,2369,-419.0
227.672,2370,2370,-420.0
227.731,2371,2371,-421.0
227.819,2372,2372,-422.0
227.916,2373,2373,-423.0
228.028,2374,2374,-424.0
228.098,2375,2375,-425.0
228.134,2376,2376,-426.0
228.181,2377,2377,-427.0
228.238,2378,2378,-428.0
228.308,2379,2379,-429.0
228.348,2380,2380,-430.0
228.389,2381,2381,-431.0
228.423,2382,2382,-432.0
228.482,2383,2383,-433.0
228.522,2384,2384,-434.0
228.591,2385,2385,-435.0
228.633,2386,2386,-436.0
228.704,2387,2387,-437.0
228.768,2388,2388,-438.0
228.812,2389,2389,-439.0
228.895,2390,2390,-440.0
228.968,2391,2391,-441.0
229.012,2392,2392,-442.0
229.08,2393,2393,-443.0
229.119,2394,2394,-444.0
229.168,2395,2395,-445.0
229.216,2396,2396,-446.0
229.255,2397,2397,-447.0
229.328,2398,2398,-448.0
229.362,2399,2399,-449.0
229.405,2400,2400,-450.0
229.444,2401,2401,-451.0
229.488,2402,2402,-452.0
229.55,2403,2403,-453.0
229.584,2404,2404,-454.0
229.637,2405,2405,-455.0
229.675,2406,2406,-456.0
229.709,2407,2407,-457.0
229.796,2408,2408,-458.0
229.864,2409,2409,-459.0
229.901,2410,2410,-460.0
229.931,2411,2411,-461.0
229.994,2412,2412,-462.0
230.043,2413,2413,-463.0
230.1,2414,2414,-464.0
230.173,2415,2415,-465.0
230.231,2416,2416,-466.0
230.28,2417,2417,-467.0
230.338,2418,2418,-468.0
230.401,2419,2419,-469.0
230.46,2420,2420,-470.0
230.518,2421,2421,-471.0
230.562,2422,2422,-472.0
230.606,2423,2423,-473.0
230.664,2424,2424,-474.0
230.743,2425,2425,-475.0
230.787,2426,2426,-476.0
230.861,2427,2427,-477.0
230.913,2428,2428,-478.0
230.97,2429,2429,-479.0
231.021,2430,2430,-480.0
231.069,2431,2431,-481.0
231.124,2432,2432,-482.0
231.194,2433,2433,-483.0
231.235,2434,2434,-484.0
231.299,2435,2435,-485.0
231.364,2436,2436,-486.0
231.423,2437,2437,-487.0
231.489,2438,2438,-488.0
231.549,2439,2439,-489.0
231.624,2440,2440,-490.0
231.654,2441,2441,-491.0
231.699,2442,2442,-492.0
231.735,2443,2443,-493.0
231.775,2444,2444,-494.0
231.83,2445,2445,-495.0
231.864,2446,2446,-496.0
231.925,2447,2447,-497.0
232.001,2448,2448,-498.0
232.071,2449,2449,-499.0
232.111,2450,2450,-500.0
232.146,2451,2451,-501.0
232.187,2452,2452,-502.0
232.237,2453,2453,-503.0
232.292,2454,2454,-504.0
232.343,2455,2455,-505.0
232.408,2456,2456,-506.0
232.453,2457,2457,-507.0
232.524,2458,2458,-508.0
232.579,2459,2459,-509.0
232.635,2460,2460,-510.0
232.674,2461,2461,-511.0
232.725,2462,2462,-512.0
232.801,2463,2463,-513.0
232.891,2464,2464,-514.0
232.952,2465,2465,-515.0
233.022,2466,2466,-516.0
233.063,2467,2467,-517.0
233.133,2468,2468,-518.0
233.184,2469,2469,-519.0
233.264,2470,2470,-520.0
233.31,2471,2471,-521.0
233.377,2472,2472,-522.0
233.431,2473,2473,-523.0
233.522,2474,2474,-524.0
233.582,2475,2475,-525.0
233.633,2476,2476,-526.0
233.693,2477,2477,-527.0
233.764,2478,2478,-528.0
233.799,2479,2479,-529.0
233.86,2480,2480,-530.0
233.895,2481,2481,-531.0
233.966,2482,2482,-532.0
234.011,2483,2483,-533.0
234.082,2484,2484,-534.0
234.168,2485,2485,-535.0
234.225,2486,2486,-536.0
234.289,2487,2487,-537.0
234.37,2488,2488,-538.0
234.42,2489,2489,-539.0
234.506,2490,2490,-540.0
234.567,2491,2491,-541.0
234.617,2492,2492,-542.0
234.692,2493,2493,-543.0
234.758,2494,2494,-544.0
234.848,2495,2495,-545.0
234.904,2496,2496,-546.0
234.959,2497,2497,-547.0
235.041,2498,2498,-548.0
235.102,2499,2499,-549.0
235.163,2500,2500,-550.0
235.263,2501,2501,-551.0
235.334,2502,2502,-552.0
235.374,2503,2503,-553.0
235.435,2504,2504,-554.0
235.495,2505,2505,-555.0
235.57,2506,2506,-556.0
235.626,2507,2507,-557.0
235.676,2508,2508,-558.0
235.746,2509,2509,-559.0
235.812,2510,2510,-560.0
235.887,2511,2511,-561.0
235.947,2512,2512,-562.0
236.003,2513,2513,-563.0
236.063,2514,2514,-564.0
236.118,2515,2515,-565.0
236.168,2516,2516,-566.0
236.233,2517,2517,-567.0
236.283,2518,2518,-568.0
236.358,2519,2519,-569.0
236.438,2520,2520,-570.0
236.518,2521,2521,-571.0
236.563,2522,2522,-572.0
236.613,2523,2523,-573.0
236.673,2524,2524,-574.0
236.753,2525,2525,-575.0
236.833,2526,2526,-576.0
236.897,2527,2527,-577.0
236.943,2528,2528,-578.0
237.013,2529,2529,-579.0
237.062,2530,2530,-580.0
237.165,2531,2531,-581.0
237.288,2532,2532,-582.0
237.348,2533,2533,-583.0
237.431,2534,2534,-584.0
237.498,2535,2535,-585.0
237.581,2536,2536,-586.0
237.668,2537,2537,-587.0
237.74,2538,2538,-588.0
237.799,2539,2539,-589.0
237.85,2540,2540,-590.0
237.92,2541,2541,-591.0
237.969,2542,2542,-592.0
238.025,2543,2543,-593.0
238.087,2544,2544,-594.0
238.133,2545,2545,-595.0
238.209,2546,2546,-596.0
238.295,2547,2547,-597.0
238.366,2548,2548,-598.0
238.468,2549,2549,-599.0
238.539,2550,2550,-600.0
238.604,2551,2551,-601.0
238.726,2552,2552,-602.0
238.812,2553,2553,-603.0
238.888,2554,2554,-604.0
238.974,2555,2555,-605.0
239.055,2556,2556,-606.0
239.136,2557,2557,-607.0
239.182,2558,2558,-608.0
239.222,2559,2559,-609.0
239.258,2560,2560,-610.0
239.303,2561,2561,-611.0
239.364,2562,2562,-612.0
239.424,2563,2563,-613.0
239.525,2564,2564,-614.0
239.613,2565,2565,-615.0
239.656,2566,2566,-616.0
239.722,2567,2567,-617.0
239.787,2568,2568,-618.0
239.879,2569,2569,-619.0
239.928,2570,2570,-620.0
240.033,2571,2571,-621.0
240.123,2572,2572,-622.0
240.183,2573,2573,-623.0
240.248,2574,2574,-624.0
240.308,2575,2575,-625.0
240.368,2576,2576,-626.0
240.433,2577,2577,-627.0
240.513,2578,2578,-628.0
240.588,2579,2579,-629.0
240.663,2580,2580,-630.0
240.773,2581,2581,-631.0
240.843,2582,2582,-632.0
240.903,2583,2583,-633.0
240.988,2584,2584,-634.0
241.092,2585,2585,-635.0
241.207,2586,2586,-636.0
241.247,2587,2587,-637.0
241.317,2588,2588,-638.0
241.382,2589,2589,-639.0
241.451,2590,2590,-640.0
241.531,2591,2591,-641.0
241.625,2592,2592,-642.0
241.669,2593,2593,-643.0
241.73,2594,2594,-644.0
241.789,2595,2595,-645.0
241.854,2596,2596,-646.0
241.928,2597,2597,-647.0
241.973,2598,2598,-648.0
242.023,2599,2599,-649.0
242.097,2600,2600,-650.0
242.152,2601,2601,-651.0
242.196,2602,2602,-652.0
242.256,2603,2603,-653.0
242.301,2604,2604,-654.0
242.37,2605,2605,-655.0
242.405,2606,2606,-656.0
242.449,2607,2607,-657.0
242.494,2608,2608,-658.0
242.528,2609,2609,-659.0
242.578,2610,2610,-660.0
242.617,2611,2611,-661.0
242.672,2612,2612,-662.0
242.756,2613,2613,-663.0
242.804,2614,2614,-664.0
242.884,2615,2615,-665.0
242.953,2616,2616,-666.0
242.987,2617,2617,-667.0
243.032,2618,2618,-668.0
243.081,2619,2619,-669.0
243.174,2620,2620,-670.0
243.263,2621,2621,-671.0
243.302,2622,2622,-672.0
243.4,2623,2623,-673.0
243.434,2624,2624,-674.0
243.473,2625,2625,-675.0
243.533,2626,2626,-676.0
243.62,2627,2627,-677.0
243.672,2628,2628,-678.0
243.748,2629,2629,-679.0
243.808,2630,2630,-680.0
243.858,2631,2631,-681.0
243.931,2632,2632,-682.0
244.008,2633,2633,-683.0
244.045,2634,2634,-684.0
244.115,2635,2635,-685.0
244.181,2636,2636,-686.0
244.225,2637,2637,-687.0
244.299,2638,2638,-688.0
244.355,2639,2639,-689.0
244.421,2640,2640,-690.0
244.494,2641,2641,-691.0
244.583,2642,2642,-692.0
244.649,2643,2643,-693.0
244.745,2644,2644,-694.0
244.816,2645,2645,-695.0
244.898,2646,2646,-696.0
244.964,2647,2647,-697.0
245.042,2648,2648,-698.0
245.124,2649,2649,-699.0
245.207,2650,2650,-700.0
245.306,2651,2651,-701.0
245.384,2652,2652,-702.0
245.461,2653,2653,-703.0
245.544,2654,2654,-704.0
245.596,2655,2655,-705.0
245.653,2656,2656,-706.0
245.725,2657,2657,-707.0
245.782,2658,2658,-708.0
245.833,2659,2659,-709.0
245.915,2660,2660,-710.0
245.957,2661,2661,-711.0
246.012,2662,2662,-712.0
246.073,2663,2663,-713.0
246.168,2664,2664,-714.0
246.243,2665,2665,-715.0
246.332,2666,2666,-716.0
246.38,2667,2667,-717.0
246.471,2668,2668,-718.0
246.543,2669,2669,-719.0
246.618,2670,2670,-720.0
246.68,2671,2671,-721.0
246.723,2672,2672,-722.0
246.765,2673,2673,-723.0
246.815,2674,2674,-724.0
246.857,2675,2675,-725.0
246.925,2676,2676,-726.0
246.979,2677,2677,-727.0
247.028,2678,2678,-728.0
247.064,2679,2679,-729.0
247.114,2680,2680,-730.0
247.174,2681,2681,-731.0
247.224,2682,2682,-732.0
247.264,2683,2683,-733.0
247.311,2684,2684,-734.0
247.353,2685,2685,-735.0
247.398,2686,2686,-736.0
247.468,2687,2687,-737.0
247.538,2688,2688,-738.0
247.623,2689,2689,-739.0
247.673,2690,2690,-740.0
247.728,2691,2691,-741.0
247.782,2692,2692,-742.0
247.832,2693,2693,-743.0
247.922,2694,2694,-744.0
247.967,2695,2695,-745.0
248.048,2696,2696,-746.0
248.128,2697,2697,-747.0
248.183,2698,2698,-748.0
248.303,2699,2699,-749.0
248.383,2700,2700,-750.0
248.458,2701,2701,-751.0
248.538,2702,2702,-752.0
248.593,2703,2703,-753.0
248.678,2704,2704,-754.0
248.757,2705,2705,-755.0
248.817,2706,2706,-756.0
248.862,2707,2707,-757.0
248.915,2708,2708,-758.0
248.972,2709,2709,-759.0
249.028,2710,2710,-760.0
249.088,2711,2711,-761.0
249.174,2712,2712,-762.0
249.218,2713,2713,-763.0
249.273,2714,2714,-764.0
249.316,2715,2715,-765.0
249.373,2716,2716,-766.0
249.428,2717,2717,-767.0
249.523,2718,2718,-768.0
249.578,2719,2719,-769.0
249.648,2720,2720,-770.0
249.713,2721,2721,-771.0
249.754,2722,2722,-772.0
249.819,2723,2723,-773.0
249.869,2724,2724,-774.0
249.919,2725,2725,-775.0
249.994,2726,2726,-776.0
250.064,2727,2727,-777.0
250.114,2728,2728,-778.0
250.164,2729,2729,-779.0
250.244,2730,2730,-780.0
250.314,2731,2731,-781.0
250.414,2732,2732,-782.0
250.489,2733,2733,-783.0
250.554,2734,2734,-784.0
250.604,2735,2735,-785.0
250.664,2736,2736,-786.0
250.725,2737,2737,-787.0
250.79,2738,2738,-788.0
250.855,2739,2739,-789.0
250.925,2740,2740,-790.0
250.975,2741,2741,-791.0
251.035,2742,2742,-792.0
251.095,2743,2743,-793.0
251.15,2744,2744,-794.0
251.215,2745,2745,-795.0
251.265,2746,2746,-796.0
251.31,2747,2747,-797.0
251.39,2748,2748,-798.0
251.474,2749,2749,-799.0
251.51,2750,2750,-800.0
251.62,2751,2751,-801.0
251.685,2752,2752,-802.0
251.75,2753,2753,-803.0
251.825,2754,2754,-804.0
251.875,2755,2755,-805.0
251.919,2756,2756,-806.0
251.968,2757,2757,-807.0
252.012,2758,2758,-808.0
252.059,2759,2759,-809.0
252.1,2760,2760,-810.0
252.171,2761,2761,-811.0
252.24,2762,2762,-812.0
252.27,2763,2763,-813.0
252.325,2764,2764,-814.0
252.399,2765,2765,-815.0
252.48,2766,2766,-816.0
252.53,2767,2767,-817.0
252.59,2768,2768,-818.0
252.655,2769,2769,-819.0
252.709,2770,2770,-820.0
252.754,2771,2771,-821.0
252.819,2772,2772,-822.0
252.889,2773,2773,-823.0
252.969,2774,2774,-824.0
253.019,2775,2775,-825.0
253.055,2776,2776,-826.0
253.12,2777,2777,-827.0
253.18,2778,2778,-828.0
253.23,2779,2779,-829.0
253.3,2780,2780,-830.0
253.395,2781,2781,-831.0
253.46,2782,2782,-832.0
253.581,2783,2783,-833.0
253.656,2784,2784,-834.0
253.721,2785,2785,-835.0
253.785,2786,2786,-836.0
253.885,2787,2787,-837.0
253.94,2788,2788,-838.0
253.975,2789,2789,-839.0
254.035,2790,2790,-840.0
254.091,2791,2791,-841.0
254.146,2792,2792,-842.0
254.201,2793,2793,-843.0
254.281,2794,2794,-844.0
254.371,2795,2795,-845.0
254.441,2796,2796,-846.0
254.506,2797,2797,-847.0
254.581,2798,2798,-848.0
254.662,2799,2799,-849.0
254.746,2800,2800,-850.0
254.806,2801,2801,-851.0
254.881,2802,2802,-852.0
254.982,2803,2803,-853.0
255.052,2804,2804,-854.0
255.147,2805,2805,-855.0
255.197,2806,2806,-856.0
255.257,2807,2807,-857.0
255.322,2808,2808,-858.0
255.398,2809,2809,-859.0
255.463,2810,2810,-860.0
255.533,2811,2811,-861.0
255.603,2812,2812,-862.0
255.648,2813,2813,-863.0
255.737,2814,2814,-864.0
255.797,2815,2815,-865.0
255.861,2816,2816,-866.0
255.906,2817,2817,-867.0
255.946,2818,2818,-868.0
255.991,2819,2819,-869.0
256.032,2820,2820,-870.0
256.082,2821,2821,-871.0
256.142,2822,2822,-872.0
256.217,2823,2823,-873.0
256.292,2824,2824,-874.0
256.352,2825,2825,-875.0
256.437,2826,2826,-876.0
256.507,2827,2827,-877.0
256.557,2828,2828,-878.0
256.613,2829,2829,-879.0
256.708,2830,2830,-880.0
256.778,2831,2831,-881.0
256.833,2832,2832,-882.0
256.903,2833,2833,-883.0
257.013,2834,2834,-884.0
257.053,2835,2835,-885.0
257.118,2836,2836,-886.0
257.163,2837,2837,-887.0
257.213,2838,2838,-888.0
257.296,2839,2839,-889.0
257.349,2840,2840,-890.0
257.454,2841,2841,-891.0
257.529,2842,2842,-892.0
257.634,2843,2843,-893.0
257.693,2844,2844,-894.0
257.753,2845,2845,-895.0
257.838,2846,2846,-896.0
257.903,2847,2847,-897.0
257.953,2848,2848,-898.0
258.008,2849,2849,-899.0
258.084,2850,2850,-900.0
258.179,2851,2851,-901.0
258.227,2852,2852,-902.0
258.269,2853,2853,-903.0
258.329,2854,2854,-904.0
258.384,2855,2855,-905.0
258.47,2856,2856,-906.0
258.52,2857,2857,-907.0
258.58,2858,2858,-908.0
258.63,2859,2859,-909.0
258.719,2860,2860,-910.0
258.794,2861,2861,-911.0
258.87,2862,2862,-912.0
258.93,2863,2863,-913.0
258.99,2864,2864,-914.0
259.06,2865,2865,-915.0
259.1,2866,2866,-916.0
259.14,2867,2867,-917.0
259.191,2868,2868,-918.0
259.226,2869,2869,-919.0
259.278,2870,2870,-920.0
259.336,2871,2871,-921.0
259.416,2872,2872,-922.0
259.471,2873,2873,-923.0
259.536,2874,2874,-924.0
259.576,2875,2875,-925.0
259.651,2876,2876,-926.0
259.746,2877,2877,-927.0
259.788,2878,2878,-928.0
259.826,2879,2879,-929.0
259.906,2880,2880,-930.0
259.956,2881,2881,-931.0
260.006,2882,2882,-932.0
260.076,2883,2883,-933.0
260.152,2884,2884,-934.0
260.197,2885,2885,-935.0
260.247,2886,2886,-936.0
260.292,2887,2887,-937.0
260.377,2888,2888,-938.0
260.427,2889,2889,-939.0
260.482,2890,2890,-940.0
260.552,2891,2891,-941.0
260.607,2892,2892,-942.0
260.662,2893,2893,-943.0
260.7,2894,2894,-944.0
260.757,2895,2895,-945.0
260.801,2896,2896,-946.0
260.862,2897,2897,-947.0
260.952,2898,2898,-948.0
261.012,2899,2899,-949.0
261.072,2900,2900,-950.0
261.152,2901,2901,-951.0
261.208,2902,2902,-952.0
261.263,2903,2903,-953.0
261.293,2904,2904,-954.0
261.388,2905,2905,-955.0
261.443,2906,2906,-956.0
261.508,2907,2907,-957.0
261.563,2908,2908,-958.0
261.618,2909,2909,-959.0
261.683,2910,2910,-960.0
261.758,2911,2911,-961.0
261.828,2912,2912,-962.0
261.87,2913,2913,-963.0
261.928,2914,2914,-964.0
262.018,2915,2915,-965.0
262.099,2916,2916,-966.0
262.169,2917,2917,-967.0
262.224,2918,2918,-968.0
262.289,2919,2919,-969.0
262.364,2920,2920,-970.0
262.439,2921,2921,-971.0
262.509,2922,2922,-972.0
262.56,2923,2923,-973.0
262.614,2924,2924,-974.0
262.671,2925,2925,-975.0
262.759,2926,2926,-976.0
262.849,2927,2927,-977.0
262.894,2928,2928,-978.0
262.944,2929,2929,-979.0
263.024,2930,2930,-980.0
263.099,2931,2931,-981.0
263.134,2932,2932,-982.0
263.169,2933,2933,-983.0
263.234,2934,2934,-984.0
263.289,2935,2935,-985.0
263.374,2936,2936,-986.0
263.429,2937,2937,-987.0
263.525,2938,2938,-988.0
263.605,2939,2939,-989.0
263.695,2940,2940,-990.0
263.775,2941,2941,-991.0
263.85,2942,2942,-992.0
263.915,2943,2943,-993.0
263.955,2944,2944,-994.0
264.045,2945,2945,-995.0
264.13,2946,2946,-996.0
264.195,2947,2947,-997.0
264.27,2948,2948,-998.0
264.315,2949,2949,-999.0
264.385,2950,2950,-1000.0
264.495,2951,2951,-1001.0
264.57,2952,2952,-1002.0
264.635,2953,2953,-1003.0
264.68,2954,2954,-1004.0
264.791,2955,2955,-1005.0
264.856,2956,2956,-1006.0
264.946,2957,2957,-1007.0
265.041,2958,2958,-1008.0
265.106,2959,2959,-1009.0
265.201,2960,2960,-1010.0
265.236,2961,2961,-1011.0
265.301,2962,2962,-1012.0
265.366,2963,2963,-1013.0
265.416,2964,2964,-1014.0
265.516,2965,2965,-1015.0
265.566,2966,2966,-1016.0
265.606,2967,2967,-1017.0
265.666,2968,2968,-1018.0
265.721,2969,2969,-1019.0
265.786,2970,2970,-1020.0
265.861,2971,2971,-1021.0
265.931,2972,2972,-1022.0
266.017,2973,2973,-1023.0
266.086,2974,2974,-1024.0
266.142,2975,2975,-1025.0
266.206,2976,2976,-1026.0
266.271,2977,2977,-1027.0
266.307,2978,2978,-1028.0
266.416,2979,2979,-1029.0
266.486,2980,2980,-1030.0
266.551,2981,2981,-1031.0
266.606,2982,2982,-1032.0
266.661,2983,2983,-1033.0
266.716,2984,2984,-1034.0
266.786,2985,2985,-1035.0
266.841,2986,2986,-1036.0
266.906,2987,2987,-1037.0
266.966,2988,2988,-1038.0
267.037,2989,2989,-1039.0
267.122,2990,2990,-1040.0
267.159,2991,2991,-1041.0
267.207,2992,2992,-1042.0
267.242,2993,2993,-1043.0
267.278,2994,2994,-1044.0
267.337,2995,2995,-1045.0
267.427,2996,2996,-1046.0
267.487,2997,2997,-1047.0
267.577,2998,2998,-1048.0
267.632,2999,2999,-1049.0
267.682,3000,3000,-1050.0
267.757,3001,3001,-1051.0
267.832,3002,3002,-1052.0
267.907,3003,3003,-1053.0
267.977,3004,3004,-1054.0
268.053,3005,3005,-1055.0
268.104,3006,3006,-1056.0
268.143,3007,3007,-1057.0
268.228,3008,3008,-1058.0
268.298,3009,3009,-1059.0
268.343,3010,3010,-1060.0
268.403,3011,3011,-1061.0
268.472,3012,3012,-1062.0
268.532,3013,3013,-1063.0
268.633,3014,3014,-1064.0
268.702,3015,3015,-1065.0
268.787,3016,3016,-1066.0
268.852,3017,3017,-1067.0
268.907,3018,3018,-1068.0
268.942,3019,3019,-1069.0
269.018,3020,3020,-1070.0
269.093,3021,3021,-1071.0
269.148,3022,3022,-1072.0
269.218,3023,3023,-1073.0
269.288,3024,3024,-1074.0
269.368,3025,3025,-1075.0
269.418,3026,3026,-1076.0
269.483,3027,3027,-1077.0
269.521,3028,3028,-1078.0
269.563,3029,3029,-1079.0
269.633,3030,3030,-1080.0
269.708,3031,3031,-1081.0
269.783,3032,3032,-1082.0
269.831,3033,3033,-1083.0
269.903,3034,3034,-1084.0
269.953,3035,3035,-1085.0
269.998,3036,3036,-1086.0
270.073,3037,3037,-1087.0
270.123,3038,3038,-1088.0
270.17,3039,3039,-1089.0
270.218,3040,3040,-1090.0
270.268,3041,3041,-1091.0
270.303,3042,3042,-1092.0
270.358,3043,3043,-1093.0
270.413,3044,3044,-1094.0
270.468,3045,3045,-1095.0
270.523,3046,3046,-1096.0
270.593,3047,3047,-1097.0
270.678,3048,3048,-1098.0
270.758,3049,3049,-1099.0
270.808,3050,3050,-1100.0
270.873,3051,3051,-1101.0
270.929,3052,3052,-1102.0
270.996,3053,3053,-1103.0
271.052,3054,3054,-1104.0
271.099,3055,3055,-1105.0
271.205,3056,3056,-1106.0
271.26,3057,3057,-1107.0
271.326,3058,3058,-1108.0
271.401,3059,3059,-1109.0
271.477,3060,3060,-1110.0
271.562,3061,3061,-1111.0
271.658,3062,3062,-1112.0
271.734,3063,3063,-1113.0
271.779,3064,3064,-1114.0
271.865,3065,3065,-1115.0
271.935,3066,3066,-1116.0
272.006,3067,3067,-1117.0
272.082,3068,3068,-1118.0
272.127,3069,3069,-1119.0
272.178,3070,3070,-1120.0
272.249,3071,3071,-1121.0
272.324,3072,3072,-1122.0
272.395,3073,3073,-1123.0
272.476,3074,3074,-1124.0
272.562,3075,3075,-1125.0
272.637,3076,3076,-1126.0
272.679,3077,3077,-1127.0
272.759,3078,3078,-1128.0
272.824,3079,3079,-1129.0
272.888,3080,3080,-1130.0
272.92,3081,3081,-1131.0
272.969,3082,3082,-1132.0
273.041,3083,3083,-1133.0
273.077,3084,3084,-1134.0
273.158,3085,3085,-1135.0
273.229,3086,3086,-1136.0
273.31,3087,3087,-1137.0
273.396,3088,3088,-1138.0
273.431,3089,3089,-1139.0
273.532,3090,3090,-1140.0
273.588,3091,3091,-1141.0
273.625,3092,3092,-1142.0
273.724,3093,3093,-1143.0
273.805,3094,3094,-1144.0
273.865,3095,3095,-1145.0
273.956,3096,3096,-1146.0
274.057,3097,3097,-1147.0
274.138,3098,3098,-1148.0
274.228,3099,3099,-1149.0
274.294,3100,3100,-1150.0
274.364,3101,3101,-1151.0
274.455,3102,3102,-1152.0
274.525,3103,3103,-1153.0
274.6,3104,3104,-1154.0
274.67,3105,3105,-1155.0
274.706,3106,3106,-1156.0
274.751,3107,3107,-1157.0
274.786,3108,3108,-1158.0
274.846,3109,3109,-1159.0
274.907,3110,3110,-1160.0
274.943,3111,3111,-1161.0
274.987,3112,3112,-1162.0
275.052,3113,3113,-1163.0
275.113,3114,3114,-1164.0
275.158,3115,3115,-1165.0
275.224,3116,3116,-1166.0
275.263,3117,3117,-1167.0
275.313,3118,3118,-1168.0
275.373,3119,3119,-1169.0
275.418,3120,3120,-1170.0
275.488,3121,3121,-1171.0
275.543,3122,3122,-1172.0
275.643,3123,3123,-1173.0
275.718,3124,3124,-1174.0
275.798,3125,3125,-1175.0
275.878,3126,3126,-1176.0
275.948,3127,3127,-1177.0
276.018,3128,3128,-1178.0
276.073,3129,3129,-1179.0
276.133,3130,3130,-1180.0
276.173,3131,3131,-1181.0
276.258,3132,3132,-1182.0
276.319,3133,3133,-1183.0
276.414,3134,3134,-1184.0
276.484,3135,3135,-1185.0
276.544,3136,3136,-1186.0
276.619,3137,3137,-1187.0
276.699,3138,3138,-1188.0
276.765,3139,3139,-1189.0
276.82,3140,3140,-1190.0
276.88,3141,3141,-1191.0
276.955,3142,3142,-1192.0
277.026,3143,3143,-1193.0
277.101,3144,3144,-1194.0
277.181,3145,3145,-1195.0
277.262,3146,3146,-1196.0
277.327,3147,3147,-1197.0
277.422,3148,3148,-1198.0
277.472,3149,3149,-1199.0
277.563,3150,3150,-1200.0
277.708,3151,3151,-1201.0
277.804,3152,3152,-1202.0
277.894,3153,3153,-1203.0
277.944,3154,3154,-1204.0
278.005,3155,3155,-1205.0
278.125,3156,3156,-1206.0
278.201,3157,3157,-1207.0
278.311,3158,3158,-1208.0
278.367,3159,3159,-1209.0
278.452,3160,3160,-1210.0
278.512,3161,3161,-1211.0
278.598,3162,3162,-1212.0
278.688,3163,3163,-1213.0
278.754,3164,3164,-1214.0
278.829,3165,3165,-1215.0
278.919,3166,3166,-1216.0
279.025,3167,3167,-1217.0
279.07,3168,3168,-1218.0
279.116,3169,3169,-1219.0
279.181,3170,3170,-1220.0
279.226,3171,3171,-1221.0
279.307,3172,3172,-1222.0
279.362,3173,3173,-1223.0
279.447,3174,3174,-1224.0
279.512,3175,3175,-1225.0
279.603,3176,3176,-1226.0
279.673,3177,3177,-1227.0
279.728,3178,3178,-1228.0
279.819,3179,3179,-1229.0
279.894,3180,3180,-1230.0
279.944,3181,3181,-1231.0
280.025,3182,3182,-1232.0
280.11,3183,3183,-1233.0
280.185,3184,3184,-1234.0
280.276,3185,3185,-1235.0
280.326,3186,3186,-1236.0
280.401,3187,3187,-1237.0
280.481,3188,3188,-1238.0
280.552,3189,3189,-1239.0
280.612,3190,3190,-1240.0
280.712,3191,3191,-1241.0
280.812,3192,3192,-1242.0
280.902,3193,3193,-1243.0
280.967,3194,3194,-1244.0
281.038,3195,3195,-1245.0
281.083,3196,3196,-1246.0
281.158,3197,3197,-1247.0
281.208,3198,3198,-1248.0
281.293,3199,3199,-1249.0
281.353,3200,3200,-1250.0
281.403,3201,3201,-1251.0
281.47,3202,3202,-1252.0
281.518,3203,3203,-1253.0
281.571,3204,3204,-1254.0
281.633,3205,3205,-1255.0
281.723,3206,3206,-1256.0
281.795,3207,3207,-1257.0
281.88,3208,3208,-1258.0
281.94,3209,3209,-1259.0
282.056,3210,3210,-1260.0
282.114,3211,3211,-1261.0
282.182,3212,3212,-1262.0
282.264,3213,3213,-1263.0
282.347,3214,3214,-1264.0
282.405,3215,3215,-1265.0
282.493,3216,3216,-1266.0
282.64,3217,3217,-1267.0
282.709,3218,3218,-1268.0
282.772,3219,3219,-1269.0
282.841,3220,3220,-1270.0
282.94,3221,3221,-1271.0
283.029,3222,3222,-1272.0
283.093,3223,3223,-1273.0
283.153,3224,3224,-1274.0
283.207,3225,3225,-1275.0
283.302,3226,3226,-1276.0
283.377,3227,3227,-1277.0
283.427,3228,3228,-1278.0
283.533,3229,3229,-1279.0
283.598,3230,3230,-1280.0
283.643,3231,3231,-1281.0
283.733,3232,3232,-1282.0
283.793,3233,3233,-1283.0
283.868,3234,3234,-1284.0
283.938,3235,3235,-1285.0
284.033,3236,3236,-1286.0
284.093,3237,3237,-1287.0
284.178,3238,3238,-1288.0
284.258,3239,3239,-1289.0
284.313,3240,3240,-1290.0
284.368,3241,3241,-1291.0
284.453,3242,3242,-1292.0
284.557,3243,3243,-1293.0
284.637,3244,3244,-1294.0
284.702,3245,3245,-1295.0
284.788,3246,3246,-1296.0
284.833,3247,3247,-1297.0
284.918,3248,3248,-1298.0
284.983,3249,3249,-1299.0
285.033,3250,3250,-1300.0
285.108,3251,3251,-1301.0
285.173,3252,3252,-1302.0
285.248,3253,3253,-1303.0
285.313,3254,3254,-1304.0
285.423,3255,3255,-1305.0
285.513,3256,3256,-1306.0
285.578,3257,3257,-1307.0
285.638,3258,3258,-1308.0
285.733,3259,3259,-1309.0
285.808,3260,3260,-1310.0
285.883,3261,3261,-1311.0
285.948,3262,3262,-1312.0
286.023,3263,3263,-1313.0
286.093,3264,3264,-1314.0
286.128,3265,3265,-1315.0
286.198,3266,3266,-1316.0
286.288,3267,3267,-1317.0
286.363,3268,3268,-1318.0
286.413,3269,3269,-1319.0
286.468,3270,3270,-1320.0
286.523,3271,3271,-1321.0
286.567,3272,3272,-1322.0
286.628,3273,3273,-1323.0
286.717,3274,3274,-1324.0
286.858,3275,3275,-1325.0
286.953,3276,3276,-1326.0
287.018,3277,3277,-1327.0
287.088,3278,3278,-1328.0
287.138,3279,3279,-1329.0
287.268,3280,3280,-1330.0
287.373,3281,3281,-1331.0
287.413,3282,3282,-1332.0
287.518,3283,3283,-1333.0
287.583,3284,3284,-1334.0
287.632,3285,3285,-1335.0
287.708,3286,3286,-1336.0
287.818,3287,3287,-1337.0
287.888,3288,3288,-1338.0
287.943,3289,3289,-1339.0
288.003,3290,3290,-1340.0
288.068,3291,3291,-1341.0
288.133,3292,3292,-1342.0
288.203,3293,3293,-1343.0
288.268,3294,3294,-1344.0
288.323,3295,3295,-1345.0
288.393,3296,3296,-1346.0
288.463,3297,3297,-1347.0
288.523,3298,3298,-1348.0
288.593,3299,3299,-1349.0
288.693,3300,3300,-1350.0
288.788,3301,3301,-1351.0
288.853,3302,3302,-1352.0
288.923,3303,3303,-1353.0
288.993,3304,3304,-1354.0
289.048,3305,3305,-1355.0
289.123,3306,3306,-1356.0
289.218,3307,3307,-1357.0
289.303,3308,3308,-1358.0
289.388,3309,3309,-1359.0
289.463,3310,3310,-1360.0
289.537,3311,3311,-1361.0
289.648,3312,3312,-1362.0
289.679,3313,3313,-1363.0
289.765,3314,3314,-1364.0
289.817,3315,3315,-1365.0
289.894,3316,3316,-1366.0
289.966,3317,3317,-1367.0
290.054,3318,3318,-1368.0
290.09,3319,3319,-1369.0
290.172,3320,3320,-1370.0
290.218,3321,3321,-1371.0
290.331,3322,3322,-1372.0
290.398,3323,3323,-1373.0
290.459,3324,3324,-1374.0
290.52,3325,3325,-1375.0
290.612,3326,3326,-1376.0
290.694,3327,3327,-1377.0
290.775,3328,3328,-1378.0
290.821,3329,3329,-1379.0
290.882,3330,3330,-1380.0
290.948,3331,3331,-1381.0
291.039,3332,3332,-1382.0
291.095,3333,3333,-1383.0
291.176,3334,3334,-1384.0
291.262,3335,3335,-1385.0
291.333,3336,3336,-1386.0
291.384,3337,3337,-1387.0
291.454,3338,3338,-1388.0
291.51,3339,3339,-1389.0
291.56,3340,3340,-1390.0
291.641,3341,3341,-1391.0
291.706,3342,3342,-1392.0
291.756,3343,3343,-1393.0
291.801,3344,3344,-1394.0
291.862,3345,3345,-1395.0
291.927,3346,3346,-1396.0
292.038,3347,3347,-1397.0
292.093,3348,3348,-1398.0
292.158,3349,3349,-1399.0
292.218,3350,3350,-1400.0
292.323,3351,3351,-1401.0
292.383,3352,3352,-1402.0
292.448,3353,3353,-1403.0
292.518,3354,3354,-1404.0
292.558,3355,3355,-1405.0
292.618,3356,3356,-1406.0
292.693,3357,3357,-1407.0
292.783,3358,3358,-1408.0
292.864,3359,3359,-1409.0
292.946,3360,3360,-1410.0
293.0,3361,3361,-1411.0
293.065,3362,3362,-1412.0
293.103,3363,3363,-1413.0
293.168,3364,3364,-1414.0
293.246,3365,3365,-1415.0
293.292,3366,3366,-1416.0
293.363,3367,3367,-1417.0
293.443,3368,3368,-1418.0
293.483,3369,3369,-1419.0
293.533,3370,3370,-1420.0
293.588,3371,3371,-1421.0
293.668,3372,3372,-1422.0
293.743,3373,3373,-1423.0
293.788,3374,3374,-1424.0
293.833,3375,3375,-1425.0
293.898,3376,3376,-1426.0
293.958,3377,3377,-1427.0
294.023,3378,3378,-1428.0
294.103,3379,3379,-1429.0
294.188,3380,3380,-1430.0
294.278,3381,3381,-1431.0
294.338,3382,3382,-1432.0
294.423,3383,3383,-1433.0
294.493,3384,3384,-1434.0
294.548,3385,3385,-1435.0
294.588,3386,3386,-1436.0
294.669,3387,3387,-1437.0
294.759,3388,3388,-1438.0
294.808,3389,3389,-1439.0
294.854,3390,3390,-1440.0
294.958,3391,3391,-1441.0
295.029,3392,3392,-1442.0
295.089,3393,3393,-1443.0
295.154,3394,3394,-1444.0
295.224,3395,3395,-1445.0
295.269,3396,3396,-1446.0
295.329,3397,3397,-1447.0
295.369,3398,3398,-1448.0
295.439,3399,3399,-1449.0
295.534,3400,3400,-1450.0
295.599,3401,3401,-1451.0
295.679,3402,3402,-1452.0
295.744,3403,3403,-1453.0
295.799,3404,3404,-1454.0
295.864,3405,3405,-1455.0
295.934,3406,3406,-1456.0
295.999,3407,3407,-1457.0
296.069,3408,3408,-1458.0
296.134,3409,3409,-1459.0
296.224,3410,3410,-1460.0
296.309,3411,3411,-1461.0
296.394,3412,3412,-1462.0
296.494,3413,3413,-1463.0
296.569,3414,3414,-1464.0
296.634,3415,3415,-1465.0
296.715,3416,3416,-1466.0
296.77,3417,3417,-1467.0
296.855,3418,3418,-1468.0
296.92,3419,3419,-1469.0
296.965,3420,3420,-1470.0
297.025,3421,3421,-1471.0
297.08,3422,3422,-1472.0
297.13,3423,3423,-1473.0
297.205,3424,3424,-1474.0
297.295,3425,3425,-1475.0
297.355,3426,3426,-1476.0
297.43,3427,3427,-1477.0
297.521,3428,3428,-1478.0
297.611,3429,3429,-1479.0
297.696,3430,3430,-1480.0
297.786,3431,3431,-1481.0
297.856,3432,3432,-1482.0
297.931,3433,3433,-1483.0
297.981,3434,3434,-1484.0
298.061,3435,3435,-1485.0
298.111,3436,3436,-1486.0
298.186,3437,3437,-1487.0
298.246,3438,3438,-1488.0
298.291,3439,3439,-1489.0
298.361,3440,3440,-1490.0
298.436,3441,3441,-1491.0
298.516,3442,3442,-1492.0
298.581,3443,3443,-1493.0
298.641,3444,3444,-1494.0
298.711,3445,3445,-1495.0
298.771,3446,3446,-1496.0
298.856,3447,3447,-1497.0
298.931,3448,3448,-1498.0
298.976,3449,3449,-1499.0
299.026,3450,3450,-1500.0
299.127,3451,3451,-1501.0
299.172,3452,3452,-1502.0
299.227,3453,3453,-1503.0
299.292,3454,3454,-1504.0
299.347,3455,3455,-1505.0
299.377,3456,3456,-1506.0
299.452,3457,3457,-1507.0
299.552,3458,3458,-1508.0
299.592,3459,3459,-1509.0
299.652,3460,3460,-1510.0
299.762,3461,3461,-1511.0
299.842,3462,3462,-1512.0
299.912,3463,3463,-1513.0
299.962,3464,3464,-1514.0
300.017,3465,3465,-1515.0
300.092,3466,3466,-1516.0
300.137,3467,3467,-1517.0
300.177,3468,3468,-1518.0
300.247,3469,3469,-1519.0
300.322,3470,3470,-1520.0
300.412,3471,3471,-1521.0
300.487,3472,3472,-1522.0
300.547,3473,3473,-1523.0
300.637,3474,3474,-1524.0
300.697,3475,3475,-1525.0
300.757,3476,3476,-1526.0
300.832,3477,3477,-1527.0
300.913,3478,3478,-1528.0
301.003,3479,3479,-1529.0
301.103,3480,3480,-1530.0
301.213,3481,3481,-1531.0
301.303,3482,3482,-1532.0
301.383,3483,3483,-1533.0
301.458,3484,3484,-1534.0
301.508,3485,3485,-1535.0
301.603,3486,3486,-1536.0
301.658,3487,3487,-1537.0
301.718,3488,3488,-1538.0
301.763,3489,3489,-1539.0
301.868,3490,3490,-1540.0
301.963,3491,3491,-1541.0
302.018,3492,3492,-1542.0
302.098,3493,3493,-1543.0
302.163,3494,3494,-1544.0
302.218,3495,3495,-1545.0
302.283,3496,3496,-1546.0
302.348,3497,3497,-1547.0
302.433,3498,3498,-1548.0
302.503,3499,3499,-1549.0
302.563,3500,3500,-1550.0
302.628,3501,3501,-1551.0
302.713,3502,3502,-1552.0
302.773,3503,3503,-1553.0
302.838,3504,3504,-1554.0
302.933,3505,3505,-1555.0
302.999,3506,3506,-1556.0
303.094,3507,3507,-1557.0
303.139,3508,3508,-1558.0
303.209,3509,3509,-1559.0
303.26,3510,3510,-1560.0
303.31,3511,3511,-1561.0
303.375,3512,3512,-1562.0
303.436,3513,3513,-1563.0
303.481,3514,3514,-1564.0
303.561,3515,3515,-1565.0
303.607,3516,3516,-1566.0
303.667,3517,3517,-1567.0
303.707,3518,3518,-1568.0
303.762,3519,3519,-1569.0
303.813,3520,3520,-1570.0
303.893,3521,3521,-1571.0
303.964,3522,3522,-1572.0
304.025,3523,3523,-1573.0
304.085,3524,3524,-1574.0
304.141,3525,3525,-1575.0
304.221,3526,3526,-1576.0
304.312,3527,3527,-1577.0
304.363,3528,3528,-1578.0
304.463,3529,3529,-1579.0
304.499,3530,3530,-1580.0
304.549,3531,3531,-1581.0
304.64,3532,3532,-1582.0
304.716,3533,3533,-1583.0
304.781,3534,3534,-1584.0
304.857,3535,3535,-1585.0
304.897,3536,3536,-1586.0
304.978,3537,3537,-1587.0
305.064,3538,3538,-1588.0
305.144,3539,3539,-1589.0
305.195,3540,3540,-1590.0
305.28,3541,3541,-1591.0
305.336,3542,3542,-1592.0
305.432,3543,3543,-1593.0
305.513,3544,3544,-1594.0
305.573,3545,3545,-1595.0
305.624,3546,3546,-1596.0
305.694,3547,3547,-1597.0
305.75,3548,3548,-1598.0
305.815,3549,3549,-1599.0
305.896,3550,3550,-1600.0
305.976,3551,3551,-1601.0
306.057,3552,3552,-1602.0
306.097,3553,3553,-1603.0
306.153,3554,3554,-1604.0
306.228,3555,3555,-1605.0
306.304,3556,3556,-1606.0
306.374,3557,3557,-1607.0
306.434,3558,3558,-1608.0
306.515,3559,3559,-1609.0
306.6,3560,3560,-1610.0
306.66,3561,3561,-1611.0
306.745,3562,3562,-1612.0
306.801,3563,3563,-1613.0
306.856,3564,3564,-1614.0
306.936,3565,3565,-1615.0
307.002,3566,3566,-1616.0
307.072,3567,3567,-1617.0
307.142,3568,3568,-1618.0
307.192,3569,3569,-1619.0
307.257,3570,3570,-1620.0
307.328,3571,3571,-1621.0
307.368,3572,3572,-1622.0
307.443,3573,3573,-1623.0
307.487,3574,3574,-1624.0
307.525,3575,3575,-1625.0
307.608,3576,3576,-1626.0
307.658,3577,3577,-1627.0
307.753,3578,3578,-1628.0
307.793,3579,3579,-1629.0
307.84,3580,3580,-1630.0
307.898,3581,3581,-1631.0
307.983,3582,3582,-1632.0
308.062,3583,3583,-1633.0
308.142,3584,3584,-1634.0
308.196,3585,3585,-1635.0
308.261,3586,3586,-1636.0
308.325,3587,3587,-1637.0
308.414,3588,3588,-1638.0
308.464,3589,3589,-1639.0
308.518,3590,3590,-1640.0
308.589,3591,3591,-1641.0
308.627,3592,3592,-1642.0
308.696,3593,3593,-1643.0
308.79,3594,3594,-1644.0
308.849,3595,3595,-1645.0
308.914,3596,3596,-1646.0
308.998,3597,3597,-1647.0
309.093,3598,3598,-1648.0
309.148,3599,3599,-1649.0
309.198,3600,3600,-1650.0
309.258,3601,3601,-1651.0
309.313,3602,3602,-1652.0
309.418,3603,3603,-1653.0
309.483,3604,3604,-1654.0
309.523,3605,3605,-1655.0
309.592,3606,3606,-1656.0
309.687,3607,3607,-1657.0
309.737,3608,3608,-1658.0
309.792,3609,3609,-1659.0
309.847,3610,3610,-1660.0
309.902,3611,3611,-1661.0
309.977,3612,3612,-1662.0
310.023,3613,3613,-1663.0
310.098,3614,3614,-1664.0
310.158,3615,3615,-1665.0
310.218,3616,3616,-1666.0
310.318,3617,3617,-1667.0
310.362,3618,3618,-1668.0
310.418,3619,3619,-1669.0
310.478,3620,3620,-1670.0
310.533,3621,3621,-1671.0
310.618,3622,3622,-1672.0
310.693,3623,3623,-1673.0
310.758,3624,3624,-1674.0
310.813,3625,3625,-1675.0
310.878,3626,3626,-1676.0
310.963,3627,3627,-1677.0
311.013,3628,3628,-1678.0
311.073,3629,3629,-1679.0
311.163,3630,3630,-1680.0
311.213,3631,3631,-1681.0
311.273,3632,3632,-1682.0
311.353,3633,3633,-1683.0
311.433,3634,3634,-1684.0
311.482,3635,3635,-1685.0
311.542,3636,3636,-1686.0
311.612,3637,3637,-1687.0
311.697,3638,3638,-1688.0
311.747,3639,3639,-1689.0
311.827,3640,3640,-1690.0
311.928,3641,3641,-1691.0
311.998,3642,3642,-1692.0
312.058,3643,3643,-1693.0
312.143,3644,3644,-1694.0
312.208,3645,3645,-1695.0
312.288,3646,3646,-1696.0
312.383,3647,3647,-1697.0
312.428,3648,3648,-1698.0
312.508,3649,3649,-1699.0
312.588,3650,3650,-1700.0
312.638,3651,3651,-1701.0
312.703,3652,3652,-1702.0
312.788,3653,3653,-1703.0
312.868,3654,3654,-1704.0
312.903,3655,3655,-1705.0
312.983,3656,3656,-1706.0
313.033,3657,3657,-1707.0
313.118,3658,3658,-1708.0
313.173,3659,3659,-1709.0
313.238,3660,3660,-1710.0
313.323,3661,3661,-1711.0
313.388,3662,3662,-1712.0
313.468,3663,3663,-1713.0
313.538,3664,3664,-1714.0
313.603,3665,3665,-1715.0
313.693,3666,3666,-1716.0
313.753,3667,3667,-1717.0
313.808,3668,3668,-1718.0
313.848,3669,3669,-1719.0
313.93,3670,3670,-1720.0
313.988,3671,3671,-1721.0
314.037,3672,3672,-1722.0
314.172,3673,3673,-1723.0
314.217,3674,3674,-1724.0
314.352,3675,3675,-1725.0
314.476,3676,3676,-1726.0
314.576,3677,3677,-1727.0
314.666,3678,3678,-1728.0
314.72,3679,3679,-1729.0
314.81,3680,3680,-1730.0
314.865,3681,3681,-1731.0
314.93,3682,3682,-1732.0
314.99,3683,3683,-1733.0
315.08,3684,3684,-1734.0
315.125,3685,3685,-1735.0
315.175,3686,3686,-1736.0
315.255,3687,3687,-1737.0
315.314,3688,3688,-1738.0
315.364,3689,3689,-1739.0
315.444,3690,3690,-1740.0
315.509,3691,3691,-1741.0
315.579,3692,3692,-1742.0
315.609,3693,3693,-1743.0
315.659,3694,3694,-1744.0
315.738,3695,3695,-1745.0
315.798,3696,3696,-1746.0
315.858,3697,3697,-1747.0
315.933,3698,3698,-1748.0
316.053,3699,3699,-1749.0
316.103,3700,3700,-1750.0
316.158,3701,3701,-1751.0
316.223,3702,3702,-1752.0
316.258,3703,3703,-1753.0
316.333,3704,3704,-1754.0
316.407,3705,3705,-1755.0
316.472,3706,3706,-1756.0
316.542,3707,3707,-1757.0
316.597,3708,3708,-1758.0
316.627,3709,3709,-1759.0
316.692,3710,3710,-1760.0
316.772,3711,3711,-1761.0
316.851,3712,3712,-1762.0
316.916,3713,3713,-1763.0
316.976,3714,3714,-1764.0
317.031,3715,3715,-1765.0
317.096,3716,3716,-1766.0
317.156,3717,3717,-1767.0
317.251,3718,3718,-1768.0
317.336,3719,3719,-1769.0
317.406,3720,3720,-1770.0
317.471,3721,3721,-1771.0
317.585,3722,3722,-1772.0
317.685,3723,3723,-1773.0
317.77,3724,3724,-1774.0
317.84,3725,3725,-1775.0
317.92,3726,3726,-1776.0
318.01,3727,3727,-1777.0
318.065,3728,3728,-1778.0
318.135,3729,3729,-1779.0
318.21,3730,3730,-1780.0
318.285,3731,3731,-1781.0
318.35,3732,3732,-1782.0
318.39,3733,3733,-1783.0
318.44,3734,3734,-1784.0
318.534,3735,3735,-1785.0
318.614,3736,3736,-1786.0
318.664,3737,3737,-1787.0
318.719,3738,3738,-1788.0
318.784,3739,3739,-1789.0
318.884,3740,3740,-1790.0
318.969,3741,3741,-1791.0
319.064,3742,3742,-1792.0
319.154,3743,3743,-1793.0
319.229,3744,3744,-1794.0
319.299,3745,3745,-1795.0
319.349,3746,3746,-1796.0
319.434,3747,3747,-1797.0
319.514,3748,3748,-1798.0
319.559,3749,3749,-1799.0
319.609,3750,3750,-1800.0
319.713,3751,3751,-1801.0
319.793,3752,3752,-1802.0
319.853,3753,3753,-1803.0
319.933,3754,3754,-1804.0
319.978,3755,3755,-1805.0
320.028,3756,3756,-1806.0
320.093,3757,3757,-1807.0
320.158,3758,3758,-1808.0
320.208,3759,3759,-1809.0
320.308,3760,3760,-1810.0
320.373,3761,3761,-1811.0
320.433,3762,3762,-1812.0
320.503,3763,3763,-1813.0
320.558,3764,3764,-1814.0
320.603,3765,3765,-1815.0
320.688,3766,3766,-1816.0
320.738,3767,3767,-1817.0
320.813,3768,3768,-1818.0
320.903,3769,3769,-1819.0
320.968,3770,3770,-1820.0
321.028,3771,3771,-1821.0
321.093,3772,3772,-1822.0
321.138,3773,3773,-1823.0
321.238,3774,3774,-1824.0
321.318,3775,3775,-1825.0
321.398,3776,3776,-1826.0
321.458,3777,3777,-1827.0
321.533,3778,3778,-1828.0
321.598,3779,3779,-1829.0
321.683,3780,3780,-1830.0
321.743,3781,3781,-1831.0
321.793,3782,3782,-1832.0
321.833,3783,3783,-1833.0
321.903,3784,3784,-1834.0
321.958,3785,3785,-1835.0
322.038,3786,3786,-1836.0
322.083,3787,3787,-1837.0
322.198,3788,3788,-1838.0
322.283,3789,3789,-1839.0
322.338,3790,3790,-1840.0
322.408,3791,3791,-1841.0
322.478,3792,3792,-1842.0
322.593,3793,3793,-1843.0
322.678,3794,3794,-1844.0
322.739,3795,3795,-1845.0
322.804,3796,3796,-1846.0
322.908,3797,3797,-1847.0
322.958,3798,3798,-1848.0
323.003,3799,3799,-1849.0
323.058,3800,3800,-1850.0
323.153,3801,3801,-1851.0
323.213,3802,3802,-1852.0
323.273,3803,3803,-1853.0
323.353,3804,3804,-1854.0
323.428,3805,3805,-1855.0
323.493,3806,3806,-1856.0
323.538,3807,3807,-1857.0
323.608,3808,3808,-1858.0
323.703,3809,3809,-1859.0
323.798,3810,3810,-1860.0
323.848,3811,3811,-1861.0
323.913,3812,3812,-1862.0
323.993,3813,3813,-1863.0
324.083,3814,3814,-1864.0
324.158,3815,3815,-1865.0
324.238,3816,3816,-1866.0
324.278,3817,3817,-1867.0
324.338,3818,3818,-1868.0
324.393,3819,3819,-1869.0
324.433,3820,3820,-1870.0
324.487,3821,3821,-1871.0
324.541,3822,3822,-1872.0
324.634,3823,3823,-1873.0
324.708,3824,3824,-1874.0
324.778,3825,3825,-1875.0
324.873,3826,3826,-1876.0
324.945,3827,3827,-1877.0
325.033,3828,3828,-1878.0
325.083,3829,3829,-1879.0
325.148,3830,3830,-1880.0
325.233,3831,3831,-1881.0
325.303,3832,3832,-1882.0
325.413,3833,3833,-1883.0
325.498,3834,3834,-1884.0
325.543,3835,3835,-1885.0
325.653,3836,3836,-1886.0
325.718,3837,3837,-1887.0
325.793,3838,3838,-1888.0
325.853,3839,3839,-1889.0
325.923,3840,3840,-1890.0
326.008,3841,3841,-1891.0
326.078,3842,3842,-1892.0
326.128,3843,3843,-1893.0
326.208,3844,3844,-1894.0
326.288,3845,3845,-1895.0
326.343,3846,3846,-1896.0
326.428,3847,3847,-1897.0
326.473,3848,3848,-1898.0
326.543,3849,3849,-1899.0
326.608,3850,3850,-1900.0
326.673,3851,3851,-1901.0
326.778,3852,3852,-1902.0
326.858,3853,3853,-1903.0
326.923,3854,3854,-1904.0
326.993,3855,3855,-1905.0
327.038,3856,3856,-1906.0
327.108,3857,3857,-1907.0
327.163,3858,3858,-1908.0
327.228,3859,3859,-1909.0
327.293,3860,3860,-1910.0
327.373,3861,3861,-1911.0
327.443,3862,3862,-1912.0
327.513,3863,3863,-1913.0
327.598,3864,3864,-1914.0
327.678,3865,3865,-1915.0
327.748,3866,3866,-1916.0
327.837,3867,3867,-1917.0
327.878,3868,3868,-1918.0
327.924,3869,3869,-1919.0
327.978,3870,3870,-1920.0
328.038,3871,3871,-1921.0
328.098,3872,3872,-1922.0
328.153,3873,3873,-1923.0
328.228,3874,3874,-1924.0
328.318,3875,3875,-1925.0
328.398,3876,3876,-1926.0
328.448,3877,3877,-1927.0
328.518,3878,3878,-1928.0
328.593,3879,3879,-1929.0
328.657,3880,3880,-1930.0
328.727,3881,3881,-1931.0
328.821,3882,3882,-1932.0
328.931,3883,3883,-1933.0
328.975,3884,3884,-1934.0
329.015,3885,3885,-1935.0
329.105,3886,3886,-1936.0
329.199,3887,3887,-1937.0
329.288,3888,3888,-1938.0
329.358,3889,3889,-1939.0
329.417,3890,3890,-1940.0
329.477,3891,3891,-1941.0
329.536,3892,3892,-1942.0
329.595,3893,3893,-1943.0
329.669,3894,3894,-1944.0
329.739,3895,3895,-1945.0
329.808,3896,3896,-1946.0
329.877,3897,3897,-1947.0
329.976,3898,3898,-1948.0
330.035,3899,3899,-1949.0
330.105,3900,3900,-1950.0
330.189,3901,3901,-1951.0
330.258,3902,3902,-1952.0
330.322,3903,3903,-1953.0
330.401,3904,3904,-1954.0
330.5,3905,3905,-1955.0
330.599,3906,3906,-1956.0
330.644,3907,3907,-1957.0
330.728,3908,3908,-1958.0
330.793,3909,3909,-1959.0
330.877,3910,3910,-1960.0
330.952,3911,3911,-1961.0
331.071,3912,3912,-1962.0
331.145,3913,3913,-1963.0
331.259,3914,3914,-1964.0
331.338,3915,3915,-1965.0
331.393,3916,3916,-1966.0
331.488,3917,3917,-1967.0
331.528,3918,3918,-1968.0
331.617,3919,3919,-1969.0
331.672,3920,3920,-1970.0
331.752,3921,3921,-1971.0
331.863,3922,3922,-1972.0
331.976,3923,3923,-1973.0
332.038,3924,3924,-1974.0
332.114,3925,3925,-1975.0
332.224,3926,3926,-1976.0
332.299,3927,3927,-1977.0
332.379,3928,3928,-1978.0
332.469,3929,3929,-1979.0
332.539,3930,3930,-1980.0
332.604,3931,3931,-1981.0
332.714,3932,3932,-1982.0
332.764,3933,3933,-1983.0
332.859,3934,3934,-1984.0
332.903,3935,3935,-1985.0
332.959,3936,3936,-1986.0
333.034,3937,3937,-1987.0
333.089,3938,3938,-1988.0
333.204,3939,3939,-1989.0
333.258,3940,3940,-1990.0
333.323,3941,3941,-1991.0
333.383,3942,3942,-1992.0
333.463,3943,3943,-1993.0
333.533,3944,3944,-1994.0
333.588,3945,3945,-1995.0
333.633,3946,3946,-1996.0
333.673,3947,3947,-1997.0
333.748,3948,3948,-1998.0
333.803,3949,3949,-1999.0
333.878,3950,3950,-2000.0
333.973,3951,3951,-2001.0
334.063,3952,3952,-2002.0
334.143,3953,3953,-2003.0
334.218,3954,3954,-2004.0
334.263,3955,3955,-2005.0
334.338,3956,3956,-2006.0
334.423,3957,3957,-2007.0
334.508,3958,3958,-2008.0
334.587,3959,3959,-2009.0
334.637,3960,3960,-2010.0
334.717,3961,3961,-2011.0
334.782,3962,3962,-2012.0
334.887,3963,3963,-2013.0
334.967,3964,3964,-2014.0
335.022,3965,3965,-2015.0
335.091,3966,3966,-2016.0
335.176,3967,3967,-2017.0
335.251,3968,3968,-2018.0
335.306,3969,3969,-2019.0
335.381,3970,3970,-2020.0
335.441,3971,3971,-2021.0
335.476,3972,3972,-2022.0
335.531,3973,3973,-2023.0
335.571,3974,3974,-2024.0
335.64,3975,3975,-2025.0
335.73,3976,3976,-2026.0
335.79,3977,3977,-2027.0
335.84,3978,3978,-2028.0
335.914,3979,3979,-2029.0
335.964,3980,3980,-2030.0
336.019,3981,3981,-2031.0
336.124,3982,3982,-2032.0
336.199,3983,3983,-2033.0
336.268,3984,3984,-2034.0
336.323,3985,3985,-2035.0
336.388,3986,3986,-2036.0
336.449,3987,3987,-2037.0
336.524,3988,3988,-2038.0
336.584,3989,3989,-2039.0
336.679,3990,3990,-2040.0
336.763,3991,3991,-2041.0
336.853,3992,3992,-2042.0
336.918,3993,3993,-2043.0
336.998,3994,3994,-2044.0
337.043,3995,3995,-2045.0
337.098,3996,3996,-2046.0
337.148,3997,3997,-2047.0
337.203,3998,3998,-2048.0
337.348,3999,3999,-2049.0
337.433,4000,4000,-2050.0
337.523,4001,4001,-2051.0
337.598,4002,4002,-2052.0
337.672,4003,4003,-2053.0
337.747,4004,4004,-2054.0
337.797,4005,4005,-2055.0
337.877,4006,4006,-2056.0
337.966,4007,4007,-2057.0
338.026,4008,4008,-2058.0
338.081,4009,4009,-2059.0
338.19,4010,4010,-2060.0
338.255,4011,4011,-2061.0
338.32,4012,4012,-2062.0
338.375,4013,4013,-2063.0
338.459,4014,4014,-2064.0
338.509,4015,4015,-2065.0
338.564,4016,4016,-2066.0
338.638,4017,4017,-2067.0
338.728,4018,4018,-2068.0
338.822,4019,4019,-2069.0
338.892,4020,4020,-2070.0
338.956,4021,4021,-2071.0
339.031,4022,4022,-2072.0
339.08,4023,4023,-2073.0
339.15,4024,4024,-2074.0
339.229,4025,4025,-2075.0
339.304,4026,4026,-2076.0
339.369,4027,4027,-2077.0
339.458,4028,4028,-2078.0
339.528,4029,4029,-2079.0
339.582,4030,4030,-2080.0
339.647,4031,4031,-2081.0
339.731,4032,4032,-2082.0
339.821,4033,4033,-2083.0
339.905,4034,4034,-2084.0
339.969,4035,4035,-2085.0
340.064,4036,4036,-2086.0
340.123,4037,4037,-2087.0
340.203,4038,4038,-2088.0
340.263,4039,4039,-2089.0
340.342,4040,4040,-2090.0
340.431,4041,4041,-2091.0
340.511,4042,4042,-2092.0
340.595,4043,4043,-2093.0
340.654,4044,4044,-2094.0
340.734,4045,4045,-2095.0
340.803,4046,4046,-2096.0
340.877,4047,4047,-2097.0
340.947,4048,4048,-2098.0
341.036,4049,4049,-2099.0
341.09,4050,4050,-2100.0
341.175,4051,4051,-2101.0
341.249,4052,4052,-2102.0
341.324,4053,4053,-2103.0
341.418,4054,4054,-2104.0
341.467,4055,4055,-2105.0
341.537,4056,4056,-2106.0
341.616,4057,4057,-2107.0
341.67,4058,4058,-2108.0
341.744,4059,4059,-2109.0
341.809,4060,4060,-2110.0
341.892,4061,4061,-2111.0
341.952,4062,4062,-2112.0
342.006,4063,4063,-2113.0
342.066,4064,4064,-2114.0
342.136,4065,4065,-2115.0
342.185,4066,4066,-2116.0
342.26,4067,4067,-2117.0
342.339,4068,4068,-2118.0
342.409,4069,4069,-2119.0
342.478,4070,4070,-2120.0
342.547,4071,4071,-2121.0
342.607,4072,4072,-2122.0
342.667,4073,4073,-2123.0
342.736,4074,4074,-2124.0
342.806,4075,4075,-2125.0
342.855,4076,4076,-2126.0
342.93,4077,4077,-2127.0
342.995,4078,4078,-2128.0
343.055,4079,4079,-2129.0
343.144,4080,4080,-2130.0
343.234,4081,4081,-2131.0
343.343,4082,4082,-2132.0
343.407,4083,4083,-2133.0
343.457,4084,4084,-2134.0
343.501,4085,4085,-2135.0
343.551,4086,4086,-2136.0
343.625,4087,4087,-2137.0
343.704,4088,4088,-2138.0
343.783,4089,4089,-2139.0
343.888,4090,4090,-2140.0
343.942,4091,4091,-2141.0
344.007,4092,4092,-2142.0
344.047,4093,4093,-2143.0
344.082,4094,4094,-2144.0
344.126,4095,4095,-2145.0
344.176,4096,4096,-2146.0
344.225,4097,4097,-2147.0
344.315,4098,4098,-2148.0
344.439,4099,4099,-2149.0
344.508,4100,4100,-2150.0
344.583,4101,4101,-2151.0
344.682,4102,4102,-2152.0
344.752,4103,4103,-2153.0
344.831,4104,4104,-2154.0
344.901,4105,4105,-2155.0
344.971,4106,4106,-2156.0
345.021,4107,4107,-2157.0
345.09,4108,4108,-2158.0
345.16,4109,4109,-2159.0
345.215,4110,4110,-2160.0
345.299,4111,4111,-2161.0
345.334,4112,4112,-2162.0
345.398,4113,4113,-2163.0
345.476,4114,4114,-2164.0
345.553,4115,4115,-2165.0
345.631,4116,4116,-2166.0
345.708,4117,4117,-2167.0
345.786,4118,4118,-2168.0
345.864,4119,4119,-2169.0
345.942,4120,4120,-2170.0
346.02,4121,4121,-2171.0
346.095,4122,4122,-2172.0
346.16,4123,4123,-2173.0
346.225,4124,4124,-2174.0
346.28,4125,4125,-2175.0
346.36,4126,4126,-2176.0
346.449,4127,4127,-2177.0
346.524,4128,4128,-2178.0
346.589,4129,4129,-2179.0
346.654,4130,4130,-2180.0
346.713,4131,4131,-2181.0
346.773,4132,4132,-2182.0
346.853,4133,4133,-2183.0
346.948,4134,4134,-2184.0
347.048,4135,4135,-2185.0
347.138,4136,4136,-2186.0
347.218,4137,4137,-2187.0
347.308,4138,4138,-2188.0
347.378,4139,4139,-2189.0
347.423,4140,4140,-2190.0
347.478,4141,4141,-2191.0
347.533,4142,4142,-2192.0
347.588,4143,4143,-2193.0
347.673,4144,4144,-2194.0
347.738,4145,4145,-2195.0
347.802,4146,4146,-2196.0
347.867,4147,4147,-2197.0
347.932,4148,4148,-2198.0
347.987,4149,4149,-2199.0
348.057,4150,4150,-2200.0
348.137,4151,4151,-2201.0
348.187,4152,4152,-2202.0
348.263,4153,4153,-2203.0
348.347,4154,4154,-2204.0
348.407,4155,4155,-2205.0
348.457,4156,4156,-2206.0
348.552,4157,4157,-2207.0
348.722,4158,4158,-2208.0
348.752,4159,4159,-2209.0
348.817,4160,4160,-2210.0
348.877,4161,4161,-2211.0
348.927,4162,4162,-2212.0
349.003,4163,4163,-2213.0
349.078,4164,4164,-2214.0
349.133,4165,4165,-2215.0
349.209,4166,4166,-2216.0
349.293,4167,4167,-2217.0
349.344,4168,4168,-2218.0
349.433,4169,4169,-2219.0
349.515,4170,4170,-2220.0
349.597,4171,4171,-2221.0
349.678,4172,4172,-2222.0
349.76,4173,4173,-2223.0
349.841,4174,4174,-2224.0
349.923,4175,4175,-2225.0
350.005,4176,4176,-2226.0
350.065,4177,4177,-2227.0
350.155,4178,4178,-2228.0
350.21,4179,4179,-2229.0
350.276,4180,4180,-2230.0
350.331,4181,4181,-2231.0
350.401,4182,4182,-2232.0
350.457,4183,4183,-2233.0
350.497,4184,4184,-2234.0
350.537,4185,4185,-2235.0
350.617,4186,4186,-2236.0
350.668,4187,4187,-2237.0
350.723,4188,4188,-2238.0
350.818,4189,4189,-2239.0
350.868,4190,4190,-2240.0
350.909,4191,4191,-2241.0
350.949,4192,4192,-2242.0
350.999,4193,4193,-2243.0
351.049,4194,4194,-2244.0
351.125,4195,4195,-2245.0
351.17,4196,4196,-2246.0
351.21,4197,4197,-2247.0
351.24,4198,4198,-2248.0
351.32,4199,4199,-2249.0
351.391,4200,4200,-2250.0
351.491,4201,4201,-2251.0
351.571,4202,4202,-2252.0
351.662,4203,4203,-2253.0
351.707,4204,4204,-2254.0
351.783,4205,4205,-2255.0
351.863,4206,4206,-2256.0
351.953,4207,4207,-2257.0
352.034,4208,4208,-2258.0
352.119,4209,4209,-2259.0
352.185,4210,4210,-2260.0
352.26,4211,4211,-2261.0
352.315,4212,4212,-2262.0
352.391,4213,4213,-2263.0
352.431,4214,4214,-2264.0
352.481,4215,4215,-2265.0
352.616,4216,4216,-2266.0
352.676,4217,4217,-2267.0
352.782,4218,4218,-2268.0
352.827,4219,4219,-2269.0
352.893,4220,4220,-2270.0
352.953,4221,4221,-2271.0
353.014,4222,4222,-2272.0
353.069,4223,4223,-2273.0
353.155,4224,4224,-2274.0
353.195,4225,4225,-2275.0
353.296,4226,4226,-2276.0
353.366,4227,4227,-2277.0
353.481,4228,4228,-2278.0
353.545,4229,4229,-2279.0
353.59,4230,4230,-2280.0
353.685,4231,4231,-2281.0
353.735,4232,4232,-2282.0
353.816,4233,4233,-2283.0
353.885,4234,4234,-2284.0
353.94,4235,4235,-2285.0
354.011,4236,4236,-2286.0
354.086,4237,4237,-2287.0
354.136,4238,4238,-2288.0
354.211,4239,4239,-2289.0
354.292,4240,4240,-2290.0
354.327,4241,4241,-2291.0
354.392,4242,4242,-2292.0
354.462,4243,4243,-2293.0
354.528,4244,4244,-2294.0
354.603,4245,4245,-2295.0
354.673,4246,4246,-2296.0
354.753,4247,4247,-2297.0
354.788,4248,4248,-2298.0
354.873,4249,4249,-2299.0
354.924,4250,4250,-2300.0
354.979,4251,4251,-2301.0
355.039,4252,4252,-2302.0
355.099,4253,4253,-2303.0
355.185,4254,4254,-2304.0
355.251,4255,4255,-2305.0
355.331,4256,4256,-2306.0
355.401,4257,4257,-2307.0
355.511,4258,4258,-2308.0
355.562,4259,4259,-2309.0
355.657,4260,4260,-2310.0
355.727,4261,4261,-2311.0
355.822,4262,4262,-2312.0
355.902,4263,4263,-2313.0
355.973,4264,4264,-2314.0
356.043,4265,4265,-2315.0
356.094,4266,4266,-2316.0
356.179,4267,4267,-2317.0
356.249,4268,4268,-2318.0
356.314,4269,4269,-2319.0
356.37,4270,4270,-2320.0
356.465,4271,4271,-2321.0
356.53,4272,4272,-2322.0
356.67,4273,4273,-2323.0
356.76,4274,4274,-2324.0
356.815,4275,4275,-2325.0
356.87,4276,4276,-2326.0
356.94,4277,4277,-2327.0
357.025,4278,4278,-2328.0
357.105,4279,4279,-2329.0
357.15,4280,4280,-2330.0
357.239,4281,4281,-2331.0
357.288,4282,4282,-2332.0
357.347,4283,4283,-2333.0
357.398,4284,4284,-2334.0
357.463,4285,4285,-2335.0
357.488,4286,4286,-2336.0
357.549,4287,4287,-2337.0
357.616,4288,4288,-2338.0
357.651,4289,4289,-2339.0
357.712,4290,4290,-2340.0
357.782,4291,4291,-2341.0
357.842,4292,4292,-2342.0
357.902,4293,4293,-2343.0
357.952,4294,4294,-2344.0
357.988,4295,4295,-2345.0
358.043,4296,4296,-2346.0
358.113,4297,4297,-2347.0
358.213,4298,4298,-2348.0
358.268,4299,4299,-2349.0
358.332,4300,4300,-2350.0
358.407,4301,4301,-2351.0
358.467,4302,4302,-2352.0
358.553,4303,4303,-2353.0
358.643,4304,4304,-2354.0
358.688,4305,4305,-2355.0
358.758,4306,4306,-2356.0
358.818,4307,4307,-2357.0
358.914,4308,4308,-2358.0
358.975,4309,4309,-2359.0
359.035,4310,4310,-2360.0
359.101,4311,4311,-2361.0
359.142,4312,4312,-2362.0
359.208,4313,4313,-2363.0
359.26,4314,4314,-2364.0
359.312,4315,4315,-2365.0
359.373,4316,4316,-2366.0
359.466,4317,4317,-2367.0
359.543,4318,4318,-2368.0
359.616,4319,4319,-2369.0
359.684,4320,4320,-2370.0
359.736,4321,4321,-2371.0
359.809,4322,4322,-2372.0
359.892,4323,4323,-2373.0
359.955,4324,4324,-2374.0
360.039,4325,4325,-2375.0
360.102,4326,4326,-2376.0
360.17,4327,4327,-2377.0
360.228,4328,4328,-2378.0
360.302,4329,4329,-2379.0
360.375,4330,4330,-2380.0
360.443,4331,4331,-2381.0
360.495,4332,4332,-2382.0
360.584,4333,4333,-2383.0
360.663,4334,4334,-2384.0
360.72,4335,4335,-2385.0
360.819,4336,4336,-2386.0
360.918,4337,4337,-2387.0
360.97,4338,4338,-2388.0
361.042,4339,4339,-2389.0
361.089,4340,4340,-2390.0
361.192,4341,4341,-2391.0
361.248,4342,4342,-2392.0
361.315,4343,4343,-2393.0
361.397,4344,4344,-2394.0
361.478,4345,4345,-2395.0
361.599,4346,4346,-2396.0
361.655,4347,4347,-2397.0
361.7,4348,4348,-2398.0
361.76,4349,4349,-2399.0
361.815,4350,4350,-2400.0
361.875,4351,4351,-2401.0
361.96,4352,4352,-2402.0
362.015,4353,4353,-2403.0
362.076,4354,4354,-2404.0
362.121,4355,4355,-2405.0
362.186,4356,4356,-2406.0
362.251,4357,4357,-2407.0
362.345,4358,4358,-2408.0
362.399,4359,4359,-2409.0
362.468,4360,4360,-2410.0
362.523,4361,4361,-2411.0
362.572,4362,4362,-2412.0
362.626,4363,4363,-2413.0
362.714,4364,4364,-2414.0
362.778,4365,4365,-2415.0
362.842,4366,4366,-2416.0
362.906,4367,4367,-2417.0
362.974,4368,4368,-2418.0
363.028,4369,4369,-2419.0
363.067,4370,4370,-2420.0
363.111,4371,4371,-2421.0
363.185,4372,4372,-2422.0
363.238,4373,4373,-2423.0
363.302,4374,4374,-2424.0
363.341,4375,4375,-2425.0
363.409,4376,4376,-2426.0
363.506,4377,4377,-2427.0
363.575,4378,4378,-2428.0
363.638,4379,4379,-2429.0
363.687,4380,4380,-2430.0
363.784,4381,4381,-2431.0
363.833,4382,4382,-2432.0
363.886,4383,4383,-2433.0
363.935,4384,4384,-2434.0
363.988,4385,4385,-2435.0
364.066,4386,4386,-2436.0
364.144,4387,4387,-2437.0
364.178,4388,4388,-2438.0
364.222,4389,4389,-2439.0
364.285,4390,4390,-2440.0
364.334,4391,4391,-2441.0
364.392,4392,4392,-2442.0
364.46,4393,4393,-2443.0
364.553,4394,4394,-2444.0
364.616,4395,4395,-2445.0
364.704,4396,4396,-2446.0
364.763,4397,4397,-2447.0
364.86,4398,4398,-2448.0
364.919,4399,4399,-2449.0
364.997,4400,4400,-2450.0
365.095,4401,4401,-2451.0
365.188,4402,4402,-2452.0
365.247,4403,4403,-2453.0
365.306,4404,4404,-2454.0
365.394,4405,4405,-2455.0
365.453,4406,4406,-2456.0
365.508,4407,4407,-2457.0
365.567,4408,4408,-2458.0
365.621,4409,4409,-2459.0
365.676,4410,4410,-2460.0
365.735,4411,4411,-2461.0
365.814,4412,4412,-2462.0
365.898,4413,4413,-2463.0
365.963,4414,4414,-2464.0
366.012,4415,4415,-2465.0
366.087,4416,4416,-2466.0
366.147,4417,4417,-2467.0
366.224,4418,4418,-2468.0
366.327,4419,4419,-2469.0
366.412,4420,4420,-2470.0
366.458,4421,4421,-2471.0
366.483,4422,4422,-2472.0
366.547,4423,4423,-2473.0
366.628,4424,4424,-2474.0
366.683,4425,4425,-2475.0
366.733,4426,4426,-2476.0
366.773,4427,4427,-2477.0
366.858,4428,4428,-2478.0
366.943,4429,4429,-2479.0
367.013,4430,4430,-2480.0
367.058,4431,4431,-2481.0
367.118,4432,4432,-2482.0
367.213,4433,4433,-2483.0
367.283,4434,4434,-2484.0
367.348,4435,4435,-2485.0
367.413,4436,4436,-2486.0
367.503,4437,4437,-2487.0
367.563,4438,4438,-2488.0
367.669,4439,4439,-2489.0
367.803,4440,4440,-2490.0
367.888,4441,4441,-2491.0
367.968,4442,4442,-2492.0
368.043,4443,4443,-2493.0
368.149,4444,4444,-2494.0
368.215,4445,4445,-2495.0
368.27,4446,4446,-2496.0
368.35,4447,4447,-2497.0
368.415,4448,4448,-2498.0
368.495,4449,4449,-2499.0
368.541,4450,4450,-2500.0
368.601,4451,4451,-2501.0
368.651,4452,4452,-2502.0
368.681,4453,4453,-2503.0
368.796,4454,4454,-2504.0
368.871,4455,4455,-2505.0
368.936,4456,4456,-2506.0
368.996,4457,4457,-2507.0
369.086,4458,4458,-2508.0
369.157,4459,4459,-2509.0
369.197,4460,4460,-2510.0
369.282,4461,4461,-2511.0
369.337,4462,4462,-2512.0
369.417,4463,4463,-2513.0
369.502,4464,4464,-2514.0
369.578,4465,4465,-2515.0
369.638,4466,4466,-2516.0
369.688,4467,4467,-2517.0
369.773,4468,4468,-2518.0
369.828,4469,4469,-2519.0
369.888,4470,4470,-2520.0
369.933,4471,4471,-2521.0
369.988,4472,4472,-2522.0
370.079,4473,4473,-2523.0
370.144,4474,4474,-2524.0
370.194,4475,4475,-2525.0
370.259,4476,4476,-2526.0
370.319,4477,4477,-2527.0
370.384,4478,4478,-2528.0
370.46,4479,4479,-2529.0
370.545,4480,4480,-2530.0
370.61,4481,4481,-2531.0
370.685,4482,4482,-2532.0
370.73,4483,4483,-2533.0
370.79,4484,4484,-2534.0
370.86,4485,4485,-2535.0
370.915,4486,4486,-2536.0
370.97,4487,4487,-2537.0
371.04,4488,4488,-2538.0
371.11,4489,4489,-2539.0
371.191,4490,4490,-2540.0
371.251,4491,4491,-2541.0
371.301,4492,4492,-2542.0
371.396,4493,4493,-2543.0
371.461,4494,4494,-2544.0
371.512,4495,4495,-2545.0
371.572,4496,4496,-2546.0
371.652,4497,4497,-2547.0
371.722,4498,4498,-2548.0
371.767,4499,4499,-2549.0
371.832,4500,4500,-2550.0
371.897,4501,4501,-2551.0
371.982,4502,4502,-2552.0
372.047,4503,4503,-2553.0
372.087,4504,4504,-2554.0
372.167,4505,4505,-2555.0
372.272,4506,4506,-2556.0
372.327,4507,4507,-2557.0
372.397,4508,4508,-2558.0
372.452,4509,4509,-2559.0
372.497,4510,4510,-2560.0
372.572,4511,4511,-2561.0
372.617,4512,4512,-2562.0
372.687,4513,4513,-2563.0
372.763,4514,4514,-2564.0
372.813,4515,4515,-2565.0
372.853,4516,4516,-2566.0
372.903,4517,4517,-2567.0
372.973,4518,4518,-2568.0
373.023,4519,4519,-2569.0
373.068,4520,4520,-2570.0
373.133,4521,4521,-2571.0
373.188,4522,4522,-2572.0
373.272,4523,4523,-2573.0
373.332,4524,4524,-2574.0
373.382,4525,4525,-2575.0
373.452,4526,4526,-2576.0
373.528,4527,4527,-2577.0
373.623,4528,4528,-2578.0
373.688,4529,4529,-2579.0
373.778,4530,4530,-2580.0
373.823,4531,4531,-2581.0
373.898,4532,4532,-2582.0
373.983,4533,4533,-2583.0
374.078,4534,4534,-2584.0
374.153,4535,4535,-2585.0
374.213,4536,4536,-2586.0
374.268,4537,4537,-2587.0
374.358,4538,4538,-2588.0
374.428,4539,4539,-2589.0
374.468,4540,4540,-2590.0
374.518,4541,4541,-2591.0
374.572,4542,4542,-2592.0
374.612,4543,4543,-2593.0
374.682,4544,4544,-2594.0
374.742,4545,4545,-2595.0
374.812,4546,4546,-2596.0
374.872,4547,4547,-2597.0
374.901,4548,4548,-2598.0
374.977,4549,4549,-2599.0
375.031,4550,4550,-2600.0
375.097,4551,4551,-2601.0
375.192,4552,4552,-2602.0
375.257,4553,4553,-2603.0
375.322,4554,4554,-2604.0
375.381,4555,4555,-2605.0
375.451,4556,4556,-2606.0
375.54,4557,4557,-2607.0
375.635,4558,4558,-2608.0
375.69,4559,4559,-2609.0
375.746,4560,4560,-2610.0
375.817,4561,4561,-2611.0
375.887,4562,4562,-2612.0
375.947,4563,4563,-2613.0
376.027,4564,4564,-2614.0
376.092,4565,4565,-2615.0
376.173,4566,4566,-2616.0
376.223,4567,4567,-2617.0
376.313,4568,4568,-2618.0
376.373,4569,4569,-2619.0
376.448,4570,4570,-2620.0
376.528,4571,4571,-2621.0
376.593,4572,4572,-2622.0
376.658,4573,4573,-2623.0
376.713,4574,4574,-2624.0
376.783,4575,4575,-2625.0
376.858,4576,4576,-2626.0
376.922,4577,4577,-2627.0
376.99,4578,4578,-2628.0
377.054,4579,4579,-2629.0
377.104,4580,4580,-2630.0
377.194,4581,4581,-2631.0
377.264,4582,4582,-2632.0
377.329,4583,4583,-2633.0
377.383,4584,4584,-2634.0
377.488,4585,4585,-2635.0
377.569,4586,4586,-2636.0
377.614,4587,4587,-2637.0
377.684,4588,4588,-2638.0
377.719,4589,4589,-2639.0
377.794,4590,4590,-2640.0
377.839,4591,4591,-2641.0
377.894,4592,4592,-2642.0
377.975,4593,4593,-2643.0
378.051,4594,4594,-2644.0
378.132,4595,4595,-2645.0
378.183,4596,4596,-2646.0
378.228,4597,4597,-2647.0
378.299,4598,4598,-2648.0
378.339,4599,4599,-2649.0
378.409,4600,4600,-2650.0
378.479,4601,4601,-2651.0
378.544,4602,4602,-2652.0
378.599,4603,4603,-2653.0
378.693,4604,4604,-2654.0
378.783,4605,4605,-2655.0
378.858,4606,4606,-2656.0
378.903,4607,4607,-2657.0
378.963,4608,4608,-2658.0
379.008,4609,4609,-2659.0
379.093,4610,4610,-2660.0
379.143,4611,4611,-2661.0
379.198,4612,4612,-2662.0
379.268,4613,4613,-2663.0
379.318,4614,4614,-2664.0
379.388,4615,4615,-2665.0
379.453,4616,4616,-2666.0
379.538,4617,4617,-2667.0
379.593,4618,4618,-2668.0
379.663,4619,4619,-2669.0
379.733,4620,4620,-2670.0
379.838,4621,4621,-2671.0
379.942,4622,4622,-2672.0
379.997,4623,4623,-2673.0
380.067,4624,4624,-2674.0
380.112,4625,4625,-2675.0
380.162,4626,4626,-2676.0
380.238,4627,4627,-2677.0
380.328,4628,4628,-2678.0
380.378,4629,4629,-2679.0
380.433,4630,4630,-2680.0
380.493,4631,4631,-2681.0
380.573,4632,4632,-2682.0
380.608,4633,4633,-2683.0
380.687,4634,4634,-2684.0
380.746,4635,4635,-2685.0
380.785,4636,4636,-2686.0
380.838,4637,4637,-2687.0
380.925,4638,4638,-2688.0
380.997,4639,4639,-2689.0
381.05,4640,4640,-2690.0
381.118,4641,4641,-2691.0
381.186,4642,4642,-2692.0
381.244,4643,4643,-2693.0
381.337,4644,4644,-2694.0
381.401,4645,4645,-2695.0
381.493,4646,4646,-2696.0
381.586,4647,4647,-2697.0
381.655,4648,4648,-2698.0
381.729,4649,4649,-2699.0
381.803,4650,4650,-2700.0
381.857,4651,4651,-2701.0
381.936,4652,4652,-2702.0
382.005,4653,4653,-2703.0
382.06,4654,4654,-2704.0
382.125,4655,4655,-2705.0
382.194,4656,4656,-2706.0
382.299,4657,4657,-2707.0
382.363,4658,4658,-2708.0
382.408,4659,4659,-2709.0
382.458,4660,4660,-2710.0
382.543,4661,4661,-2711.0
382.603,4662,4662,-2712.0
382.673,4663,4663,-2713.0
382.742,4664,4664,-2714.0
382.822,4665,4665,-2715.0
382.892,4666,4666,-2716.0
382.952,4667,4667,-2717.0
383.002,4668,4668,-2718.0
383.057,4669,4669,-2719.0
383.133,4670,4670,-2720.0
383.223,4671,4671,-2721.0
383.298,4672,4672,-2722.0
383.368,4673,4673,-2723.0
383.418,4674,4674,-2724.0
383.488,4675,4675,-2725.0
383.548,4676,4676,-2726.0
383.644,4677,4677,-2727.0
383.704,4678,4678,-2728.0
383.764,4679,4679,-2729.0
383.814,4680,4680,-2730.0
383.864,4681,4681,-2731.0
383.934,4682,4682,-2732.0
384.004,4683,4683,-2733.0
384.039,4684,4684,-2734.0
384.105,4685,4685,-2735.0
384.195,4686,4686,-2736.0
384.24,4687,4687,-2737.0
384.29,4688,4688,-2738.0
384.381,4689,4689,-2739.0
384.461,4690,4690,-2740.0
384.511,4691,4691,-2741.0
384.571,4692,4692,-2742.0
384.647,4693,4693,-2743.0
384.722,4694,4694,-2744.0
384.782,4695,4695,-2745.0
384.853,4696,4696,-2746.0
384.923,4697,4697,-2747.0
384.998,4698,4698,-2748.0
385.063,4699,4699,-2749.0
385.109,4700,4700,-2750.0
385.169,4701,4701,-2751.0
385.244,4702,4702,-2752.0
385.305,4703,4703,-2753.0
385.35,4704,4704,-2754.0
385.39,4705,4705,-2755.0
385.466,4706,4706,-2756.0
385.536,4707,4707,-2757.0
385.636,4708,4708,-2758.0
385.697,4709,4709,-2759.0
385.762,4710,4710,-2760.0
385.812,4711,4711,-2761.0
385.853,4712,4712,-2762.0
385.918,4713,4713,-2763.0
385.968,4714,4714,-2764.0
386.014,4715,4715,-2765.0
386.049,4716,4716,-2766.0
386.13,4717,4717,-2767.0
386.195,4718,4718,-2768.0
386.271,4719,4719,-2769.0
386.326,4720,4720,-2770.0
386.376,4721,4721,-2771.0
386.487,4722,4722,-2772.0
386.568,4723,4723,-2773.0
386.668,4724,4724,-2774.0
386.739,4725,4725,-2775.0
386.784,4726,4726,-2776.0
386.834,4727,4727,-2777.0
386.92,4728,4728,-2778.0
386.98,4729,4729,-2779.0
387.055,4730,4730,-2780.0
387.136,4731,4731,-2781.0
387.211,4732,4732,-2782.0
387.297,4733,4733,-2783.0
387.403,4734,4734,-2784.0
387.478,4735,4735,-2785.0
387.529,4736,4736,-2786.0
387.579,4737,4737,-2787.0
387.65,4738,4738,-2788.0
387.7,4739,4739,-2789.0
387.79,4740,4740,-2790.0
387.901,4741,4741,-2791.0
387.977,4742,4742,-2792.0
388.062,4743,4743,-2793.0
388.128,4744,4744,-2794.0
388.183,4745,4745,-2795.0
388.254,4746,4746,-2796.0
388.339,4747,4747,-2797.0
388.42,4748,4748,-2798.0
388.501,4749,4749,-2799.0
388.576,4750,4750,-2800.0
388.632,4751,4751,-2801.0
388.712,4752,4752,-2802.0
388.763,4753,4753,-2803.0
388.843,4754,4754,-2804.0
388.919,4755,4755,-2805.0
388.989,4756,4756,-2806.0
389.06,4757,4757,-2807.0
389.131,4758,4758,-2808.0
389.186,4759,4759,-2809.0
389.236,4760,4760,-2810.0
389.317,4761,4761,-2811.0
389.398,4762,4762,-2812.0
389.468,4763,4763,-2813.0
389.524,4764,4764,-2814.0
389.584,4765,4765,-2815.0
389.705,4766,4766,-2816.0
389.791,4767,4767,-2817.0
389.856,4768,4768,-2818.0
389.942,4769,4769,-2819.0
390.002,4770,4770,-2820.0
390.068,4771,4771,-2821.0
390.113,4772,4772,-2822.0
390.159,4773,4773,-2823.0
390.219,4774,4774,-2824.0
390.285,4775,4775,-2825.0
390.35,4776,4776,-2826.0
390.421,4777,4777,-2827.0
390.487,4778,4778,-2828.0
390.572,4779,4779,-2829.0
390.618,4780,4780,-2830.0
390.708,4781,4781,-2831.0
390.764,4782,4782,-2832.0
390.814,4783,4783,-2833.0
390.864,4784,4784,-2834.0
390.9,4785,4785,-2835.0
390.935,4786,4786,-2836.0
390.97,4787,4787,-2837.0
391.031,4788,4788,-2838.0
391.096,4789,4789,-2839.0
391.167,4790,4790,-2840.0
391.247,4791,4791,-2841.0
391.308,4792,4792,-2842.0
391.398,4793,4793,-2843.0
391.449,4794,4794,-2844.0
391.529,4795,4795,-2845.0
391.6,4796,4796,-2846.0
391.66,4797,4797,-2847.0
391.705,4798,4798,-2848.0
391.741,4799,4799,-2849.0
391.821,4800,4800,-2850.0
391.876,4801,4801,-2851.0
391.927,4802,4802,-2852.0
391.992,4803,4803,-2853.0
392.067,4804,4804,-2854.0
392.148,4805,4805,-2855.0
392.223,4806,4806,-2856.0
392.263,4807,4807,-2857.0
392.314,4808,4808,-2858.0
392.364,4809,4809,-2859.0
392.404,4810,4810,-2860.0
392.485,4811,4811,-2861.0
392.555,4812,4812,-2862.0
392.61,4813,4813,-2863.0
392.655,4814,4814,-2864.0
392.721,4815,4815,-2865.0
392.771,4816,4816,-2866.0
392.831,4817,4817,-2867.0
392.896,4818,4818,-2868.0
392.961,4819,4819,-2869.0
393.022,4820,4820,-2870.0
393.097,4821,4821,-2871.0
393.152,4822,4822,-2872.0
393.233,4823,4823,-2873.0
393.293,4824,4824,-2874.0
393.358,4825,4825,-2875.0
393.414,4826,4826,-2876.0
393.479,4827,4827,-2877.0
393.544,4828,4828,-2878.0
393.629,4829,4829,-2879.0
393.699,4830,4830,-2880.0
393.759,4831,4831,-2881.0
393.825,4832,4832,-2882.0
393.87,4833,4833,-2883.0
393.955,4834,4834,-2884.0
393.995,4835,4835,-2885.0
394.045,4836,4836,-2886.0
394.085,4837,4837,-2887.0
394.156,4838,4838,-2888.0
394.211,4839,4839,-2889.0
394.271,4840,4840,-2890.0
394.321,4841,4841,-2891.0
394.421,4842,4842,-2892.0
394.496,4843,4843,-2893.0
394.555,4844,4844,-2894.0
394.625,4845,4845,-2895.0
394.675,4846,4846,-2896.0
394.725,4847,4847,-2897.0
394.805,4848,4848,-2898.0
394.88,4849,4849,-2899.0
394.94,4850,4850,-2900.0
394.985,4851,4851,-2901.0
395.05,4852,4852,-2902.0
395.116,4853,4853,-2903.0
395.177,4854,4854,-2904.0
395.232,4855,4855,-2905.0
395.305,4856,4856,-2906.0
395.372,4857,4857,-2907.0
395.433,4858,4858,-2908.0
395.493,4859,4859,-2909.0
395.558,4860,4860,-2910.0
395.643,4861,4861,-2911.0
395.713,4862,4862,-2912.0
395.797,4863,4863,-2913.0
395.837,4864,4864,-2914.0
395.892,4865,4865,-2915.0
395.947,4866,4866,-2916.0
395.997,4867,4867,-2917.0
396.047,4868,4868,-2918.0
396.107,4869,4869,-2919.0
396.177,4870,4870,-2920.0
396.257,4871,4871,-2921.0
396.327,4872,4872,-2922.0
396.373,4873,4873,-2923.0
396.442,4874,4874,-2924.0
396.522,4875,4875,-2925.0
396.592,4876,4876,-2926.0
396.657,4877,4877,-2927.0
396.717,4878,4878,-2928.0
396.797,4879,4879,-2929.0
396.867,4880,4880,-2930.0
396.942,4881,4881,-2931.0
396.991,4882,4882,-2932.0
397.036,4883,4883,-2933.0
397.081,4884,4884,-2934.0
397.121,4885,4885,-2935.0
397.181,4886,4886,-2936.0
397.241,4887,4887,-2937.0
397.276,4888,4888,-2938.0
397.345,4889,4889,-2939.0
397.425,4890,4890,-2940.0
397.475,4891,4891,-2941.0
397.55,4892,4892,-2942.0
397.604,4893,4893,-2943.0
397.674,4894,4894,-2944.0
397.743,4895,4895,-2945.0
397.793,4896,4896,-2946.0
397.873,4897,4897,-2947.0
397.953,4898,4898,-2948.0
397.998,4899,4899,-2949.0
398.068,4900,4900,-2950.0
398.143,4901,4901,-2951.0
398.183,4902,4902,-2952.0
398.253,4903,4903,-2953.0
398.298,4904,4904,-2954.0
398.358,4905,4905,-2955.0
398.443,4906,4906,-2956.0
398.508,4907,4907,-2957.0
398.573,4908,4908,-2958.0
398.682,4909,4909,-2959.0
398.737,4910,4910,-2960.0
398.797,4911,4911,-2961.0
398.892,4912,4912,-2962.0
398.952,4913,4913,-2963.0
399.002,4914,4914,-2964.0
399.032,4915,4915,-2965.0
399.122,4916,4916,-2966.0
399.212,4917,4917,-2967.0
399.277,4918,4918,-2968.0
399.332,4919,4919,-2969.0
399.382,4920,4920,-2970.0
399.446,4921,4921,-2971.0
399.521,4922,4922,-2972.0
399.58,4923,4923,-2973.0
399.66,4924,4924,-2974.0
399.73,4925,4925,-2975.0
399.785,4926,4926,-2976.0
399.849,4927,4927,-2977.0
399.914,4928,4928,-2978.0
399.955,4929,4929,-2979.0
400.051,4930,4930,-2980.0
400.096,4931,4931,-2981.0
400.113,4932,4932,-2982.0
400.221,4933,4933,-2983.0
400.28,4934,4934,-2984.0
400.334,4935,4935,-2985.0
400.379,4936,4936,-2986.0
400.438,4937,4937,-2987.0
400.532,4938,4938,-2988.0
400.622,4939,4939,-2989.0
400.717,4940,4940,-2990.0
400.837,4941,4941,-2991.0
400.912,4942,4942,-2992.0
400.977,4943,4943,-2993.0
401.058,4944,4944,-2994.0
401.143,4945,4945,-2995.0
401.203,4946,4946,-2996.0
401.262,4947,4947,-2997.0
401.327,4948,4948,-2998.0
401.391,4949,4949,-2999.0
401.446,4950,4950,-3000.0
401.516,4951,4951,-3001.0
401.565,4952,4952,-3002.0
401.705,4953,4953,-3003.0
401.805,4954,4954,-3004.0
401.894,4955,4955,-3005.0
401.964,4956,4956,-3006.0
402.069,4957,4957,-3007.0
402.129,4958,4958,-3008.0
402.208,4959,4959,-3009.0
402.273,4960,4960,-3010.0
402.328,4961,4961,-3011.0
402.398,4962,4962,-3012.0
402.443,4963,4963,-3013.0
402.503,4964,4964,-3014.0
402.563,4965,4965,-3015.0
402.623,4966,4966,-3016.0
402.728,4967,4967,-3017.0
402.783,4968,4968,-3018.0
402.823,4969,4969,-3019.0
402.916,4970,4970,-3020.0
403.016,4971,4971,-3021.0
403.055,4972,4972,-3022.0
403.105,4973,4973,-3023.0
403.14,4974,4974,-3024.0
403.235,4975,4975,-3025.0
403.295,4976,4976,-3026.0
403.36,4977,4977,-3027.0
403.419,4978,4978,-3028.0
403.479,4979,4979,-3029.0
403.549,4980,4980,-3030.0
403.609,4981,4981,-3031.0
403.709,4982,4982,-3032.0
403.769,4983,4983,-3033.0
403.809,4984,4984,-3034.0
403.909,4985,4985,-3035.0
403.983,4986,4986,-3036.0
404.045,4987,4987,-3037.0
404.1,4988,4988,-3038.0
404.181,4989,4989,-3039.0
404.231,4990,4990,-3040.0
404.291,4991,4991,-3041.0
404.366,4992,4992,-3042.0
404.435,4993,4993,-3043.0
404.515,4994,4994,-3044.0
404.599,4995,4995,-3045.0
404.659,4996,4996,-3046.0
404.738,4997,4997,-3047.0
404.793,4998,4998,-3048.0
404.863,4999,4999,-3049.0
404.938,5000,5000,-3050.0
405.029,5001,5001,-3051.0
405.12,5002,5002,-3052.0
405.155,5003,5003,-3053.0
405.225,5004,5004,-3054.0
405.27,5005,5005,-3055.0
405.335,5006,5006,-3056.0
405.439,5007,5007,-3057.0
405.499,5008,5008,-3058.0
405.578,5009,5009,-3059.0
405.648,5010,5010,-3060.0
405.738,5011,5011,-3061.0
405.803,5012,5012,-3062.0
405.858,5013,5013,-3063.0
405.927,5014,5014,-3064.0
406.007,5015,5015,-3065.0
406.077,5016,5016,-3066.0
406.153,5017,5017,-3067.0
406.262,5018,5018,-3068.0
406.302,5019,5019,-3069.0
406.352,5020,5020,-3070.0
406.417,5021,5021,-3071.0
406.482,5022,5022,-3072.0
406.557,5023,5023,-3073.0
406.622,5024,5024,-3074.0
406.717,5025,5025,-3075.0
406.812,5026,5026,-3076.0
406.921,5027,5027,-3077.0
406.991,5028,5028,-3078.0
407.056,5029,5029,-3079.0
407.136,5030,5030,-3080.0
407.216,5031,5031,-3081.0
407.277,5032,5032,-3082.0
407.317,5033,5033,-3083.0
407.392,5034,5034,-3084.0
407.447,5035,5035,-3085.0
407.507,5036,5036,-3086.0
407.577,5037,5037,-3087.0
407.652,5038,5038,-3088.0
407.697,5039,5039,-3089.0
407.757,5040,5040,-3090.0
407.822,5041,5041,-3091.0
407.902,5042,5042,-3092.0
408.002,5043,5043,-3093.0
408.072,5044,5044,-3094.0
408.132,5045,5045,-3095.0
408.207,5046,5046,-3096.0
408.292,5047,5047,-3097.0
408.355,5048,5048,-3098.0
408.422,5049,5049,-3099.0
408.502,5050,5050,-3100.0
408.552,5051,5051,-3101.0
408.612,5052,5052,-3102.0
408.676,5053,5053,-3103.0
408.737,5054,5054,-3104.0
408.792,5055,5055,-3105.0
408.857,5056,5056,-3106.0
408.933,5057,5057,-3107.0
409.009,5058,5058,-3108.0
409.074,5059,5059,-3109.0
409.145,5060,5060,-3110.0
409.21,5061,5061,-3111.0
409.291,5062,5062,-3112.0
409.347,5063,5063,-3113.0
409.387,5064,5064,-3114.0
409.463,5065,5065,-3115.0
409.512,5066,5066,-3116.0
409.582,5067,5067,-3117.0
409.668,5068,5068,-3118.0
409.736,5069,5069,-3119.0
409.792,5070,5070,-3120.0
409.892,5071,5071,-3121.0
409.987,5072,5072,-3122.0
410.066,5073,5073,-3123.0
410.121,5074,5074,-3124.0
410.175,5075,5075,-3125.0
410.241,5076,5076,-3126.0
410.3,5077,5077,-3127.0
410.365,5078,5078,-3128.0
410.461,5079,5079,-3129.0
410.521,5080,5080,-3130.0
410.576,5081,5081,-3131.0
410.651,5082,5082,-3132.0
410.726,5083,5083,-3133.0
410.786,5084,5084,-3134.0
410.866,5085,5085,-3135.0
410.981,5086,5086,-3136.0
411.046,5087,5087,-3137.0
411.1,5088,5088,-3138.0
411.17,5089,5089,-3139.0
411.235,5090,5090,-3140.0
411.31,5091,5091,-3141.0
411.425,5092,5092,-3142.0
411.475,5093,5093,-3143.0
411.515,5094,5094,-3144.0
411.57,5095,5095,-3145.0
411.645,5096,5096,-3146.0
411.729,5097,5097,-3147.0
411.814,5098,5098,-3148.0
411.883,5099,5099,-3149.0
411.949,5100,5100,-3150.0
412.035,5101,5101,-3151.0
412.122,5102,5102,-3152.0
412.209,5103,5103,-3153.0
412.296,5104,5104,-3154.0
412.366,5105,5105,-3155.0
412.431,5106,5106,-3156.0
412.562,5107,5107,-3157.0
412.677,5108,5108,-3158.0
412.796,5109,5109,-3159.0
412.895,5110,5110,-3160.0
412.985,5111,5111,-3161.0
413.08,5112,5112,-3162.0
413.129,5113,5113,-3163.0
413.179,5114,5114,-3164.0
413.298,5115,5115,-3165.0
413.372,5116,5116,-3166.0
413.432,5117,5117,-3167.0
413.517,5118,5118,-3168.0
413.572,5119,5119,-3169.0
413.637,5120,5120,-3170.0
413.692,5121,5121,-3171.0
413.787,5122,5122,-3172.0
413.882,5123,5123,-3173.0
413.942,5124,5124,-3174.0
414.007,5125,5125,-3175.0
414.151,5126,5126,-3176.0
414.256,5127,5127,-3177.0
414.38,5128,5128,-3178.0
414.435,5129,5129,-3179.0
414.505,5130,5130,-3180.0
414.564,5131,5131,-3181.0
414.624,5132,5132,-3182.0
414.704,5133,5133,-3183.0
414.798,5134,5134,-3184.0
414.868,5135,5135,-3185.0
414.948,5136,5136,-3186.0
415.017,5137,5137,-3187.0
415.077,5138,5138,-3188.0
415.137,5139,5139,-3189.0
415.197,5140,5140,-3190.0
415.256,5141,5141,-3191.0
415.301,5142,5142,-3192.0
415.356,5143,5143,-3193.0
415.39,5144,5144,-3194.0
415.44,5145,5145,-3195.0
415.505,5146,5146,-3196.0
415.55,5147,5147,-3197.0
415.614,5148,5148,-3198.0
415.669,5149,5149,-3199.0
415.774,5150,5150,-3200.0
415.818,5151,5151,-3201.0
415.908,5152,5152,-3202.0
416.008,5153,5153,-3203.0
416.098,5154,5154,-3204.0
416.167,5155,5155,-3205.0
416.222,5156,5156,-3206.0
416.282,5157,5157,-3207.0
416.371,5158,5158,-3208.0
416.451,5159,5159,-3209.0
416.521,5160,5160,-3210.0
416.57,5161,5161,-3211.0
416.645,5162,5162,-3212.0
416.689,5163,5163,-3213.0
416.794,5164,5164,-3214.0
416.864,5165,5165,-3215.0
416.954,5166,5166,-3216.0
416.994,5167,5167,-3217.0
417.044,5168,5168,-3218.0
417.119,5169,5169,-3219.0
417.208,5170,5170,-3220.0
417.297,5171,5171,-3221.0
417.352,5172,5172,-3222.0
417.417,5173,5173,-3223.0
417.516,5174,5174,-3224.0
417.611,5175,5175,-3225.0
417.721,5176,5176,-3226.0
417.895,5177,5177,-3227.0
417.995,5178,5178,-3228.0
418.055,5179,5179,-3229.0
418.12,5180,5180,-3230.0
418.175,5181,5181,-3231.0
418.254,5182,5182,-3232.0
418.418,5183,5183,-3233.0
418.513,5184,5184,-3234.0
418.593,5185,5185,-3235.0
418.668,5186,5186,-3236.0
418.723,5187,5187,-3237.0
418.792,5188,5188,-3238.0
418.857,5189,5189,-3239.0
418.957,5190,5190,-3240.0
419.012,5191,5191,-3241.0
419.098,5192,5192,-3242.0
419.163,5193,5193,-3243.0
419.237,5194,5194,-3244.0
419.292,5195,5195,-3245.0
419.386,5196,5196,-3246.0
419.481,5197,5197,-3247.0
419.565,5198,5198,-3248.0
419.62,5199,5199,-3249.0
419.696,5200,5200,-3250.0
419.825,5201,5201,-3251.0
419.875,5202,5202,-3252.0
419.97,5203,5203,-3253.0
420.034,5204,5204,-3254.0
420.144,5205,5205,-3255.0
420.184,5206,5206,-3256.0
420.254,5207,5207,-3257.0
420.299,5208,5208,-3258.0
420.349,5209,5209,-3259.0
420.434,5210,5210,-3260.0
420.498,5211,5211,-3261.0
420.572,5212,5212,-3262.0
420.722,5213,5213,-3263.0
420.797,5214,5214,-3264.0
420.857,5215,5215,-3265.0
420.898,5216,5216,-3266.0
420.983,5217,5217,-3267.0
421.058,5218,5218,-3268.0
421.113,5219,5219,-3269.0
421.188,5220,5220,-3270.0
421.258,5221,5221,-3271.0
421.323,5222,5222,-3272.0
421.413,5223,5223,-3273.0
421.473,5224,5224,-3274.0
421.508,5225,5225,-3275.0
421.573,5226,5226,-3276.0
421.663,5227,5227,-3277.0
421.748,5228,5228,-3278.0
421.788,5229,5229,-3279.0
421.853,5230,5230,-3280.0
421.933,5231,5231,-3281.0
421.993,5232,5232,-3282.0
422.058,5233,5233,-3283.0
422.137,5234,5234,-3284.0
422.252,5235,5235,-3285.0
422.297,5236,5236,-3286.0
422.387,5237,5237,-3287.0
422.422,5238,5238,-3288.0
422.478,5239,5239,-3289.0
422.518,5240,5240,-3290.0
422.598,5241,5241,-3291.0
422.658,5242,5242,-3292.0
422.833,5243,5243,-3293.0
422.977,5244,5244,-3294.0
423.047,5245,5245,-3295.0
423.122,5246,5246,-3296.0
423.181,5247,5247,-3297.0
423.257,5248,5248,-3298.0
423.297,5249,5249,-3299.0
423.393,5250,5250,-3300.0
423.508,5251,5251,-3301.0
423.608,5252,5252,-3302.0
423.668,5253,5253,-3303.0
423.733,5254,5254,-3304.0
423.823,5255,5255,-3305.0
423.883,5256,5256,-3306.0
424.008,5257,5257,-3307.0
424.083,5258,5258,-3308.0
424.138,5259,5259,-3309.0
424.198,5260,5260,-3310.0
424.269,5261,5261,-3311.0
424.344,5262,5262,-3312.0
424.418,5263,5263,-3313.0
424.468,5264,5264,-3314.0
424.518,5265,5265,-3315.0
424.573,5266,5266,-3316.0
424.638,5267,5267,-3317.0
424.708,5268,5268,-3318.0
424.778,5269,5269,-3319.0
424.838,5270,5270,-3320.0
424.908,5271,5271,-3321.0
424.959,5272,5272,-3322.0
425.064,5273,5273,-3323.0
425.139,5274,5274,-3324.0
425.184,5275,5275,-3325.0
425.264,5276,5276,-3326.0
425.319,5277,5277,-3327.0
425.404,5278,5278,-3328.0
425.479,5279,5279,-3329.0
425.54,5280,5280,-3330.0
425.595,5281,5281,-3331.0
425.69,5282,5282,-3332.0
425.745,5283,5283,-3333.0
425.83,5284,5284,-3334.0
425.88,5285,5285,-3335.0
425.94,5286,5286,-3336.0
426.009,5287,5287,-3337.0
426.064,5288,5288,-3338.0
426.104,5289,5289,-3339.0
426.199,5290,5290,-3340.0
426.279,5291,5291,-3341.0
426.334,5292,5292,-3342.0
426.404,5293,5293,-3343.0
426.459,5294,5294,-3344.0
426.534,5295,5295,-3345.0
426.604,5296,5296,-3346.0
426.669,5297,5297,-3347.0
426.72,5298,5298,-3348.0
426.795,5299,5299,-3349.0
426.84,5300,5300,-3350.0
426.89,5301,5301,-3351.0
426.95,5302,5302,-3352.0
427.035,5303,5303,-3353.0
427.115,5304,5304,-3354.0
427.185,5305,5305,-3355.0
427.225,5306,5306,-3356.0
427.31,5307,5307,-3357.0
427.37,5308,5308,-3358.0
427.41,5309,5309,-3359.0
427.47,5310,5310,-3360.0
427.57,5311,5311,-3361.0
427.655,5312,5312,-3362.0
427.715,5313,5313,-3363.0
427.8,5314,5314,-3364.0
427.855,5315,5315,-3365.0
427.92,5316,5316,-3366.0
428.056,5317,5317,-3367.0
428.111,5318,5318,-3368.0
428.181,5319,5319,-3369.0
428.246,5320,5320,-3370.0
428.301,5321,5321,-3371.0
428.376,5322,5322,-3372.0
428.456,5323,5323,-3373.0
428.501,5324,5324,-3374.0
428.581,5325,5325,-3375.0
428.661,5326,5326,-3376.0
428.711,5327,5327,-3377.0
428.756,5328,5328,-3378.0
428.801,5329,5329,-3379.0
428.842,5330,5330,-3380.0
428.907,5331,5331,-3381.0
428.997,5332,5332,-3382.0
429.052,5333,5333,-3383.0
429.087,5334,5334,-3384.0
429.142,5335,5335,-3385.0
429.193,5336,5336,-3386.0
429.238,5337,5337,-3387.0
429.343,5338,5338,-3388.0
429.388,5339,5339,-3389.0
429.433,5340,5340,-3390.0
429.513,5341,5341,-3391.0
429.593,5342,5342,-3392.0
429.668,5343,5343,-3393.0
429.707,5344,5344,-3394.0
429.772,5345,5345,-3395.0
429.832,5346,5346,-3396.0
429.923,5347,5347,-3397.0
429.993,5348,5348,-3398.0
430.068,5349,5349,-3399.0
430.133,5350,5350,-3400.0
430.223,5351,5351,-3401.0
430.303,5352,5352,-3402.0
430.368,5353,5353,-3403.0
430.428,5354,5354,-3404.0
430.473,5355,5355,-3405.0
430.568,5356,5356,-3406.0
430.633,5357,5357,-3407.0
430.708,5358,5358,-3408.0
430.803,5359,5359,-3409.0
430.858,5360,5360,-3410.0
430.918,5361,5361,-3411.0
431.076,5362,5362,-3412.0
431.19,5363,5363,-3413.0
431.24,5364,5364,-3414.0
431.328,5365,5365,-3415.0
431.397,5366,5366,-3416.0
431.466,5367,5367,-3417.0
431.539,5368,5368,-3418.0
431.589,5369,5369,-3419.0
431.647,5370,5370,-3420.0
431.701,5371,5371,-3421.0
431.76,5372,5372,-3422.0
431.824,5373,5373,-3423.0
431.873,5374,5374,-3424.0
431.912,5375,5375,-3425.0
431.966,5376,5376,-3426.0
432.035,5377,5377,-3427.0
432.064,5378,5378,-3428.0
432.113,5379,5379,-3429.0
432.167,5380,5380,-3430.0
432.201,5381,5381,-3431.0
432.245,5382,5382,-3432.0
432.304,5383,5383,-3433.0
432.358,5384,5384,-3434.0
432.45,5385,5385,-3435.0
432.529,5386,5386,-3436.0
432.622,5387,5387,-3437.0
432.695,5388,5388,-3438.0
432.783,5389,5389,-3439.0
432.867,5390,5390,-3440.0
432.936,5391,5391,-3441.0
433.009,5392,5392,-3442.0
433.078,5393,5393,-3443.0
433.152,5394,5394,-3444.0
433.206,5395,5395,-3445.0
433.28,5396,5396,-3446.0
433.339,5397,5397,-3447.0
433.418,5398,5398,-3448.0
433.506,5399,5399,-3449.0
433.571,5400,5400,-3450.0
433.665,5401,5401,-3451.0
433.715,5402,5402,-3452.0
433.806,5403,5403,-3453.0
433.876,5404,5404,-3454.0
433.941,5405,5405,-3455.0
434.012,5406,5406,-3456.0
434.067,5407,5407,-3457.0
434.143,5408,5408,-3458.0
434.218,5409,5409,-3459.0
434.293,5410,5410,-3460.0
434.383,5411,5411,-3461.0
434.408,5412,5412,-3462.0
434.503,5413,5413,-3463.0
434.589,5414,5414,-3464.0
434.663,5415,5415,-3465.0
434.703,5416,5416,-3466.0
434.769,5417,5417,-3467.0
434.859,5418,5418,-3468.0
434.924,5419,5419,-3469.0
434.984,5420,5420,-3470.0
435.03,5421,5421,-3471.0
435.105,5422,5422,-3472.0
435.165,5423,5423,-3473.0
435.225,5424,5424,-3474.0
435.286,5425,5425,-3475.0
435.336,5426,5426,-3476.0
435.381,5427,5427,-3477.0
435.422,5428,5428,-3478.0
435.477,5429,5429,-3479.0
435.542,5430,5430,-3480.0
435.617,5431,5431,-3481.0
435.677,5432,5432,-3482.0
435.752,5433,5433,-3483.0
435.828,5434,5434,-3484.0
435.898,5435,5435,-3485.0
435.988,5436,5436,-3486.0
436.044,5437,5437,-3487.0
436.099,5438,5438,-3488.0
436.174,5439,5439,-3489.0
436.235,5440,5440,-3490.0
436.335,5441,5441,-3491.0
436.391,5442,5442,-3492.0
436.461,5443,5443,-3493.0
436.546,5444,5444,-3494.0
436.592,5445,5445,-3495.0
436.657,5446,5446,-3496.0
436.767,5447,5447,-3497.0
436.848,5448,5448,-3498.0
436.903,5449,5449,-3499.0
437.024,5450,5450,-3500.0
437.129,5451,5451,-3501.0
437.225,5452,5452,-3502.0
437.305,5453,5453,-3503.0
437.349,5454,5454,-3504.0
437.394,5455,5455,-3505.0
437.459,5456,5456,-3506.0
437.489,5457,5457,-3507.0
437.535,5458,5458,-3508.0
437.607,5459,5459,-3509.0
437.648,5460,5460,-3510.0
437.698,5461,5461,-3511.0
437.764,5462,5462,-3512.0
437.809,5463,5463,-3513.0
437.879,5464,5464,-3514.0
437.95,5465,5465,-3515.0
438.04,5466,5466,-3516.0
438.101,5467,5467,-3517.0
438.141,5468,5468,-3518.0
438.212,5469,5469,-3519.0
438.287,5470,5470,-3520.0
438.348,5471,5471,-3521.0
438.388,5472,5472,-3522.0
438.433,5473,5473,-3523.0
438.513,5474,5474,-3524.0
438.543,5475,5475,-3525.0
438.634,5476,5476,-3526.0
438.684,5477,5477,-3527.0
438.76,5478,5478,-3528.0
438.825,5479,5479,-3529.0
438.911,5480,5480,-3530.0
438.982,5481,5481,-3531.0
439.052,5482,5482,-3532.0
439.118,5483,5483,-3533.0
439.158,5484,5484,-3534.0
439.239,5485,5485,-3535.0
439.304,5486,5486,-3536.0
439.37,5487,5487,-3537.0
439.435,5488,5488,-3538.0
439.506,5489,5489,-3539.0
439.581,5490,5490,-3540.0
439.626,5491,5491,-3541.0
439.666,5492,5492,-3542.0
439.747,5493,5493,-3543.0
439.823,5494,5494,-3544.0
439.908,5495,5495,-3545.0
440.044,5496,5496,-3546.0
440.14,5497,5497,-3547.0
440.195,5498,5498,-3548.0
440.296,5499,5499,-3549.0
440.351,5500,5500,-3550.0
440.427,5501,5501,-3551.0
440.477,5502,5502,-3552.0
440.582,5503,5503,-3553.0
440.643,5504,5504,-3554.0
440.723,5505,5505,-3555.0
440.784,5506,5506,-3556.0
440.849,5507,5507,-3557.0
440.914,5508,5508,-3558.0
440.984,5509,5509,-3559.0
441.028,5510,5510,-3560.0
441.108,5511,5511,-3561.0
441.172,5512,5512,-3562.0
441.22,5513,5513,-3563.0
441.312,5514,5514,-3564.0
441.348,5515,5515,-3565.0
441.433,5516,5516,-3566.0
441.513,5517,5517,-3567.0
441.558,5518,5518,-3568.0
441.629,5519,5519,-3569.0
441.734,5520,5520,-3570.0
441.795,5521,5521,-3571.0
441.885,5522,5522,-3572.0
441.991,5523,5523,-3573.0
442.066,5524,5524,-3574.0
442.136,5525,5525,-3575.0
442.282,5526,5526,-3576.0
442.342,5527,5527,-3577.0
442.426,5528,5528,-3578.0
442.491,5529,5529,-3579.0
442.541,5530,5530,-3580.0
442.601,5531,5531,-3581.0
442.672,5532,5532,-3582.0
442.742,5533,5533,-3583.0
442.792,5534,5534,-3584.0
442.847,5535,5535,-3585.0
442.902,5536,5536,-3586.0
442.997,5537,5537,-3587.0
443.018,5538,5538,-3588.0
443.094,5539,5539,-3589.0
443.143,5540,5540,-3590.0
443.219,5541,5541,-3591.0
443.285,5542,5542,-3592.0
443.36,5543,5543,-3593.0
443.426,5544,5544,-3594.0
443.486,5545,5545,-3595.0
443.566,5546,5546,-3596.0
443.616,5547,5547,-3597.0
443.686,5548,5548,-3598.0
443.731,5549,5549,-3599.0
443.796,5550,5550,-3600.0
443.911,5551,5551,-3601.0
443.966,5552,5552,-3602.0
444.026,5553,5553,-3603.0
444.097,5554,5554,-3604.0
444.167,5555,5555,-3605.0
444.217,5556,5556,-3606.0
444.292,5557,5557,-3607.0
444.417,5558,5558,-3608.0
444.492,5559,5559,-3609.0
444.582,5560,5560,-3610.0
444.662,5561,5561,-3611.0
444.737,5562,5562,-3612.0
444.792,5563,5563,-3613.0
444.917,5564,5564,-3614.0
444.962,5565,5565,-3615.0
445.021,5566,5566,-3616.0
445.091,5567,5567,-3617.0
445.146,5568,5568,-3618.0
445.221,5569,5569,-3619.0
445.275,5570,5570,-3620.0
445.355,5571,5571,-3621.0
445.46,5572,5572,-3622.0
445.545,5573,5573,-3623.0
445.596,5574,5574,-3624.0
445.641,5575,5575,-3625.0
445.712,5576,5576,-3626.0
445.772,5577,5577,-3627.0
445.853,5578,5578,-3628.0
445.927,5579,5579,-3629.0
446.002,5580,5580,-3630.0
446.095,5581,5581,-3631.0
446.165,5582,5582,-3632.0
446.24,5583,5583,-3633.0
446.319,5584,5584,-3634.0
446.404,5585,5585,-3635.0
446.475,5586,5586,-3636.0
446.536,5587,5587,-3637.0
446.617,5588,5588,-3638.0
446.662,5589,5589,-3639.0
446.722,5590,5590,-3640.0
446.813,5591,5591,-3641.0
446.902,5592,5592,-3642.0
447.008,5593,5593,-3643.0
447.163,5594,5594,-3644.0
447.218,5595,5595,-3645.0
447.318,5596,5596,-3646.0
447.411,5597,5597,-3647.0
447.486,5598,5598,-3648.0
447.537,5599,5599,-3649.0
447.567,5600,5600,-3650.0
447.643,5601,5601,-3651.0
447.699,5602,5602,-3652.0
447.754,5603,5603,-3653.0
447.804,5604,5604,-3654.0
447.844,5605,5605,-3655.0
447.889,5606,5606,-3656.0
447.949,5607,5607,-3657.0
448.029,5608,5608,-3658.0
448.079,5609,5609,-3659.0
448.139,5610,5610,-3660.0
448.209,5611,5611,-3661.0
448.285,5612,5612,-3662.0
448.35,5613,5613,-3663.0
448.405,5614,5614,-3664.0
448.485,5615,5615,-3665.0
448.57,5616,5616,-3666.0
448.695,5617,5617,-3667.0
448.765,5618,5618,-3668.0
448.83,5619,5619,-3669.0
448.91,5620,5620,-3670.0
448.985,5621,5621,-3671.0
449.051,5622,5622,-3672.0
449.081,5623,5623,-3673.0
449.13,5624,5624,-3674.0
449.186,5625,5625,-3675.0
449.27,5626,5626,-3676.0
449.34,5627,5627,-3677.0
449.45,5628,5628,-3678.0
449.51,5629,5629,-3679.0
449.57,5630,5630,-3680.0
449.635,5631,5631,-3681.0
449.695,5632,5632,-3682.0
449.755,5633,5633,-3683.0
449.83,5634,5634,-3684.0
449.885,5635,5635,-3685.0
449.946,5636,5636,-3686.0
449.996,5637,5637,-3687.0
450.076,5638,5638,-3688.0
450.142,5639,5639,-3689.0
450.212,5640,5640,-3690.0
450.267,5641,5641,-3691.0
450.337,5642,5642,-3692.0
450.392,5643,5643,-3693.0
450.442,5644,5644,-3694.0
450.502,5645,5645,-3695.0
450.542,5646,5646,-3696.0
450.627,5647,5647,-3697.0
450.737,5648,5648,-3698.0
450.807,5649,5649,-3699.0
450.872,5650,5650,-3700.0
451.042,5651,5651,-3701.0
451.107,5652,5652,-3702.0
451.157,5653,5653,-3703.0
451.232,5654,5654,-3704.0
451.288,5655,5655,-3705.0
451.343,5656,5656,-3706.0
451.438,5657,5657,-3707.0
451.504,5658,5658,-3708.0
451.559,5659,5659,-3709.0
451.634,5660,5660,-3710.0
451.704,5661,5661,-3711.0
451.779,5662,5662,-3712.0
451.829,5663,5663,-3713.0
451.879,5664,5664,-3714.0
451.939,5665,5665,-3715.0
452.024,5666,5666,-3716.0
452.1,5667,5667,-3717.0
452.17,5668,5668,-3718.0
452.215,5669,5669,-3719.0
452.27,5670,5670,-3720.0
452.37,5671,5671,-3721.0
452.43,5672,5672,-3722.0
452.495,5673,5673,-3723.0
452.594,5674,5674,-3724.0
452.713,5675,5675,-3725.0
452.828,5676,5676,-3726.0
452.938,5677,5677,-3727.0
453.024,5678,5678,-3728.0
453.116,5679,5679,-3729.0
453.181,5680,5680,-3730.0
453.222,5681,5681,-3731.0
453.317,5682,5682,-3732.0
453.377,5683,5683,-3733.0
453.442,5684,5684,-3734.0
453.542,5685,5685,-3735.0
453.582,5686,5686,-3736.0
453.642,5687,5687,-3737.0
453.708,5688,5688,-3738.0
453.798,5689,5689,-3739.0
453.873,5690,5690,-3740.0
453.958,5691,5691,-3741.0
454.018,5692,5692,-3742.0
454.088,5693,5693,-3743.0
454.163,5694,5694,-3744.0
454.238,5695,5695,-3745.0
454.308,5696,5696,-3746.0
454.388,5697,5697,-3747.0
454.453,5698,5698,-3748.0
454.543,5699,5699,-3749.0
454.593,5700,5700,-3750.0
454.643,5701,5701,-3751.0
454.699,5702,5702,-3752.0
454.774,5703,5703,-3753.0
454.854,5704,5704,-3754.0
454.91,5705,5705,-3755.0
454.965,5706,5706,-3756.0
455.03,5707,5707,-3757.0
455.065,5708,5708,-3758.0
455.135,5709,5709,-3759.0
455.215,5710,5710,-3760.0
455.27,5711,5711,-3761.0
455.375,5712,5712,-3762.0
455.421,5713,5713,-3763.0
455.475,5714,5714,-3764.0
455.576,5715,5715,-3765.0
455.626,5716,5716,-3766.0
455.701,5717,5717,-3767.0
455.781,5718,5718,-3768.0
455.836,5719,5719,-3769.0
455.891,5720,5720,-3770.0
456.006,5721,5721,-3771.0
456.046,5722,5722,-3772.0
456.185,5723,5723,-3773.0
456.295,5724,5724,-3774.0
456.38,5725,5725,-3775.0
456.46,5726,5726,-3776.0
456.592,5727,5727,-3777.0
456.668,5728,5728,-3778.0
456.728,5729,5729,-3779.0
456.793,5730,5730,-3780.0
456.848,5731,5731,-3781.0
456.938,5732,5732,-3782.0
457.018,5733,5733,-3783.0
457.108,5734,5734,-3784.0
457.168,5735,5735,-3785.0
457.213,5736,5736,-3786.0
457.263,5737,5737,-3787.0
457.328,5738,5738,-3788.0
457.413,5739,5739,-3789.0
457.524,5740,5740,-3790.0
457.619,5741,5741,-3791.0
457.705,5742,5742,-3792.0
457.81,5743,5743,-3793.0
457.885,5744,5744,-3794.0
457.955,5745,5745,-3795.0
458.01,5746,5746,-3796.0
458.086,5747,5747,-3797.0
458.146,5748,5748,-3798.0
458.226,5749,5749,-3799.0
458.271,5750,5750,-3800.0
458.356,5751,5751,-3801.0
458.415,5752,5752,-3802.0
458.505,5753,5753,-3803.0
458.55,5754,5754,-3804.0
458.636,5755,5755,-3805.0
458.721,5756,5756,-3806.0
458.792,5757,5757,-3807.0
458.847,5758,5758,-3808.0
458.923,5759,5759,-3809.0
458.998,5760,5760,-3810.0
459.113,5761,5761,-3811.0
459.216,5762,5762,-3812.0
459.311,5763,5763,-3813.0
459.381,5764,5764,-3814.0
459.447,5765,5765,-3815.0
459.523,5766,5766,-3816.0
459.604,5767,5767,-3817.0
459.669,5768,5768,-3818.0
459.744,5769,5769,-3819.0
459.819,5770,5770,-3820.0
459.884,5771,5771,-3821.0
459.944,5772,5772,-3822.0
460.049,5773,5773,-3823.0
460.154,5774,5774,-3824.0
460.23,5775,5775,-3825.0
460.304,5776,5776,-3826.0
460.415,5777,5777,-3827.0
460.5,5778,5778,-3828.0
460.55,5779,5779,-3829.0
460.6,5780,5780,-3830.0
460.69,5781,5781,-3831.0
460.749,5782,5782,-3832.0
460.829,5783,5783,-3833.0
460.91,5784,5784,-3834.0
460.97,5785,5785,-3835.0
461.03,5786,5786,-3836.0
461.085,5787,5787,-3837.0
461.191,5788,5788,-3838.0
461.265,5789,5789,-3839.0
461.33,5790,5790,-3840.0
461.39,5791,5791,-3841.0
461.481,5792,5792,-3842.0
461.526,5793,5793,-3843.0
461.621,5794,5794,-3844.0
461.697,5795,5795,-3845.0
461.762,5796,5796,-3846.0
461.842,5797,5797,-3847.0
461.907,5798,5798,-3848.0
461.977,5799,5799,-3849.0
462.047,5800,5800,-3850.0
462.107,5801,5801,-3851.0
462.162,5802,5802,-3852.0
462.232,5803,5803,-3853.0
462.312,5804,5804,-3854.0
462.387,5805,5805,-3855.0
462.437,5806,5806,-3856.0
462.501,5807,5807,-3857.0
462.556,5808,5808,-3858.0
462.635,5809,5809,-3859.0
462.67,5810,5810,-3860.0
462.725,5811,5811,-3861.0
462.805,5812,5812,-3862.0
462.881,5813,5813,-3863.0
462.947,5814,5814,-3864.0
463.017,5815,5815,-3865.0
463.088,5816,5816,-3866.0
463.153,5817,5817,-3867.0
463.227,5818,5818,-3868.0
463.288,5819,5819,-3869.0
463.362,5820,5820,-3870.0
463.407,5821,5821,-3871.0
463.448,5822,5822,-3872.0
463.523,5823,5823,-3873.0
463.608,5824,5824,-3874.0
463.658,5825,5825,-3875.0
463.739,5826,5826,-3876.0
463.804,5827,5827,-3877.0
463.874,5828,5828,-3878.0
463.934,5829,5829,-3879.0
464.034,5830,5830,-3880.0
464.114,5831,5831,-3881.0
464.154,5832,5832,-3882.0
464.204,5833,5833,-3883.0
464.309,5834,5834,-3884.0
464.374,5835,5835,-3885.0
464.445,5836,5836,-3886.0
464.515,5837,5837,-3887.0
464.604,5838,5838,-3888.0
464.679,5839,5839,-3889.0
464.749,5840,5840,-3890.0
464.844,5841,5841,-3891.0
464.879,5842,5842,-3892.0
464.98,5843,5843,-3893.0
465.125,5844,5844,-3894.0
465.19,5845,5845,-3895.0
465.245,5846,5846,-3896.0
465.31,5847,5847,-3897.0
465.381,5848,5848,-3898.0
465.455,5849,5849,-3899.0
465.529,5850,5850,-3900.0
465.589,5851,5851,-3901.0
465.678,5852,5852,-3902.0
465.753,5853,5853,-3903.0
465.828,5854,5854,-3904.0
465.913,5855,5855,-3905.0
465.958,5856,5856,-3906.0
466.03,5857,5857,-3907.0
466.096,5858,5858,-3908.0
466.191,5859,5859,-3909.0
466.246,5860,5860,-3910.0
466.312,5861,5861,-3911.0
466.382,5862,5862,-3912.0
466.437,5863,5863,-3913.0
466.507,5864,5864,-3914.0
466.572,5865,5865,-3915.0
466.652,5866,5866,-3916.0
466.712,5867,5867,-3917.0
466.757,5868,5868,-3918.0
466.837,5869,5869,-3919.0
466.906,5870,5870,-3920.0
466.961,5871,5871,-3921.0
467.046,5872,5872,-3922.0
467.116,5873,5873,-3923.0
467.167,5874,5874,-3924.0
467.252,5875,5875,-3925.0
467.327,5876,5876,-3926.0
467.437,5877,5877,-3927.0
467.508,5878,5878,-3928.0
467.563,5879,5879,-3929.0
467.632,5880,5880,-3930.0
467.687,5881,5881,-3931.0
467.731,5882,5882,-3932.0
467.814,5883,5883,-3933.0
467.864,5884,5884,-3934.0
467.939,5885,5885,-3935.0
467.989,5886,5886,-3936.0
468.086,5887,5887,-3937.0
468.154,5888,5888,-3938.0
468.232,5889,5889,-3939.0
468.282,5890,5890,-3940.0
468.327,5891,5891,-3941.0
468.416,5892,5892,-3942.0
468.485,5893,5893,-3943.0
468.544,5894,5894,-3944.0
468.618,5895,5895,-3945.0
468.677,5896,5896,-3946.0
468.74,5897,5897,-3947.0
468.784,5898,5898,-3948.0
468.871,5899,5899,-3949.0
468.954,5900,5900,-3950.0
469.017,5901,5901,-3951.0
469.1,5902,5902,-3952.0
469.158,5903,5903,-3953.0
469.221,5904,5904,-3954.0
469.27,5905,5905,-3955.0
469.319,5906,5906,-3956.0
469.368,5907,5907,-3957.0
469.46,5908,5908,-3958.0
469.519,5909,5909,-3959.0
469.588,5910,5910,-3960.0
469.646,5911,5911,-3961.0
469.725,5912,5912,-3962.0
469.838,5913,5913,-3963.0
469.887,5914,5914,-3964.0
469.942,5915,5915,-3965.0
470.006,5916,5916,-3966.0
470.096,5917,5917,-3967.0
470.166,5918,5918,-3968.0
470.251,5919,5919,-3969.0
470.325,5920,5920,-3970.0
470.381,5921,5921,-3971.0
470.465,5922,5922,-3972.0
470.581,5923,5923,-3973.0
470.631,5924,5924,-3974.0
470.706,5925,5925,-3975.0
470.786,5926,5926,-3976.0
470.856,5927,5927,-3977.0
470.936,5928,5928,-3978.0
471.026,5929,5929,-3979.0
471.071,5930,5930,-3980.0
471.116,5931,5931,-3981.0
471.227,5932,5932,-3982.0
471.282,5933,5933,-3983.0
471.342,5934,5934,-3984.0
471.406,5935,5935,-3985.0
471.518,5936,5936,-3986.0
471.599,5937,5937,-3987.0
471.654,5938,5938,-3988.0
471.734,5939,5939,-3989.0
471.795,5940,5940,-3990.0
471.87,5941,5941,-3991.0
471.946,5942,5942,-3992.0
472.006,5943,5943,-3993.0
472.077,5944,5944,-3994.0
472.167,5945,5945,-3995.0
472.237,5946,5946,-3996.0
472.292,5947,5947,-3997.0
472.363,5948,5948,-3998.0
472.443,5949,5949,-3999.0
472.493,5950,5950,-4000.0
472.598,5951,5951,-4001.0
472.673,5952,5952,-4002.0
472.768,5953,5953,-4003.0
472.828,5954,5954,-4004.0
472.928,5955,5955,-4005.0
472.993,5956,5956,-4006.0
473.053,5957,5957,-4007.0
473.113,5958,5958,-4008.0
473.192,5959,5959,-4009.0
473.287,5960,5960,-4010.0
473.337,5961,5961,-4011.0
473.427,5962,5962,-4012.0
473.503,5963,5963,-4013.0
473.558,5964,5964,-4014.0
473.624,5965,5965,-4015.0
473.715,5966,5966,-4016.0
473.796,5967,5967,-4017.0
473.871,5968,5968,-4018.0
473.957,5969,5969,-4019.0
474.022,5970,5970,-4020.0
474.082,5971,5971,-4021.0
474.192,5972,5972,-4022.0
474.247,5973,5973,-4023.0
474.312,5974,5974,-4024.0
474.381,5975,5975,-4025.0
474.421,5976,5976,-4026.0
474.496,5977,5977,-4027.0
474.571,5978,5978,-4028.0
474.636,5979,5979,-4029.0
474.696,5980,5980,-4030.0
474.747,5981,5981,-4031.0
474.822,5982,5982,-4032.0
474.907,5983,5983,-4033.0
474.977,5984,5984,-4034.0
475.047,5985,5985,-4035.0
475.127,5986,5986,-4036.0
475.167,5987,5987,-4037.0
475.237,5988,5988,-4038.0
475.306,5989,5989,-4039.0
475.391,5990,5990,-4040.0
475.461,5991,5991,-4041.0
475.506,5992,5992,-4042.0
475.58,5993,5993,-4043.0
475.64,5994,5994,-4044.0
475.705,5995,5995,-4045.0
475.77,5996,5996,-4046.0
475.825,5997,5997,-4047.0
475.89,5998,5998,-4048.0
475.955,5999,5999,-4049.0
476.005,6000,6000,-4050.0
476.065,6001,6001,-4051.0
476.11,6002,6002,-4052.0
476.186,6003,6003,-4053.0
476.276,6004,6004,-4054.0
476.336,6005,6005,-4055.0
476.401,6006,6006,-4056.0
476.48,6007,6007,-4057.0
476.545,6008,6008,-4058.0
476.615,6009,6009,-4059.0
476.695,6010,6010,-4060.0
476.76,6011,6011,-4061.0
476.855,6012,6012,-4062.0
476.905,6013,6013,-4063.0
476.97,6014,6014,-4064.0
477.025,6015,6015,-4065.0
477.086,6016,6016,-4066.0
477.136,6017,6017,-4067.0
477.252,6018,6018,-4068.0
477.327,6019,6019,-4069.0
477.397,6020,6020,-4070.0
477.472,6021,6021,-4071.0
477.527,6022,6022,-4072.0
477.601,6023,6023,-4073.0
477.716,6024,6024,-4074.0
477.776,6025,6025,-4075.0
477.856,6026,6026,-4076.0
477.911,6027,6027,-4077.0
477.996,6028,6028,-4078.0
478.066,6029,6029,-4079.0
478.129,6030,6030,-4080.0
478.201,6031,6031,-4081.0
478.266,6032,6032,-4082.0
478.341,6033,6033,-4083.0
478.416,6034,6034,-4084.0
478.511,6035,6035,-4085.0
478.571,6036,6036,-4086.0
478.631,6037,6037,-4087.0
478.771,6038,6038,-4088.0
478.815,6039,6039,-4089.0
478.865,6040,6040,-4090.0
478.93,6041,6041,-4091.0
479.015,6042,6042,-4092.0
479.074,6043,6043,-4093.0
479.139,6044,6044,-4094.0
479.199,6045,6045,-4095.0
479.299,6046,6046,-4096.0
479.354,6047,6047,-4097.0
479.444,6048,6048,-4098.0
479.49,6049,6049,-4099.0
479.575,6050,6050,-4100.0
479.63,6051,6051,-4101.0
479.705,6052,6052,-4102.0
479.805,6053,6053,-4103.0
479.87,6054,6054,-4104.0
479.94,6055,6055,-4105.0
480.015,6056,6056,-4106.0
480.09,6057,6057,-4107.0
480.165,6058,6058,-4108.0
480.24,6059,6059,-4109.0
480.33,6060,6060,-4110.0
480.409,6061,6061,-4111.0
480.474,6062,6062,-4112.0
480.548,6063,6063,-4113.0
480.628,6064,6064,-4114.0
480.693,6065,6065,-4115.0
480.787,6066,6066,-4116.0
480.837,6067,6067,-4117.0
480.923,6068,6068,-4118.0
481.023,6069,6069,-4119.0
481.078,6070,6070,-4120.0
481.154,6071,6071,-4121.0
481.239,6072,6072,-4122.0
481.319,6073,6073,-4123.0
481.379,6074,6074,-4124.0
481.449,6075,6075,-4125.0
481.534,6076,6076,-4126.0
481.593,6077,6077,-4127.0
481.673,6078,6078,-4128.0
481.753,6079,6079,-4129.0
481.823,6080,6080,-4130.0
481.878,6081,6081,-4131.0
481.937,6082,6082,-4132.0
482.007,6083,6083,-4133.0
482.067,6084,6084,-4134.0
482.147,6085,6085,-4135.0
482.237,6086,6086,-4136.0
482.318,6087,6087,-4137.0
482.433,6088,6088,-4138.0
482.478,6089,6089,-4139.0
482.538,6090,6090,-4140.0
482.613,6091,6091,-4141.0
482.668,6092,6092,-4142.0
482.758,6093,6093,-4143.0
482.808,6094,6094,-4144.0
482.908,6095,6095,-4145.0
482.983,6096,6096,-4146.0
483.048,6097,6097,-4147.0
483.128,6098,6098,-4148.0
483.203,6099,6099,-4149.0
483.278,6100,6100,-4150.0
483.378,6101,6101,-4151.0
483.473,6102,6102,-4152.0
483.543,6103,6103,-4153.0
483.643,6104,6104,-4154.0
483.703,6105,6105,-4155.0
483.778,6106,6106,-4156.0
483.878,6107,6107,-4157.0
484.039,6108,6108,-4158.0
484.094,6109,6109,-4159.0
484.168,6110,6110,-4160.0
484.243,6111,6111,-4161.0
484.343,6112,6112,-4162.0
484.393,6113,6113,-4163.0
484.478,6114,6114,-4164.0
484.548,6115,6115,-4165.0
484.608,6116,6116,-4166.0
484.695,6117,6117,-4167.0
484.788,6118,6118,-4168.0
484.838,6119,6119,-4169.0
484.928,6120,6120,-4170.0
485.033,6121,6121,-4171.0
485.113,6122,6122,-4172.0
485.168,6123,6123,-4173.0
485.238,6124,6124,-4174.0
485.308,6125,6125,-4175.0
485.363,6126,6126,-4176.0
485.458,6127,6127,-4177.0
485.533,6128,6128,-4178.0
485.639,6129,6129,-4179.0
485.704,6130,6130,-4180.0
485.769,6131,6131,-4181.0
485.824,6132,6132,-4182.0
485.924,6133,6133,-4183.0
485.994,6134,6134,-4184.0
486.074,6135,6135,-4185.0
486.154,6136,6136,-4186.0
486.245,6137,6137,-4187.0
486.3,6138,6138,-4188.0
486.345,6139,6139,-4189.0
486.415,6140,6140,-4190.0
486.491,6141,6141,-4191.0
486.571,6142,6142,-4192.0
486.642,6143,6143,-4193.0
486.687,6144,6144,-4194.0
486.777,6145,6145,-4195.0
486.877,6146,6146,-4196.0
486.922,6147,6147,-4197.0
486.982,6148,6148,-4198.0
487.098,6149,6149,-4199.0
487.169,6150,6150,-4200.0
487.239,6151,6151,-4201.0
487.335,6152,6152,-4202.0
487.41,6153,6153,-4203.0
487.48,6154,6154,-4204.0
487.551,6155,6155,-4205.0
487.606,6156,6156,-4206.0
487.691,6157,6157,-4207.0
487.751,6158,6158,-4208.0
487.847,6159,6159,-4209.0
487.917,6160,6160,-4210.0
488.022,6161,6161,-4211.0
488.097,6162,6162,-4212.0
488.157,6163,6163,-4213.0
488.227,6164,6164,-4214.0
488.337,6165,6165,-4215.0
488.467,6166,6166,-4216.0
488.526,6167,6167,-4217.0
488.577,6168,6168,-4218.0
488.652,6169,6169,-4219.0
488.722,6170,6170,-4220.0
488.817,6171,6171,-4221.0
488.892,6172,6172,-4222.0
488.942,6173,6173,-4223.0
488.992,6174,6174,-4224.0
489.032,6175,6175,-4225.0
489.087,6176,6176,-4226.0
489.167,6177,6177,-4227.0
489.237,6178,6178,-4228.0
489.338,6179,6179,-4229.0
489.378,6180,6180,-4230.0
489.443,6181,6181,-4231.0
489.523,6182,6182,-4232.0
489.588,6183,6183,-4233.0
489.679,6184,6184,-4234.0
489.779,6185,6185,-4235.0
489.854,6186,6186,-4236.0
489.96,6187,6187,-4237.0
490.05,6188,6188,-4238.0
490.165,6189,6189,-4239.0
490.241,6190,6190,-4240.0
490.336,6191,6191,-4241.0
490.417,6192,6192,-4242.0
490.487,6193,6193,-4243.0
490.552,6194,6194,-4244.0
490.628,6195,6195,-4245.0
490.708,6196,6196,-4246.0
490.794,6197,6197,-4247.0
490.905,6198,6198,-4248.0
490.975,6199,6199,-4249.0
491.031,6200,6200,-4250.0
491.086,6201,6201,-4251.0
491.167,6202,6202,-4252.0
491.247,6203,6203,-4253.0
491.333,6204,6204,-4254.0
491.398,6205,6205,-4255.0
491.499,6206,6206,-4256.0
491.549,6207,6207,-4257.0
491.624,6208,6208,-4258.0
491.715,6209,6209,-4259.0
491.775,6210,6210,-4260.0
491.851,6211,6211,-4261.0
491.946,6212,6212,-4262.0
492.027,6213,6213,-4263.0
492.097,6214,6214,-4264.0
492.183,6215,6215,-4265.0
492.228,6216,6216,-4266.0
492.264,6217,6217,-4267.0
492.319,6218,6218,-4268.0
492.399,6219,6219,-4269.0
492.535,6220,6220,-4270.0
492.631,6221,6221,-4271.0
492.676,6222,6222,-4272.0
492.777,6223,6223,-4273.0
492.862,6224,6224,-4274.0
492.933,6225,6225,-4275.0
493.013,6226,6226,-4276.0
493.088,6227,6227,-4277.0
493.154,6228,6228,-4278.0
493.249,6229,6229,-4279.0
493.325,6230,6230,-4280.0
493.395,6231,6231,-4281.0
493.461,6232,6232,-4282.0
493.521,6233,6233,-4283.0
493.602,6234,6234,-4284.0
493.682,6235,6235,-4285.0
493.757,6236,6236,-4286.0
493.833,6237,6237,-4287.0
493.944,6238,6238,-4288.0
493.999,6239,6239,-4289.0
494.084,6240,6240,-4290.0
494.15,6241,6241,-4291.0
494.215,6242,6242,-4292.0
494.285,6243,6243,-4293.0
494.356,6244,6244,-4294.0
494.421,6245,6245,-4295.0
494.471,6246,6246,-4296.0
494.572,6247,6247,-4297.0
494.617,6248,6248,-4298.0
494.692,6249,6249,-4299.0
494.767,6250,6250,-4300.0
494.838,6251,6251,-4301.0
494.923,6252,6252,-4302.0
494.968,6253,6253,-4303.0
495.034,6254,6254,-4304.0
495.119,6255,6255,-4305.0
495.199,6256,6256,-4306.0
495.249,6257,6257,-4307.0
495.325,6258,6258,-4308.0
495.4,6259,6259,-4309.0
495.45,6260,6260,-4310.0
495.56,6261,6261,-4311.0
495.651,6262,6262,-4312.0
495.711,6263,6263,-4313.0
495.791,6264,6264,-4314.0
495.876,6265,6265,-4315.0
495.956,6266,6266,-4316.0
496.007,6267,6267,-4317.0
496.092,6268,6268,-4318.0
496.147,6269,6269,-4319.0
496.192,6270,6270,-4320.0
496.272,6271,6271,-4321.0
496.352,6272,6272,-4322.0
496.427,6273,6273,-4323.0
496.477,6274,6274,-4324.0
496.562,6275,6275,-4325.0
496.643,6276,6276,-4326.0
496.683,6277,6277,-4327.0
496.735,6278,6278,-4328.0
496.803,6279,6279,-4329.0
496.887,6280,6280,-4330.0
496.967,6281,6281,-4331.0
497.017,6282,6282,-4332.0
497.056,6283,6283,-4333.0
497.135,6284,6284,-4334.0
497.218,6285,6285,-4335.0
497.278,6286,6286,-4336.0
497.348,6287,6287,-4337.0
497.438,6288,6288,-4338.0
497.502,6289,6289,-4339.0
497.552,6290,6290,-4340.0
497.597,6291,6291,-4341.0
497.681,6292,6292,-4342.0
497.774,6293,6293,-4343.0
497.834,6294,6294,-4344.0
497.923,6295,6295,-4345.0
498.002,6296,6296,-4346.0
498.066,6297,6297,-4347.0
498.155,6298,6298,-4348.0
498.224,6299,6299,-4349.0
498.289,6300,6300,-4350.0
498.373,6301,6301,-4351.0
498.457,6302,6302,-4352.0
498.541,6303,6303,-4353.0
498.61,6304,6304,-4354.0
498.714,6305,6305,-4355.0
498.848,6306,6306,-4356.0
498.938,6307,6307,-4357.0
498.992,6308,6308,-4358.0
499.072,6309,6309,-4359.0
499.152,6310,6310,-4360.0
499.227,6311,6311,-4361.0
499.294,6312,6312,-4362.0
499.367,6313,6313,-4363.0
499.462,6314,6314,-4364.0
499.532,6315,6315,-4365.0
499.572,6316,6316,-4366.0
499.612,6317,6317,-4367.0
499.672,6318,6318,-4368.0
499.767,6319,6319,-4369.0
499.812,6320,6320,-4370.0
499.862,6321,6321,-4371.0
499.922,6322,6322,-4372.0
499.981,6323,6323,-4373.0
500.057,6324,6324,-4374.0
500.122,6325,6325,-4375.0
500.187,6326,6326,-4376.0
500.257,6327,6327,-4377.0
500.327,6328,6328,-4378.0
500.382,6329,6329,-4379.0
500.463,6330,6330,-4380.0
500.529,6331,6331,-4381.0
500.569,6332,6332,-4382.0
500.62,6333,6333,-4383.0
500.712,6334,6334,-4384.0
500.768,6335,6335,-4385.0
500.876,6336,6336,-4386.0
500.932,6337,6337,-4387.0
500.983,6338,6338,-4388.0
501.014,6339,6339,-4389.0
501.095,6340,6340,-4390.0
501.156,6341,6341,-4391.0
501.217,6342,6342,-4392.0
501.32,6343,6343,-4393.0
501.372,6344,6344,-4394.0
501.447,6345,6345,-4395.0
501.487,6346,6346,-4396.0
501.602,6347,6347,-4397.0
501.687,6348,6348,-4398.0
501.772,6349,6349,-4399.0
501.832,6350,6350,-4400.0
501.912,6351,6351,-4401.0
501.992,6352,6352,-4402.0
502.062,6353,6353,-4403.0
502.137,6354,6354,-4404.0
502.197,6355,6355,-4405.0
502.277,6356,6356,-4406.0
502.347,6357,6357,-4407.0
502.422,6358,6358,-4408.0
502.517,6359,6359,-4409.0
502.592,6360,6360,-4410.0
502.677,6361,6361,-4411.0
502.767,6362,6362,-4412.0
502.832,6363,6363,-4413.0
502.892,6364,6364,-4414.0
502.962,6365,6365,-4415.0
503.072,6366,6366,-4416.0
503.127,6367,6367,-4417.0
503.192,6368,6368,-4418.0
503.242,6369,6369,-4419.0
503.307,6370,6370,-4420.0
503.382,6371,6371,-4421.0
503.457,6372,6372,-4422.0
503.542,6373,6373,-4423.0
503.612,6374,6374,-4424.0
503.698,6375,6375,-4425.0
503.778,6376,6376,-4426.0
503.853,6377,6377,-4427.0
503.893,6378,6378,-4428.0
504.008,6379,6379,-4429.0
504.098,6380,6380,-4430.0
504.188,6381,6381,-4431.0
504.233,6382,6382,-4432.0
504.279,6383,6383,-4433.0
504.374,6384,6384,-4434.0
504.449,6385,6385,-4435.0
504.529,6386,6386,-4436.0
504.604,6387,6387,-4437.0
504.684,6388,6388,-4438.0
504.764,6389,6389,-4439.0
504.829,6390,6390,-4440.0
504.954,6391,6391,-4441.0
505.004,6392,6392,-4442.0
505.065,6393,6393,-4443.0
505.151,6394,6394,-4444.0
505.201,6395,6395,-4445.0
505.296,6396,6396,-4446.0
505.391,6397,6397,-4447.0
505.466,6398,6398,-4448.0
505.521,6399,6399,-4449.0
505.631,6400,6400,-4450.0
505.691,6401,6401,-4451.0
505.757,6402,6402,-4452.0
505.822,6403,6403,-4453.0
505.897,6404,6404,-4454.0
505.962,6405,6405,-4455.0
506.062,6406,6406,-4456.0
506.138,6407,6407,-4457.0
506.203,6408,6408,-4458.0
506.278,6409,6409,-4459.0
506.343,6410,6410,-4460.0
506.418,6411,6411,-4461.0
506.483,6412,6412,-4462.0
506.579,6413,6413,-4463.0
506.664,6414,6414,-4464.0
506.774,6415,6415,-4465.0
506.869,6416,6416,-4466.0
506.929,6417,6417,-4467.0
506.994,6418,6418,-4468.0
507.059,6419,6419,-4469.0
507.12,6420,6420,-4470.0
507.165,6421,6421,-4471.0
507.26,6422,6422,-4472.0
507.34,6423,6423,-4473.0
507.405,6424,6424,-4474.0
507.485,6425,6425,-4475.0
507.575,6426,6426,-4476.0
507.62,6427,6427,-4477.0
507.716,6428,6428,-4478.0
507.776,6429,6429,-4479.0
507.856,6430,6430,-4480.0
507.931,6431,6431,-4481.0
508.011,6432,6432,-4482.0
508.096,6433,6433,-4483.0
508.196,6434,6434,-4484.0
508.241,6435,6435,-4485.0
508.347,6436,6436,-4486.0
508.407,6437,6437,-4487.0
508.477,6438,6438,-4488.0
508.532,6439,6439,-4489.0
508.632,6440,6440,-4490.0
508.727,6441,6441,-4491.0
508.832,6442,6442,-4492.0
508.927,6443,6443,-4493.0
509.002,6444,6444,-4494.0
509.067,6445,6445,-4495.0
509.157,6446,6446,-4496.0
509.217,6447,6447,-4497.0
509.267,6448,6448,-4498.0
509.337,6449,6449,-4499.0
509.397,6450,6450,-4500.0
509.497,6451,6451,-4501.0
509.573,6452,6452,-4502.0
509.659,6453,6453,-4503.0
509.73,6454,6454,-4504.0
509.797,6455,6455,-4505.0
509.878,6456,6456,-4506.0
509.986,6457,6457,-4507.0
510.058,6458,6458,-4508.0
510.131,6459,6459,-4509.0
510.193,6460,6460,-4510.0
510.265,6461,6461,-4511.0
510.343,6462,6462,-4512.0
510.411,6463,6463,-4513.0
510.488,6464,6464,-4514.0
510.582,6465,6465,-4515.0
510.675,6466,6466,-4516.0
510.731,6467,6467,-4517.0
510.788,6468,6468,-4518.0
510.86,6469,6469,-4519.0
510.901,6470,6470,-4520.0
510.978,6471,6471,-4521.0
511.034,6472,6472,-4522.0
511.11,6473,6473,-4523.0
511.176,6474,6474,-4524.0
511.242,6475,6475,-4525.0
511.316,6476,6476,-4526.0
511.358,6477,6477,-4527.0
511.411,6478,6478,-4528.0
511.472,6479,6479,-4529.0
511.537,6480,6480,-4530.0
511.617,6481,6481,-4531.0
511.707,6482,6482,-4532.0
511.767,6483,6483,-4533.0
511.817,6484,6484,-4534.0
511.892,6485,6485,-4535.0
511.941,6486,6486,-4536.0
512.051,6487,6487,-4537.0
512.155,6488,6488,-4538.0
512.24,6489,6489,-4539.0
512.314,6490,6490,-4540.0
512.388,6491,6491,-4541.0
512.458,6492,6492,-4542.0
512.537,6493,6493,-4543.0
512.591,6494,6494,-4544.0
512.66,6495,6495,-4545.0
512.727,6496,6496,-4546.0
512.798,6497,6497,-4547.0
512.877,6498,6498,-4548.0
512.946,6499,6499,-4549.0
513.039,6500,6500,-4550.0
513.089,6501,6501,-4551.0
513.221,6502,6502,-4552.0
513.29,6503,6503,-4553.0
513.354,6504,6504,-4554.0
513.433,6505,6505,-4555.0
513.482,6506,6506,-4556.0
513.56,6507,6507,-4557.0
513.644,6508,6508,-4558.0
513.712,6509,6509,-4559.0
513.786,6510,6510,-4560.0
513.839,6511,6511,-4561.0
513.908,6512,6512,-4562.0
514.006,6513,6513,-4563.0
514.06,6514,6514,-4564.0
514.158,6515,6515,-4565.0
514.217,6516,6516,-4566.0
514.286,6517,6517,-4567.0
514.37,6518,6518,-4568.0
514.448,6519,6519,-4569.0
514.527,6520,6520,-4570.0
514.606,6521,6521,-4571.0
514.674,6522,6522,-4572.0
514.728,6523,6523,-4573.0
514.782,6524,6524,-4574.0
514.841,6525,6525,-4575.0
514.905,6526,6526,-4576.0
514.96,6527,6527,-4577.0
515.011,6528,6528,-4578.0
515.12,6529,6529,-4579.0
515.174,6530,6530,-4580.0
515.249,6531,6531,-4581.0
515.318,6532,6532,-4582.0
515.362,6533,6533,-4583.0
515.451,6534,6534,-4584.0
515.521,6535,6535,-4585.0
515.568,6536,6536,-4586.0
515.615,6537,6537,-4587.0
515.694,6538,6538,-4588.0
515.829,6539,6539,-4589.0
515.918,6540,6540,-4590.0
516.008,6541,6541,-4591.0
516.053,6542,6542,-4592.0
516.132,6543,6543,-4593.0
516.222,6544,6544,-4594.0
516.314,6545,6545,-4595.0
516.382,6546,6546,-4596.0
516.459,6547,6547,-4597.0
516.553,6548,6548,-4598.0
516.631,6549,6549,-4599.0
516.712,6550,6550,-4600.0
516.792,6551,6551,-4601.0
516.852,6552,6552,-4602.0
516.937,6553,6553,-4603.0
516.987,6554,6554,-4604.0
517.072,6555,6555,-4605.0
517.162,6556,6556,-4606.0
517.267,6557,6557,-4607.0
517.387,6558,6558,-4608.0
517.457,6559,6559,-4609.0
517.552,6560,6560,-4610.0
517.617,6561,6561,-4611.0
517.687,6562,6562,-4612.0
517.757,6563,6563,-4613.0
517.823,6564,6564,-4614.0
517.913,6565,6565,-4615.0
517.993,6566,6566,-4616.0
518.053,6567,6567,-4617.0
518.093,6568,6568,-4618.0
518.143,6569,6569,-4619.0
518.208,6570,6570,-4620.0
518.283,6571,6571,-4621.0
518.364,6572,6572,-4622.0
518.454,6573,6573,-4623.0
518.509,6574,6574,-4624.0
518.569,6575,6575,-4625.0
518.609,6576,6576,-4626.0
518.66,6577,6577,-4627.0
518.79,6578,6578,-4628.0
518.855,6579,6579,-4629.0
518.965,6580,6580,-4630.0
519.035,6581,6581,-4631.0
519.11,6582,6582,-4632.0
519.161,6583,6583,-4633.0
519.216,6584,6584,-4634.0
519.311,6585,6585,-4635.0
519.411,6586,6586,-4636.0
519.481,6587,6587,-4637.0
519.532,6588,6588,-4638.0
519.592,6589,6589,-4639.0
519.677,6590,6590,-4640.0
519.752,6591,6591,-4641.0
519.782,6592,6592,-4642.0
519.842,6593,6593,-4643.0
519.917,6594,6594,-4644.0
520.003,6595,6595,-4645.0
520.073,6596,6596,-4646.0
520.163,6597,6597,-4647.0
520.208,6598,6598,-4648.0
520.273,6599,6599,-4649.0
520.389,6600,6600,-4650.0
520.444,6601,6601,-4651.0
520.504,6602,6602,-4652.0
520.56,6603,6603,-4653.0
520.64,6604,6604,-4654.0
520.7,6605,6605,-4655.0
520.8,6606,6606,-4656.0
520.86,6607,6607,-4657.0
520.905,6608,6608,-4658.0
520.976,6609,6609,-4659.0
521.031,6610,6610,-4660.0
521.126,6611,6611,-4661.0
521.187,6612,6612,-4662.0
521.257,6613,6613,-4663.0
521.327,6614,6614,-4664.0
521.397,6615,6615,-4665.0
521.482,6616,6616,-4666.0
521.557,6617,6617,-4667.0
521.618,6618,6618,-4668.0
521.698,6619,6619,-4669.0
521.778,6620,6620,-4670.0
521.833,6621,6621,-4671.0
521.873,6622,6622,-4672.0
521.938,6623,6623,-4673.0
521.973,6624,6624,-4674.0
522.024,6625,6625,-4675.0
522.074,6626,6626,-4676.0
522.109,6627,6627,-4677.0
522.174,6628,6628,-4678.0
522.259,6629,6629,-4679.0
522.33,6630,6630,-4680.0
522.39,6631,6631,-4681.0
522.45,6632,6632,-4682.0
522.49,6633,6633,-4683.0
522.525,6634,6634,-4684.0
522.595,6635,6635,-4685.0
522.665,6636,6636,-4686.0
522.75,6637,6637,-4687.0
522.821,6638,6638,-4688.0
522.955,6639,6639,-4689.0
523.031,6640,6640,-4690.0
523.076,6641,6641,-4691.0
523.156,6642,6642,-4692.0
523.241,6643,6643,-4693.0
523.296,6644,6644,-4694.0
523.372,6645,6645,-4695.0
523.482,6646,6646,-4696.0
523.542,6647,6647,-4697.0
523.692,6648,6648,-4698.0
523.797,6649,6649,-4699.0
523.882,6650,6650,-4700.0
523.96,6651,6651,-4701.0
524.042,6652,6652,-4702.0
524.152,6653,6653,-4703.0
524.207,6654,6654,-4704.0
524.283,6655,6655,-4705.0
524.432,6656,6656,-4706.0
524.517,6657,6657,-4707.0
524.584,6658,6658,-4708.0
524.657,6659,6659,-4709.0
524.742,6660,6660,-4710.0
524.801,6661,6661,-4711.0
524.866,6662,6662,-4712.0
524.936,6663,6663,-4713.0
524.985,6664,6664,-4714.0
525.04,6665,6665,-4715.0
525.095,6666,6666,-4716.0
525.155,6667,6667,-4717.0
525.225,6668,6668,-4718.0
525.316,6669,6669,-4719.0
525.381,6670,6670,-4720.0
525.476,6671,6671,-4721.0
525.566,6672,6672,-4722.0
525.606,6673,6673,-4723.0
525.661,6674,6674,-4724.0
525.716,6675,6675,-4725.0
525.796,6676,6676,-4726.0
525.846,6677,6677,-4727.0
525.886,6678,6678,-4728.0
525.972,6679,6679,-4729.0
526.037,6680,6680,-4730.0
526.122,6681,6681,-4731.0
526.177,6682,6682,-4732.0
526.227,6683,6683,-4733.0
526.302,6684,6684,-4734.0
526.342,6685,6685,-4735.0
526.417,6686,6686,-4736.0
526.507,6687,6687,-4737.0
526.592,6688,6688,-4738.0
526.647,6689,6689,-4739.0
526.697,6690,6690,-4740.0
526.752,6691,6691,-4741.0
526.823,6692,6692,-4742.0
526.893,6693,6693,-4743.0
526.958,6694,6694,-4744.0
527.097,6695,6695,-4745.0
527.173,6696,6696,-4746.0
527.218,6697,6697,-4747.0
527.283,6698,6698,-4748.0
527.368,6699,6699,-4749.0
527.443,6700,6700,-4750.0
527.473,6701,6701,-4751.0
527.538,6702,6702,-4752.0
527.588,6703,6703,-4753.0
527.688,6704,6704,-4754.0
527.733,6705,6705,-4755.0
527.803,6706,6706,-4756.0
527.838,6707,6707,-4757.0
527.923,6708,6708,-4758.0
527.993,6709,6709,-4759.0
528.063,6710,6710,-4760.0
528.133,6711,6711,-4761.0
528.228,6712,6712,-4762.0
528.339,6713,6713,-4763.0
528.389,6714,6714,-4764.0
528.439,6715,6715,-4765.0
528.484,6716,6716,-4766.0
528.529,6717,6717,-4767.0
528.569,6718,6718,-4768.0
528.619,6719,6719,-4769.0
528.684,6720,6720,-4770.0
528.784,6721,6721,-4771.0
528.859,6722,6722,-4772.0
528.994,6723,6723,-4773.0
529.059,6724,6724,-4774.0
529.13,6725,6725,-4775.0
529.17,6726,6726,-4776.0
529.28,6727,6727,-4777.0
529.375,6728,6728,-4778.0
529.41,6729,6729,-4779.0
529.48,6730,6730,-4780.0
529.57,6731,6731,-4781.0
529.656,6732,6732,-4782.0
529.761,6733,6733,-4783.0
529.841,6734,6734,-4784.0
529.936,6735,6735,-4785.0
529.986,6736,6736,-4786.0
530.041,6737,6737,-4787.0
530.106,6738,6738,-4788.0
530.156,6739,6739,-4789.0
530.226,6740,6740,-4790.0
530.291,6741,6741,-4791.0
530.356,6742,6742,-4792.0
530.417,6743,6743,-4793.0
530.457,6744,6744,-4794.0
530.567,6745,6745,-4795.0
530.642,6746,6746,-4796.0
530.702,6747,6747,-4797.0
530.787,6748,6748,-4798.0
530.832,6749,6749,-4799.0
530.877,6750,6750,-4800.0
530.957,6751,6751,-4801.0
531.002,6752,6752,-4802.0
531.032,6753,6753,-4803.0
531.072,6754,6754,-4804.0
531.163,6755,6755,-4805.0
531.203,6756,6756,-4806.0
531.293,6757,6757,-4807.0
531.333,6758,6758,-4808.0
531.383,6759,6759,-4809.0
531.448,6760,6760,-4810.0
531.488,6761,6761,-4811.0
531.538,6762,6762,-4812.0
531.588,6763,6763,-4813.0
531.653,6764,6764,-4814.0
531.718,6765,6765,-4815.0
531.793,6766,6766,-4816.0
531.859,6767,6767,-4817.0
531.899,6768,6768,-4818.0
532.014,6769,6769,-4819.0
532.089,6770,6770,-4820.0
532.144,6771,6771,-4821.0
532.199,6772,6772,-4822.0
532.259,6773,6773,-4823.0
532.309,6774,6774,-4824.0
532.339,6775,6775,-4825.0
532.449,6776,6776,-4826.0
532.514,6777,6777,-4827.0
532.595,6778,6778,-4828.0
532.67,6779,6779,-4829.0
532.74,6780,6780,-4830.0
532.795,6781,6781,-4831.0
532.875,6782,6782,-4832.0
532.92,6783,6783,-4833.0
532.99,6784,6784,-4834.0
533.045,6785,6785,-4835.0
533.1,6786,6786,-4836.0
533.155,6787,6787,-4837.0
533.205,6788,6788,-4838.0
533.29,6789,6789,-4839.0
533.351,6790,6790,-4840.0
533.421,6791,6791,-4841.0
533.466,6792,6792,-4842.0
533.561,6793,6793,-4843.0
533.641,6794,6794,-4844.0
533.721,6795,6795,-4845.0
533.821,6796,6796,-4846.0
533.912,6797,6797,-4847.0
533.988,6798,6798,-4848.0
534.053,6799,6799,-4849.0
534.129,6800,6800,-4850.0
534.174,6801,6801,-4851.0
534.229,6802,6802,-4852.0
534.329,6803,6803,-4853.0
534.384,6804,6804,-4854.0
534.455,6805,6805,-4855.0
534.519,6806,6806,-4856.0
534.605,6807,6807,-4857.0
534.68,6808,6808,-4858.0
534.745,6809,6809,-4859.0
534.805,6810,6810,-4860.0
534.865,6811,6811,-4861.0
534.945,6812,6812,-4862.0
534.98,6813,6813,-4863.0
535.055,6814,6814,-4864.0
535.16,6815,6815,-4865.0
535.2,6816,6816,-4866.0
535.286,6817,6817,-4867.0
535.361,6818,6818,-4868.0
535.451,6819,6819,-4869.0
535.501,6820,6820,-4870.0
535.571,6821,6821,-4871.0
535.651,6822,6822,-4872.0
535.746,6823,6823,-4873.0
535.846,6824,6824,-4874.0
535.891,6825,6825,-4875.0
535.946,6826,6826,-4876.0
535.996,6827,6827,-4877.0
536.07,6828,6828,-4878.0
536.136,6829,6829,-4879.0
536.206,6830,6830,-4880.0
536.256,6831,6831,-4881.0
536.341,6832,6832,-4882.0
536.406,6833,6833,-4883.0
536.466,6834,6834,-4884.0
536.531,6835,6835,-4885.0
536.596,6836,6836,-4886.0
536.666,6837,6837,-4887.0
536.716,6838,6838,-4888.0
536.791,6839,6839,-4889.0
536.856,6840,6840,-4890.0
536.911,6841,6841,-4891.0
536.962,6842,6842,-4892.0
537.032,6843,6843,-4893.0
537.087,6844,6844,-4894.0
537.137,6845,6845,-4895.0
537.202,6846,6846,-4896.0
537.237,6847,6847,-4897.0
537.302,6848,6848,-4898.0
537.383,6849,6849,-4899.0
537.433,6850,6850,-4900.0
537.498,6851,6851,-4901.0
537.558,6852,6852,-4902.0
537.648,6853,6853,-4903.0
537.708,6854,6854,-4904.0
537.773,6855,6855,-4905.0
537.843,6856,6856,-4906.0
537.937,6857,6857,-4907.0
537.997,6858,6858,-4908.0
538.072,6859,6859,-4909.0
538.162,6860,6860,-4910.0
538.222,6861,6861,-4911.0
538.287,6862,6862,-4912.0
538.342,6863,6863,-4913.0
538.417,6864,6864,-4914.0
538.482,6865,6865,-4915.0
538.592,6866,6866,-4916.0
538.667,6867,6867,-4917.0
538.737,6868,6868,-4918.0
538.797,6869,6869,-4919.0
538.882,6870,6870,-4920.0
538.922,6871,6871,-4921.0
538.997,6872,6872,-4922.0
539.047,6873,6873,-4923.0
539.077,6874,6874,-4924.0
539.127,6875,6875,-4925.0
539.197,6876,6876,-4926.0
539.277,6877,6877,-4927.0
539.347,6878,6878,-4928.0
539.397,6879,6879,-4929.0
539.452,6880,6880,-4930.0
539.537,6881,6881,-4931.0
539.577,6882,6882,-4932.0
539.626,6883,6883,-4933.0
539.662,6884,6884,-4934.0
539.743,6885,6885,-4935.0
539.789,6886,6886,-4936.0
539.851,6887,6887,-4937.0
539.955,6888,6888,-4938.0
540.018,6889,6889,-4939.0
540.096,6890,6890,-4940.0
540.188,6891,6891,-4941.0
540.242,6892,6892,-4942.0
540.332,6893,6893,-4943.0
540.436,6894,6894,-4944.0
540.495,6895,6895,-4945.0
540.585,6896,6896,-4946.0
540.677,6897,6897,-4947.0
540.769,6898,6898,-4948.0
540.855,6899,6899,-4949.0
540.932,6900,6900,-4950.0
540.974,6901,6901,-4951.0
541.028,6902,6902,-4952.0
541.094,6903,6903,-4953.0
541.164,6904,6904,-4954.0
541.24,6905,6905,-4955.0
541.297,6906,6906,-4956.0
541.353,6907,6907,-4957.0
541.443,6908,6908,-4958.0
541.506,6909,6909,-4959.0
541.57,6910,6910,-4960.0
541.653,6911,6911,-4961.0
541.717,6912,6912,-4962.0
541.761,6913,6913,-4963.0
541.801,6914,6914,-4964.0
541.859,6915,6915,-4965.0
541.908,6916,6916,-4966.0
541.959,6917,6917,-4967.0
542.028,6918,6918,-4968.0
542.074,6919,6919,-4969.0
542.117,6920,6920,-4970.0
542.198,6921,6921,-4971.0
542.238,6922,6922,-4972.0
542.276,6923,6923,-4973.0
542.362,6924,6924,-4974.0
542.406,6925,6925,-4975.0
542.449,6926,6926,-4976.0
542.515,6927,6927,-4977.0
542.555,6928,6928,-4978.0
542.591,6929,6929,-4979.0
542.645,6930,6930,-4980.0
542.731,6931,6931,-4981.0
542.824,6932,6932,-4982.0
542.916,6933,6933,-4983.0
542.97,6934,6934,-4984.0
543.078,6935,6935,-4985.0
543.151,6936,6936,-4986.0
543.209,6937,6937,-4987.0
543.292,6938,6938,-4988.0
543.328,6939,6939,-4989.0
543.412,6940,6940,-4990.0
543.462,6941,6941,-4991.0
543.521,6942,6942,-4992.0
543.562,6943,6943,-4993.0
543.629,6944,6944,-4994.0
543.697,6945,6945,-4995.0
543.764,6946,6946,-4996.0
543.837,6947,6947,-4997.0
543.917,6948,6948,-4998.0
543.976,6949,6949,-4999.0
544.032,6950,6950,-5000.0
544.085,6951,6951,-5001.0
544.137,6952,6952,-5002.0
544.184,6953,6953,-5003.0
544.266,6954,6954,-5004.0
544.312,6955,6955,-5005.0
544.354,6956,6956,-5006.0
544.418,6957,6957,-5007.0
544.508,6958,6958,-5008.0
544.559,6959,6959,-5009.0
544.601,6960,6960,-5010.0
544.633,6961,6961,-5011.0
544.676,6962,6962,-5012.0
544.718,6963,6963,-5013.0
544.77,6964,6964,-5014.0
544.809,6965,6965,-5015.0
544.87,6966,6966,-5016.0
544.945,6967,6967,-5017.0
544.997,6968,6968,-5018.0
545.061,6969,6969,-5019.0
545.136,6970,6970,-5020.0
545.17,6971,6971,-5021.0
545.234,6972,6972,-5022.0
545.283,6973,6973,-5023.0
545.331,6974,6974,-5024.0
545.422,6975,6975,-5025.0
545.459,6976,6976,-5026.0
545.514,6977,6977,-5027.0
545.551,6978,6978,-5028.0
545.593,6979,6979,-5029.0
545.639,6980,6980,-5030.0
545.673,6981,6981,-5031.0
545.729,6982,6982,-5032.0
545.8,6983,6983,-5033.0
545.886,6984,6984,-5034.0
545.942,6985,6985,-5035.0
545.991,6986,6986,-5036.0
546.033,6987,6987,-5037.0
546.066,6988,6988,-5038.0
546.101,6989,6989,-5039.0
546.155,6990,6990,-5040.0
546.204,6991,6991,-5041.0
546.238,6992,6992,-5042.0
546.279,6993,6993,-5043.0
546.34,6994,6994,-5044.0
546.396,6995,6995,-5045.0
546.424,6996,6996,-5046.0
546.478,6997,6997,-5047.0
546.522,6998,6998,-5048.0
546.592,6999,6999,-5049.0
546.68,7000,7000,-5050.0
546.756,7001,7001,-5051.0
546.817,7002,7002,-5052.0
546.88,7003,7003,-5053.0
546.932,7004,7004,-5054.0
547.007,7005,7005,-5055.0
547.037,7006,7006,-5056.0
547.097,7007,7007,-5057.0
547.159,7008,7008,-5058.0
547.213,7009,7009,-5059.0
547.281,7010,7010,-5060.0
547.335,7011,7011,-5061.0
547.391,7012,7012,-5062.0
547.447,7013,7013,-5063.0
547.495,7014,7014,-5064.0
547.535,7015,7015,-5065.0
547.594,7016,7016,-5066.0
547.644,7017,7017,-5067.0
547.691,7018,7018,-5068.0
547.777,7019,7019,-5069.0
547.853,7020,7020,-5070.0
547.909,7021,7021,-5071.0
548.036,7022,7022,-5072.0
548.072,7023,7023,-5073.0
548.118,7024,7024,-5074.0
548.163,7025,7025,-5075.0
548.229,7026,7026,-5076.0
548.299,7027,7027,-5077.0
548.378,7028,7028,-5078.0
548.449,7029,7029,-5079.0
548.547,7030,7030,-5080.0
548.588,7031,7031,-5081.0
548.649,7032,7032,-5082.0
548.723,7033,7033,-5083.0
548.786,7034,7034,-5084.0
548.833,7035,7035,-5085.0
548.884,7036,7036,-5086.0
548.94,7037,7037,-5087.0
549.011,7038,7038,-5088.0
549.092,7039,7039,-5089.0
549.146,7040,7040,-5090.0
549.214,7041,7041,-5091.0
549.287,7042,7042,-5092.0
549.347,7043,7043,-5093.0
549.398,7044,7044,-5094.0
549.451,7045,7045,-5095.0
549.515,7046,7046,-5096.0
549.646,7047,7047,-5097.0
549.764,7048,7048,-5098.0
549.842,7049,7049,-5099.0
549.889,7050,7050,-5100.0
549.946,7051,7051,-5101.0
549.989,7052,7052,-5102.0
550.06,7053,7053,-5103.0
550.114,7054,7054,-5104.0
550.202,7055,7055,-5105.0
550.332,7056,7056,-5106.0
550.38,7057,7057,-5107.0
550.435,7058,7058,-5108.0
550.513,7059,7059,-5109.0
550.584,7060,7060,-5110.0
550.649,7061,7061,-5111.0
550.708,7062,7062,-5112.0
550.76,7063,7063,-5113.0
550.809,7064,7064,-5114.0
550.848,7065,7065,-5115.0
550.896,7066,7066,-5116.0
550.945,7067,7067,-5117.0
550.999,7068,7068,-5118.0
551.084,7069,7069,-5119.0
551.16,7070,7070,-5120.0
551.253,7071,7071,-5121.0
551.303,7072,7072,-5122.0
551.353,7073,7073,-5123.0
551.414,7074,7074,-5124.0
551.507,7075,7075,-5125.0
551.58,7076,7076,-5126.0
551.619,7077,7077,-5127.0
551.679,7078,7078,-5128.0
551.758,7079,7079,-5129.0
551.831,7080,7080,-5130.0
551.907,7081,7081,-5131.0
551.964,7082,7082,-5132.0
552.015,7083,7083,-5133.0
552.074,7084,7084,-5134.0
552.138,7085,7085,-5135.0
552.179,7086,7086,-5136.0
552.208,7087,7087,-5137.0
552.245,7088,7088,-5138.0
552.304,7089,7089,-5139.0
552.364,7090,7090,-5140.0
552.401,7091,7091,-5141.0
552.445,7092,7092,-5142.0
552.497,7093,7093,-5143.0
552.547,7094,7094,-5144.0
552.633,7095,7095,-5145.0
552.711,7096,7096,-5146.0
552.765,7097,7097,-5147.0
552.841,7098,7098,-5148.0
552.894,7099,7099,-5149.0
552.951,7100,7100,-5150.0
553.022,7101,7101,-5151.0
553.08,7102,7102,-5152.0
553.131,7103,7103,-5153.0
553.18,7104,7104,-5154.0
553.222,7105,7105,-5155.0
553.288,7106,7106,-5156.0
553.331,7107,7107,-5157.0
553.364,7108,7108,-5158.0
553.437,7109,7109,-5159.0
553.471,7110,7110,-5160.0
553.519,7111,7111,-5161.0
553.575,7112,7112,-5162.0
553.632,7113,7113,-5163.0
553.696,7114,7114,-5164.0
553.749,7115,7115,-5165.0
553.779,7116,7116,-5166.0
553.808,7117,7117,-5167.0
553.844,7118,7118,-5168.0
553.869,7119,7119,-5169.0
553.944,7120,7120,-5170.0
553.996,7121,7121,-5171.0
554.079,7122,7122,-5172.0
554.13,7123,7123,-5173.0
554.203,7124,7124,-5174.0
554.262,7125,7125,-5175.0
554.292,7126,7126,-5176.0
554.335,7127,7127,-5177.0
554.374,7128,7128,-5178.0
554.433,7129,7129,-5179.0
554.508,7130,7130,-5180.0
554.599,7131,7131,-5181.0
554.652,7132,7132,-5182.0
554.704,7133,7133,-5183.0
554.79,7134,7134,-5184.0
554.868,7135,7135,-5185.0
554.909,7136,7136,-5186.0
554.946,7137,7137,-5187.0
555.009,7138,7138,-5188.0
555.046,7139,7139,-5189.0
555.092,7140,7140,-5190.0
555.136,7141,7141,-5191.0
555.227,7142,7142,-5192.0
555.288,7143,7143,-5193.0
555.346,7144,7144,-5194.0
555.448,7145,7145,-5195.0
555.507,7146,7146,-5196.0
555.546,7147,7147,-5197.0
555.59,7148,7148,-5198.0
555.687,7149,7149,-5199.0
555.727,7150,7150,-5200.0
555.775,7151,7151,-5201.0
555.822,7152,7152,-5202.0
555.88,7153,7153,-5203.0
555.961,7154,7154,-5204.0
556.026,7155,7155,-5205.0
556.082,7156,7156,-5206.0
556.19,7157,7157,-5207.0
556.287,7158,7158,-5208.0
556.365,7159,7159,-5209.0
556.448,7160,7160,-5210.0
556.515,7161,7161,-5211.0
556.553,7162,7162,-5212.0
556.621,7163,7163,-5213.0
556.719,7164,7164,-5214.0
556.771,7165,7165,-5215.0
556.877,7166,7166,-5216.0
556.917,7167,7167,-5217.0
556.951,7168,7168,-5218.0
556.992,7169,7169,-5219.0
557.028,7170,7170,-5220.0
557.075,7171,7171,-5221.0
557.121,7172,7172,-5222.0
557.189,7173,7173,-5223.0
557.257,7174,7174,-5224.0
557.301,7175,7175,-5225.0
557.372,7176,7176,-5226.0
557.424,7177,7177,-5227.0
557.494,7178,7178,-5228.0
557.567,7179,7179,-5229.0
557.628,7180,7180,-5230.0
557.679,7181,7181,-5231.0
557.728,7182,7182,-5232.0
557.784,7183,7183,-5233.0
557.853,7184,7184,-5234.0
557.919,7185,7185,-5235.0
557.965,7186,7186,-5236.0
558.013,7187,7187,-5237.0
558.065,7188,7188,-5238.0
558.116,7189,7189,-5239.0
558.148,7190,7190,-5240.0
558.192,7191,7191,-5241.0
558.284,7192,7192,-5242.0
558.352,7193,7193,-5243.0
558.401,7194,7194,-5244.0
558.469,7195,7195,-5245.0
558.51,7196,7196,-5246.0
558.557,7197,7197,-5247.0
558.585,7198,7198,-5248.0
558.642,7199,7199,-5249.0
558.678,7200,7200,-5250.0
558.729,7201,7201,-5251.0
558.771,7202,7202,-5252.0
558.822,7203,7203,-5253.0
558.865,7204,7204,-5254.0
558.926,7205,7205,-5255.0
558.965,7206,7206,-5256.0
559.025,7207,7207,-5257.0
559.121,7208,7208,-5258.0
559.179,7209,7209,-5259.0
559.235,7210,7210,-5260.0
559.317,7211,7211,-5261.0
559.398,7212,7212,-5262.0
559.451,7213,7213,-5263.0
559.509,7214,7214,-5264.0
559.568,7215,7215,-5265.0
559.65,7216,7216,-5266.0
559.704,7217,7217,-5267.0
559.742,7218,7218,-5268.0
559.819,7219,7219,-5269.0
559.877,7220,7220,-5270.0
559.918,7221,7221,-5271.0
559.959,7222,7222,-5272.0
560.039,7223,7223,-5273.0
560.094,7224,7224,-5274.0
560.167,7225,7225,-5275.0
560.259,7226,7226,-5276.0
560.319,7227,7227,-5277.0
560.378,7228,7228,-5278.0
560.448,7229,7229,-5279.0
560.513,7230,7230,-5280.0
560.59,7231,7231,-5281.0
560.648,7232,7232,-5282.0
560.728,7233,7233,-5283.0
560.807,7234,7234,-5284.0
560.889,7235,7235,-5285.0
560.952,7236,7236,-5286.0
561.033,7237,7237,-5287.0
561.115,7238,7238,-5288.0
561.168,7239,7239,-5289.0
561.224,7240,7240,-5290.0
561.298,7241,7241,-5291.0
561.356,7242,7242,-5292.0
561.461,7243,7243,-5293.0
561.547,7244,7244,-5294.0
561.608,7245,7245,-5295.0
561.662,7246,7246,-5296.0
561.717,7247,7247,-5297.0
561.817,7248,7248,-5298.0
561.876,7249,7249,-5299.0
561.93,7250,7250,-5300.0
561.983,7251,7251,-5301.0
562.076,7252,7252,-5302.0
562.15,7253,7253,-5303.0
562.221,7254,7254,-5304.0
562.361,7255,7255,-5305.0
562.442,7256,7256,-5306.0
562.508,7257,7257,-5307.0
562.555,7258,7258,-5308.0
562.617,7259,7259,-5309.0
562.683,7260,7260,-5310.0
562.758,7261,7261,-5311.0
562.883,7262,7262,-5312.0
562.932,7263,7263,-5313.0
563.009,7264,7264,-5314.0
563.05,7265,7265,-5315.0
563.112,7266,7266,-5316.0
563.173,7267,7267,-5317.0
563.234,7268,7268,-5318.0
563.288,7269,7269,-5319.0
563.347,7270,7270,-5320.0
563.397,7271,7271,-5321.0
563.445,7272,7272,-5322.0
563.51,7273,7273,-5323.0
563.579,7274,7274,-5324.0
563.657,7275,7275,-5325.0
563.753,7276,7276,-5326.0
563.814,7277,7277,-5327.0
563.876,7278,7278,-5328.0
563.93,7279,7279,-5329.0
563.989,7280,7280,-5330.0
564.026,7281,7281,-5331.0
564.058,7282,7282,-5332.0
564.142,7283,7283,-5333.0
564.209,7284,7284,-5334.0
564.271,7285,7285,-5335.0
564.324,7286,7286,-5336.0
564.379,7287,7287,-5337.0
564.435,7288,7288,-5338.0
564.524,7289,7289,-5339.0
564.586,7290,7290,-5340.0
564.643,7291,7291,-5341.0
564.69,7292,7292,-5342.0
564.757,7293,7293,-5343.0
564.813,7294,7294,-5344.0
564.852,7295,7295,-5345.0
564.951,7296,7296,-5346.0
565.023,7297,7297,-5347.0
565.082,7298,7298,-5348.0
565.124,7299,7299,-5349.0
565.176,7300,7300,-5350.0
565.209,7301,7301,-5351.0
565.271,7302,7302,-5352.0
565.328,7303,7303,-5353.0
565.417,7304,7304,-5354.0
565.484,7305,7305,-5355.0
565.519,7306,7306,-5356.0
565.565,7307,7307,-5357.0
565.654,7308,7308,-5358.0
565.756,7309,7309,-5359.0
565.869,7310,7310,-5360.0
565.926,7311,7311,-5361.0
565.989,7312,7312,-5362.0
566.073,7313,7313,-5363.0
566.141,7314,7314,-5364.0
566.222,7315,7315,-5365.0
566.303,7316,7316,-5366.0
566.353,7317,7317,-5367.0
566.394,7318,7318,-5368.0
566.469,7319,7319,-5369.0
566.52,7320,7320,-5370.0
566.57,7321,7321,-5371.0
566.604,7322,7322,-5372.0
566.676,7323,7323,-5373.0
566.723,7324,7324,-5374.0
566.782,7325,7325,-5375.0
566.856,7326,7326,-5376.0
566.931,7327,7327,-5377.0
566.968,7328,7328,-5378.0
567.027,7329,7329,-5379.0
567.066,7330,7330,-5380.0
567.131,7331,7331,-5381.0
567.265,7332,7332,-5382.0
567.361,7333,7333,-5383.0
567.427,7334,7334,-5384.0
567.508,7335,7335,-5385.0
567.566,7336,7336,-5386.0
567.629,7337,7337,-5387.0
567.667,7338,7338,-5388.0
567.728,7339,7339,-5389.0
567.788,7340,7340,-5390.0
567.884,7341,7341,-5391.0
567.933,7342,7342,-5392.0
567.997,7343,7343,-5393.0
568.025,7344,7344,-5394.0
568.091,7345,7345,-5395.0
568.15,7346,7346,-5396.0
568.198,7347,7347,-5397.0
568.246,7348,7348,-5398.0
568.279,7349,7349,-5399.0
568.318,7350,7350,-5400.0
568.37,7351,7351,-5401.0
568.421,7352,7352,-5402.0
568.471,7353,7353,-5403.0
568.535,7354,7354,-5404.0
568.571,7355,7355,-5405.0
568.608,7356,7356,-5406.0
568.651,7357,7357,-5407.0
568.692,7358,7358,-5408.0
568.798,7359,7359,-5409.0
568.847,7360,7360,-5410.0
568.912,7361,7361,-5411.0
568.97,7362,7362,-5412.0
569.015,7363,7363,-5413.0
569.103,7364,7364,-5414.0
569.158,7365,7365,-5415.0
569.229,7366,7366,-5416.0
569.266,7367,7367,-5417.0
569.293,7368,7368,-5418.0
569.332,7369,7369,-5419.0
569.448,7370,7370,-5420.0
569.494,7371,7371,-5421.0
569.59,7372,7372,-5422.0
569.628,7373,7373,-5423.0
569.736,7374,7374,-5424.0
569.768,7375,7375,-5425.0
569.814,7376,7376,-5426.0
569.868,7377,7377,-5427.0
569.922,7378,7378,-5428.0
569.976,7379,7379,-5429.0
570.036,7380,7380,-5430.0
570.072,7381,7381,-5431.0
570.117,7382,7382,-5432.0
570.169,7383,7383,-5433.0
570.22,7384,7384,-5434.0
570.306,7385,7385,-5435.0
570.353,7386,7386,-5436.0
570.387,7387,7387,-5437.0
570.441,7388,7388,-5438.0
570.527,7389,7389,-5439.0
570.58,7390,7390,-5440.0
570.643,7391,7391,-5441.0
570.707,7392,7392,-5442.0
570.792,7393,7393,-5443.0
570.908,7394,7394,-5444.0
571.01,7395,7395,-5445.0
571.078,7396,7396,-5446.0
571.142,7397,7397,-5447.0
571.267,7398,7398,-5448.0
571.32,7399,7399,-5449.0
571.401,7400,7400,-5450.0
571.479,7401,7401,-5451.0
571.557,7402,7402,-5452.0
571.627,7403,7403,-5453.0
571.666,7404,7404,-5454.0
571.722,7405,7405,-5455.0
571.793,7406,7406,-5456.0
571.888,7407,7407,-5457.0
571.946,7408,7408,-5458.0
572.01,7409,7409,-5459.0
572.078,7410,7410,-5460.0
572.162,7411,7411,-5461.0
572.19,7412,7412,-5462.0
572.219,7413,7413,-5463.0
572.284,7414,7414,-5464.0
572.335,7415,7415,-5465.0
572.384,7416,7416,-5466.0
572.442,7417,7417,-5467.0
572.501,7418,7418,-5468.0
572.541,7419,7419,-5469.0
572.595,7420,7420,-5470.0
572.678,7421,7421,-5471.0
572.735,7422,7422,-5472.0
572.838,7423,7423,-5473.0
572.886,7424,7424,-5474.0
572.939,7425,7425,-5475.0
572.988,7426,7426,-5476.0
573.031,7427,7427,-5477.0
573.088,7428,7428,-5478.0
573.134,7429,7429,-5479.0
573.233,7430,7430,-5480.0
573.322,7431,7431,-5481.0
573.361,7432,7432,-5482.0
573.465,7433,7433,-5483.0
573.526,7434,7434,-5484.0
573.576,7435,7435,-5485.0
573.619,7436,7436,-5486.0
573.654,7437,7437,-5487.0
573.695,7438,7438,-5488.0
573.755,7439,7439,-5489.0
573.792,7440,7440,-5490.0
573.827,7441,7441,-5491.0
573.862,7442,7442,-5492.0
573.917,7443,7443,-5493.0
573.956,7444,7444,-5494.0
574.004,7445,7445,-5495.0
574.08,7446,7446,-5496.0
574.164,7447,7447,-5497.0
574.243,7448,7448,-5498.0
574.316,7449,7449,-5499.0
574.364,7450,7450,-5500.0
574.413,7451,7451,-5501.0
574.473,7452,7452,-5502.0
574.526,7453,7453,-5503.0
574.596,7454,7454,-5504.0
574.639,7455,7455,-5505.0
574.72,7456,7456,-5506.0
574.795,7457,7457,-5507.0
574.862,7458,7458,-5508.0
574.898,7459,7459,-5509.0
574.93,7460,7460,-5510.0
574.987,7461,7461,-5511.0
575.024,7462,7462,-5512.0
575.098,7463,7463,-5513.0
575.179,7464,7464,-5514.0
575.221,7465,7465,-5515.0
575.283,7466,7466,-5516.0
575.358,7467,7467,-5517.0
575.416,7468,7468,-5518.0
575.481,7469,7469,-5519.0
575.534,7470,7470,-5520.0
575.583,7471,7471,-5521.0
575.684,7472,7472,-5522.0
575.732,7473,7473,-5523.0
575.805,7474,7474,-5524.0
575.846,7475,7475,-5525.0
575.899,7476,7476,-5526.0
575.945,7477,7477,-5527.0
576.039,7478,7478,-5528.0
576.099,7479,7479,-5529.0
576.143,7480,7480,-5530.0
576.211,7481,7481,-5531.0
576.254,7482,7482,-5532.0
576.302,7483,7483,-5533.0
576.363,7484,7484,-5534.0
576.426,7485,7485,-5535.0
576.503,7486,7486,-5536.0
576.584,7487,7487,-5537.0
576.624,7488,7488,-5538.0
576.689,7489,7489,-5539.0
576.735,7490,7490,-5540.0
576.796,7491,7491,-5541.0
576.853,7492,7492,-5542.0
576.916,7493,7493,-5543.0
576.965,7494,7494,-5544.0
577.039,7495,7495,-5545.0
577.09,7496,7496,-5546.0
577.162,7497,7497,-5547.0
577.222,7498,7498,-5548.0
577.271,7499,7499,-5549.0
577.336,7500,7500,-5550.0
577.372,7501,7501,-5551.0
577.426,7502,7502,-5552.0
577.49,7503,7503,-5553.0
577.548,7504,7504,-5554.0
577.602,7505,7505,-5555.0
577.652,7506,7506,-5556.0
577.706,7507,7507,-5557.0
577.738,7508,7508,-5558.0
577.79,7509,7509,-5559.0
577.832,7510,7510,-5560.0
577.868,7511,7511,-5561.0
577.901,7512,7512,-5562.0
577.956,7513,7513,-5563.0
578.0,7514,7514,-5564.0
578.082,7515,7515,-5565.0
578.159,7516,7516,-5566.0
578.211,7517,7517,-5567.0
578.301,7518,7518,-5568.0
578.349,7519,7519,-5569.0
578.413,7520,7520,-5570.0
578.471,7521,7521,-5571.0
578.538,7522,7522,-5572.0
578.599,7523,7523,-5573.0
578.669,7524,7524,-5574.0
578.712,7525,7525,-5575.0
578.758,7526,7526,-5576.0
578.79,7527,7527,-5577.0
578.893,7528,7528,-5578.0
578.935,7529,7529,-5579.0
578.969,7530,7530,-5580.0
579.024,7531,7531,-5581.0
579.089,7532,7532,-5582.0
579.118,7533,7533,-5583.0
579.164,7534,7534,-5584.0
579.205,7535,7535,-5585.0
579.286,7536,7536,-5586.0
579.363,7537,7537,-5587.0
579.441,7538,7538,-5588.0
579.498,7539,7539,-5589.0
579.583,7540,7540,-5590.0
579.644,7541,7541,-5591.0
579.685,7542,7542,-5592.0
579.741,7543,7543,-5593.0
579.807,7544,7544,-5594.0
579.869,7545,7545,-5595.0
579.899,7546,7546,-5596.0
579.95,7547,7547,-5597.0
579.996,7548,7548,-5598.0
580.035,7549,7549,-5599.0
580.073,7550,7550,-5600.0
580.124,7551,7551,-5601.0
580.163,7552,7552,-5602.0
580.212,7553,7553,-5603.0
580.267,7554,7554,-5604.0
580.34,7555,7555,-5605.0
580.421,7556,7556,-5606.0
580.469,7557,7557,-5607.0
580.516,7558,7558,-5608.0
580.603,7559,7559,-5609.0
580.698,7560,7560,-5610.0
580.744,7561,7561,-5611.0
580.805,7562,7562,-5612.0
580.908,7563,7563,-5613.0
580.971,7564,7564,-5614.0
581.03,7565,7565,-5615.0
581.073,7566,7566,-5616.0
581.102,7567,7567,-5617.0
581.168,7568,7568,-5618.0
581.245,7569,7569,-5619.0
581.292,7570,7570,-5620.0
581.352,7571,7571,-5621.0
581.41,7572,7572,-5622.0
581.474,7573,7573,-5623.0
581.541,7574,7574,-5624.0
581.606,7575,7575,-5625.0
581.665,7576,7576,-5626.0
581.729,7577,7577,-5627.0
581.794,7578,7578,-5628.0
581.853,7579,7579,-5629.0
581.912,7580,7580,-5630.0
581.975,7581,7581,-5631.0
582.031,7582,7582,-5632.0
582.089,7583,7583,-5633.0
582.214,7584,7584,-5634.0
582.273,7585,7585,-5635.0
582.348,7586,7586,-5636.0
582.45,7587,7587,-5637.0
582.504,7588,7588,-5638.0
582.582,7589,7589,-5639.0
582.648,7590,7590,-5640.0
582.755,7591,7591,-5641.0
582.856,7592,7592,-5642.0
582.894,7593,7593,-5643.0
582.989,7594,7594,-5644.0
583.026,7595,7595,-5645.0
583.073,7596,7596,-5646.0
583.131,7597,7597,-5647.0
583.209,7598,7598,-5648.0
583.31,7599,7599,-5649.0
583.363,7600,7600,-5650.0
583.405,7601,7601,-5651.0
583.48,7602,7602,-5652.0
583.532,7603,7603,-5653.0
583.571,7604,7604,-5654.0
583.641,7605,7605,-5655.0
583.678,7606,7606,-5656.0
583.752,7607,7607,-5657.0
583.815,7608,7608,-5658.0
583.879,7609,7609,-5659.0
583.945,7610,7610,-5660.0
584.001,7611,7611,-5661.0
584.084,7612,7612,-5662.0
584.135,7613,7613,-5663.0
584.21,7614,7614,-5664.0
584.238,7615,7615,-5665.0
584.291,7616,7616,-5666.0
584.354,7617,7617,-5667.0
584.455,7618,7618,-5668.0
584.503,7619,7619,-5669.0
584.547,7620,7620,-5670.0
584.597,7621,7621,-5671.0
584.643,7622,7622,-5672.0
584.682,7623,7623,-5673.0
584.74,7624,7624,-5674.0
584.797,7625,7625,-5675.0
584.878,7626,7626,-5676.0
584.938,7627,7627,-5677.0
584.977,7628,7628,-5678.0
585.026,7629,7629,-5679.0
585.075,7630,7630,-5680.0
585.124,7631,7631,-5681.0
585.186,7632,7632,-5682.0
585.231,7633,7633,-5683.0
585.268,7634,7634,-5684.0
585.335,7635,7635,-5685.0
585.393,7636,7636,-5686.0
585.432,7637,7637,-5687.0
585.475,7638,7638,-5688.0
585.527,7639,7639,-5689.0
585.586,7640,7640,-5690.0
585.666,7641,7641,-5691.0
585.742,7642,7642,-5692.0
585.791,7643,7643,-5693.0
585.828,7644,7644,-5694.0
585.867,7645,7645,-5695.0
585.915,7646,7646,-5696.0
585.977,7647,7647,-5697.0
586.055,7648,7648,-5698.0
586.091,7649,7649,-5699.0
586.13,7650,7650,-5700.0
586.221,7651,7651,-5701.0
586.27,7652,7652,-5702.0
586.338,7653,7653,-5703.0
586.385,7654,7654,-5704.0
586.449,7655,7655,-5705.0
586.525,7656,7656,-5706.0
586.583,7657,7657,-5707.0
586.646,7658,7658,-5708.0
586.718,7659,7659,-5709.0
586.776,7660,7660,-5710.0
586.818,7661,7661,-5711.0
586.906,7662,7662,-5712.0
586.95,7663,7663,-5713.0
587.018,7664,7664,-5714.0
587.108,7665,7665,-5715.0
587.174,7666,7666,-5716.0
587.247,7667,7667,-5717.0
587.274,7668,7668,-5718.0
587.335,7669,7669,-5719.0
587.366,7670,7670,-5720.0
587.421,7671,7671,-5721.0
587.476,7672,7672,-5722.0
587.549,7673,7673,-5723.0
587.647,7674,7674,-5724.0
587.697,7675,7675,-5725.0
587.767,7676,7676,-5726.0
587.826,7677,7677,-5727.0
587.874,7678,7678,-5728.0
587.94,7679,7679,-5729.0
588.013,7680,7680,-5730.0
588.108,7681,7681,-5731.0
588.179,7682,7682,-5732.0
588.232,7683,7683,-5733.0
588.306,7684,7684,-5734.0
588.377,7685,7685,-5735.0
588.46,7686,7686,-5736.0
588.533,7687,7687,-5737.0
588.594,7688,7688,-5738.0
588.668,7689,7689,-5739.0
588.717,7690,7690,-5740.0
588.804,7691,7691,-5741.0
588.855,7692,7692,-5742.0
588.897,7693,7693,-5743.0
588.975,7694,7694,-5744.0
589.08,7695,7695,-5745.0
589.131,7696,7696,-5746.0
589.173,7697,7697,-5747.0
589.253,7698,7698,-5748.0
589.286,7699,7699,-5749.0
589.33,7700,7700,-5750.0
589.42,7701,7701,-5751.0
589.478,7702,7702,-5752.0
589.534,7703,7703,-5753.0
589.572,7704,7704,-5754.0
589.611,7705,7705,-5755.0
589.65,7706,7706,-5756.0
589.713,7707,7707,-5757.0
589.767,7708,7708,-5758.0
589.806,7709,7709,-5759.0
589.88,7710,7710,-5760.0
589.916,7711,7711,-5761.0
589.973,7712,7712,-5762.0
590.028,7713,7713,-5763.0
590.082,7714,7714,-5764.0
590.123,7715,7715,-5765.0
590.172,7716,7716,-5766.0
590.199,7717,7717,-5767.0
590.231,7718,7718,-5768.0
590.27,7719,7719,-5769.0
590.333,7720,7720,-5770.0
590.419,7721,7721,-5771.0
590.487,7722,7722,-5772.0
590.543,7723,7723,-5773.0
590.61,7724,7724,-5774.0
590.664,7725,7725,-5775.0
590.749,7726,7726,-5776.0
590.778,7727,7727,-5777.0
590.835,7728,7728,-5778.0
590.92,7729,7729,-5779.0
590.976,7730,7730,-5780.0
591.005,7731,7731,-5781.0
591.053,7732,7732,-5782.0
591.107,7733,7733,-5783.0
591.19,7734,7734,-5784.0
591.237,7735,7735,-5785.0
591.303,7736,7736,-5786.0
591.378,7737,7737,-5787.0
591.426,7738,7738,-5788.0
591.477,7739,7739,-5789.0
591.533,7740,7740,-5790.0
591.574,7741,7741,-5791.0
591.599,7742,7742,-5792.0
591.638,7743,7743,-5793.0
591.679,7744,7744,-5794.0
591.719,7745,7745,-5795.0
591.809,7746,7746,-5796.0
591.862,7747,7747,-5797.0
591.928,7748,7748,-5798.0
591.963,7749,7749,-5799.0
591.995,7750,7750,-5800.0
592.048,7751,7751,-5801.0
592.08,7752,7752,-5802.0
592.141,7753,7753,-5803.0
592.177,7754,7754,-5804.0
592.215,7755,7755,-5805.0
592.251,7756,7756,-5806.0
592.295,7757,7757,-5807.0
592.351,7758,7758,-5808.0
592.42,7759,7759,-5809.0
592.5,7760,7760,-5810.0
592.532,7761,7761,-5811.0
592.572,7762,7762,-5812.0
592.605,7763,7763,-5813.0
592.657,7764,7764,-5814.0
592.713,7765,7765,-5815.0
592.768,7766,7766,-5816.0
592.805,7767,7767,-5817.0
592.878,7768,7768,-5818.0
592.933,7769,7769,-5819.0
593.028,7770,7770,-5820.0
593.083,7771,7771,-5821.0
593.128,7772,7772,-5822.0
593.174,7773,7773,-5823.0
593.235,7774,7774,-5824.0
593.286,7775,7775,-5825.0
593.396,7776,7776,-5826.0
593.428,7777,7777,-5827.0
593.481,7778,7778,-5828.0
593.511,7779,7779,-5829.0
593.576,7780,7780,-5830.0
593.611,7781,7781,-5831.0
593.674,7782,7782,-5832.0
593.733,7783,7783,-5833.0
593.799,7784,7784,-5834.0
593.84,7785,7785,-5835.0
593.892,7786,7786,-5836.0
593.933,7787,7787,-5837.0
594.016,7788,7788,-5838.0
594.06,7789,7789,-5839.0
594.111,7790,7790,-5840.0
594.162,7791,7791,-5841.0
594.214,7792,7792,-5842.0
594.304,7793,7793,-5843.0
594.338,7794,7794,-5844.0
594.42,7795,7795,-5845.0
594.47,7796,7796,-5846.0
594.504,7797,7797,-5847.0
594.55,7798,7798,-5848.0
594.602,7799,7799,-5849.0
594.645,7800,7800,-5850.0
594.742,7801,7801,-5851.0
594.827,7802,7802,-5852.0
594.87,7803,7803,-5853.0
594.93,7804,7804,-5854.0
594.974,7805,7805,-5855.0
595.026,7806,7806,-5856.0
595.087,7807,7807,-5857.0
595.133,7808,7808,-5858.0
595.179,7809,7809,-5859.0
595.231,7810,7810,-5860.0
595.282,7811,7811,-5861.0
595.34,7812,7812,-5862.0
595.425,7813,7813,-5863.0
595.513,7814,7814,-5864.0
595.581,7815,7815,-5865.0
595.68,7816,7816,-5866.0
595.712,7817,7817,-5867.0
595.76,7818,7818,-5868.0
595.842,7819,7819,-5869.0
595.897,7820,7820,-5870.0
595.939,7821,7821,-5871.0
595.985,7822,7822,-5872.0
596.038,7823,7823,-5873.0
596.07,7824,7824,-5874.0
596.118,7825,7825,-5875.0
596.224,7826,7826,-5876.0
596.276,7827,7827,-5877.0
596.339,7828,7828,-5878.0
596.382,7829,7829,-5879.0
596.436,7830,7830,-5880.0
596.484,7831,7831,-5881.0
596.513,7832,7832,-5882.0
596.598,7833,7833,-5883.0
596.637,7834,7834,-5884.0
596.725,7835,7835,-5885.0
596.769,7836,7836,-5886.0
596.83,7837,7837,-5887.0
596.877,7838,7838,-5888.0
596.941,7839,7839,-5889.0
596.995,7840,7840,-5890.0
597.082,7841,7841,-5891.0
597.118,7842,7842,-5892.0
597.146,7843,7843,-5893.0
597.187,7844,7844,-5894.0
597.258,7845,7845,-5895.0
597.311,7846,7846,-5896.0
597.35,7847,7847,-5897.0
597.42,7848,7848,-5898.0
597.465,7849,7849,-5899.0
597.501,7850,7850,-5900.0
597.572,7851,7851,-5901.0
597.618,7852,7852,-5902.0
597.693,7853,7853,-5903.0
597.735,7854,7854,-5904.0
597.795,7855,7855,-5905.0
597.854,7856,7856,-5906.0
597.966,7857,7857,-5907.0
598.034,7858,7858,-5908.0
598.112,7859,7859,-5909.0
598.169,7860,7860,-5910.0
598.234,7861,7861,-5911.0
598.282,7862,7862,-5912.0
598.331,7863,7863,-5913.0
598.39,7864,7864,-5914.0
598.445,7865,7865,-5915.0
598.488,7866,7866,-5916.0
598.529,7867,7867,-5917.0
598.585,7868,7868,-5918.0
598.643,7869,7869,-5919.0
598.753,7870,7870,-5920.0
598.797,7871,7871,-5921.0
598.845,7872,7872,-5922.0
598.892,7873,7873,-5923.0
598.933,7874,7874,-5924.0
598.998,7875,7875,-5925.0
599.054,7876,7876,-5926.0
599.083,7877,7877,-5927.0
599.137,7878,7878,-5928.0
599.183,7879,7879,-5929.0
599.231,7880,7880,-5930.0
599.295,7881,7881,-5931.0
599.344,7882,7882,-5932.0
599.387,7883,7883,-5933.0
599.439,7884,7884,-5934.0
599.49,7885,7885,-5935.0
599.565,7886,7886,-5936.0
599.62,7887,7887,-5937.0
599.668,7888,7888,-5938.0
599.742,7889,7889,-5939.0
599.81,7890,7890,-5940.0
599.865,7891,7891,-5941.0
599.917,7892,7892,-5942.0
600.0,7893,7893,-5943.0
600.041,7894,7894,-5944.0
600.107,7895,7895,-5945.0
600.155,7896,7896,-5946.0
600.178,7897,7897,-5947.0
600.228,7898,7898,-5948.0
600.284,7899,7899,-5949.0
600.351,7900,7900,-5950.0
600.422,7901,7901,-5951.0
600.473,7902,7902,-5952.0
600.544,7903,7903,-5953.0
600.582,7904,7904,-5954.0
600.626,7905,7905,-5955.0
600.69,7906,7906,-5956.0
600.738,7907,7907,-5957.0
600.801,7908,7908,-5958.0
600.878,7909,7909,-5959.0
600.97,7910,7910,-5960.0
601.026,7911,7911,-5961.0
601.089,7912,7912,-5962.0
601.143,7913,7913,-5963.0
601.197,7914,7914,-5964.0
601.261,7915,7915,-5965.0
601.324,7916,7916,-5966.0
601.365,7917,7917,-5967.0
601.426,7918,7918,-5968.0
601.46,7919,7919,-5969.0
601.487,7920,7920,-5970.0
601.574,7921,7921,-5971.0
601.663,7922,7922,-5972.0
601.696,7923,7923,-5973.0
601.728,7924,7924,-5974.0
601.775,7925,7925,-5975.0
601.829,7926,7926,-5976.0
601.895,7927,7927,-5977.0
601.934,7928,7928,-5978.0
601.982,7929,7929,-5979.0
602.017,7930,7930,-5980.0
602.058,7931,7931,-5981.0
602.088,7932,7932,-5982.0
602.174,7933,7933,-5983.0
602.215,7934,7934,-5984.0
602.247,7935,7935,-5985.0
602.272,7936,7936,-5986.0
602.31,7937,7937,-5987.0
602.332,7938,7938,-5988.0
602.362,7939,7939,-5989.0
602.42,7940,7940,-5990.0
602.44,7941,7941,-5991.0
602.472,7942,7942,-5992.0
602.509,7943,7943,-5993.0
602.557,7944,7944,-5994.0
602.606,7945,7945,-5995.0
602.667,7946,7946,-5996.0
602.706,7947,7947,-5997.0
602.75,7948,7948,-5998.0
602.774,7949,7949,-5999.0
602.835,7950,7950,-6000.0
602.877,7951,7951,-6001.0
602.919,7952,7952,-6002.0
602.95,7953,7953,-6003.0
602.991,7954,7954,-6004.0
603.019,7955,7955,-6005.0
603.057,7956,7956,-6006.0
603.107,7957,7957,-6007.0
603.153,7958,7958,-6008.0
603.202,7959,7959,-6009.0
603.272,7960,7960,-6010.0
603.309,7961,7961,-6011.0
603.395,7962,7962,-6012.0
603.436,7963,7963,-6013.0
603.465,7964,7964,-6014.0
603.521,7965,7965,-6015.0
603.543,7966,7966,-6016.0
603.59,7967,7967,-6017.0
603.624,7968,7968,-6018.0
603.66,7969,7969,-6019.0
603.7,7970,7970,-6020.0
603.746,7971,7971,-6021.0
603.814,7972,7972,-6022.0
603.853,7973,7973,-6023.0
603.921,7974,7974,-6024.0
603.97,7975,7975,-6025.0
604.07,7976,7976,-6026.0
604.108,7977,7977,-6027.0
604.169,7978,7978,-6028.0
604.213,7979,7979,-6029.0
604.262,7980,7980,-6030.0
604.298,7981,7981,-6031.0
604.361,7982,7982,-6032.0
604.422,7983,7983,-6033.0
604.459,7984,7984,-6034.0
604.496,7985,7985,-6035.0
604.559,7986,7986,-6036.0
604.62,7987,7987,-6037.0
604.691,7988,7988,-6038.0
604.739,7989,7989,-6039.0
604.788,7990,7990,-6040.0
604.844,7991,7991,-6041.0
604.898,7992,7992,-6042.0
604.964,7993,7993,-6043.0
605.006,7994,7994,-6044.0
605.053,7995,7995,-6045.0
605.089,7996,7996,-6046.0
605.131,7997,7997,-6047.0
605.192,7998,7998,-6048.0
605.242,7999,7999,-6049.0
605.285,8000,8000,-6050.0
605.344,8001,8001,-6051.0
605.385,8002,8002,-6052.0
605.414,8003,8003,-6053.0
605.447,8004,8004,-6054.0
605.495,8005,8005,-6055.0
605.549,8006,8006,-6056.0
605.578,8007,8007,-6057.0
605.637,8008,8008,-6058.0
605.671,8009,8009,-6059.0
605.714,8010,8010,-6060.0
605.766,8011,8011,-6061.0
605.819,8012,8012,-6062.0
605.877,8013,8013,-6063.0
605.929,8014,8014,-6064.0
605.973,8015,8015,-6065.0
606.029,8016,8016,-6066.0
606.074,8017,8017,-6067.0
606.128,8018,8018,-6068.0
606.214,8019,8019,-6069.0
606.291,8020,8020,-6070.0
606.35,8021,8021,-6071.0
606.392,8022,8022,-6072.0
606.465,8023,8023,-6073.0
606.513,8024,8024,-6074.0
606.601,8025,8025,-6075.0
606.672,8026,8026,-6076.0
606.746,8027,8027,-6077.0
606.816,8028,8028,-6078.0
606.871,8029,8029,-6079.0
606.915,8030,8030,-6080.0
606.988,8031,8031,-6081.0
607.017,8032,8032,-6082.0
607.078,8033,8033,-6083.0
607.117,8034,8034,-6084.0
607.178,8035,8035,-6085.0
607.241,8036,8036,-6086.0
607.291,8037,8037,-6087.0
607.367,8038,8038,-6088.0
607.443,8039,8039,-6089.0
607.484,8040,8040,-6090.0
607.521,8041,8041,-6091.0
607.58,8042,8042,-6092.0
607.626,8043,8043,-6093.0
607.672,8044,8044,-6094.0
607.721,8045,8045,-6095.0
607.778,8046,8046,-6096.0
607.838,8047,8047,-6097.0
607.926,8048,8048,-6098.0
607.982,8049,8049,-6099.0
608.067,8050,8050,-6100.0
608.116,8051,8051,-6101.0
608.17,8052,8052,-6102.0
608.208,8053,8053,-6103.0
608.253,8054,8054,-6104.0
608.324,8055,8055,-6105.0
608.37,8056,8056,-6106.0
608.418,8057,8057,-6107.0
608.479,8058,8058,-6108.0
608.51,8059,8059,-6109.0
608.554,8060,8060,-6110.0
608.588,8061,8061,-6111.0
608.629,8062,8062,-6112.0
608.698,8063,8063,-6113.0
608.754,8064,8064,-6114.0
608.825,8065,8065,-6115.0
608.884,8066,8066,-6116.0
608.986,8067,8067,-6117.0
609.045,8068,8068,-6118.0
609.137,8069,8069,-6119.0
609.184,8070,8070,-6120.0
609.221,8071,8071,-6121.0
609.274,8072,8072,-6122.0
609.33,8073,8073,-6123.0
609.36,8074,8074,-6124.0
609.418,8075,8075,-6125.0
609.459,8076,8076,-6126.0
609.523,8077,8077,-6127.0
609.574,8078,8078,-6128.0
609.63,8079,8079,-6129.0
609.679,8080,8080,-6130.0
609.734,8081,8081,-6131.0
609.788,8082,8082,-6132.0
609.837,8083,8083,-6133.0
609.889,8084,8084,-6134.0
609.918,8085,8085,-6135.0
609.976,8086,8086,-6136.0
610.059,8087,8087,-6137.0
610.096,8088,8088,-6138.0
610.147,8089,8089,-6139.0
610.188,8090,8090,-6140.0
610.257,8091,8091,-6141.0
610.299,8092,8092,-6142.0
610.356,8093,8093,-6143.0
610.417,8094,8094,-6144.0
610.52,8095,8095,-6145.0
610.608,8096,8096,-6146.0
610.659,8097,8097,-6147.0
610.71,8098,8098,-6148.0
610.757,8099,8099,-6149.0
610.825,8100,8100,-6150.0
610.875,8101,8101,-6151.0
610.918,8102,8102,-6152.0
610.977,8103,8103,-6153.0
611.046,8104,8104,-6154.0
611.108,8105,8105,-6155.0
611.156,8106,8106,-6156.0
611.191,8107,8107,-6157.0
611.218,8108,8108,-6158.0
611.277,8109,8109,-6159.0
611.344,8110,8110,-6160.0
611.413,8111,8111,-6161.0
611.469,8112,8112,-6162.0
611.509,8113,8113,-6163.0
611.575,8114,8114,-6164.0
611.617,8115,8115,-6165.0
611.668,8116,8116,-6166.0
611.729,8117,8117,-6167.0
611.781,8118,8118,-6168.0
611.85,8119,8119,-6169.0
611.894,8120,8120,-6170.0
611.964,8121,8121,-6171.0
612.016,8122,8122,-6172.0
612.085,8123,8123,-6173.0
612.141,8124,8124,-6174.0
612.199,8125,8125,-6175.0
612.265,8126,8126,-6176.0
612.353,8127,8127,-6177.0
612.406,8128,8128,-6178.0
612.459,8129,8129,-6179.0
612.551,8130,8130,-6180.0
612.609,8131,8131,-6181.0
612.663,8132,8132,-6182.0
612.719,8133,8133,-6183.0
612.775,8134,8134,-6184.0
612.842,8135,8135,-6185.0
612.901,8136,8136,-6186.0
612.994,8137,8137,-6187.0
613.027,8138,8138,-6188.0
613.105,8139,8139,-6189.0
613.188,8140,8140,-6190.0
613.235,8141,8141,-6191.0
613.309,8142,8142,-6192.0
613.36,8143,8143,-6193.0
613.425,8144,8144,-6194.0
613.479,8145,8145,-6195.0
613.54,8146,8146,-6196.0
613.639,8147,8147,-6197.0
613.708,8148,8148,-6198.0
613.788,8149,8149,-6199.0
613.826,8150,8150,-6200.0
613.872,8151,8151,-6201.0
613.945,8152,8152,-6202.0
614.026,8153,8153,-6203.0
614.065,8154,8154,-6204.0
614.129,8155,8155,-6205.0
614.184,8156,8156,-6206.0
614.223,8157,8157,-6207.0
614.284,8158,8158,-6208.0
614.358,8159,8159,-6209.0
614.419,8160,8160,-6210.0
614.489,8161,8161,-6211.0
614.526,8162,8162,-6212.0
614.601,8163,8163,-6213.0
614.675,8164,8164,-6214.0
614.739,8165,8165,-6215.0
614.781,8166,8166,-6216.0
614.835,8167,8167,-6217.0
614.884,8168,8168,-6218.0
614.919,8169,8169,-6219.0
614.957,8170,8170,-6220.0
614.989,8171,8171,-6221.0
615.038,8172,8172,-6222.0
615.109,8173,8173,-6223.0
615.202,8174,8174,-6224.0
615.26,8175,8175,-6225.0
615.306,8176,8176,-6226.0
615.352,8177,8177,-6227.0
615.403,8178,8178,-6228.0
615.455,8179,8179,-6229.0
615.506,8180,8180,-6230.0
615.554,8181,8181,-6231.0
615.612,8182,8182,-6232.0
615.686,8183,8183,-6233.0
615.748,8184,8184,-6234.0
615.819,8185,8185,-6235.0
615.859,8186,8186,-6236.0
615.929,8187,8187,-6237.0
615.972,8188,8188,-6238.0
616.009,8189,8189,-6239.0
616.084,8190,8190,-6240.0
616.164,8191,8191,-6241.0
616.246,8192,8192,-6242.0
616.289,8193,8193,-6243.0
616.37,8194,8194,-6244.0
616.443,8195,8195,-6245.0
616.482,8196,8196,-6246.0
616.537,8197,8197,-6247.0
616.595,8198,8198,-6248.0
616.646,8199,8199,-6249.0
616.687,8200,8200,-6250.0
616.744,8201,8201,-6251.0
616.797,8202,8202,-6252.0
616.87,8203,8203,-6253.0
616.933,8204,8204,-6254.0
616.988,8205,8205,-6255.0
617.068,8206,8206,-6256.0
617.107,8207,8207,-6257.0
617.175,8208,8208,-6258.0
617.225,8209,8209,-6259.0
617.274,8210,8210,-6260.0
617.325,8211,8211,-6261.0
617.404,8212,8212,-6262.0
617.49,8213,8213,-6263.0
617.528,8214,8214,-6264.0
617.571,8215,8215,-6265.0
617.658,8216,8216,-6266.0
617.712,8217,8217,-6267.0
617.75,8218,8218,-6268.0
617.807,8219,8219,-6269.0
617.845,8220,8220,-6270.0
617.92,8221,8221,-6271.0
617.963,8222,8222,-6272.0
618.019,8223,8223,-6273.0
618.052,8224,8224,-6274.0
618.114,8225,8225,-6275.0
618.156,8226,8226,-6276.0
618.221,8227,8227,-6277.0
618.27,8228,8228,-6278.0
618.323,8229,8229,-6279.0
618.351,8230,8230,-6280.0
618.398,8231,8231,-6281.0
618.476,8232,8232,-6282.0
618.532,8233,8233,-6283.0
618.591,8234,8234,-6284.0
618.642,8235,8235,-6285.0
618.701,8236,8236,-6286.0
618.762,8237,8237,-6287.0
618.8,8238,8238,-6288.0
618.836,8239,8239,-6289.0
618.867,8240,8240,-6290.0
618.904,8241,8241,-6291.0
618.956,8242,8242,-6292.0
619.002,8243,8243,-6293.0
619.047,8244,8244,-6294.0
619.093,8245,8245,-6295.0
619.137,8246,8246,-6296.0
619.198,8247,8247,-6297.0
619.238,8248,8248,-6298.0
619.296,8249,8249,-6299.0
619.343,8250,8250,-6300.0
619.386,8251,8251,-6301.0
619.473,8252,8252,-6302.0
619.511,8253,8253,-6303.0
619.574,8254,8254,-6304.0
619.63,8255,8255,-6305.0
619.69,8256,8256,-6306.0
619.743,8257,8257,-6307.0
619.797,8258,8258,-6308.0
619.824,8259,8259,-6309.0
619.876,8260,8260,-6310.0
619.925,8261,8261,-6311.0
619.972,8262,8262,-6312.0
620.041,8263,8263,-6313.0
620.102,8264,8264,-6314.0
620.175,8265,8265,-6315.0
620.212,8266,8266,-6316.0
620.244,8267,8267,-6317.0
620.296,8268,8268,-6318.0
620.378,8269,8269,-6319.0
620.418,8270,8270,-6320.0
620.471,8271,8271,-6321.0
620.568,8272,8272,-6322.0
620.612,8273,8273,-6323.0
620.696,8274,8274,-6324.0
620.764,8275,8275,-6325.0
620.887,8276,8276,-6326.0
620.946,8277,8277,-6327.0
620.994,8278,8278,-6328.0
621.057,8279,8279,-6329.0
621.124,8280,8280,-6330.0
621.155,8281,8281,-6331.0
621.2,8282,8282,-6332.0
621.262,8283,8283,-6333.0
621.317,8284,8284,-6334.0
621.375,8285,8285,-6335.0
621.443,8286,8286,-6336.0
621.503,8287,8287,-6337.0
621.586,8288,8288,-6338.0
621.658,8289,8289,-6339.0
621.746,8290,8290,-6340.0
621.791,8291,8291,-6341.0
621.864,8292,8292,-6342.0
621.921,8293,8293,-6343.0
621.97,8294,8294,-6344.0
622.035,8295,8295,-6345.0
622.136,8296,8296,-6346.0
622.232,8297,8297,-6347.0
622.319,8298,8298,-6348.0
622.369,8299,8299,-6349.0
622.431,8300,8300,-6350.0
622.504,8301,8301,-6351.0
622.541,8302,8302,-6352.0
622.598,8303,8303,-6353.0
622.653,8304,8304,-6354.0
622.692,8305,8305,-6355.0
622.784,8306,8306,-6356.0
622.826,8307,8307,-6357.0
622.889,8308,8308,-6358.0
622.934,8309,8309,-6359.0
622.983,8310,8310,-6360.0
623.038,8311,8311,-6361.0
623.113,8312,8312,-6362.0
623.166,8313,8313,-6363.0
623.21,8314,8314,-6364.0
623.268,8315,8315,-6365.0
623.308,8316,8316,-6366.0
623.369,8317,8317,-6367.0
623.423,8318,8318,-6368.0
623.468,8319,8319,-6369.0
623.535,8320,8320,-6370.0
623.579,8321,8321,-6371.0
623.664,8322,8322,-6372.0
623.699,8323,8323,-6373.0
623.728,8324,8324,-6374.0
623.754,8325,8325,-6375.0
623.798,8326,8326,-6376.0
623.838,8327,8327,-6377.0
623.894,8328,8328,-6378.0
624.011,8329,8329,-6379.0
624.064,8330,8330,-6380.0
624.115,8331,8331,-6381.0
624.179,8332,8332,-6382.0
624.236,8333,8333,-6383.0
624.276,8334,8334,-6384.0
624.336,8335,8335,-6385.0
624.38,8336,8336,-6386.0
624.464,8337,8337,-6387.0
624.506,8338,8338,-6388.0
624.579,8339,8339,-6389.0
624.656,8340,8340,-6390.0
624.7,8341,8341,-6391.0
624.741,8342,8342,-6392.0
624.802,8343,8343,-6393.0
624.861,8344,8344,-6394.0
624.951,8345,8345,-6395.0
625.022,8346,8346,-6396.0
625.065,8347,8347,-6397.0
625.117,8348,8348,-6398.0
625.19,8349,8349,-6399.0
625.215,8350,8350,-6400.0
625.262,8351,8351,-6401.0
625.322,8352,8352,-6402.0
625.36,8353,8353,-6403.0
625.426,8354,8354,-6404.0
625.493,8355,8355,-6405.0
625.55,8356,8356,-6406.0
625.616,8357,8357,-6407.0
625.665,8358,8358,-6408.0
625.694,8359,8359,-6409.0
625.742,8360,8360,-6410.0
625.781,8361,8361,-6411.0
625.837,8362,8362,-6412.0
625.923,8363,8363,-6413.0
626.0,8364,8364,-6414.0
626.056,8365,8365,-6415.0
626.123,8366,8366,-6416.0
626.179,8367,8367,-6417.0
626.228,8368,8368,-6418.0
626.297,8369,8369,-6419.0
626.346,8370,8370,-6420.0
626.391,8371,8371,-6421.0
626.466,8372,8372,-6422.0
626.545,8373,8373,-6423.0
626.593,8374,8374,-6424.0
626.641,8375,8375,-6425.0
626.702,8376,8376,-6426.0
626.772,8377,8377,-6427.0
626.849,8378,8378,-6428.0
626.913,8379,8379,-6429.0
626.981,8380,8380,-6430.0
627.035,8381,8381,-6431.0
627.092,8382,8382,-6432.0
627.141,8383,8383,-6433.0
627.18,8384,8384,-6434.0
627.232,8385,8385,-6435.0
627.275,8386,8386,-6436.0
627.347,8387,8387,-6437.0
627.393,8388,8388,-6438.0
627.462,8389,8389,-6439.0
627.519,8390,8390,-6440.0
627.562,8391,8391,-6441.0
627.606,8392,8392,-6442.0
627.675,8393,8393,-6443.0
627.727,8394,8394,-6444.0
627.801,8395,8395,-6445.0
627.842,8396,8396,-6446.0
627.887,8397,8397,-6447.0
627.935,8398,8398,-6448.0
627.992,8399,8399,-6449.0
628.029,8400,8400,-6450.0
628.073,8401,8401,-6451.0
628.126,8402,8402,-6452.0
628.208,8403,8403,-6453.0
628.303,8404,8404,-6454.0
628.403,8405,8405,-6455.0
628.452,8406,8406,-6456.0
628.513,8407,8407,-6457.0
628.567,8408,8408,-6458.0
628.623,8409,8409,-6459.0
628.736,8410,8410,-6460.0
628.819,8411,8411,-6461.0
628.889,8412,8412,-6462.0
628.964,8413,8413,-6463.0
629.012,8414,8414,-6464.0
629.098,8415,8415,-6465.0
629.149,8416,8416,-6466.0
629.217,8417,8417,-6467.0
629.274,8418,8418,-6468.0
629.332,8419,8419,-6469.0
629.406,8420,8420,-6470.0
629.453,8421,8421,-6471.0
629.486,8422,8422,-6472.0
629.543,8423,8423,-6473.0
629.611,8424,8424,-6474.0
629.704,8425,8425,-6475.0
629.792,8426,8426,-6476.0
629.835,8427,8427,-6477.0
629.932,8428,8428,-6478.0
629.971,8429,8429,-6479.0
630.018,8430,8430,-6480.0
630.089,8431,8431,-6481.0
630.138,8432,8432,-6482.0
630.187,8433,8433,-6483.0
630.223,8434,8434,-6484.0
630.256,8435,8435,-6485.0
630.323,8436,8436,-6486.0
630.378,8437,8437,-6487.0
630.445,8438,8438,-6488.0
630.501,8439,8439,-6489.0
630.557,8440,8440,-6490.0
630.616,8441,8441,-6491.0
630.689,8442,8442,-6492.0
630.755,8443,8443,-6493.0
630.796,8444,8444,-6494.0
630.832,8445,8445,-6495.0
630.882,8446,8446,-6496.0
630.943,8447,8447,-6497.0
631.018,8448,8448,-6498.0
631.147,8449,8449,-6499.0
631.224,8450,8450,-6500.0
631.328,8451,8451,-6501.0
631.414,8452,8452,-6502.0
631.479,8453,8453,-6503.0
631.528,8454,8454,-6504.0
631.576,8455,8455,-6505.0
631.652,8456,8456,-6506.0
631.703,8457,8457,-6507.0
631.769,8458,8458,-6508.0
631.814,8459,8459,-6509.0
631.856,8460,8460,-6510.0
631.904,8461,8461,-6511.0
631.995,8462,8462,-6512.0
632.059,8463,8463,-6513.0
632.112,8464,8464,-6514.0
632.206,8465,8465,-6515.0
632.241,8466,8466,-6516.0
632.294,8467,8467,-6517.0
632.348,8468,8468,-6518.0
632.417,8469,8469,-6519.0
632.478,8470,8470,-6520.0
632.518,8471,8471,-6521.0
632.612,8472,8472,-6522.0
632.658,8473,8473,-6523.0
632.739,8474,8474,-6524.0
632.783,8475,8475,-6525.0
632.824,8476,8476,-6526.0
632.869,8477,8477,-6527.0
632.913,8478,8478,-6528.0
632.97,8479,8479,-6529.0
632.995,8480,8480,-6530.0
633.038,8481,8481,-6531.0
633.097,8482,8482,-6532.0
633.151,8483,8483,-6533.0
633.219,8484,8484,-6534.0
633.275,8485,8485,-6535.0
633.375,8486,8486,-6536.0
633.445,8487,8487,-6537.0
633.491,8488,8488,-6538.0
633.558,8489,8489,-6539.0
633.616,8490,8490,-6540.0
633.673,8491,8491,-6541.0
633.718,8492,8492,-6542.0
633.803,8493,8493,-6543.0
633.846,8494,8494,-6544.0
633.891,8495,8495,-6545.0
633.941,8496,8496,-6546.0
634.008,8497,8497,-6547.0
634.09,8498,8498,-6548.0
634.143,8499,8499,-6549.0
634.193,8500,8500,-6550.0
634.258,8501,8501,-6551.0
634.299,8502,8502,-6552.0
634.375,8503,8503,-6553.0
634.438,8504,8504,-6554.0
634.562,8505,8505,-6555.0
634.632,8506,8506,-6556.0
634.723,8507,8507,-6557.0
634.787,8508,8508,-6558.0
634.839,8509,8509,-6559.0
634.917,8510,8510,-6560.0
635.001,8511,8511,-6561.0
635.051,8512,8512,-6562.0
635.11,8513,8513,-6563.0
635.183,8514,8514,-6564.0
635.25,8515,8515,-6565.0
635.307,8516,8516,-6566.0
635.363,8517,8517,-6567.0
635.439,8518,8518,-6568.0
635.524,8519,8519,-6569.0
635.593,8520,8520,-6570.0
635.675,8521,8521,-6571.0
635.724,8522,8522,-6572.0
635.787,8523,8523,-6573.0
635.854,8524,8524,-6574.0
635.898,8525,8525,-6575.0
635.964,8526,8526,-6576.0
636.035,8527,8527,-6577.0
636.121,8528,8528,-6578.0
636.181,8529,8529,-6579.0
636.241,8530,8530,-6580.0
636.277,8531,8531,-6581.0
636.344,8532,8532,-6582.0
636.42,8533,8533,-6583.0
636.548,8534,8534,-6584.0
636.596,8535,8535,-6585.0
636.674,8536,8536,-6586.0
636.739,8537,8537,-6587.0
636.81,8538,8538,-6588.0
636.865,8539,8539,-6589.0
636.935,8540,8540,-6590.0
636.977,8541,8541,-6591.0
637.044,8542,8542,-6592.0
637.1,8543,8543,-6593.0
637.149,8544,8544,-6594.0
637.22,8545,8545,-6595.0
637.27,8546,8546,-6596.0
637.353,8547,8547,-6597.0
637.422,8548,8548,-6598.0
637.465,8549,8549,-6599.0
637.53,8550,8550,-6600.0
637.567,8551,8551,-6601.0
637.64,8552,8552,-6602.0
637.679,8553,8553,-6603.0
637.8,8554,8554,-6604.0
637.851,8555,8555,-6605.0
637.936,8556,8556,-6606.0
638.055,8557,8557,-6607.0
638.106,8558,8558,-6608.0
638.167,8559,8559,-6609.0
638.24,8560,8560,-6610.0
638.317,8561,8561,-6611.0
638.369,8562,8562,-6612.0
638.425,8563,8563,-6613.0
638.487,8564,8564,-6614.0
638.566,8565,8565,-6615.0
638.627,8566,8566,-6616.0
638.693,8567,8567,-6617.0
638.773,8568,8568,-6618.0
638.853,8569,8569,-6619.0
638.925,8570,8570,-6620.0
638.977,8571,8571,-6621.0
639.03,8572,8572,-6622.0
639.062,8573,8573,-6623.0
639.115,8574,8574,-6624.0
639.151,8575,8575,-6625.0
639.206,8576,8576,-6626.0
639.28,8577,8577,-6627.0
639.342,8578,8578,-6628.0
639.395,8579,8579,-6629.0
639.43,8580,8580,-6630.0
639.49,8581,8581,-6631.0
639.548,8582,8582,-6632.0
639.607,8583,8583,-6633.0
639.647,8584,8584,-6634.0
639.711,8585,8585,-6635.0
639.803,8586,8586,-6636.0
639.867,8587,8587,-6637.0
639.941,8588,8588,-6638.0
640.0,8589,8589,-6639.0
640.069,8590,8590,-6640.0
640.133,8591,8591,-6641.0
640.19,8592,8592,-6642.0
640.268,8593,8593,-6643.0
640.359,8594,8594,-6644.0
640.428,8595,8595,-6645.0
640.492,8596,8596,-6646.0
640.553,8597,8597,-6647.0
640.637,8598,8598,-6648.0
640.713,8599,8599,-6649.0
640.794,8600,8600,-6650.0
640.865,8601,8601,-6651.0
640.931,8602,8602,-6652.0
640.994,8603,8603,-6653.0
641.05,8604,8604,-6654.0
641.134,8605,8605,-6655.0
641.178,8606,8606,-6656.0
641.266,8607,8607,-6657.0
641.325,8608,8608,-6658.0
641.375,8609,8609,-6659.0
641.438,8610,8610,-6660.0
641.505,8611,8611,-6661.0
641.543,8612,8612,-6662.0
641.616,8613,8613,-6663.0
641.682,8614,8614,-6664.0
641.763,8615,8615,-6665.0
641.822,8616,8616,-6666.0
641.871,8617,8617,-6667.0
641.963,8618,8618,-6668.0
642.028,8619,8619,-6669.0
642.072,8620,8620,-6670.0
642.139,8621,8621,-6671.0
642.197,8622,8622,-6672.0
642.265,8623,8623,-6673.0
642.333,8624,8624,-6674.0
642.387,8625,8625,-6675.0
642.424,8626,8626,-6676.0
642.473,8627,8627,-6677.0
642.553,8628,8628,-6678.0
642.66,8629,8629,-6679.0
642.719,8630,8630,-6680.0
642.775,8631,8631,-6681.0
642.821,8632,8632,-6682.0
642.923,8633,8633,-6683.0
642.972,8634,8634,-6684.0
643.084,8635,8635,-6685.0
643.126,8636,8636,-6686.0
643.175,8637,8637,-6687.0
643.228,8638,8638,-6688.0
643.284,8639,8639,-6689.0
643.357,8640,8640,-6690.0
643.434,8641,8641,-6691.0
643.483,8642,8642,-6692.0
643.534,8643,8643,-6693.0
643.583,8644,8644,-6694.0
643.666,8645,8645,-6695.0
643.722,8646,8646,-6696.0
643.773,8647,8647,-6697.0
643.83,8648,8648,-6698.0
643.885,8649,8649,-6699.0
643.973,8650,8650,-6700.0
644.041,8651,8651,-6701.0
644.125,8652,8652,-6702.0
644.212,8653,8653,-6703.0
644.251,8654,8654,-6704.0
644.312,8655,8655,-6705.0
644.382,8656,8656,-6706.0
644.448,8657,8657,-6707.0
644.515,8658,8658,-6708.0
644.57,8659,8659,-6709.0
644.626,8660,8660,-6710.0
644.715,8661,8661,-6711.0
644.773,8662,8662,-6712.0
644.856,8663,8663,-6713.0
644.909,8664,8664,-6714.0
644.961,8665,8665,-6715.0
645.041,8666,8666,-6716.0
645.106,8667,8667,-6717.0
645.148,8668,8668,-6718.0
645.211,8669,8669,-6719.0
645.264,8670,8670,-6720.0
645.336,8671,8671,-6721.0
645.419,8672,8672,-6722.0
645.457,8673,8673,-6723.0
645.531,8674,8674,-6724.0
645.58,8675,8675,-6725.0
645.633,8676,8676,-6726.0
645.685,8677,8677,-6727.0
645.74,8678,8678,-6728.0
645.835,8679,8679,-6729.0
645.914,8680,8680,-6730.0
645.967,8681,8681,-6731.0
646.011,8682,8682,-6732.0
646.105,8683,8683,-6733.0
646.185,8684,8684,-6734.0
646.251,8685,8685,-6735.0
646.352,8686,8686,-6736.0
646.434,8687,8687,-6737.0
646.495,8688,8688,-6738.0
646.566,8689,8689,-6739.0
646.634,8690,8690,-6740.0
646.721,8691,8691,-6741.0
646.846,8692,8692,-6742.0
646.894,8693,8693,-6743.0
646.969,8694,8694,-6744.0
647.062,8695,8695,-6745.0
647.12,8696,8696,-6746.0
647.176,8697,8697,-6747.0
647.266,8698,8698,-6748.0
647.335,8699,8699,-6749.0
647.383,8700,8700,-6750.0
647.441,8701,8701,-6751.0
647.485,8702,8702,-6752.0
647.53,8703,8703,-6753.0
647.573,8704,8704,-6754.0
647.657,8705,8705,-6755.0
647.732,8706,8706,-6756.0
647.762,8707,8707,-6757.0
647.812,8708,8708,-6758.0
647.9,8709,8709,-6759.0
647.96,8710,8710,-6760.0
648.03,8711,8711,-6761.0
648.086,8712,8712,-6762.0
648.145,8713,8713,-6763.0
648.201,8714,8714,-6764.0
648.262,8715,8715,-6765.0
648.301,8716,8716,-6766.0
648.378,8717,8717,-6767.0
648.44,8718,8718,-6768.0
648.562,8719,8719,-6769.0
648.624,8720,8720,-6770.0
648.705,8721,8721,-6771.0
648.752,8722,8722,-6772.0
648.832,8723,8723,-6773.0
648.917,8724,8724,-6774.0
648.987,8725,8725,-6775.0
649.039,8726,8726,-6776.0
649.083,8727,8727,-6777.0
649.121,8728,8728,-6778.0
649.17,8729,8729,-6779.0
649.216,8730,8730,-6780.0
649.263,8731,8731,-6781.0
649.302,8732,8732,-6782.0
649.375,8733,8733,-6783.0
649.431,8734,8734,-6784.0
649.481,8735,8735,-6785.0
649.531,8736,8736,-6786.0
649.589,8737,8737,-6787.0
649.674,8738,8738,-6788.0
649.743,8739,8739,-6789.0
649.848,8740,8740,-6790.0
649.92,8741,8741,-6791.0
649.979,8742,8742,-6792.0
650.045,8743,8743,-6793.0
650.118,8744,8744,-6794.0
650.177,8745,8745,-6795.0
650.228,8746,8746,-6796.0
650.31,8747,8747,-6797.0
650.349,8748,8748,-6798.0
650.383,8749,8749,-6799.0
650.449,8750,8750,-6800.0
650.508,8751,8751,-6801.0
650.596,8752,8752,-6802.0
650.649,8753,8753,-6803.0
650.696,8754,8754,-6804.0
650.757,8755,8755,-6805.0
650.82,8756,8756,-6806.0
650.914,8757,8757,-6807.0
650.978,8758,8758,-6808.0
651.027,8759,8759,-6809.0
651.078,8760,8760,-6810.0
651.149,8761,8761,-6811.0
651.243,8762,8762,-6812.0
651.307,8763,8763,-6813.0
651.365,8764,8764,-6814.0
651.438,8765,8765,-6815.0
651.488,8766,8766,-6816.0
651.521,8767,8767,-6817.0
651.565,8768,8768,-6818.0
651.638,8769,8769,-6819.0
651.675,8770,8770,-6820.0
651.739,8771,8771,-6821.0
651.824,8772,8772,-6822.0
651.897,8773,8773,-6823.0
651.972,8774,8774,-6824.0
652.021,8775,8775,-6825.0
652.08,8776,8776,-6826.0
652.16,8777,8777,-6827.0
652.231,8778,8778,-6828.0
652.304,8779,8779,-6829.0
652.374,8780,8780,-6830.0
652.42,8781,8781,-6831.0
652.474,8782,8782,-6832.0
652.608,8783,8783,-6833.0
652.682,8784,8784,-6834.0
652.735,8785,8785,-6835.0
652.781,8786,8786,-6836.0
652.832,8787,8787,-6837.0
652.952,8788,8788,-6838.0
653.023,8789,8789,-6839.0
653.101,8790,8790,-6840.0
653.155,8791,8791,-6841.0
653.208,8792,8792,-6842.0
653.304,8793,8793,-6843.0
653.372,8794,8794,-6844.0
653.429,8795,8795,-6845.0
653.489,8796,8796,-6846.0
653.575,8797,8797,-6847.0
653.643,8798,8798,-6848.0
653.7,8799,8799,-6849.0
653.76,8800,8800,-6850.0
653.836,8801,8801,-6851.0
653.912,8802,8802,-6852.0
653.99,8803,8803,-6853.0
654.036,8804,8804,-6854.0
654.093,8805,8805,-6855.0
654.137,8806,8806,-6856.0
654.205,8807,8807,-6857.0
654.292,8808,8808,-6858.0
654.349,8809,8809,-6859.0
654.43,8810,8810,-6860.0
654.552,8811,8811,-6861.0
654.601,8812,8812,-6862.0
654.691,8813,8813,-6863.0
654.747,8814,8814,-6864.0
654.782,8815,8815,-6865.0
654.825,8816,8816,-6866.0
654.892,8817,8817,-6867.0
654.97,8818,8818,-6868.0
655.038,8819,8819,-6869.0
655.099,8820,8820,-6870.0
655.131,8821,8821,-6871.0
655.197,8822,8822,-6872.0
655.244,8823,8823,-6873.0
655.306,8824,8824,-6874.0
655.377,8825,8825,-6875.0
655.462,8826,8826,-6876.0
655.503,8827,8827,-6877.0
655.582,8828,8828,-6878.0
655.633,8829,8829,-6879.0
655.697,8830,8830,-6880.0
655.763,8831,8831,-6881.0
655.811,8832,8832,-6882.0
655.861,8833,8833,-6883.0
655.926,8834,8834,-6884.0
656.024,8835,8835,-6885.0
656.11,8836,8836,-6886.0
656.171,8837,8837,-6887.0
656.212,8838,8838,-6888.0
656.269,8839,8839,-6889.0
656.343,8840,8840,-6890.0
656.421,8841,8841,-6891.0
656.479,8842,8842,-6892.0
656.551,8843,8843,-6893.0
656.622,8844,8844,-6894.0
656.715,8845,8845,-6895.0
656.778,8846,8846,-6896.0
656.853,8847,8847,-6897.0
656.903,8848,8848,-6898.0
656.99,8849,8849,-6899.0
657.028,8850,8850,-6900.0
657.083,8851,8851,-6901.0
657.111,8852,8852,-6902.0
657.165,8853,8853,-6903.0
657.248,8854,8854,-6904.0
657.306,8855,8855,-6905.0
657.367,8856,8856,-6906.0
657.412,8857,8857,-6907.0
657.485,8858,8858,-6908.0
657.559,8859,8859,-6909.0
657.608,8860,8860,-6910.0
657.661,8861,8861,-6911.0
657.732,8862,8862,-6912.0
657.8,8863,8863,-6913.0
657.845,8864,8864,-6914.0
657.88,8865,8865,-6915.0
657.931,8866,8866,-6916.0
657.997,8867,8867,-6917.0
658.076,8868,8868,-6918.0
658.176,8869,8869,-6919.0
658.245,8870,8870,-6920.0
658.314,8871,8871,-6921.0
658.362,8872,8872,-6922.0
658.434,8873,8873,-6923.0
658.505,8874,8874,-6924.0
658.6,8875,8875,-6925.0
658.676,8876,8876,-6926.0
658.754,8877,8877,-6927.0
658.842,8878,8878,-6928.0
658.928,8879,8879,-6929.0
659.048,8880,8880,-6930.0
659.118,8881,8881,-6931.0
659.186,8882,8882,-6932.0
659.248,8883,8883,-6933.0
659.336,8884,8884,-6934.0
659.407,8885,8885,-6935.0
659.495,8886,8886,-6936.0
659.548,8887,8887,-6937.0
659.588,8888,8888,-6938.0
659.624,8889,8889,-6939.0
659.668,8890,8890,-6940.0
659.759,8891,8891,-6941.0
659.845,8892,8892,-6942.0
659.911,8893,8893,-6943.0
659.955,8894,8894,-6944.0
660.053,8895,8895,-6945.0
660.099,8896,8896,-6946.0
660.161,8897,8897,-6947.0
660.226,8898,8898,-6948.0
660.285,8899,8899,-6949.0
660.349,8900,8900,-6950.0
660.425,8901,8901,-6951.0
660.475,8902,8902,-6952.0
660.512,8903,8903,-6953.0
660.593,8904,8904,-6954.0
660.656,8905,8905,-6955.0
660.715,8906,8906,-6956.0
660.793,8907,8907,-6957.0
660.84,8908,8908,-6958.0
660.903,8909,8909,-6959.0
660.957,8910,8910,-6960.0
661.018,8911,8911,-6961.0
661.074,8912,8912,-6962.0
661.114,8913,8913,-6963.0
661.17,8914,8914,-6964.0
661.229,8915,8915,-6965.0
661.309,8916,8916,-6966.0
661.354,8917,8917,-6967.0
661.403,8918,8918,-6968.0
661.465,8919,8919,-6969.0
661.522,8920,8920,-6970.0
661.587,8921,8921,-6971.0
661.627,8922,8922,-6972.0
661.69,8923,8923,-6973.0
661.748,8924,8924,-6974.0
661.814,8925,8925,-6975.0
661.878,8926,8926,-6976.0
661.933,8927,8927,-6977.0
661.985,8928,8928,-6978.0
662.034,8929,8929,-6979.0
662.081,8930,8930,-6980.0
662.142,8931,8931,-6981.0
662.229,8932,8932,-6982.0
662.332,8933,8933,-6983.0
662.459,8934,8934,-6984.0
662.532,8935,8935,-6985.0
662.583,8936,8936,-6986.0
662.662,8937,8937,-6987.0
662.722,8938,8938,-6988.0
662.793,8939,8939,-6989.0
662.861,8940,8940,-6990.0
662.922,8941,8941,-6991.0
662.955,8942,8942,-6992.0
663.042,8943,8943,-6993.0
663.154,8944,8944,-6994.0
663.201,8945,8945,-6995.0
663.264,8946,8946,-6996.0
663.338,8947,8947,-6997.0
663.381,8948,8948,-6998.0
663.442,8949,8949,-6999.0
663.51,8950,8950,-7000.0
663.571,8951,8951,-7001.0
663.643,8952,8952,-7002.0
663.705,8953,8953,-7003.0
663.758,8954,8954,-7004.0
663.819,8955,8955,-7005.0
663.925,8956,8956,-7006.0
663.998,8957,8957,-7007.0
664.044,8958,8958,-7008.0
664.104,8959,8959,-7009.0
664.158,8960,8960,-7010.0
664.228,8961,8961,-7011.0
664.301,8962,8962,-7012.0
664.378,8963,8963,-7013.0
664.418,8964,8964,-7014.0
664.476,8965,8965,-7015.0
664.524,8966,8966,-7016.0
664.577,8967,8967,-7017.0
664.658,8968,8968,-7018.0
664.722,8969,8969,-7019.0
664.776,8970,8970,-7020.0
664.851,8971,8971,-7021.0
664.9,8972,8972,-7022.0
664.941,8973,8973,-7023.0
664.98,8974,8974,-7024.0
665.032,8975,8975,-7025.0
665.118,8976,8976,-7026.0
665.166,8977,8977,-7027.0
665.244,8978,8978,-7028.0
665.286,8979,8979,-7029.0
665.32,8980,8980,-7030.0
665.361,8981,8981,-7031.0
665.418,8982,8982,-7032.0
665.486,8983,8983,-7033.0
665.549,8984,8984,-7034.0
665.586,8985,8985,-7035.0
665.671,8986,8986,-7036.0
665.715,8987,8987,-7037.0
665.823,8988,8988,-7038.0
665.894,8989,8989,-7039.0
665.934,8990,8990,-7040.0
665.97,8991,8991,-7041.0
666.034,8992,8992,-7042.0
666.101,8993,8993,-7043.0
666.137,8994,8994,-7044.0
666.236,8995,8995,-7045.0
666.289,8996,8996,-7046.0
666.351,8997,8997,-7047.0
666.406,8998,8998,-7048.0
666.481,8999,8999,-7049.0
666.552,9000,9000,-7050.0
666.609,9001,9001,-7051.0
666.658,9002,9002,-7052.0
666.728,9003,9003,-7053.0
666.781,9004,9004,-7054.0
666.848,9005,9005,-7055.0
666.899,9006,9006,-7056.0
666.974,9007,9007,-7057.0
667.039,9008,9008,-7058.0
667.151,9009,9009,-7059.0
667.201,9010,9010,-7060.0
667.264,9011,9011,-7061.0
667.323,9012,9012,-7062.0
667.366,9013,9013,-7063.0
667.407,9014,9014,-7064.0
667.448,9015,9015,-7065.0
667.516,9016,9016,-7066.0
667.562,9017,9017,-7067.0
667.615,9018,9018,-7068.0
667.676,9019,9019,-7069.0
667.75,9020,9020,-7070.0
667.804,9021,9021,-7071.0
667.894,9022,9022,-7072.0
667.974,9023,9023,-7073.0
668.087,9024,9024,-7074.0
668.16,9025,9025,-7075.0
668.195,9026,9026,-7076.0
668.235,9027,9027,-7077.0
668.288,9028,9028,-7078.0
668.344,9029,9029,-7079.0
668.398,9030,9030,-7080.0
668.47,9031,9031,-7081.0
668.593,9032,9032,-7082.0
668.665,9033,9033,-7083.0
668.733,9034,9034,-7084.0
668.769,9035,9035,-7085.0
668.832,9036,9036,-7086.0
668.876,9037,9037,-7087.0
668.919,9038,9038,-7088.0
668.985,9039,9039,-7089.0
669.02,9040,9040,-7090.0
669.08,9041,9041,-7091.0
669.139,9042,9042,-7092.0
669.189,9043,9043,-7093.0
669.24,9044,9044,-7094.0
669.317,9045,9045,-7095.0
669.378,9046,9046,-7096.0
669.451,9047,9047,-7097.0
669.521,9048,9048,-7098.0
669.586,9049,9049,-7099.0
669.645,9050,9050,-7100.0
669.708,9051,9051,-7101.0
669.77,9052,9052,-7102.0
669.831,9053,9053,-7103.0
669.892,9054,9054,-7104.0
669.933,9055,9055,-7105.0
669.972,9056,9056,-7106.0
670.021,9057,9057,-7107.0
670.079,9058,9058,-7108.0
670.14,9059,9059,-7109.0
670.192,9060,9060,-7110.0
670.259,9061,9061,-7111.0
670.32,9062,9062,-7112.0
670.367,9063,9063,-7113.0
670.413,9064,9064,-7114.0
670.447,9065,9065,-7115.0
670.506,9066,9066,-7116.0
670.564,9067,9067,-7117.0
670.618,9068,9068,-7118.0
670.697,9069,9069,-7119.0
670.74,9070,9070,-7120.0
670.782,9071,9071,-7121.0
670.841,9072,9072,-7122.0
670.912,9073,9073,-7123.0
670.96,9074,9074,-7124.0
671.036,9075,9075,-7125.0
671.098,9076,9076,-7126.0
671.158,9077,9077,-7127.0
671.225,9078,9078,-7128.0
671.272,9079,9079,-7129.0
671.346,9080,9080,-7130.0
671.416,9081,9081,-7131.0
671.477,9082,9082,-7132.0
671.529,9083,9083,-7133.0
671.594,9084,9084,-7134.0
671.65,9085,9085,-7135.0
671.722,9086,9086,-7136.0
671.783,9087,9087,-7137.0
671.822,9088,9088,-7138.0
671.865,9089,9089,-7139.0
671.912,9090,9090,-7140.0
671.97,9091,9091,-7141.0
672.034,9092,9092,-7142.0
672.082,9093,9093,-7143.0
672.158,9094,9094,-7144.0
672.253,9095,9095,-7145.0
672.346,9096,9096,-7146.0
672.392,9097,9097,-7147.0
672.465,9098,9098,-7148.0
672.536,9099,9099,-7149.0
672.61,9100,9100,-7150.0
672.67,9101,9101,-7151.0
672.705,9102,9102,-7152.0
672.758,9103,9103,-7153.0
672.812,9104,9104,-7154.0
672.866,9105,9105,-7155.0
672.936,9106,9106,-7156.0
672.972,9107,9107,-7157.0
673.009,9108,9108,-7158.0
673.053,9109,9109,-7159.0
673.112,9110,9110,-7160.0
673.153,9111,9111,-7161.0
673.207,9112,9112,-7162.0
673.249,9113,9113,-7163.0
673.32,9114,9114,-7164.0
673.385,9115,9115,-7165.0
673.423,9116,9116,-7166.0
673.498,9117,9117,-7167.0
673.551,9118,9118,-7168.0
673.588,9119,9119,-7169.0
673.615,9120,9120,-7170.0
673.688,9121,9121,-7171.0
673.776,9122,9122,-7172.0
673.835,9123,9123,-7173.0
673.866,9124,9124,-7174.0
673.923,9125,9125,-7175.0
673.996,9126,9126,-7176.0
674.044,9127,9127,-7177.0
674.12,9128,9128,-7178.0
674.171,9129,9129,-7179.0
674.215,9130,9130,-7180.0
674.247,9131,9131,-7181.0
674.296,9132,9132,-7182.0
674.345,9133,9133,-7183.0
674.399,9134,9134,-7184.0
674.512,9135,9135,-7185.0
674.565,9136,9136,-7186.0
674.609,9137,9137,-7187.0
674.663,9138,9138,-7188.0
674.719,9139,9139,-7189.0
674.769,9140,9140,-7190.0
674.812,9141,9141,-7191.0
674.847,9142,9142,-7192.0
674.927,9143,9143,-7193.0
674.983,9144,9144,-7194.0
675.066,9145,9145,-7195.0
675.108,9146,9146,-7196.0
675.147,9147,9147,-7197.0
675.218,9148,9148,-7198.0
675.311,9149,9149,-7199.0
675.354,9150,9150,-7200.0
675.409,9151,9151,-7201.0
675.468,9152,9152,-7202.0
675.543,9153,9153,-7203.0
675.605,9154,9154,-7204.0
675.666,9155,9155,-7205.0
675.73,9156,9156,-7206.0
675.778,9157,9157,-7207.0
675.83,9158,9158,-7208.0
675.908,9159,9159,-7209.0
675.962,9160,9160,-7210.0
676.028,9161,9161,-7211.0
676.06,9162,9162,-7212.0
676.126,9163,9163,-7213.0
676.197,9164,9164,-7214.0
676.249,9165,9165,-7215.0
676.299,9166,9166,-7216.0
676.371,9167,9167,-7217.0
676.444,9168,9168,-7218.0
676.517,9169,9169,-7219.0
676.59,9170,9170,-7220.0
676.617,9171,9171,-7221.0
676.671,9172,9172,-7222.0
676.734,9173,9173,-7223.0
676.786,9174,9174,-7224.0
676.82,9175,9175,-7225.0
676.878,9176,9176,-7226.0
676.916,9177,9177,-7227.0
676.967,9178,9178,-7228.0
677.015,9179,9179,-7229.0
677.076,9180,9180,-7230.0
677.142,9181,9181,-7231.0
677.187,9182,9182,-7232.0
677.228,9183,9183,-7233.0
677.292,9184,9184,-7234.0
677.388,9185,9185,-7235.0
677.432,9186,9186,-7236.0
677.498,9187,9187,-7237.0
677.552,9188,9188,-7238.0
677.593,9189,9189,-7239.0
677.664,9190,9190,-7240.0
677.735,9191,9191,-7241.0
677.811,9192,9192,-7242.0
677.894,9193,9193,-7243.0
677.994,9194,9194,-7244.0
678.057,9195,9195,-7245.0
678.116,9196,9196,-7246.0
678.15,9197,9197,-7247.0
678.239,9198,9198,-7248.0
678.324,9199,9199,-7249.0
678.362,9200,9200,-7250.0
678.403,9201,9201,-7251.0
678.462,9202,9202,-7252.0
678.533,9203,9203,-7253.0
678.579,9204,9204,-7254.0
678.633,9205,9205,-7255.0
678.682,9206,9206,-7256.0
678.719,9207,9207,-7257.0
678.812,9208,9208,-7258.0
678.879,9209,9209,-7259.0
678.925,9210,9210,-7260.0
678.963,9211,9211,-7261.0
679.011,9212,9212,-7262.0
679.076,9213,9213,-7263.0
679.108,9214,9214,-7264.0
679.153,9215,9215,-7265.0
679.219,9216,9216,-7266.0
679.29,9217,9217,-7267.0
679.341,9218,9218,-7268.0
679.376,9219,9219,-7269.0
679.449,9220,9220,-7270.0
679.496,9221,9221,-7271.0
679.54,9222,9222,-7272.0
679.623,9223,9223,-7273.0
679.692,9224,9224,-7274.0
679.745,9225,9225,-7275.0
679.78,9226,9226,-7276.0
679.831,9227,9227,-7277.0
679.87,9228,9228,-7278.0
679.922,9229,9229,-7279.0
679.976,9230,9230,-7280.0
680.054,9231,9231,-7281.0
680.12,9232,9232,-7282.0
680.167,9233,9233,-7283.0
680.233,9234,9234,-7284.0
680.307,9235,9235,-7285.0
680.387,9236,9236,-7286.0
680.444,9237,9237,-7287.0
680.481,9238,9238,-7288.0
680.52,9239,9239,-7289.0
680.571,9240,9240,-7290.0
680.634,9241,9241,-7291.0
680.706,9242,9242,-7292.0
680.776,9243,9243,-7293.0
680.838,9244,9244,-7294.0
680.953,9245,9245,-7295.0
680.999,9246,9246,-7296.0
681.055,9247,9247,-7297.0
681.105,9248,9248,-7298.0
681.187,9249,9249,-7299.0
681.274,9250,9250,-7300.0
681.307,9251,9251,-7301.0
681.362,9252,9252,-7302.0
681.394,9253,9253,-7303.0
681.448,9254,9254,-7304.0
681.513,9255,9255,-7305.0
681.584,9256,9256,-7306.0
681.655,9257,9257,-7307.0
681.731,9258,9258,-7308.0
681.797,9259,9259,-7309.0
681.836,9260,9260,-7310.0
681.885,9261,9261,-7311.0
681.972,9262,9262,-7312.0
682.022,9263,9263,-7313.0
682.073,9264,9264,-7314.0
682.11,9265,9265,-7315.0
682.152,9266,9266,-7316.0
682.218,9267,9267,-7317.0
682.261,9268,9268,-7318.0
682.318,9269,9269,-7319.0
682.384,9270,9270,-7320.0
682.443,9271,9271,-7321.0
682.49,9272,9272,-7322.0
682.524,9273,9273,-7323.0
682.622,9274,9274,-7324.0
682.697,9275,9275,-7325.0
682.746,9276,9276,-7326.0
682.844,9277,9277,-7327.0
682.889,9278,9278,-7328.0
682.93,9279,9279,-7329.0
683.006,9280,9280,-7330.0
683.074,9281,9281,-7331.0
683.14,9282,9282,-7332.0
683.23,9283,9283,-7333.0
683.318,9284,9284,-7334.0
683.357,9285,9285,-7335.0
683.435,9286,9286,-7336.0
683.486,9287,9287,-7337.0
683.54,9288,9288,-7338.0
683.601,9289,9289,-7339.0
683.669,9290,9290,-7340.0
683.728,9291,9291,-7341.0
683.776,9292,9292,-7342.0
683.829,9293,9293,-7343.0
683.893,9294,9294,-7344.0
683.974,9295,9295,-7345.0
684.016,9296,9296,-7346.0
684.108,9297,9297,-7347.0
684.15,9298,9298,-7348.0
684.207,9299,9299,-7349.0
684.256,9300,9300,-7350.0
684.317,9301,9301,-7351.0
684.373,9302,9302,-7352.0
684.421,9303,9303,-7353.0
684.466,9304,9304,-7354.0
684.514,9305,9305,-7355.0
684.592,9306,9306,-7356.0
684.663,9307,9307,-7357.0
684.712,9308,9308,-7358.0
684.783,9309,9309,-7359.0
684.874,9310,9310,-7360.0
684.947,9311,9311,-7361.0
684.991,9312,9312,-7362.0
685.03,9313,9313,-7363.0
685.078,9314,9314,-7364.0
685.136,9315,9315,-7365.0
685.222,9316,9316,-7366.0
685.259,9317,9317,-7367.0
685.312,9318,9318,-7368.0
685.356,9319,9319,-7369.0
685.393,9320,9320,-7370.0
685.468,9321,9321,-7371.0
685.559,9322,9322,-7372.0
685.603,9323,9323,-7373.0
685.649,9324,9324,-7374.0
685.73,9325,9325,-7375.0
685.787,9326,9326,-7376.0
685.85,9327,9327,-7377.0
685.892,9328,9328,-7378.0
685.948,9329,9329,-7379.0
685.997,9330,9330,-7380.0
686.057,9331,9331,-7381.0
686.099,9332,9332,-7382.0
686.182,9333,9333,-7383.0
686.231,9334,9334,-7384.0
686.286,9335,9335,-7385.0
686.363,9336,9336,-7386.0
686.418,9337,9337,-7387.0
686.448,9338,9338,-7388.0
686.521,9339,9339,-7389.0
686.598,9340,9340,-7390.0
686.662,9341,9341,-7391.0
686.701,9342,9342,-7392.0
686.753,9343,9343,-7393.0
686.825,9344,9344,-7394.0
686.857,9345,9345,-7395.0
686.913,9346,9346,-7396.0
686.977,9347,9347,-7397.0
687.019,9348,9348,-7398.0
687.086,9349,9349,-7399.0
687.135,9350,9350,-7400.0
687.188,9351,9351,-7401.0
687.257,9352,9352,-7402.0
687.291,9353,9353,-7403.0
687.345,9354,9354,-7404.0
687.392,9355,9355,-7405.0
687.452,9356,9356,-7406.0
687.523,9357,9357,-7407.0
687.623,9358,9358,-7408.0
687.714,9359,9359,-7409.0
687.765,9360,9360,-7410.0
687.829,9361,9361,-7411.0
687.874,9362,9362,-7412.0
687.916,9363,9363,-7413.0
687.954,9364,9364,-7414.0
688.008,9365,9365,-7415.0
688.119,9366,9366,-7416.0
688.16,9367,9367,-7417.0
688.208,9368,9368,-7418.0
688.262,9369,9369,-7419.0
688.305,9370,9370,-7420.0
688.37,9371,9371,-7421.0
688.421,9372,9372,-7422.0
688.452,9373,9373,-7423.0
688.527,9374,9374,-7424.0
688.581,9375,9375,-7425.0
688.633,9376,9376,-7426.0
688.687,9377,9377,-7427.0
688.749,9378,9378,-7428.0
688.796,9379,9379,-7429.0
688.837,9380,9380,-7430.0
688.897,9381,9381,-7431.0
688.954,9382,9382,-7432.0
689.029,9383,9383,-7433.0
689.085,9384,9384,-7434.0
689.166,9385,9385,-7435.0
689.202,9386,9386,-7436.0
689.243,9387,9387,-7437.0
689.285,9388,9388,-7438.0
689.335,9389,9389,-7439.0
689.4,9390,9390,-7440.0
689.46,9391,9391,-7441.0
689.504,9392,9392,-7442.0
689.582,9393,9393,-7443.0
689.638,9394,9394,-7444.0
689.698,9395,9395,-7445.0
689.756,9396,9396,-7446.0
689.799,9397,9397,-7447.0
689.871,9398,9398,-7448.0
689.914,9399,9399,-7449.0
689.969,9400,9400,-7450.0
690.01,9401,9401,-7451.0
690.056,9402,9402,-7452.0
690.118,9403,9403,-7453.0
690.169,9404,9404,-7454.0
690.195,9405,9405,-7455.0
690.243,9406,9406,-7456.0
690.299,9407,9407,-7457.0
690.338,9408,9408,-7458.0
690.4,9409,9409,-7459.0
690.455,9410,9410,-7460.0
690.525,9411,9411,-7461.0
690.578,9412,9412,-7462.0
690.682,9413,9413,-7463.0
690.735,9414,9414,-7464.0
690.779,9415,9415,-7465.0
690.844,9416,9416,-7466.0
690.902,9417,9417,-7467.0
690.955,9418,9418,-7468.0
691.001,9419,9419,-7469.0
691.037,9420,9420,-7470.0
691.073,9421,9421,-7471.0
691.141,9422,9422,-7472.0
691.197,9423,9423,-7473.0
691.279,9424,9424,-7474.0
691.327,9425,9425,-7475.0
691.417,9426,9426,-7476.0
691.477,9427,9427,-7477.0
691.516,9428,9428,-7478.0
691.581,9429,9429,-7479.0
691.62,9430,9430,-7480.0
691.66,9431,9431,-7481.0
691.699,9432,9432,-7482.0
691.762,9433,9433,-7483.0
691.802,9434,9434,-7484.0
691.843,9435,9435,-7485.0
691.915,9436,9436,-7486.0
691.974,9437,9437,-7487.0
692.034,9438,9438,-7488.0
692.098,9439,9439,-7489.0
692.132,9440,9440,-7490.0
692.179,9441,9441,-7491.0
692.253,9442,9442,-7492.0
692.308,9443,9443,-7493.0
692.349,9444,9444,-7494.0
692.408,9445,9445,-7495.0
692.49,9446,9446,-7496.0
692.57,9447,9447,-7497.0
692.615,9448,9448,-7498.0
692.661,9449,9449,-7499.0
692.727,9450,9450,-7500.0
692.792,9451,9451,-7501.0
692.832,9452,9452,-7502.0
692.872,9453,9453,-7503.0
692.922,9454,9454,-7504.0
692.975,9455,9455,-7505.0
693.016,9456,9456,-7506.0
693.072,9457,9457,-7507.0
693.133,9458,9458,-7508.0
693.183,9459,9459,-7509.0
693.234,9460,9460,-7510.0
693.278,9461,9461,-7511.0
693.354,9462,9462,-7512.0
693.402,9463,9463,-7513.0
693.442,9464,9464,-7514.0
693.509,9465,9465,-7515.0
693.563,9466,9466,-7516.0
693.606,9467,9467,-7517.0
693.699,9468,9468,-7518.0
693.762,9469,9469,-7519.0
693.824,9470,9470,-7520.0
693.907,9471,9471,-7521.0
693.972,9472,9472,-7522.0
694.014,9473,9473,-7523.0
694.091,9474,9474,-7524.0
694.181,9475,9475,-7525.0
694.234,9476,9476,-7526.0
694.29,9477,9477,-7527.0
694.36,9478,9478,-7528.0
694.416,9479,9479,-7529.0
694.495,9480,9480,-7530.0
694.532,9481,9481,-7531.0
694.592,9482,9482,-7532.0
694.662,9483,9483,-7533.0
694.72,9484,9484,-7534.0
694.774,9485,9485,-7535.0
694.856,9486,9486,-7536.0
694.907,9487,9487,-7537.0
694.969,9488,9488,-7538.0
695.028,9489,9489,-7539.0
695.064,9490,9490,-7540.0
695.1,9491,9491,-7541.0
695.146,9492,9492,-7542.0
695.209,9493,9493,-7543.0
695.241,9494,9494,-7544.0
695.298,9495,9495,-7545.0
695.33,9496,9496,-7546.0
695.381,9497,9497,-7547.0
695.436,9498,9498,-7548.0
695.499,9499,9499,-7549.0
695.542,9500,9500,-7550.0
695.59,9501,9501,-7551.0
695.622,9502,9502,-7552.0
695.658,9503,9503,-7553.0
695.736,9504,9504,-7554.0
695.774,9505,9505,-7555.0
695.811,9506,9506,-7556.0
695.877,9507,9507,-7557.0
695.935,9508,9508,-7558.0
695.985,9509,9509,-7559.0
696.042,9510,9510,-7560.0
696.105,9511,9511,-7561.0
696.143,9512,9512,-7562.0
696.201,9513,9513,-7563.0
696.252,9514,9514,-7564.0
696.351,9515,9515,-7565.0
696.408,9516,9516,-7566.0
696.485,9517,9517,-7567.0
696.528,9518,9518,-7568.0
696.601,9519,9519,-7569.0
696.657,9520,9520,-7570.0
696.7,9521,9521,-7571.0
696.759,9522,9522,-7572.0
696.819,9523,9523,-7573.0
696.887,9524,9524,-7574.0
696.958,9525,9525,-7575.0
697.009,9526,9526,-7576.0
697.052,9527,9527,-7577.0
697.081,9528,9528,-7578.0
697.128,9529,9529,-7579.0
697.18,9530,9530,-7580.0
697.273,9531,9531,-7581.0
697.332,9532,9532,-7582.0
697.4,9533,9533,-7583.0
697.473,9534,9534,-7584.0
697.536,9535,9535,-7585.0
697.606,9536,9536,-7586.0
697.665,9537,9537,-7587.0
697.714,9538,9538,-7588.0
697.775,9539,9539,-7589.0
697.841,9540,9540,-7590.0
697.929,9541,9541,-7591.0
697.987,9542,9542,-7592.0
698.038,9543,9543,-7593.0
698.074,9544,9544,-7594.0
698.126,9545,9545,-7595.0
698.162,9546,9546,-7596.0
698.229,9547,9547,-7597.0
698.279,9548,9548,-7598.0
698.329,9549,9549,-7599.0
698.392,9550,9550,-7600.0
698.483,9551,9551,-7601.0
698.535,9552,9552,-7602.0
698.586,9553,9553,-7603.0
698.645,9554,9554,-7604.0
698.718,9555,9555,-7605.0
698.77,9556,9556,-7606.0
698.813,9557,9557,-7607.0
698.841,9558,9558,-7608.0
698.887,9559,9559,-7609.0
698.948,9560,9560,-7610.0
699.009,9561,9561,-7611.0
699.061,9562,9562,-7612.0
699.102,9563,9563,-7613.0
699.149,9564,9564,-7614.0
699.217,9565,9565,-7615.0
699.268,9566,9566,-7616.0
699.308,9567,9567,-7617.0
699.356,9568,9568,-7618.0
699.406,9569,9569,-7619.0
699.444,9570,9570,-7620.0
699.508,9571,9571,-7621.0
699.588,9572,9572,-7622.0
699.649,9573,9573,-7623.0
699.684,9574,9574,-7624.0
699.74,9575,9575,-7625.0
699.769,9576,9576,-7626.0
699.811,9577,9577,-7627.0
699.867,9578,9578,-7628.0
699.935,9579,9579,-7629.0
699.996,9580,9580,-7630.0
700.058,9581,9581,-7631.0
700.092,9582,9582,-7632.0
700.143,9583,9583,-7633.0
700.194,9584,9584,-7634.0
700.26,9585,9585,-7635.0
700.302,9586,9586,-7636.0
700.358,9587,9587,-7637.0
700.408,9588,9588,-7638.0
700.462,9589,9589,-7639.0
700.503,9590,9590,-7640.0
700.56,9591,9591,-7641.0
700.657,9592,9592,-7642.0
700.719,9593,9593,-7643.0
700.758,9594,9594,-7644.0
700.824,9595,9595,-7645.0
700.871,9596,9596,-7646.0
700.9,9597,9597,-7647.0
700.963,9598,9598,-7648.0
701.042,9599,9599,-7649.0
701.083,9600,9600,-7650.0
701.147,9601,9601,-7651.0
701.225,9602,9602,-7652.0
701.298,9603,9603,-7653.0
701.34,9604,9604,-7654.0
701.401,9605,9605,-7655.0
701.44,9606,9606,-7656.0
701.47,9607,9607,-7657.0
701.497,9608,9608,-7658.0
701.556,9609,9609,-7659.0
701.632,9610,9610,-7660.0
701.685,9611,9611,-7661.0
701.744,9612,9612,-7662.0
701.825,9613,9613,-7663.0
701.882,9614,9614,-7664.0
701.935,9615,9615,-7665.0
701.999,9616,9616,-7666.0
702.04,9617,9617,-7667.0
702.073,9618,9618,-7668.0
702.131,9619,9619,-7669.0
702.18,9620,9620,-7670.0
702.258,9621,9621,-7671.0
702.307,9622,9622,-7672.0
702.351,9623,9623,-7673.0
702.412,9624,9624,-7674.0
702.486,9625,9625,-7675.0
702.542,9626,9626,-7676.0
702.606,9627,9627,-7677.0
702.665,9628,9628,-7678.0
702.717,9629,9629,-7679.0
702.765,9630,9630,-7680.0
702.828,9631,9631,-7681.0
702.88,9632,9632,-7682.0
702.945,9633,9633,-7683.0
702.983,9634,9634,-7684.0
703.041,9635,9635,-7685.0
703.071,9636,9636,-7686.0
703.103,9637,9637,-7687.0
703.151,9638,9638,-7688.0
703.213,9639,9639,-7689.0
703.261,9640,9640,-7690.0
703.301,9641,9641,-7691.0
703.352,9642,9642,-7692.0
703.404,9643,9643,-7693.0
703.47,9644,9644,-7694.0
703.514,9645,9645,-7695.0
703.553,9646,9646,-7696.0
703.605,9647,9647,-7697.0
703.69,9648,9648,-7698.0
703.734,9649,9649,-7699.0
703.778,9650,9650,-7700.0
703.83,9651,9651,-7701.0
703.912,9652,9652,-7702.0
703.967,9653,9653,-7703.0
704.03,9654,9654,-7704.0
704.073,9655,9655,-7705.0
704.129,9656,9656,-7706.0
704.178,9657,9657,-7707.0
704.244,9658,9658,-7708.0
704.287,9659,9659,-7709.0
704.328,9660,9660,-7710.0
704.382,9661,9661,-7711.0
704.444,9662,9662,-7712.0
704.488,9663,9663,-7713.0
704.561,9664,9664,-7714.0
704.605,9665,9665,-7715.0
704.676,9666,9666,-7716.0
704.72,9667,9667,-7717.0
704.768,9668,9668,-7718.0
704.827,9669,9669,-7719.0
704.9,9670,9670,-7720.0
704.976,9671,9671,-7721.0
705.037,9672,9672,-7722.0
705.098,9673,9673,-7723.0
705.145,9674,9674,-7724.0
705.215,9675,9675,-7725.0
705.249,9676,9676,-7726.0
705.32,9677,9677,-7727.0
705.364,9678,9678,-7728.0
705.449,9679,9679,-7729.0
705.5,9680,9680,-7730.0
705.591,9681,9681,-7731.0
705.655,9682,9682,-7732.0
705.713,9683,9683,-7733.0
705.776,9684,9684,-7734.0
705.817,9685,9685,-7735.0
705.866,9686,9686,-7736.0
705.924,9687,9687,-7737.0
705.97,9688,9688,-7738.0
706.016,9689,9689,-7739.0
706.056,9690,9690,-7740.0
706.109,9691,9691,-7741.0
706.158,9692,9692,-7742.0
706.206,9693,9693,-7743.0
706.24,9694,9694,-7744.0
706.306,9695,9695,-7745.0
706.359,9696,9696,-7746.0
706.427,9697,9697,-7747.0
706.48,9698,9698,-7748.0
706.534,9699,9699,-7749.0
706.589,9700,9700,-7750.0
706.636,9701,9701,-7751.0
706.68,9702,9702,-7752.0
706.731,9703,9703,-7753.0
706.776,9704,9704,-7754.0
706.808,9705,9705,-7755.0
706.856,9706,9706,-7756.0
706.908,9707,9707,-7757.0
706.956,9708,9708,-7758.0
707.002,9709,9709,-7759.0
707.05,9710,9710,-7760.0
707.089,9711,9711,-7761.0
707.16,9712,9712,-7762.0
707.234,9713,9713,-7763.0
707.302,9714,9714,-7764.0
707.339,9715,9715,-7765.0
707.392,9716,9716,-7766.0
707.465,9717,9717,-7767.0
707.51,9718,9718,-7768.0
707.544,9719,9719,-7769.0
707.578,9720,9720,-7770.0
707.646,9721,9721,-7771.0
707.69,9722,9722,-7772.0
707.734,9723,9723,-7773.0
707.798,9724,9724,-7774.0
707.878,9725,9725,-7775.0
707.923,9726,9726,-7776.0
707.956,9727,9727,-7777.0
708.016,9728,9728,-7778.0
708.043,9729,9729,-7779.0
708.106,9730,9730,-7780.0
708.135,9731,9731,-7781.0
708.174,9732,9732,-7782.0
708.227,9733,9733,-7783.0
708.268,9734,9734,-7784.0
708.308,9735,9735,-7785.0
708.37,9736,9736,-7786.0
708.42,9737,9737,-7787.0
708.478,9738,9738,-7788.0
708.53,9739,9739,-7789.0
708.581,9740,9740,-7790.0
708.657,9741,9741,-7791.0
708.715,9742,9742,-7792.0
708.773,9743,9743,-7793.0
708.82,9744,9744,-7794.0
708.91,9745,9745,-7795.0
708.955,9746,9746,-7796.0
709.036,9747,9747,-7797.0
709.11,9748,9748,-7798.0
709.177,9749,9749,-7799.0
709.235,9750,9750,-7800.0
709.285,9751,9751,-7801.0
709.333,9752,9752,-7802.0
709.395,9753,9753,-7803.0
709.441,9754,9754,-7804.0
709.511,9755,9755,-7805.0
709.575,9756,9756,-7806.0
709.63,9757,9757,-7807.0
709.674,9758,9758,-7808.0
709.721,9759,9759,-7809.0
709.801,9760,9760,-7810.0
709.854,9761,9761,-7811.0
709.914,9762,9762,-7812.0
709.948,9763,9763,-7813.0
709.997,9764,9764,-7814.0
710.068,9765,9765,-7815.0
710.096,9766,9766,-7816.0
710.131,9767,9767,-7817.0
710.169,9768,9768,-7818.0
710.208,9769,9769,-7819.0
710.262,9770,9770,-7820.0
710.338,9771,9771,-7821.0
710.404,9772,9772,-7822.0
710.498,9773,9773,-7823.0
710.537,9774,9774,-7824.0
710.596,9775,9775,-7825.0
710.639,9776,9776,-7826.0
710.698,9777,9777,-7827.0
710.746,9778,9778,-7828.0
710.804,9779,9779,-7829.0
710.848,9780,9780,-7830.0
710.88,9781,9781,-7831.0
710.941,9782,9782,-7832.0
711.004,9783,9783,-7833.0
711.057,9784,9784,-7834.0
711.14,9785,9785,-7835.0
711.2,9786,9786,-7836.0
711.252,9787,9787,-7837.0
711.307,9788,9788,-7838.0
711.386,9789,9789,-7839.0
711.446,9790,9790,-7840.0
711.5,9791,9791,-7841.0
711.546,9792,9792,-7842.0
711.599,9793,9793,-7843.0
711.648,9794,9794,-7844.0
711.698,9795,9795,-7845.0
711.764,9796,9796,-7846.0
711.826,9797,9797,-7847.0
711.885,9798,9798,-7848.0
711.929,9799,9799,-7849.0
711.999,9800,9800,-7850.0
712.048,9801,9801,-7851.0
712.098,9802,9802,-7852.0
712.15,9803,9803,-7853.0
712.208,9804,9804,-7854.0
712.249,9805,9805,-7855.0
712.307,9806,9806,-7856.0
712.348,9807,9807,-7857.0
712.38,9808,9808,-7858.0
712.423,9809,9809,-7859.0
712.465,9810,9810,-7860.0
712.521,9811,9811,-7861.0
712.563,9812,9812,-7862.0
712.611,9813,9813,-7863.0
712.66,9814,9814,-7864.0
712.73,9815,9815,-7865.0
712.764,9816,9816,-7866.0
712.817,9817,9817,-7867.0
712.859,9818,9818,-7868.0
712.911,9819,9819,-7869.0
712.95,9820,9820,-7870.0
712.984,9821,9821,-7871.0
713.033,9822,9822,-7872.0
713.098,9823,9823,-7873.0
713.155,9824,9824,-7874.0
713.205,9825,9825,-7875.0
713.251,9826,9826,-7876.0
713.291,9827,9827,-7877.0
713.326,9828,9828,-7878.0
713.388,9829,9829,-7879.0
713.441,9830,9830,-7880.0
713.482,9831,9831,-7881.0
713.534,9832,9832,-7882.0
713.571,9833,9833,-7883.0
713.646,9834,9834,-7884.0
713.699,9835,9835,-7885.0
713.741,9836,9836,-7886.0
713.778,9837,9837,-7887.0
713.821,9838,9838,-7888.0
713.878,9839,9839,-7889.0
713.931,9840,9840,-7890.0
713.992,9841,9841,-7891.0
714.041,9842,9842,-7892.0
714.092,9843,9843,-7893.0
714.151,9844,9844,-7894.0
714.212,9845,9845,-7895.0
714.267,9846,9846,-7896.0
714.32,9847,9847,-7897.0
714.355,9848,9848,-7898.0
714.404,9849,9849,-7899.0
714.463,9850,9850,-7900.0
714.515,9851,9851,-7901.0
714.552,9852,9852,-7902.0
714.605,9853,9853,-7903.0
714.645,9854,9854,-7904.0
714.726,9855,9855,-7905.0
714.824,9856,9856,-7906.0
714.881,9857,9857,-7907.0
714.917,9858,9858,-7908.0
714.964,9859,9859,-7909.0
715.021,9860,9860,-7910.0
715.065,9861,9861,-7911.0
715.11,9862,9862,-7912.0
715.142,9863,9863,-7913.0
715.191,9864,9864,-7914.0
715.247,9865,9865,-7915.0
715.291,9866,9866,-7916.0
715.355,9867,9867,-7917.0
715.427,9868,9868,-7918.0
715.484,9869,9869,-7919.0
715.516,9870,9870,-7920.0
715.555,9871,9871,-7921.0
715.588,9872,9872,-7922.0
715.662,9873,9873,-7923.0
715.723,9874,9874,-7924.0
715.805,9875,9875,-7925.0
715.863,9876,9876,-7926.0
715.939,9877,9877,-7927.0
715.991,9878,9878,-7928.0
716.047,9879,9879,-7929.0
716.086,9880,9880,-7930.0
716.144,9881,9881,-7931.0
716.185,9882,9882,-7932.0
716.222,9883,9883,-7933.0
716.273,9884,9884,-7934.0
716.321,9885,9885,-7935.0
716.374,9886,9886,-7936.0
716.411,9887,9887,-7937.0
716.491,9888,9888,-7938.0
716.52,9889,9889,-7939.0
716.567,9890,9890,-7940.0
716.608,9891,9891,-7941.0
716.653,9892,9892,-7942.0
716.687,9893,9893,-7943.0
716.75,9894,9894,-7944.0
716.804,9895,9895,-7945.0
716.87,9896,9896,-7946.0
716.904,9897,9897,-7947.0
716.978,9898,9898,-7948.0
717.008,9899,9899,-7949.0
717.039,9900,9900,-7950.0
717.069,9901,9901,-7951.0
717.108,9902,9902,-7952.0
717.171,9903,9903,-7953.0
717.254,9904,9904,-7954.0
717.295,9905,9905,-7955.0
717.365,9906,9906,-7956.0
717.426,9907,9907,-7957.0
717.487,9908,9908,-7958.0
717.551,9909,9909,-7959.0
717.601,9910,9910,-7960.0
717.674,9911,9911,-7961.0
717.755,9912,9912,-7962.0
717.793,9913,9913,-7963.0
717.849,9914,9914,-7964.0
717.905,9915,9915,-7965.0
717.97,9916,9916,-7966.0
718.027,9917,9917,-7967.0
718.079,9918,9918,-7968.0
718.119,9919,9919,-7969.0
718.16,9920,9920,-7970.0
718.214,9921,9921,-7971.0
718.269,9922,9922,-7972.0
718.31,9923,9923,-7973.0
718.357,9924,9924,-7974.0
718.406,9925,9925,-7975.0
718.445,9926,9926,-7976.0
718.525,9927,9927,-7977.0
718.565,9928,9928,-7978.0
718.632,9929,9929,-7979.0
718.685,9930,9930,-7980.0
718.742,9931,9931,-7981.0
718.781,9932,9932,-7982.0
718.841,9933,9933,-7983.0
718.904,9934,9934,-7984.0
718.95,9935,9935,-7985.0
719.015,9936,9936,-7986.0
719.052,9937,9937,-7987.0
719.091,9938,9938,-7988.0
719.152,9939,9939,-7989.0
719.202,9940,9940,-7990.0
719.239,9941,9941,-7991.0
719.287,9942,9942,-7992.0
719.345,9943,9943,-7993.0
719.399,9944,9944,-7994.0
719.455,9945,9945,-7995.0
719.507,9946,9946,-7996.0
719.548,9947,9947,-7997.0
719.59,9948,9948,-7998.0
719.621,9949,9949,-7999.0
719.67,9950,9950,-8000.0
719.73,9951,9951,-8001.0
719.766,9952,9952,-8002.0
719.832,9953,9953,-8003.0
719.88,9954,9954,-8004.0
719.926,9955,9955,-8005.0
719.969,9956,9956,-8006.0
719.996,9957,9957,-8007.0
720.062,9958,9958,-8008.0
720.108,9959,9959,-8009.0
720.134,9960,9960,-8010.0
720.17,9961,9961,-8011.0
720.214,9962,9962,-8012.0
720.275,9963,9963,-8013.0
720.337,9964,9964,-8014.0
720.397,9965,9965,-8015.0
720.462,9966,9966,-8016.0
720.494,9967,9967,-8017.0
720.533,9968,9968,-8018.0
720.564,9969,9969,-8019.0
720.588,9970,9970,-8020.0
720.662,9971,9971,-8021.0
720.703,9972,9972,-8022.0
720.759,9973,9973,-8023.0
720.815,9974,9974,-8024.0
720.854,9975,9975,-8025.0
720.887,9976,9976,-8026.0
720.948,9977,9977,-8027.0
721.035,9978,9978,-8028.0
721.089,9979,9979,-8029.0
721.148,9980,9980,-8030.0
721.213,9981,9981,-8031.0
721.247,9982,9982,-8032.0
721.311,9983,9983,-8033.0
721.388,9984,9984,-8034.0
721.437,9985,9985,-8035.0
721.508,9986,9986,-8036.0
721.562,9987,9987,-8037.0
721.613,9988,9988,-8038.0
721.651,9989,9989,-8039.0
721.703,9990,9990,-8040.0
721.773,9991,9991,-8041.0
721.826,9992,9992,-8042.0
721.875,9993,9993,-8043.0
721.923,9994,9994,-8044.0
721.96,9995,9995,-8045.0
722.011,9996,9996,-8046.0
722.059,9997,9997,-8047.0
722.124,9998,9998,-8048.0
722.171,9999,9999,-8049.0
722.232,10000,10000,-8050.0
722.275,10001,10001,-8051.0
722.326,10002,10002,-8052.0
722.377,10003,10003,-8053.0
722.426,10004,10004,-8054.0
722.49,10005,10005,-8055.0
722.522,10006,10006,-8056.0
722.57,10007,10007,-8057.0
722.615,10008,10008,-8058.0
722.67,10009,10009,-8059.0
722.714,10010,10010,-8060.0
722.777,10011,10011,-8061.0
722.83,10012,10012,-8062.0
722.884,10013,10013,-8063.0
722.92,10014,10014,-8064.0
722.979,10015,10015,-8065.0
723.035,10016,10016,-8066.0
723.091,10017,10017,-8067.0
723.13,10018,10018,-8068.0
723.164,10019,10019,-8069.0
723.259,10020,10020,-8070.0
723.289,10021,10021,-8071.0
723.324,10022,10022,-8072.0
723.386,10023,10023,-8073.0
723.434,10024,10024,-8074.0
723.465,10025,10025,-8075.0
723.504,10026,10026,-8076.0
723.558,10027,10027,-8077.0
723.62,10028,10028,-8078.0
723.666,10029,10029,-8079.0
723.715,10030,10030,-8080.0
723.786,10031,10031,-8081.0
723.841,10032,10032,-8082.0
723.889,10033,10033,-8083.0
723.954,10034,10034,-8084.0
724.023,10035,10035,-8085.0
724.081,10036,10036,-8086.0
724.106,10037,10037,-8087.0
724.176,10038,10038,-8088.0
724.228,10039,10039,-8089.0
724.3,10040,10040,-8090.0
724.353,10041,10041,-8091.0
724.403,10042,10042,-8092.0
724.436,10043,10043,-8093.0
724.503,10044,10044,-8094.0
724.558,10045,10045,-8095.0
724.649,10046,10046,-8096.0
724.737,10047,10047,-8097.0
724.771,10048,10048,-8098.0
724.817,10049,10049,-8099.0
724.893,10050,10050,-8100.0
724.939,10051,10051,-8101.0
725.038,10052,10052,-8102.0
725.098,10053,10053,-8103.0
725.166,10054,10054,-8104.0
725.22,10055,10055,-8105.0
725.283,10056,10056,-8106.0
725.33,10057,10057,-8107.0
725.378,10058,10058,-8108.0
725.433,10059,10059,-8109.0
725.477,10060,10060,-8110.0
725.527,10061,10061,-8111.0
725.576,10062,10062,-8112.0
725.634,10063,10063,-8113.0
725.69,10064,10064,-8114.0
725.757,10065,10065,-8115.0
725.806,10066,10066,-8116.0
725.884,10067,10067,-8117.0
725.936,10068,10068,-8118.0
726.006,10069,10069,-8119.0
726.069,10070,10070,-8120.0
726.107,10071,10071,-8121.0
726.159,10072,10072,-8122.0
726.205,10073,10073,-8123.0
726.235,10074,10074,-8124.0
726.302,10075,10075,-8125.0
726.358,10076,10076,-8126.0
726.43,10077,10077,-8127.0
726.47,10078,10078,-8128.0
726.511,10079,10079,-8129.0
726.541,10080,10080,-8130.0
726.59,10081,10081,-8131.0
726.642,10082,10082,-8132.0
726.679,10083,10083,-8133.0
726.726,10084,10084,-8134.0
726.765,10085,10085,-8135.0
726.833,10086,10086,-8136.0
726.875,10087,10087,-8137.0
726.95,10088,10088,-8138.0
727.017,10089,10089,-8139.0
727.053,10090,10090,-8140.0
727.093,10091,10091,-8141.0
727.135,10092,10092,-8142.0
727.204,10093,10093,-8143.0
727.258,10094,10094,-8144.0
727.317,10095,10095,-8145.0
727.371,10096,10096,-8146.0
727.402,10097,10097,-8147.0
727.442,10098,10098,-8148.0
727.526,10099,10099,-8149.0
727.574,10100,10100,-8150.0
727.612,10101,10101,-8151.0
727.702,10102,10102,-8152.0
727.753,10103,10103,-8153.0
727.807,10104,10104,-8154.0
727.842,10105,10105,-8155.0
727.891,10106,10106,-8156.0
727.989,10107,10107,-8157.0
728.072,10108,10108,-8158.0
728.12,10109,10109,-8159.0
728.174,10110,10110,-8160.0
728.211,10111,10111,-8161.0
728.247,10112,10112,-8162.0
728.281,10113,10113,-8163.0
728.316,10114,10114,-8164.0
728.354,10115,10115,-8165.0
728.403,10116,10116,-8166.0
728.466,10117,10117,-8167.0
728.522,10118,10118,-8168.0
728.582,10119,10119,-8169.0
728.62,10120,10120,-8170.0
728.663,10121,10121,-8171.0
728.69,10122,10122,-8172.0
728.741,10123,10123,-8173.0
728.792,10124,10124,-8174.0
728.857,10125,10125,-8175.0
728.906,10126,10126,-8176.0
728.969,10127,10127,-8177.0
729.001,10128,10128,-8178.0
729.052,10129,10129,-8179.0
729.117,10130,10130,-8180.0
729.171,10131,10131,-8181.0
729.216,10132,10132,-8182.0
729.252,10133,10133,-8183.0
729.304,10134,10134,-8184.0
729.36,10135,10135,-8185.0
729.416,10136,10136,-8186.0
729.472,10137,10137,-8187.0
729.518,10138,10138,-8188.0
729.568,10139,10139,-8189.0
729.629,10140,10140,-8190.0
729.703,10141,10141,-8191.0
729.766,10142,10142,-8192.0
729.819,10143,10143,-8193.0
729.87,10144,10144,-8194.0
729.942,10145,10145,-8195.0
730.004,10146,10146,-8196.0
730.045,10147,10147,-8197.0
730.084,10148,10148,-8198.0
730.158,10149,10149,-8199.0
730.221,10150,10150,-8200.0
730.265,10151,10151,-8201.0
730.305,10152,10152,-8202.0
730.349,10153,10153,-8203.0
730.402,10154,10154,-8204.0
730.469,10155,10155,-8205.0
730.52,10156,10156,-8206.0
730.573,10157,10157,-8207.0
730.609,10158,10158,-8208.0
730.648,10159,10159,-8209.0
730.691,10160,10160,-8210.0
730.741,10161,10161,-8211.0
730.78,10162,10162,-8212.0
730.838,10163,10163,-8213.0
730.904,10164,10164,-8214.0
730.957,10165,10165,-8215.0
731.02,10166,10166,-8216.0
731.084,10167,10167,-8217.0
731.147,10168,10168,-8218.0
731.212,10169,10169,-8219.0
731.271,10170,10170,-8220.0
731.311,10171,10171,-8221.0
731.379,10172,10172,-8222.0
731.416,10173,10173,-8223.0
731.457,10174,10174,-8224.0
731.523,10175,10175,-8225.0
731.583,10176,10176,-8226.0
731.622,10177,10177,-8227.0
731.687,10178,10178,-8228.0
731.768,10179,10179,-8229.0
731.833,10180,10180,-8230.0
731.88,10181,10181,-8231.0
731.925,10182,10182,-8232.0
731.981,10183,10183,-8233.0
732.048,10184,10184,-8234.0
732.111,10185,10185,-8235.0
732.162,10186,10186,-8236.0
732.245,10187,10187,-8237.0
732.295,10188,10188,-8238.0
732.346,10189,10189,-8239.0
732.403,10190,10190,-8240.0
732.475,10191,10191,-8241.0
732.526,10192,10192,-8242.0
732.574,10193,10193,-8243.0
732.615,10194,10194,-8244.0
732.652,10195,10195,-8245.0
732.707,10196,10196,-8246.0
732.76,10197,10197,-8247.0
732.801,10198,10198,-8248.0
732.848,10199,10199,-8249.0
732.883,10200,10200,-8250.0
732.961,10201,10201,-8251.0
733.009,10202,10202,-8252.0
733.072,10203,10203,-8253.0
733.114,10204,10204,-8254.0
733.151,10205,10205,-8255.0
733.204,10206,10206,-8256.0
733.245,10207,10207,-8257.0
733.302,10208,10208,-8258.0
733.355,10209,10209,-8259.0
733.425,10210,10210,-8260.0
733.502,10211,10211,-8261.0
733.537,10212,10212,-8262.0
733.591,10213,10213,-8263.0
733.654,10214,10214,-8264.0
733.705,10215,10215,-8265.0
733.758,10216,10216,-8266.0
733.789,10217,10217,-8267.0
733.837,10218,10218,-8268.0
733.886,10219,10219,-8269.0
733.927,10220,10220,-8270.0
733.993,10221,10221,-8271.0
734.041,10222,10222,-8272.0
734.099,10223,10223,-8273.0
734.191,10224,10224,-8274.0
734.248,10225,10225,-8275.0
734.305,10226,10226,-8276.0
734.37,10227,10227,-8277.0
734.441,10228,10228,-8278.0
734.481,10229,10229,-8279.0
734.545,10230,10230,-8280.0
734.657,10231,10231,-8281.0
734.74,10232,10232,-8282.0
734.792,10233,10233,-8283.0
734.875,10234,10234,-8284.0
734.907,10235,10235,-8285.0
735.023,10236,10236,-8286.0
735.074,10237,10237,-8287.0
735.112,10238,10238,-8288.0
735.191,10239,10239,-8289.0
735.277,10240,10240,-8290.0
735.35,10241,10241,-8291.0
735.408,10242,10242,-8292.0
735.445,10243,10243,-8293.0
735.508,10244,10244,-8294.0
735.594,10245,10245,-8295.0
735.694,10246,10246,-8296.0
735.739,10247,10247,-8297.0
735.772,10248,10248,-8298.0
735.82,10249,10249,-8299.0
735.896,10250,10250,-8300.0
735.934,10251,10251,-8301.0
736.001,10252,10252,-8302.0
736.048,10253,10253,-8303.0
736.101,10254,10254,-8304.0
736.157,10255,10255,-8305.0
736.215,10256,10256,-8306.0
736.246,10257,10257,-8307.0
736.291,10258,10258,-8308.0
736.385,10259,10259,-8309.0
736.435,10260,10260,-8310.0
736.487,10261,10261,-8311.0
736.536,10262,10262,-8312.0
736.59,10263,10263,-8313.0
736.657,10264,10264,-8314.0
736.703,10265,10265,-8315.0
736.779,10266,10266,-8316.0
736.826,10267,10267,-8317.0
736.888,10268,10268,-8318.0
736.976,10269,10269,-8319.0
737.024,10270,10270,-8320.0
737.077,10271,10271,-8321.0
737.123,10272,10272,-8322.0
737.169,10273,10273,-8323.0
737.247,10274,10274,-8324.0
737.293,10275,10275,-8325.0
737.358,10276,10276,-8326.0
737.391,10277,10277,-8327.0
737.467,10278,10278,-8328.0
737.53,10279,10279,-8329.0
737.577,10280,10280,-8330.0
737.634,10281,10281,-8331.0
737.692,10282,10282,-8332.0
737.754,10283,10283,-8333.0
737.802,10284,10284,-8334.0
737.868,10285,10285,-8335.0
737.935,10286,10286,-8336.0
737.99,10287,10287,-8337.0
738.033,10288,10288,-8338.0
738.073,10289,10289,-8339.0
738.118,10290,10290,-8340.0
738.168,10291,10291,-8341.0
738.222,10292,10292,-8342.0
738.275,10293,10293,-8343.0
738.34,10294,10294,-8344.0
738.381,10295,10295,-8345.0
738.437,10296,10296,-8346.0
738.486,10297,10297,-8347.0
738.53,10298,10298,-8348.0
738.569,10299,10299,-8349.0
738.599,10300,10300,-8350.0
738.666,10301,10301,-8351.0
738.716,10302,10302,-8352.0
738.773,10303,10303,-8353.0
738.844,10304,10304,-8354.0
738.917,10305,10305,-8355.0
738.982,10306,10306,-8356.0
739.012,10307,10307,-8357.0
739.088,10308,10308,-8358.0
739.131,10309,10309,-8359.0
739.183,10310,10310,-8360.0
739.223,10311,10311,-8361.0
739.289,10312,10312,-8362.0
739.326,10313,10313,-8363.0
739.387,10314,10314,-8364.0
739.427,10315,10315,-8365.0
739.458,10316,10316,-8366.0
739.491,10317,10317,-8367.0
739.536,10318,10318,-8368.0
739.587,10319,10319,-8369.0
739.641,10320,10320,-8370.0
739.694,10321,10321,-8371.0
739.758,10322,10322,-8372.0
739.835,10323,10323,-8373.0
739.871,10324,10324,-8374.0
739.92,10325,10325,-8375.0
739.98,10326,10326,-8376.0
740.027,10327,10327,-8377.0
740.077,10328,10328,-8378.0
740.147,10329,10329,-8379.0
740.211,10330,10330,-8380.0
740.26,10331,10331,-8381.0
740.304,10332,10332,-8382.0
740.374,10333,10333,-8383.0
740.426,10334,10334,-8384.0
740.457,10335,10335,-8385.0
740.525,10336,10336,-8386.0
740.588,10337,10337,-8387.0
740.633,10338,10338,-8388.0
740.675,10339,10339,-8389.0
740.726,10340,10340,-8390.0
740.781,10341,10341,-8391.0
740.825,10342,10342,-8392.0
740.858,10343,10343,-8393.0
740.934,10344,10344,-8394.0
740.999,10345,10345,-8395.0
741.048,10346,10346,-8396.0
741.126,10347,10347,-8397.0
741.213,10348,10348,-8398.0
741.261,10349,10349,-8399.0
741.318,10350,10350,-8400.0
741.377,10351,10351,-8401.0
741.426,10352,10352,-8402.0
741.515,10353,10353,-8403.0
741.576,10354,10354,-8404.0
741.624,10355,10355,-8405.0
741.692,10356,10356,-8406.0
741.748,10357,10357,-8407.0
741.811,10358,10358,-8408.0
741.868,10359,10359,-8409.0
741.907,10360,10360,-8410.0
741.948,10361,10361,-8411.0
742.015,10362,10362,-8412.0
742.074,10363,10363,-8413.0
742.144,10364,10364,-8414.0
742.21,10365,10365,-8415.0
742.298,10366,10366,-8416.0
742.344,10367,10367,-8417.0
742.416,10368,10368,-8418.0
742.493,10369,10369,-8419.0
742.535,10370,10370,-8420.0
742.578,10371,10371,-8421.0
742.607,10372,10372,-8422.0
742.662,10373,10373,-8423.0
742.73,10374,10374,-8424.0
742.784,10375,10375,-8425.0
742.886,10376,10376,-8426.0
742.941,10377,10377,-8427.0
742.98,10378,10378,-8428.0
743.03,10379,10379,-8429.0
743.072,10380,10380,-8430.0
743.12,10381,10381,-8431.0
743.151,10382,10382,-8432.0
743.245,10383,10383,-8433.0
743.319,10384,10384,-8434.0
743.371,10385,10385,-8435.0
743.427,10386,10386,-8436.0
743.457,10387,10387,-8437.0
743.504,10388,10388,-8438.0
743.543,10389,10389,-8439.0
743.586,10390,10390,-8440.0
743.655,10391,10391,-8441.0
743.729,10392,10392,-8442.0
743.762,10393,10393,-8443.0
743.835,10394,10394,-8444.0
743.888,10395,10395,-8445.0
743.935,10396,10396,-8446.0
744.032,10397,10397,-8447.0
744.115,10398,10398,-8448.0
744.189,10399,10399,-8449.0
744.238,10400,10400,-8450.0
744.288,10401,10401,-8451.0
744.356,10402,10402,-8452.0
744.412,10403,10403,-8453.0
744.479,10404,10404,-8454.0
744.538,10405,10405,-8455.0
744.592,10406,10406,-8456.0
744.663,10407,10407,-8457.0
744.742,10408,10408,-8458.0
744.787,10409,10409,-8459.0
744.855,10410,10410,-8460.0
744.909,10411,10411,-8461.0
744.96,10412,10412,-8462.0
745.02,10413,10413,-8463.0
745.058,10414,10414,-8464.0
745.142,10415,10415,-8465.0
745.178,10416,10416,-8466.0
745.236,10417,10417,-8467.0
745.293,10418,10418,-8468.0
745.347,10419,10419,-8469.0
745.383,10420,10420,-8470.0
745.428,10421,10421,-8471.0
745.467,10422,10422,-8472.0
745.493,10423,10423,-8473.0
745.551,10424,10424,-8474.0
745.608,10425,10425,-8475.0
745.656,10426,10426,-8476.0
745.7,10427,10427,-8477.0
745.739,10428,10428,-8478.0
745.806,10429,10429,-8479.0
745.866,10430,10430,-8480.0
745.925,10431,10431,-8481.0
745.991,10432,10432,-8482.0
746.042,10433,10433,-8483.0
746.106,10434,10434,-8484.0
746.21,10435,10435,-8485.0
746.26,10436,10436,-8486.0
746.307,10437,10437,-8487.0
746.354,10438,10438,-8488.0
746.417,10439,10439,-8489.0
746.459,10440,10440,-8490.0
746.489,10441,10441,-8491.0
746.547,10442,10442,-8492.0
746.603,10443,10443,-8493.0
746.661,10444,10444,-8494.0
746.695,10445,10445,-8495.0
746.778,10446,10446,-8496.0
746.816,10447,10447,-8497.0
746.861,10448,10448,-8498.0
746.892,10449,10449,-8499.0
746.928,10450,10450,-8500.0
746.976,10451,10451,-8501.0
747.028,10452,10452,-8502.0
747.084,10453,10453,-8503.0
747.167,10454,10454,-8504.0
747.227,10455,10455,-8505.0
747.261,10456,10456,-8506.0
747.305,10457,10457,-8507.0
747.344,10458,10458,-8508.0
747.396,10459,10459,-8509.0
747.448,10460,10460,-8510.0
747.481,10461,10461,-8511.0
747.535,10462,10462,-8512.0
747.604,10463,10463,-8513.0
747.66,10464,10464,-8514.0
747.738,10465,10465,-8515.0
747.795,10466,10466,-8516.0
747.843,10467,10467,-8517.0
747.885,10468,10468,-8518.0
747.953,10469,10469,-8519.0
748.009,10470,10470,-8520.0
748.06,10471,10471,-8521.0
748.121,10472,10472,-8522.0
748.203,10473,10473,-8523.0
748.286,10474,10474,-8524.0
748.38,10475,10475,-8525.0
748.424,10476,10476,-8526.0
748.485,10477,10477,-8527.0
748.595,10478,10478,-8528.0
748.647,10479,10479,-8529.0
748.707,10480,10480,-8530.0
748.778,10481,10481,-8531.0
748.848,10482,10482,-8532.0
748.896,10483,10483,-8533.0
748.961,10484,10484,-8534.0
749.024,10485,10485,-8535.0
749.081,10486,10486,-8536.0
749.134,10487,10487,-8537.0
749.21,10488,10488,-8538.0
749.275,10489,10489,-8539.0
749.314,10490,10490,-8540.0
749.353,10491,10491,-8541.0
749.435,10492,10492,-8542.0
749.48,10493,10493,-8543.0
749.522,10494,10494,-8544.0
749.567,10495,10495,-8545.0
749.635,10496,10496,-8546.0
749.686,10497,10497,-8547.0
749.726,10498,10498,-8548.0
749.799,10499,10499,-8549.0
749.843,10500,10500,-8550.0
749.883,10501,10501,-8551.0
749.947,10502,10502,-8552.0
750.011,10503,10503,-8553.0
750.054,10504,10504,-8554.0
750.135,10505,10505,-8555.0
750.174,10506,10506,-8556.0
750.242,10507,10507,-8557.0
750.316,10508,10508,-8558.0
750.368,10509,10509,-8559.0
750.468,10510,10510,-8560.0
750.535,10511,10511,-8561.0
750.594,10512,10512,-8562.0
750.636,10513,10513,-8563.0
750.725,10514,10514,-8564.0
750.776,10515,10515,-8565.0
750.818,10516,10516,-8566.0
750.876,10517,10517,-8567.0
750.924,10518,10518,-8568.0
750.981,10519,10519,-8569.0
751.033,10520,10520,-8570.0
751.098,10521,10521,-8571.0
751.163,10522,10522,-8572.0
751.234,10523,10523,-8573.0
751.307,10524,10524,-8574.0
751.347,10525,10525,-8575.0
751.401,10526,10526,-8576.0
751.481,10527,10527,-8577.0
751.538,10528,10528,-8578.0
751.585,10529,10529,-8579.0
751.631,10530,10530,-8580.0
751.695,10531,10531,-8581.0
751.751,10532,10532,-8582.0
751.805,10533,10533,-8583.0
751.852,10534,10534,-8584.0
751.901,10535,10535,-8585.0
751.981,10536,10536,-8586.0
752.037,10537,10537,-8587.0
752.096,10538,10538,-8588.0
752.177,10539,10539,-8589.0
752.251,10540,10540,-8590.0
752.313,10541,10541,-8591.0
752.357,10542,10542,-8592.0
752.406,10543,10543,-8593.0
752.459,10544,10544,-8594.0
752.511,10545,10545,-8595.0
752.544,10546,10546,-8596.0
752.622,10547,10547,-8597.0
752.68,10548,10548,-8598.0
752.72,10549,10549,-8599.0
752.766,10550,10550,-8600.0
752.803,10551,10551,-8601.0
752.85,10552,10552,-8602.0
752.912,10553,10553,-8603.0
752.963,10554,10554,-8604.0
753.023,10555,10555,-8605.0
753.091,10556,10556,-8606.0
753.149,10557,10557,-8607.0
753.211,10558,10558,-8608.0
753.245,10559,10559,-8609.0
753.316,10560,10560,-8610.0
753.357,10561,10561,-8611.0
753.405,10562,10562,-8612.0
753.468,10563,10563,-8613.0
753.557,10564,10564,-8614.0
753.611,10565,10565,-8615.0
753.658,10566,10566,-8616.0
753.712,10567,10567,-8617.0
753.765,10568,10568,-8618.0
753.837,10569,10569,-8619.0
753.949,10570,10570,-8620.0
754.034,10571,10571,-8621.0
754.067,10572,10572,-8622.0
754.122,10573,10573,-8623.0
754.199,10574,10574,-8624.0
754.248,10575,10575,-8625.0
754.322,10576,10576,-8626.0
754.372,10577,10577,-8627.0
754.442,10578,10578,-8628.0
754.506,10579,10579,-8629.0
754.592,10580,10580,-8630.0
754.644,10581,10581,-8631.0
754.748,10582,10582,-8632.0
754.819,10583,10583,-8633.0
754.87,10584,10584,-8634.0
754.916,10585,10585,-8635.0
754.982,10586,10586,-8636.0
755.047,10587,10587,-8637.0
755.12,10588,10588,-8638.0
755.218,10589,10589,-8639.0
755.293,10590,10590,-8640.0
755.363,10591,10591,-8641.0
755.412,10592,10592,-8642.0
755.457,10593,10593,-8643.0
755.509,10594,10594,-8644.0
755.578,10595,10595,-8645.0
755.641,10596,10596,-8646.0
755.684,10597,10597,-8647.0
755.739,10598,10598,-8648.0
755.8,10599,10599,-8649.0
755.868,10600,10600,-8650.0
755.925,10601,10601,-8651.0
755.961,10602,10602,-8652.0
756.035,10603,10603,-8653.0
756.068,10604,10604,-8654.0
756.113,10605,10605,-8655.0
756.16,10606,10606,-8656.0
756.204,10607,10607,-8657.0
756.255,10608,10608,-8658.0
756.3,10609,10609,-8659.0
756.372,10610,10610,-8660.0
756.426,10611,10611,-8661.0
756.505,10612,10612,-8662.0
756.595,10613,10613,-8663.0
756.664,10614,10614,-8664.0
756.703,10615,10615,-8665.0
756.741,10616,10616,-8666.0
756.781,10617,10617,-8667.0
756.837,10618,10618,-8668.0
756.92,10619,10619,-8669.0
756.968,10620,10620,-8670.0
757.033,10621,10621,-8671.0
757.105,10622,10622,-8672.0
757.18,10623,10623,-8673.0
757.27,10624,10624,-8674.0
757.319,10625,10625,-8675.0
757.391,10626,10626,-8676.0
757.47,10627,10627,-8677.0
757.546,10628,10628,-8678.0
757.598,10629,10629,-8679.0
757.639,10630,10630,-8680.0
757.731,10631,10631,-8681.0
757.795,10632,10632,-8682.0
757.84,10633,10633,-8683.0
757.941,10634,10634,-8684.0
758.012,10635,10635,-8685.0
758.081,10636,10636,-8686.0
758.161,10637,10637,-8687.0
758.238,10638,10638,-8688.0
758.295,10639,10639,-8689.0
758.346,10640,10640,-8690.0
758.409,10641,10641,-8691.0
758.454,10642,10642,-8692.0
758.507,10643,10643,-8693.0
758.586,10644,10644,-8694.0
758.654,10645,10645,-8695.0
758.705,10646,10646,-8696.0
758.744,10647,10647,-8697.0
758.826,10648,10648,-8698.0
758.863,10649,10649,-8699.0
758.924,10650,10650,-8700.0
759.002,10651,10651,-8701.0
759.05,10652,10652,-8702.0
759.098,10653,10653,-8703.0
759.176,10654,10654,-8704.0
759.212,10655,10655,-8705.0
759.244,10656,10656,-8706.0
759.282,10657,10657,-8707.0
759.311,10658,10658,-8708.0
759.353,10659,10659,-8709.0
759.414,10660,10660,-8710.0
759.451,10661,10661,-8711.0
759.505,10662,10662,-8712.0
759.571,10663,10663,-8713.0
759.617,10664,10664,-8714.0
759.671,10665,10665,-8715.0
759.736,10666,10666,-8716.0
759.814,10667,10667,-8717.0
759.856,10668,10668,-8718.0
759.886,10669,10669,-8719.0
759.93,10670,10670,-8720.0
759.987,10671,10671,-8721.0
760.032,10672,10672,-8722.0
760.075,10673,10673,-8723.0
760.136,10674,10674,-8724.0
760.179,10675,10675,-8725.0
760.24,10676,10676,-8726.0
760.303,10677,10677,-8727.0
760.345,10678,10678,-8728.0
760.412,10679,10679,-8729.0
760.464,10680,10680,-8730.0
760.516,10681,10681,-8731.0
760.597,10682,10682,-8732.0
760.636,10683,10683,-8733.0
760.692,10684,10684,-8734.0
760.748,10685,10685,-8735.0
760.83,10686,10686,-8736.0
760.895,10687,10687,-8737.0
760.959,10688,10688,-8738.0
761.016,10689,10689,-8739.0
761.048,10690,10690,-8740.0
761.079,10691,10691,-8741.0
761.13,10692,10692,-8742.0
761.183,10693,10693,-8743.0
761.222,10694,10694,-8744.0
761.251,10695,10695,-8745.0
761.283,10696,10696,-8746.0
761.364,10697,10697,-8747.0
761.443,10698,10698,-8748.0
761.481,10699,10699,-8749.0
761.537,10700,10700,-8750.0
761.617,10701,10701,-8751.0
761.656,10702,10702,-8752.0
761.73,10703,10703,-8753.0
761.801,10704,10704,-8754.0
761.862,10705,10705,-8755.0
761.904,10706,10706,-8756.0
761.966,10707,10707,-8757.0
762.023,10708,10708,-8758.0
762.124,10709,10709,-8759.0
762.172,10710,10710,-8760.0
762.276,10711,10711,-8761.0
762.347,10712,10712,-8762.0
762.405,10713,10713,-8763.0
762.446,10714,10714,-8764.0
762.488,10715,10715,-8765.0
762.529,10716,10716,-8766.0
762.578,10717,10717,-8767.0
762.647,10718,10718,-8768.0
762.689,10719,10719,-8769.0
762.757,10720,10720,-8770.0
762.848,10721,10721,-8771.0
762.909,10722,10722,-8772.0
762.94,10723,10723,-8773.0
763.02,10724,10724,-8774.0
763.096,10725,10725,-8775.0
763.148,10726,10726,-8776.0
763.206,10727,10727,-8777.0
763.256,10728,10728,-8778.0
763.331,10729,10729,-8779.0
763.382,10730,10730,-8780.0
763.436,10731,10731,-8781.0
763.475,10732,10732,-8782.0
763.534,10733,10733,-8783.0
763.584,10734,10734,-8784.0
763.672,10735,10735,-8785.0
763.717,10736,10736,-8786.0
763.782,10737,10737,-8787.0
763.832,10738,10738,-8788.0
763.883,10739,10739,-8789.0
763.943,10740,10740,-8790.0
763.998,10741,10741,-8791.0
764.04,10742,10742,-8792.0
764.081,10743,10743,-8793.0
764.159,10744,10744,-8794.0
764.189,10745,10745,-8795.0
764.234,10746,10746,-8796.0
764.276,10747,10747,-8797.0
764.348,10748,10748,-8798.0
764.38,10749,10749,-8799.0
764.418,10750,10750,-8800.0
764.487,10751,10751,-8801.0
764.554,10752,10752,-8802.0
764.604,10753,10753,-8803.0
764.684,10754,10754,-8804.0
764.733,10755,10755,-8805.0
764.797,10756,10756,-8806.0
764.834,10757,10757,-8807.0
764.884,10758,10758,-8808.0
764.942,10759,10759,-8809.0
764.997,10760,10760,-8810.0
765.051,10761,10761,-8811.0
765.087,10762,10762,-8812.0
765.152,10763,10763,-8813.0
765.215,10764,10764,-8814.0
765.27,10765,10765,-8815.0
765.322,10766,10766,-8816.0
765.374,10767,10767,-8817.0
765.419,10768,10768,-8818.0
765.511,10769,10769,-8819.0
765.567,10770,10770,-8820.0
765.648,10771,10771,-8821.0
765.705,10772,10772,-8822.0
765.742,10773,10773,-8823.0
765.801,10774,10774,-8824.0
765.839,10775,10775,-8825.0
765.915,10776,10776,-8826.0
765.975,10777,10777,-8827.0
766.043,10778,10778,-8828.0
766.097,10779,10779,-8829.0
766.156,10780,10780,-8830.0
766.222,10781,10781,-8831.0
766.261,10782,10782,-8832.0
766.317,10783,10783,-8833.0
766.367,10784,10784,-8834.0
766.426,10785,10785,-8835.0
766.478,10786,10786,-8836.0
766.541,10787,10787,-8837.0
766.621,10788,10788,-8838.0
766.664,10789,10789,-8839.0
766.754,10790,10790,-8840.0
766.814,10791,10791,-8841.0
766.855,10792,10792,-8842.0
766.914,10793,10793,-8843.0
766.986,10794,10794,-8844.0
767.031,10795,10795,-8845.0
767.079,10796,10796,-8846.0
767.114,10797,10797,-8847.0
767.173,10798,10798,-8848.0
767.224,10799,10799,-8849.0
767.288,10800,10800,-8850.0
767.353,10801,10801,-8851.0
767.386,10802,10802,-8852.0
767.466,10803,10803,-8853.0
767.519,10804,10804,-8854.0
767.573,10805,10805,-8855.0
767.629,10806,10806,-8856.0
767.687,10807,10807,-8857.0
767.744,10808,10808,-8858.0
767.811,10809,10809,-8859.0
767.888,10810,10810,-8860.0
767.939,10811,10811,-8861.0
767.972,10812,10812,-8862.0
768.053,10813,10813,-8863.0
768.089,10814,10814,-8864.0
768.163,10815,10815,-8865.0
768.193,10816,10816,-8866.0
768.251,10817,10817,-8867.0
768.293,10818,10818,-8868.0
768.356,10819,10819,-8869.0
768.424,10820,10820,-8870.0
768.458,10821,10821,-8871.0
768.509,10822,10822,-8872.0
768.571,10823,10823,-8873.0
768.641,10824,10824,-8874.0
768.719,10825,10825,-8875.0
768.791,10826,10826,-8876.0
768.847,10827,10827,-8877.0
768.903,10828,10828,-8878.0
768.952,10829,10829,-8879.0
769.014,10830,10830,-8880.0
769.062,10831,10831,-8881.0
769.104,10832,10832,-8882.0
769.175,10833,10833,-8883.0
769.248,10834,10834,-8884.0
769.287,10835,10835,-8885.0
769.324,10836,10836,-8886.0
769.377,10837,10837,-8887.0
769.434,10838,10838,-8888.0
769.476,10839,10839,-8889.0
769.527,10840,10840,-8890.0
769.628,10841,10841,-8891.0
769.678,10842,10842,-8892.0
769.729,10843,10843,-8893.0
769.789,10844,10844,-8894.0
769.872,10845,10845,-8895.0
769.935,10846,10846,-8896.0
769.98,10847,10847,-8897.0
770.039,10848,10848,-8898.0
770.109,10849,10849,-8899.0
770.18,10850,10850,-8900.0
770.236,10851,10851,-8901.0
770.278,10852,10852,-8902.0
770.326,10853,10853,-8903.0
770.407,10854,10854,-8904.0
770.466,10855,10855,-8905.0
770.541,10856,10856,-8906.0
770.595,10857,10857,-8907.0
770.672,10858,10858,-8908.0
770.732,10859,10859,-8909.0
770.794,10860,10860,-8910.0
770.868,10861,10861,-8911.0
770.958,10862,10862,-8912.0
771.002,10863,10863,-8913.0
771.068,10864,10864,-8914.0
771.117,10865,10865,-8915.0
771.162,10866,10866,-8916.0
771.214,10867,10867,-8917.0
771.28,10868,10868,-8918.0
771.337,10869,10869,-8919.0
771.39,10870,10870,-8920.0
771.465,10871,10871,-8921.0
771.502,10872,10872,-8922.0
771.548,10873,10873,-8923.0
771.633,10874,10874,-8924.0
771.691,10875,10875,-8925.0
771.733,10876,10876,-8926.0
771.805,10877,10877,-8927.0
771.846,10878,10878,-8928.0
771.882,10879,10879,-8929.0
771.921,10880,10880,-8930.0
771.971,10881,10881,-8931.0
772.057,10882,10882,-8932.0
772.128,10883,10883,-8933.0
772.197,10884,10884,-8934.0
772.253,10885,10885,-8935.0
772.331,10886,10886,-8936.0
772.37,10887,10887,-8937.0
772.423,10888,10888,-8938.0
772.474,10889,10889,-8939.0
772.547,10890,10890,-8940.0
772.611,10891,10891,-8941.0
772.691,10892,10892,-8942.0
772.753,10893,10893,-8943.0
772.798,10894,10894,-8944.0
772.885,10895,10895,-8945.0
772.935,10896,10896,-8946.0
773.014,10897,10897,-8947.0
773.08,10898,10898,-8948.0
773.152,10899,10899,-8949.0
773.204,10900,10900,-8950.0
773.254,10901,10901,-8951.0
773.299,10902,10902,-8952.0
773.338,10903,10903,-8953.0
773.415,10904,10904,-8954.0
773.452,10905,10905,-8955.0
773.531,10906,10906,-8956.0
773.567,10907,10907,-8957.0
773.631,10908,10908,-8958.0
773.665,10909,10909,-8959.0
773.719,10910,10910,-8960.0
773.77,10911,10911,-8961.0
773.802,10912,10912,-8962.0
773.83,10913,10913,-8963.0
773.87,10914,10914,-8964.0
773.931,10915,10915,-8965.0
773.978,10916,10916,-8966.0
774.029,10917,10917,-8967.0
774.057,10918,10918,-8968.0
774.105,10919,10919,-8969.0
774.173,10920,10920,-8970.0
774.22,10921,10921,-8971.0
774.275,10922,10922,-8972.0
774.318,10923,10923,-8973.0
774.36,10924,10924,-8974.0
774.418,10925,10925,-8975.0
774.467,10926,10926,-8976.0
774.507,10927,10927,-8977.0
774.563,10928,10928,-8978.0
774.612,10929,10929,-8979.0
774.642,10930,10930,-8980.0
774.706,10931,10931,-8981.0
774.78,10932,10932,-8982.0
774.866,10933,10933,-8983.0
774.899,10934,10934,-8984.0
774.973,10935,10935,-8985.0
775.048,10936,10936,-8986.0
775.124,10937,10937,-8987.0
775.167,10938,10938,-8988.0
775.246,10939,10939,-8989.0
775.294,10940,10940,-8990.0
775.334,10941,10941,-8991.0
775.375,10942,10942,-8992.0
775.43,10943,10943,-8993.0
775.47,10944,10944,-8994.0
775.515,10945,10945,-8995.0
775.601,10946,10946,-8996.0
775.649,10947,10947,-8997.0
775.716,10948,10948,-8998.0
775.757,10949,10949,-8999.0
775.803,10950,10950,-9000.0
775.859,10951,10951,-9001.0
775.95,10952,10952,-9002.0
775.989,10953,10953,-9003.0
776.069,10954,10954,-9004.0
776.131,10955,10955,-9005.0
776.192,10956,10956,-9006.0
776.23,10957,10957,-9007.0
776.291,10958,10958,-9008.0
776.324,10959,10959,-9009.0
776.359,10960,10960,-9010.0
776.394,10961,10961,-9011.0
776.441,10962,10962,-9012.0
776.53,10963,10963,-9013.0
776.584,10964,10964,-9014.0
776.651,10965,10965,-9015.0
776.715,10966,10966,-9016.0
776.809,10967,10967,-9017.0
776.874,10968,10968,-9018.0
776.944,10969,10969,-9019.0
777.075,10970,10970,-9020.0
777.128,10971,10971,-9021.0
777.181,10972,10972,-9022.0
777.254,10973,10973,-9023.0
777.306,10974,10974,-9024.0
777.371,10975,10975,-9025.0
777.418,10976,10976,-9026.0
777.451,10977,10977,-9027.0
777.514,10978,10978,-9028.0
777.567,10979,10979,-9029.0
777.596,10980,10980,-9030.0
777.642,10981,10981,-9031.0
777.712,10982,10982,-9032.0
777.784,10983,10983,-9033.0
777.816,10984,10984,-9034.0
777.858,10985,10985,-9035.0
777.936,10986,10986,-9036.0
778.002,10987,10987,-9037.0
778.06,10988,10988,-9038.0
778.143,10989,10989,-9039.0
778.179,10990,10990,-9040.0
778.263,10991,10991,-9041.0
778.331,10992,10992,-9042.0
778.391,10993,10993,-9043.0
778.424,10994,10994,-9044.0
778.5,10995,10995,-9045.0
778.544,10996,10996,-9046.0
778.615,10997,10997,-9047.0
778.654,10998,10998,-9048.0
778.694,10999,10999,-9049.0
778.736,11000,11000,-9050.0
778.779,11001,11001,-9051.0
778.813,11002,11002,-9052.0
778.883,11003,11003,-9053.0
778.928,11004,11004,-9054.0
778.991,11005,11005,-9055.0
779.021,11006,11006,-9056.0
779.073,11007,11007,-9057.0
779.106,11008,11008,-9058.0
779.147,11009,11009,-9059.0
779.229,11010,11010,-9060.0
779.27,11011,11011,-9061.0
779.319,11012,11012,-9062.0
779.397,11013,11013,-9063.0
779.48,11014,11014,-9064.0
779.521,11015,11015,-9065.0
779.592,11016,11016,-9066.0
779.654,11017,11017,-9067.0
779.737,11018,11018,-9068.0
779.792,11019,11019,-9069.0
779.855,11020,11020,-9070.0
779.914,11021,11021,-9071.0
779.965,11022,11022,-9072.0
780.005,11023,11023,-9073.0
780.036,11024,11024,-9074.0
780.085,11025,11025,-9075.0
780.167,11026,11026,-9076.0
780.216,11027,11027,-9077.0
780.258,11028,11028,-9078.0
780.287,11029,11029,-9079.0
780.327,11030,11030,-9080.0
780.365,11031,11031,-9081.0
780.433,11032,11032,-9082.0
780.487,11033,11033,-9083.0
780.546,11034,11034,-9084.0
780.597,11035,11035,-9085.0
780.676,11036,11036,-9086.0
780.767,11037,11037,-9087.0
780.807,11038,11038,-9088.0
780.846,11039,11039,-9089.0
780.906,11040,11040,-9090.0
780.964,11041,11041,-9091.0
781.02,11042,11042,-9092.0
781.105,11043,11043,-9093.0
781.172,11044,11044,-9094.0
781.227,11045,11045,-9095.0
781.278,11046,11046,-9096.0
781.351,11047,11047,-9097.0
781.406,11048,11048,-9098.0
781.458,11049,11049,-9099.0
781.548,11050,11050,-9100.0
781.588,11051,11051,-9101.0
781.634,11052,11052,-9102.0
781.697,11053,11053,-9103.0
781.74,11054,11054,-9104.0
781.779,11055,11055,-9105.0
781.82,11056,11056,-9106.0
781.856,11057,11057,-9107.0
781.896,11058,11058,-9108.0
781.955,11059,11059,-9109.0
782.043,11060,11060,-9110.0
782.111,11061,11061,-9111.0
782.174,11062,11062,-9112.0
782.223,11063,11063,-9113.0
782.272,11064,11064,-9114.0
782.326,11065,11065,-9115.0
782.395,11066,11066,-9116.0
782.433,11067,11067,-9117.0
782.502,11068,11068,-9118.0
782.544,11069,11069,-9119.0
782.582,11070,11070,-9120.0
782.635,11071,11071,-9121.0
782.723,11072,11072,-9122.0
782.763,11073,11073,-9123.0
782.818,11074,11074,-9124.0
782.874,11075,11075,-9125.0
782.923,11076,11076,-9126.0
782.994,11077,11077,-9127.0
783.04,11078,11078,-9128.0
783.076,11079,11079,-9129.0
783.114,11080,11080,-9130.0
783.143,11081,11081,-9131.0
783.191,11082,11082,-9132.0
783.247,11083,11083,-9133.0
783.31,11084,11084,-9134.0
783.366,11085,11085,-9135.0
783.399,11086,11086,-9136.0
783.441,11087,11087,-9137.0
783.487,11088,11088,-9138.0
783.563,11089,11089,-9139.0
783.629,11090,11090,-9140.0
783.698,11091,11091,-9141.0
783.743,11092,11092,-9142.0
783.808,11093,11093,-9143.0
783.886,11094,11094,-9144.0
783.949,11095,11095,-9145.0
783.99,11096,11096,-9146.0
784.039,11097,11097,-9147.0
784.101,11098,11098,-9148.0
784.135,11099,11099,-9149.0
784.212,11100,11100,-9150.0
784.284,11101,11101,-9151.0
784.335,11102,11102,-9152.0
784.395,11103,11103,-9153.0
784.448,11104,11104,-9154.0
784.497,11105,11105,-9155.0
784.558,11106,11106,-9156.0
784.608,11107,11107,-9157.0
784.659,11108,11108,-9158.0
784.75,11109,11109,-9159.0
784.812,11110,11110,-9160.0
784.854,11111,11111,-9161.0
784.914,11112,11112,-9162.0
784.972,11113,11113,-9163.0
785.026,11114,11114,-9164.0
785.094,11115,11115,-9165.0
785.152,11116,11116,-9166.0
785.222,11117,11117,-9167.0
785.266,11118,11118,-9168.0
785.369,11119,11119,-9169.0
785.421,11120,11120,-9170.0
785.473,11121,11121,-9171.0
785.52,11122,11122,-9172.0
785.565,11123,11123,-9173.0
785.613,11124,11124,-9174.0
785.652,11125,11125,-9175.0
785.723,11126,11126,-9176.0
785.763,11127,11127,-9177.0
785.822,11128,11128,-9178.0
785.866,11129,11129,-9179.0
785.949,11130,11130,-9180.0
786.018,11131,11131,-9181.0
786.096,11132,11132,-9182.0
786.147,11133,11133,-9183.0
786.185,11134,11134,-9184.0
786.227,11135,11135,-9185.0
786.286,11136,11136,-9186.0
786.338,11137,11137,-9187.0
786.389,11138,11138,-9188.0
786.437,11139,11139,-9189.0
786.498,11140,11140,-9190.0
786.53,11141,11141,-9191.0
786.562,11142,11142,-9192.0
786.614,11143,11143,-9193.0
786.646,11144,11144,-9194.0
786.713,11145,11145,-9195.0
786.784,11146,11146,-9196.0
786.859,11147,11147,-9197.0
786.952,11148,11148,-9198.0
787.011,11149,11149,-9199.0
787.061,11150,11150,-9200.0
787.108,11151,11151,-9201.0
787.155,11152,11152,-9202.0
787.226,11153,11153,-9203.0
787.3,11154,11154,-9204.0
787.348,11155,11155,-9205.0
787.402,11156,11156,-9206.0
787.458,11157,11157,-9207.0
787.533,11158,11158,-9208.0
787.563,11159,11159,-9209.0
787.616,11160,11160,-9210.0
787.665,11161,11161,-9211.0
787.716,11162,11162,-9212.0
787.782,11163,11163,-9213.0
787.833,11164,11164,-9214.0
787.893,11165,11165,-9215.0
787.932,11166,11166,-9216.0
788.002,11167,11167,-9217.0
788.045,11168,11168,-9218.0
788.093,11169,11169,-9219.0
788.139,11170,11170,-9220.0
788.183,11171,11171,-9221.0
788.215,11172,11172,-9222.0
788.267,11173,11173,-9223.0
788.357,11174,11174,-9224.0
788.436,11175,11175,-9225.0
788.496,11176,11176,-9226.0
788.543,11177,11177,-9227.0
788.594,11178,11178,-9228.0
788.665,11179,11179,-9229.0
788.731,11180,11180,-9230.0
788.849,11181,11181,-9231.0
788.885,11182,11182,-9232.0
788.936,11183,11183,-9233.0
788.991,11184,11184,-9234.0
789.072,11185,11185,-9235.0
789.118,11186,11186,-9236.0
789.175,11187,11187,-9237.0
789.213,11188,11188,-9238.0
789.277,11189,11189,-9239.0
789.309,11190,11190,-9240.0
789.357,11191,11191,-9241.0
789.416,11192,11192,-9242.0
789.482,11193,11193,-9243.0
789.536,11194,11194,-9244.0
789.575,11195,11195,-9245.0
789.619,11196,11196,-9246.0
789.655,11197,11197,-9247.0
789.693,11198,11198,-9248.0
789.744,11199,11199,-9249.0
789.81,11200,11200,-9250.0
789.868,11201,11201,-9251.0
789.929,11202,11202,-9252.0
789.976,11203,11203,-9253.0
790.065,11204,11204,-9254.0
790.099,11205,11205,-9255.0
790.168,11206,11206,-9256.0
790.253,11207,11207,-9257.0
790.284,11208,11208,-9258.0
790.355,11209,11209,-9259.0
790.426,11210,11210,-9260.0
790.509,11211,11211,-9261.0
790.575,11212,11212,-9262.0
790.614,11213,11213,-9263.0
790.644,11214,11214,-9264.0
790.735,11215,11215,-9265.0
790.801,11216,11216,-9266.0
790.872,11217,11217,-9267.0
790.952,11218,11218,-9268.0
790.996,11219,11219,-9269.0
791.049,11220,11220,-9270.0
791.117,11221,11221,-9271.0
791.174,11222,11222,-9272.0
791.274,11223,11223,-9273.0
791.331,11224,11224,-9274.0
791.408,11225,11225,-9275.0
791.451,11226,11226,-9276.0
791.503,11227,11227,-9277.0
791.544,11228,11228,-9278.0
791.572,11229,11229,-9279.0
791.61,11230,11230,-9280.0
791.654,11231,11231,-9281.0
791.707,11232,11232,-9282.0
791.763,11233,11233,-9283.0
791.812,11234,11234,-9284.0
791.861,11235,11235,-9285.0
791.939,11236,11236,-9286.0
791.98,11237,11237,-9287.0
792.033,11238,11238,-9288.0
792.105,11239,11239,-9289.0
792.152,11240,11240,-9290.0
792.206,11241,11241,-9291.0
792.284,11242,11242,-9292.0
792.344,11243,11243,-9293.0
792.421,11244,11244,-9294.0
792.492,11245,11245,-9295.0
792.57,11246,11246,-9296.0
792.622,11247,11247,-9297.0
792.664,11248,11248,-9298.0
792.705,11249,11249,-9299.0
792.746,11250,11250,-9300.0
792.81,11251,11251,-9301.0
792.871,11252,11252,-9302.0
792.919,11253,11253,-9303.0
792.98,11254,11254,-9304.0
793.042,11255,11255,-9305.0
793.093,11256,11256,-9306.0
793.152,11257,11257,-9307.0
793.199,11258,11258,-9308.0
793.252,11259,11259,-9309.0
793.329,11260,11260,-9310.0
793.379,11261,11261,-9311.0
793.432,11262,11262,-9312.0
793.474,11263,11263,-9313.0
793.56,11264,11264,-9314.0
793.622,11265,11265,-9315.0
793.69,11266,11266,-9316.0
793.747,11267,11267,-9317.0
793.785,11268,11268,-9318.0
793.847,11269,11269,-9319.0
793.9,11270,11270,-9320.0
793.957,11271,11271,-9321.0
794.007,11272,11272,-9322.0
794.076,11273,11273,-9323.0
794.116,11274,11274,-9324.0
794.156,11275,11275,-9325.0
794.203,11276,11276,-9326.0
794.255,11277,11277,-9327.0
794.305,11278,11278,-9328.0
794.383,11279,11279,-9329.0
794.439,11280,11280,-9330.0
794.481,11281,11281,-9331.0
794.533,11282,11282,-9332.0
794.592,11283,11283,-9333.0
794.638,11284,11284,-9334.0
794.685,11285,11285,-9335.0
794.739,11286,11286,-9336.0
794.782,11287,11287,-9337.0
794.832,11288,11288,-9338.0
794.889,11289,11289,-9339.0
794.957,11290,11290,-9340.0
795.008,11291,11291,-9341.0
795.046,11292,11292,-9342.0
795.097,11293,11293,-9343.0
795.141,11294,11294,-9344.0
795.189,11295,11295,-9345.0
795.25,11296,11296,-9346.0
795.338,11297,11297,-9347.0
795.371,11298,11298,-9348.0
795.436,11299,11299,-9349.0
795.505,11300,11300,-9350.0
795.557,11301,11301,-9351.0
795.624,11302,11302,-9352.0
795.655,11303,11303,-9353.0
795.703,11304,11304,-9354.0
795.763,11305,11305,-9355.0
795.824,11306,11306,-9356.0
795.863,11307,11307,-9357.0
795.941,11308,11308,-9358.0
795.994,11309,11309,-9359.0
796.035,11310,11310,-9360.0
796.089,11311,11311,-9361.0
796.124,11312,11312,-9362.0
796.169,11313,11313,-9363.0
796.231,11314,11314,-9364.0
796.272,11315,11315,-9365.0
796.329,11316,11316,-9366.0
796.398,11317,11317,-9367.0
796.439,11318,11318,-9368.0
796.492,11319,11319,-9369.0
796.56,11320,11320,-9370.0
796.628,11321,11321,-9371.0
796.674,11322,11322,-9372.0
796.733,11323,11323,-9373.0
796.79,11324,11324,-9374.0
796.837,11325,11325,-9375.0
796.906,11326,11326,-9376.0
796.962,11327,11327,-9377.0
797.012,11328,11328,-9378.0
797.064,11329,11329,-9379.0
797.114,11330,11330,-9380.0
797.216,11331,11331,-9381.0
797.304,11332,11332,-9382.0
797.356,11333,11333,-9383.0
797.415,11334,11334,-9384.0
797.475,11335,11335,-9385.0
797.591,11336,11336,-9386.0
797.661,11337,11337,-9387.0
797.706,11338,11338,-9388.0
797.756,11339,11339,-9389.0
797.837,11340,11340,-9390.0
797.894,11341,11341,-9391.0
798.497,11350,11350,-9400.0
799.09,11360,11360,-9410.0
799.672,11370,11370,-9420.0
800.245,11380,11380,-9430.0
800.807,11390,11390,-9440.0
801.361,11400,11400,-9450.0
801.907,11410,11410,-9460.0
802.446,11420,11420,-9470.0
802.979,11430,11430,-9480.0
803.506,11440,11440,-9490.0
804.029,11450,11450,-9500.0
804.548,11460,11460,-9510.0
805.064,11470,11470,-9520.0
805.577,11480,11480,-9530.0
806.089,11490,11490,-9540.0
806.601,11500,11500,-9550.0
807.111,11510,11510,-9560.0
807.622,11520,11520,-9570.0
808.132,11530,11530,-9580.0
808.644,11540,11540,-9590.0
809.157,11550,11550,-9600.0
809.671,11560,11560,-9610.0
810.187,11570,11570,-9620.0
810.704,11580,11580,-9630.0
811.224,11590,11590,-9640.0
811.746,11600,11600,-9650.0
812.271,11610,11610,-9660.0
812.798,11620,11620,-9670.0
813.327,11630,11630,-9680.0
813.859,11640,11640,-9690.0
814.393,11650,11650,-9700.0
814.93,11660,11660,-9710.0
815.47,11670,11670,-9720.0
816.012,11680,11680,-9730.0
816.556,11690,11690,-9740.0
817.102,11700,11700,-9750.0
817.651,11710,11710,-9760.0
818.201,11720,11720,-9770.0
818.753,11730,11730,-9780.0
819.307,11740,11740,-9790.0
819.862,11750,11750,-9800.0
820.418,11760,11760,-9810.0
820.975,11770,11770,-9820.0
821.533,11780,11780,-9830.0
822.091,11790,11790,-9840.0
822.65,11800,11800,-9850.0
823.208,11810,11810,-9860.0
823.766,11820,11820,-9870.0
824.324,11830,11830,-9880.0
824.881,11840,11840,-9890.0
825.437,11850,11850,-9900.0
825.992,11860,11860,-9910.0
826.545,11870,11870,-9920.0
827.097,11880,11880,-9930.0
827.647,11890,11890,-9940.0
828.195,11900,11900,-9950.0
828.74,11910,11910,-9960.0
829.283,11920,11920,-9970.0
829.823,11930,11930,-9980.0
830.361,11940,11940,-9990.0
830.895,11950,11950,-10000.0
831.427,11960,11960,-10010.0
831.955,11970,11970,-10020.0
832.48,11980,11980,-10030.0
833.002,11990,11990,-10040.0
833.521,12000,12000,-10050.0
834.036,12010,12010,-10060.0
834.548,12020,12020,-10070.0
835.056,12030,12030,-10080.0
835.562,12040,12040,-10090.0
836.064,12050,12050,-10100.0
836.564,12060,12060,-10110.0
837.061,12070,12070,-10120.0
837.555,12080,12080,-10130.0
838.047,12090,12090,-10140.0
838.537,12100,12100,-10150.0
839.026,12110,12110,-10160.0
839.513,12120,12120,-10170.0
839.999,12130,12130,-10180.0
840.484,12140,12140,-10190.0
840.968,12150,12150,-10200.0
841.451,12160,12160,-10210.0
841.934,12170,12170,-10220.0
842.416,12180,12180,-10230.0
842.898,12190,12190,-10240.0
843.38,12200,12200,-10250.0
843.861,12210,12210,-10260.0
844.341,12220,12220,-10270.0
844.821,12230,12230,-10280.0
845.3,12240,12240,-10290.0
845.778,12250,12250,-10300.0
846.255,12260,12260,-10310.0
846.73,12270,12270,-10320.0
847.205,12280,12280,-10330.0
847.678,12290,12290,-10340.0
848.149,12300,12300,-10350.0
848.618,12310,12310,-10360.0
849.086,12320,12320,-10370.0
849.551,12330,12330,-10380.0
850.014,12340,12340,-10390.0
850.474,12350,12350,-10400.0
850.932,12360,12360,-10410.0
851.388,12370,12370,-10420.0
851.84,12380,12380,-10430.0
852.29,12390,12390,-10440.0
852.737,12400,12400,-10450.0
853.181,12410,12410,-10460.0
853.622,12420,12420,-10470.0
854.061,12430,12430,-10480.0
854.496,12440,12440,-10490.0
854.929,12450,12450,-10500.0
855.358,12460,12460,-10510.0
855.785,12470,12470,-10520.0
856.209,12480,12480,-10530.0
856.63,12490,12490,-10540.0
857.049,12500,12500,-10550.0
857.465,12510,12510,-10560.0
857.878,12520,12520,-10570.0
858.289,12530,12530,-10580.0
858.698,12540,12540,-10590.0
859.104,12550,12550,-10600.0
859.508,12560,12560,-10610.0
859.91,12570,12570,-10620.0
860.31,12580,12580,-10630.0
860.708,12590,12590,-10640.0
861.105,12600,12600,-10650.0
861.499,12610,12610,-10660.0
861.892,12620,12620,-10670.0
862.284,12630,12630,-10680.0
862.674,12640,12640,-10690.0
863.063,12650,12650,-10700.0
863.45,12660,12660,-10710.0
863.837,12670,12670,-10720.0
864.223,12680,12680,-10730.0
864.608,12690,12690,-10740.0
864.992,12700,12700,-10750.0
865.375,12710,12710,-10760.0
865.758,12720,12720,-10770.0
866.14,12730,12730,-10780.0
866.522,12740,12740,-10790.0
866.903,12750,12750,-10800.0
867.284,12760,12760,-10810.0
867.665,12770,12770,-10820.0
868.045,12780,12780,-10830.0
868.425,12790,12790,-10840.0
868.805,12800,12800,-10850.0
869.185,12810,12810,-10860.0
869.564,12820,12820,-10870.0
869.943,12830,12830,-10880.0
870.322,12840,12840,-10890.0
870.7,12850,12850,-10900.0
871.078,12860,12860,-10910.0
871.456,12870,12870,-10920.0
871.833,12880,12880,-10930.0
872.209,12890,12890,-10940.0
872.585,12900,12900,-10950.0
872.961,12910,12910,-10960.0
873.337,12920,12920,-10970.0
873.714,12930,12930,-10980.0
874.09,12940,12940,-10990.0
874.467,12950,12950,-11000.0
874.843,12960,12960,-11010.0
875.219,12970,12970,-11020.0
875.594,12980,12980,-11030.0
875.969,12990,12990,-11040.0
876.343,13000,13000,-11050.0
876.717,13010,13010,-11060.0
877.09,13020,13020,-11070.0
877.463,13030,13030,-11080.0
877.836,13040,13040,-11090.0
878.208,13050,13050,-11100.0
878.581,13060,13060,-11110.0
878.954,13070,13070,-11120.0
879.328,13080,13080,-11130.0
879.701,13090,13090,-11140.0
880.076,13100,13100,-11150.0
880.451,13110,13110,-11160.0
880.828,13120,13120,-11170.0
881.205,13130,13130,-11180.0
881.583,13140,13140,-11190.0
881.962,13150,13150,-11200.0
882.343,13160,13160,-11210.0
882.724,13170,13170,-11220.0
883.106,13180,13180,-11230.0
883.489,13190,13190,-11240.0
883.872,13200,13200,-11250.0
884.256,13210,13210,-11260.0
884.639,13220,13220,-11270.0
885.023,13230,13230,-11280.0
885.406,13240,13240,-11290.0
885.789,13250,13250,-11300.0
886.171,13260,13260,-11310.0
886.552,13270,13270,-11320.0
886.932,13280,13280,-11330.0
887.31,13290,13290,-11340.0
887.687,13300,13300,-11350.0
888.062,13310,13310,-11360.0
888.435,13320,13320,-11370.0
888.805,13330,13330,-11380.0
889.174,13340,13340,-11390.0
889.541,13350,13350,-11400.0
889.905,13360,13360,-11410.0
890.268,13370,13370,-11420.0
890.628,13380,13380,-11430.0
890.987,13390,13390,-11440.0
891.344,13400,13400,-11450.0
891.7,13410,13410,-11460.0
892.055,13420,13420,-11470.0
892.409,13430,13430,-11480.0
892.763,13440,13440,-11490.0
893.117,13450,13450,-11500.0
893.471,13460,13460,-11510.0
893.826,13470,13470,-11520.0
894.182,13480,13480,-11530.0
894.539,13490,13490,-11540.0
894.897,13500,13500,-11550.0
895.257,13510,13510,-11560.0
895.618,13520,13520,-11570.0
895.98,13530,13530,-11580.0
896.344,13540,13540,-11590.0
896.708,13550,13550,-11600.0
897.073,13560,13560,-11610.0
897.438,13570,13570,-11620.0
897.803,13580,13580,-11630.0
898.167,13590,13590,-11640.0
898.531,13600,13600,-11650.0
898.893,13610,13610,-11660.0
899.254,13620,13620,-11670.0
899.614,13630,13630,-11680.0
899.971,13640,13640,-11690.0
900.327,13650,13650,-11700.0
900.681,13660,13660,-11710.0
901.033,13670,13670,-11720.0
901.383,13680,13680,-11730.0
901.732,13690,13690,-11740.0
902.079,13700,13700,-11750.0
902.426,13710,13710,-11760.0
902.77,13720,13720,-11770.0
903.114,13730,13730,-11780.0
903.457,13740,13740,-11790.0
903.799,13750,13750,-11800.0
904.14,13760,13760,-11810.0
904.481,13770,13770,-11820.0
904.821,13780,13780,-11830.0
905.161,13790,13790,-11840.0
905.5,13800,13800,-11850.0
905.84,13810,13810,-11860.0
906.179,13820,13820,-11870.0
906.517,13830,13830,-11880.0
906.856,13840,13840,-11890.0
907.195,13850,13850,-11900.0
907.534,13860,13860,-11910.0
907.873,13870,13870,-11920.0
908.213,13880,13880,-11930.0
908.553,13890,13890,-11940.0
908.893,13900,13900,-11950.0
909.233,13910,13910,-11960.0
909.574,13920,13920,-11970.0
909.916,13930,13930,-11980.0
910.258,13940,13940,-11990.0
910.6,13950,13950,-12000.0
910.944,13960,13960,-12010.0
911.288,13970,13970,-12020.0
911.632,13980,13980,-12030.0
911.978,13990,13990,-12040.0
912.324,14000,14000,-12050.0
912.671,14010,14010,-12060.0
913.019,14020,14020,-12070.0
913.368,14030,14030,-12080.0
913.717,14040,14040,-12090.0
914.068,14050,14050,-12100.0
914.419,14060,14060,-12110.0
914.772,14070,14070,-12120.0
915.125,14080,14080,-12130.0
915.479,14090,14090,-12140.0
915.835,14100,14100,-12150.0
916.191,14110,14110,-12160.0
916.548,14120,14120,-12170.0
916.906,14130,14130,-12180.0
917.265,14140,14140,-12190.0
917.625,14150,14150,-12200.0
917.987,14160,14160,-12210.0
918.349,14170,14170,-12220.0
918.712,14180,14180,-12230.0
919.076,14190,14190,-12240.0
919.441,14200,14200,-12250.0
919.806,14210,14210,-12260.0
920.173,14220,14220,-12270.0
920.541,14230,14230,-12280.0
920.909,14240,14240,-12290.0
921.279,14250,14250,-12300.0
921.649,14260,14260,-12310.0
922.02,14270,14270,-12320.0
922.392,14280,14280,-12330.0
922.764,14290,14290,-12340.0
923.138,14300,14300,-12350.0
923.512,14310,14310,-12360.0
923.887,14320,14320,-12370.0
924.262,14330,14330,-12380.0
924.638,14340,14340,-12390.0
925.015,14350,14350,-12400.0
925.392,14360,14360,-12410.0
925.77,14370,14370,-12420.0
926.148,14380,14380,-12430.0
926.527,14390,14390,-12440.0
926.906,14400,14400,-12450.0
927.286,14410,14410,-12460.0
927.665,14420,14420,-12470.0
928.046,14430,14430,-12480.0
928.426,14440,14440,-12490.0
928.807,14450,14450,-12500.0
929.188,14460,14460,-12510.0
929.569,14470,14470,-12520.0
929.95,14480,14480,-12530.0
930.331,14490,14490,-12540.0
930.712,14500,14500,-12550.0
931.093,14510,14510,-12560.0
931.474,14520,14520,-12570.0
931.855,14530,14530,-12580.0
932.236,14540,14540,-12590.0
932.617,14550,14550,-12600.0
932.997,14560,14560,-12610.0
933.377,14570,14570,-12620.0
933.757,14580,14580,-12630.0
934.136,14590,14590,-12640.0
934.514,14600,14600,-12650.0
934.893,14610,14610,-12660.0
935.27,14620,14620,-12670.0
935.647,14630,14630,-12680.0
936.024,14640,14640,-12690.0
936.4,14650,14650,-12700.0
936.775,14660,14660,-12710.0
937.15,14670,14670,-12720.0
937.524,14680,14680,-12730.0
937.897,14690,14690,-12740.0
938.271,14700,14700,-12750.0
938.643,14710,14710,-12760.0
939.016,14720,14720,-12770.0
939.389,14730,14730,-12780.0
939.762,14740,14740,-12790.0
940.135,14750,14750,-12800.0
940.509,14760,14760,-12810.0
940.885,14770,14770,-12820.0
941.261,14780,14780,-12830.0
941.64,14790,14790,-12840.0
942.02,14800,14800,-12850.0
942.402,14810,14810,-12860.0
942.786,14820,14820,-12870.0
943.171,14830,14830,-12880.0
943.558,14840,14840,-12890.0
943.945,14850,14850,-12900.0
944.333,14860,14860,-12910.0
944.721,14870,14870,-12920.0
945.109,14880,14880,-12930.0
945.498,14890,14890,-12940.0
945.888,14900,14900,-12950.0
946.278,14910,14910,-12960.0
946.67,14920,14920,-12970.0
947.062,14930,14930,-12980.0
947.457,14940,14940,-12990.0
947.852,14950,14950,-13000.0
948.249,14960,14960,-13010.0
948.647,14970,14970,-13020.0
949.045,14980,14980,-13030.0
949.444,14990,14990,-13040.0
949.842,15000,15000,-13050.0
950.239,15010,15010,-13060.0
950.635,15020,15020,-13070.0
951.028,15030,15030,-13080.0
951.419,15040,15040,-13090.0
951.807,15050,15050,-13100.0
952.193,15060,15060,-13110.0
952.576,15070,15070,-13120.0
952.957,15080,15080,-13130.0
953.337,15090,15090,-13140.0
953.716,15100,15100,-13150.0
954.095,15110,15110,-13160.0
954.474,15120,15120,-13170.0
954.855,15130,15130,-13180.0
955.237,15140,15140,-13190.0
955.621,15150,15150,-13200.0
956.007,15160,15160,-13210.0
956.394,15170,15170,-13220.0
956.783,15180,15180,-13230.0
957.172,15190,15190,-13240.0
957.56,15200,15200,-13250.0
957.947,15210,15210,-13260.0
958.332,15220,15220,-13270.0
958.715,15230,15230,-13280.0
959.095,15240,15240,-13290.0
959.472,15250,15250,-13300.0
959.845,15260,15260,-13310.0
960.216,15270,15270,-13320.0
960.583,15280,15280,-13330.0
960.947,15290,15290,-13340.0
961.308,15300,15300,-13350.0
961.666,15310,15310,-13360.0
962.022,15320,15320,-13370.0
962.375,15330,15330,-13380.0
962.725,15340,15340,-13390.0
963.074,15350,15350,-13400.0
963.421,15360,15360,-13410.0
963.767,15370,15370,-13420.0
964.113,15380,15380,-13430.0
964.457,15390,15390,-13440.0
964.802,15400,15400,-13450.0
965.147,15410,15410,-13460.0
965.492,15420,15420,-13470.0
965.838,15430,15430,-13480.0
966.185,15440,15440,-13490.0
966.533,15450,15450,-13500.0
966.882,15460,15460,-13510.0
967.233,15470,15470,-13520.0
967.585,15480,15480,-13530.0
967.939,15490,15490,-13540.0
968.295,15500,15500,-13550.0
968.652,15510,15510,-13560.0
969.011,15520,15520,-13570.0
969.371,15530,15530,-13580.0
969.733,15540,15540,-13590.0
970.096,15550,15550,-13600.0
970.46,15560,15560,-13610.0
970.826,15570,15570,-13620.0
971.193,15580,15580,-13630.0
971.56,15590,15590,-13640.0
971.929,15600,15600,-13650.0
972.298,15610,15610,-13660.0
972.667,15620,15620,-13670.0
973.036,15630,15630,-13680.0
973.406,15640,15640,-13690.0
973.775,15650,15650,-13700.0
974.143,15660,15660,-13710.0
974.511,15670,15670,-13720.0
974.879,15680,15680,-13730.0
975.245,15690,15690,-13740.0
975.609,15700,15700,-13750.0
975.973,15710,15710,-13760.0
976.335,15720,15720,-13770.0
976.694,15730,15730,-13780.0
977.052,15740,15740,-13790.0
977.408,15750,15750,-13800.0
977.761,15760,15760,-13810.0
978.112,15770,15770,-13820.0
978.461,15780,15780,-13830.0
978.807,15790,15790,-13840.0
979.15,15800,15800,-13850.0
979.49,15810,15810,-13860.0
979.827,15820,15820,-13870.0
980.162,15830,15830,-13880.0
980.494,15840,15840,-13890.0
980.823,15850,15850,-13900.0
981.149,15860,15860,-13910.0
981.473,15870,15870,-13920.0
981.794,15880,15880,-13930.0
982.113,15890,15890,-13940.0
982.43,15900,15900,-13950.0
982.745,15910,15910,-13960.0
983.058,15920,15920,-13970.0
983.371,15930,15930,-13980.0
983.682,15940,15940,-13990.0
983.993,15950,15950,-14000.0
984.304,15960,15960,-14010.0
984.615,15970,15970,-14020.0
984.928,15980,15980,-14030.0
985.242,15990,15990,-14040.0
985.558,16000,16000,-14050.0
985.876,16010,16010,-14060.0
986.196,16020,16020,-14070.0
986.518,16030,16030,-14080.0
986.842,16040,16040,-14090.0
987.168,16050,16050,-14100.0
987.495,16060,16060,-14110.0
987.822,16070,16070,-14120.0
988.149,16080,16080,-14130.0
988.474,16090,16090,-14140.0
988.799,16100,16100,-14150.0
989.12,16110,16110,-14160.0
989.439,16120,16120,-14170.0
989.755,16130,16130,-14180.0
990.066,16140,16140,-14190.0
990.373,16150,16150,-14200.0
990.675,16160,16160,-14210.0
990.974,16170,16170,-14220.0
991.268,16180,16180,-14230.0
991.56,16190,16190,-14240.0
991.849,16200,16200,-14250.0
992.136,16210,16210,-14260.0
992.423,16220,16220,-14270.0
992.71,16230,16230,-14280.0
992.999,16240,16240,-14290.0
993.289,16250,16250,-14300.0
993.581,16260,16260,-14310.0
993.875,16270,16270,-14320.0
994.171,16280,16280,-14330.0
994.468,16290,16290,-14340.0
994.766,16300,16300,-14350.0
995.065,16310,16310,-14360.0
995.363,16320,16320,-14370.0
995.659,16330,16330,-14380.0
995.954,16340,16340,-14390.0
996.247,16350,16350,-14400.0
996.537,16360,16360,-14410.0
996.824,16370,16370,-14420.0
997.109,16380,16380,-14430.0
997.39,16390,16390,-14440.0
997.668,16400,16400,-14450.0
997.945,16410,16410,-14460.0
998.219,16420,16420,-14470.0
998.491,16430,16430,-14480.0
998.762,16440,16440,-14490.0
999.032,16450,16450,-14500.0
999.301,16460,16460,-14510.0
999.569,16470,16470,-14520.0
999.836,16480,16480,-14530.0
1000.104,16490,16490,-14540.0
1000.371,16500,16500,-14550.0
1000.638,16510,16510,-14560.0
1000.905,16520,16520,-14570.0
1001.173,16530,16530,-14580.0
1001.441,16540,16540,-14590.0
1001.71,16550,16550,-14600.0
1001.98,16560,16560,-14610.0
1002.251,16570,16570,-14620.0
1002.522,16580,16580,-14630.0
1002.794,16590,16590,-14640.0
1003.068,16600,16600,-14650.0
1003.342,16610,16610,-14660.0
1003.618,16620,16620,-14670.0
1003.895,16630,16630,-14680.0
1004.172,16640,16640,-14690.0
1004.452,16650,16650,-14700.0
1004.732,16660,16660,-14710.0
1005.014,16670,16670,-14720.0
1005.296,16680,16680,-14730.0
1005.58,16690,16690,-14740.0
1005.865,16700,16700,-14750.0
1006.152,16710,16710,-14760.0
1006.439,16720,16720,-14770.0
1006.727,16730,16730,-14780.0
1007.017,16740,16740,-14790.0
1007.307,16750,16750,-14800.0
1007.598,16760,16760,-14810.0
1007.89,16770,16770,-14820.0
1008.183,16780,16780,-14830.0
1008.477,16790,16790,-14840.0
1008.771,16800,16800,-14850.0
1009.066,16810,16810,-14860.0
1009.361,16820,16820,-14870.0
1009.657,16830,16830,-14880.0
1009.953,16840,16840,-14890.0
1010.25,16850,16850,-14900.0
1010.547,16860,16860,-14910.0
1010.844,16870,16870,-14920.0
1011.141,16880,16880,-14930.0
1011.438,16890,16890,-14940.0
1011.735,16900,16900,-14950.0
1012.033,16910,16910,-14960.0
1012.33,16920,16920,-14970.0
1012.627,16930,16930,-14980.0
1012.923,16940,16940,-14990.0
1013.22,16950,16950,-15000.0
1013.516,16960,16960,-15010.0
1013.811,16970,16970,-15020.0
1014.107,16980,16980,-15030.0
1014.401,16990,16990,-15040.0
1014.695,17000,17000,-15050.0
1014.989,17010,17010,-15060.0
1015.282,17020,17020,-15070.0
1015.574,17030,17030,-15080.0
1015.866,17040,17040,-15090.0
1016.157,17050,17050,-15100.0
1016.447,17060,17060,-15110.0
1016.736,17070,17070,-15120.0
1017.025,17080,17080,-15130.0
1017.312,17090,17090,-15140.0
1017.599,17100,17100,-15150.0
1017.884,17110,17110,-15160.0
1018.169,17120,17120,-15170.0
1018.453,17130,17130,-15180.0
1018.735,17140,17140,-15190.0
1019.017,17150,17150,-15200.0
1019.297,17160,17160,-15210.0
1019.577,17170,17170,-15220.0
1019.855,17180,17180,-15230.0
1020.132,17190,17190,-15240.0
1020.408,17200,17200,-15250.0
1020.683,17210,17210,-15260.0
1020.956,17220,17220,-15270.0
1021.228,17230,17230,-15280.0
1021.5,17240,17240,-15290.0
1021.769,17250,17250,-15300.0
1022.038,17260,17260,-15310.0
1022.305,17270,17270,-15320.0
1022.571,17280,17280,-15330.0
1022.836,17290,17290,-15340.0
1023.099,17300,17300,-15350.0
1023.361,17310,17310,-15360.0
1023.622,17320,17320,-15370.0
1023.881,17330,17330,-15380.0
1024.139,17340,17340,-15390.0
1024.396,17350,17350,-15400.0
1024.651,17360,17360,-15410.0
1024.905,17370,17370,-15420.0
1025.158,17380,17380,-15430.0
1025.409,17390,17390,-15440.0
1025.659,17400,17400,-15450.0
1025.908,17410,17410,-15460.0
1026.155,17420,17420,-15470.0
1026.401,17430,17430,-15480.0
1026.646,17440,17440,-15490.0
1026.889,17450,17450,-15500.0
1027.131,17460,17460,-15510.0
1027.372,17470,17470,-15520.0
1027.612,17480,17480,-15530.0
1027.85,17490,17490,-15540.0
1028.087,17500,17500,-15550.0
1028.323,17510,17510,-15560.0
1028.557,17520,17520,-15570.0
1028.79,17530,17530,-15580.0
1029.022,17540,17540,-15590.0
1029.253,17550,17550,-15600.0
1029.482,17560,17560,-15610.0
1029.711,17570,17570,-15620.0
1029.938,17580,17580,-15630.0
1030.164,17590,17590,-15640.0
1030.389,17600,17600,-15650.0
1030.613,17610,17610,-15660.0
1030.836,17620,17620,-15670.0
1031.057,17630,17630,-15680.0
1031.278,17640,17640,-15690.0
1031.497,17650,17650,-15700.0
1031.716,17660,17660,-15710.0
1031.933,17670,17670,-15720.0
1032.15,17680,17680,-15730.0
1032.365,17690,17690,-15740.0
1032.58,17700,17700,-15750.0
1032.794,17710,17710,-15760.0
1033.006,17720,17720,-15770.0
1033.218,17730,17730,-15780.0
1033.429,17740,17740,-15790.0
1033.64,17750,17750,-15800.0
1033.849,17760,17760,-15810.0
1034.058,17770,17770,-15820.0
1034.266,17780,17780,-15830.0
1034.473,17790,17790,-15840.0
1034.68,17800,17800,-15850.0
1034.886,17810,17810,-15860.0
1035.091,17820,17820,-15870.0
1035.295,17830,17830,-15880.0
1035.5,17840,17840,-15890.0
1035.703,17850,17850,-15900.0
1035.906,17860,17860,-15910.0
1036.109,17870,17870,-15920.0
1036.311,17880,17880,-15930.0
1036.512,17890,17890,-15940.0
1036.713,17900,17900,-15950.0
1036.914,17910,17910,-15960.0
1037.115,17920,17920,-15970.0
1037.315,17930,17930,-15980.0
1037.514,17940,17940,-15990.0
1037.714,17950,17950,-16000.0
1037.913,17960,17960,-16010.0
1038.112,17970,17970,-16020.0
1038.311,17980,17980,-16030.0
1038.51,17990,17990,-16040.0
1038.709,18000,18000,-16050.0
1038.907,18010,18010,-16060.0
1039.106,18020,18020,-16070.0
1039.304,18030,18030,-16080.0
1039.502,18040,18040,-16090.0
1039.701,18050,18050,-16100.0
1039.899,18060,18060,-16110.0
1040.098,18070,18070,-16120.0
1040.297,18080,18080,-16130.0
1040.496,18090,18090,-16140.0
1040.695,18100,18100,-16150.0
1040.894,18110,18110,-16160.0
1041.093,18120,18120,-16170.0
1041.293,18130,18130,-16180.0
1041.493,18140,18140,-16190.0
1041.693,18150,18150,-16200.0
1041.894,18160,18160,-16210.0
1042.095,18170,18170,-16220.0
1042.297,18180,18180,-16230.0
1042.499,18190,18190,-16240.0
1042.701,18200,18200,-16250.0
1042.904,18210,18210,-16260.0
1043.107,18220,18220,-16270.0
1043.311,18230,18230,-16280.0
1043.515,18240,18240,-16290.0
1043.721,18250,18250,-16300.0
1043.926,18260,18260,-16310.0
1044.132,18270,18270,-16320.0
1044.339,18280,18280,-16330.0
1044.547,18290,18290,-16340.0
1044.755,18300,18300,-16350.0
1044.965,18310,18310,-16360.0
1045.174,18320,18320,-16370.0
1045.385,18330,18330,-16380.0
1045.596,18340,18340,-16390.0
1045.809,18350,18350,-16400.0
1046.022,18360,18360,-16410.0
1046.236,18370,18370,-16420.0
1046.451,18380,18380,-16430.0
1046.666,18390,18390,-16440.0
1046.883,18400,18400,-16450.0
1047.101,18410,18410,-16460.0
1047.319,18420,18420,-16470.0
1047.539,18430,18430,-16480.0
1047.76,18440,18440,-16490.0
1047.981,18450,18450,-16500.0
1048.204,18460,18460,-16510.0
1048.427,18470,18470,-16520.0
1048.652,18480,18480,-16530.0
1048.878,18490,18490,-16540.0
1049.105,18500,18500,-16550.0
1049.333,18510,18510,-16560.0
1049.562,18520,18520,-16570.0
1049.792,18530,18530,-16580.0
1050.023,18540,18540,-16590.0
1050.256,18550,18550,-16600.0
1050.489,18560,18560,-16610.0
1050.724,18570,18570,-16620.0
1050.96,18580,18580,-16630.0
1051.197,18590,18590,-16640.0
1051.435,18600,18600,-16650.0
1051.675,18610,18610,-16660.0
1051.915,18620,18620,-16670.0
1052.157,18630,18630,-16680.0
1052.4,18640,18640,-16690.0
1052.644,18650,18650,-16700.0
1052.889,18660,18660,-16710.0
1053.136,18670,18670,-16720.0
1053.383,18680,18680,-16730.0
1053.632,18690,18690,-16740.0
1053.882,18700,18700,-16750.0
1054.133,18710,18710,-16760.0
1054.386,18720,18720,-16770.0
1054.639,18730,18730,-16780.0
1054.894,18740,18740,-16790.0
1055.149,18750,18750,-16800.0
1055.406,18760,18760,-16810.0
1055.664,18770,18770,-16820.0
1055.923,18780,18780,-16830.0
1056.183,18790,18790,-16840.0
1056.444,18800,18800,-16850.0
1056.706,18810,18810,-16860.0
1056.969,18820,18820,-16870.0
1057.234,18830,18830,-16880.0
1057.499,18840,18840,-16890.0
1057.765,18850,18850,-16900.0
1058.032,18860,18860,-16910.0
1058.3,18870,18870,-16920.0
1058.569,18880,18880,-16930.0
1058.839,18890,18890,-16940.0
1059.11,18900,18900,-16950.0
1059.381,18910,18910,-16960.0
1059.653,18920,18920,-16970.0
1059.926,18930,18930,-16980.0
1060.2,18940,18940,-16990.0
1060.475,18950,18950,-17000.0
1060.75,18960,18960,-17010.0
1061.025,18970,18970,-17020.0
1061.302,18980,18980,-17030.0
1061.578,18990,18990,-17040.0
1061.856,19000,19000,-17050.0
1062.134,19010,19010,-17060.0
1062.412,19020,19020,-17070.0
1062.69,19030,19030,-17080.0
1062.969,19040,19040,-17090.0
1063.248,19050,19050,-17100.0
1063.528,19060,19060,-17110.0
1063.807,19070,19070,-17120.0
1064.087,19080,19080,-17130.0
1064.366,19090,19090,-17140.0
1064.646,19100,19100,-17150.0
1064.926,19110,19110,-17160.0
1065.205,19120,19120,-17170.0
1065.484,19130,19130,-17180.0
1065.763,19140,19140,-17190.0
1066.042,19150,19150,-17200.0
1066.321,19160,19160,-17210.0
1066.599,19170,19170,-17220.0
1066.876,19180,19180,-17230.0
1067.153,19190,19190,-17240.0
1067.429,19200,19200,-17250.0
1067.705,19210,19210,-17260.0
1067.979,19220,19220,-17270.0
1068.253,19230,19230,-17280.0
1068.526,19240,19240,-17290.0
1068.798,19250,19250,-17300.0
1069.069,19260,19260,-17310.0
1069.338,19270,19270,-17320.0
1069.606,19280,19280,-17330.0
1069.873,19290,19290,-17340.0
1070.138,19300,19300,-17350.0
1070.402,19310,19310,-17360.0
1070.664,19320,19320,-17370.0
1070.924,19330,19330,-17380.0
1071.183,19340,19340,-17390.0
1071.439,19350,19350,-17400.0
1071.694,19360,19360,-17410.0
1071.946,19370,19370,-17420.0
1072.196,19380,19380,-17430.0
1072.443,19390,19390,-17440.0
1072.688,19400,19400,-17450.0
1072.931,19410,19410,-17460.0
1073.171,19420,19420,-17470.0
1073.409,19430,19430,-17480.0
1073.643,19440,19440,-17490.0
1073.876,19450,19450,-17500.0
1074.106,19460,19460,-17510.0
1074.333,19470,19470,-17520.0
1074.559,19480,19480,-17530.0
1074.783,19490,19490,-17540.0
1075.005,19500,19500,-17550.0
1075.225,19510,19510,-17560.0
1075.445,19520,19520,-17570.0
1075.665,19530,19530,-17580.0
1075.884,19540,19540,-17590.0
1076.103,19550,19550,-17600.0
1076.323,19560,19560,-17610.0
1076.544,19570,19570,-17620.0
1076.766,19580,19580,-17630.0
1076.989,19590,19590,-17640.0
1077.213,19600,19600,-17650.0
1077.439,19610,19610,-17660.0
1077.666,19620,19620,-17670.0
1077.895,19630,19630,-17680.0
1078.126,19640,19640,-17690.0
1078.358,19650,19650,-17700.0
1078.592,19660,19660,-17710.0
1078.828,19670,19670,-17720.0
1079.065,19680,19680,-17730.0
1079.304,19690,19690,-17740.0
1079.545,19700,19700,-17750.0
1079.787,19710,19710,-17760.0
1080.03,19720,19720,-17770.0
1080.275,19730,19730,-17780.0
1080.521,19740,19740,-17790.0
1080.767,19750,19750,-17800.0
1081.015,19760,19760,-17810.0
1081.263,19770,19770,-17820.0
1081.512,19780,19780,-17830.0
1081.761,19790,19790,-17840.0
1082.01,19800,19800,-17850.0
1082.26,19810,19810,-17860.0
1082.509,19820,19820,-17870.0
1082.759,19830,19830,-17880.0
1083.008,19840,19840,-17890.0
1083.257,19850,19850,-17900.0
1083.505,19860,19860,-17910.0
1083.752,19870,19870,-17920.0
1083.999,19880,19880,-17930.0
1084.245,19890,19890,-17940.0
1084.49,19900,19900,-17950.0
1084.735,19910,19910,-17960.0
1084.979,19920,19920,-17970.0
1085.221,19930,19930,-17980.0
1085.463,19940,19940,-17990.0
1085.705,19950,19950,-18000.0
1085.945,19960,19960,-18010.0
1086.186,19970,19970,-18020.0
1086.425,19980,19980,-18030.0
1086.665,19990,19990,-18040.0
1086.905,20000,20000,-18050.0
1087.144,20010,20010,-18060.0
1087.385,20020,20020,-18070.0
1087.625,20030,20030,-18080.0
1087.867,20040,20040,-18090.0
1088.11,20050,20050,-18100.0
1088.354,20060,20060,-18110.0
1088.599,20070,20070,-18120.0
1088.846,20080,20080,-18130.0
1089.095,20090,20090,-18140.0
1089.346,20100,20100,-18150.0
1089.598,20110,20110,-18160.0
1089.854,20120,20120,-18170.0
1090.111,20130,20130,-18180.0
1090.371,20140,20140,-18190.0
1090.633,20150,20150,-18200.0
1090.898,20160,20160,-18210.0
1091.164,20170,20170,-18220.0
1091.433,20180,20180,-18230.0
1091.704,20190,20190,-18240.0
1091.976,20200,20200,-18250.0
1092.25,20210,20210,-18260.0
1092.525,20220,20220,-18270.0
1092.801,20230,20230,-18280.0
1093.076,20240,20240,-18290.0
1093.351,20250,20250,-18300.0
1093.626,20260,20260,-18310.0
1093.898,20270,20270,-18320.0
1094.168,20280,20280,-18330.0
1094.435,20290,20290,-18340.0
1094.699,20300,20300,-18350.0
1094.96,20310,20310,-18360.0
1095.218,20320,20320,-18370.0
1095.472,20330,20330,-18380.0
1095.724,20340,20340,-18390.0
1095.972,20350,20350,-18400.0
1096.218,20360,20360,-18410.0
1096.461,20370,20370,-18420.0
1096.702,20380,20380,-18430.0
1096.941,20390,20390,-18440.0
1097.179,20400,20400,-18450.0
1097.416,20410,20410,-18460.0
1097.653,20420,20420,-18470.0
1097.89,20430,20430,-18480.0
1098.126,20440,20440,-18490.0
1098.364,20450,20450,-18500.0
1098.603,20460,20460,-18510.0
1098.843,20470,20470,-18520.0
1099.085,20480,20480,-18530.0
1099.33,20490,20490,-18540.0
1099.577,20500,20500,-18550.0
1099.827,20510,20510,-18560.0
1100.08,20520,20520,-18570.0
1100.336,20530,20530,-18580.0
1100.596,20540,20540,-18590.0
1100.86,20550,20550,-18600.0
1101.127,20560,20560,-18610.0
1101.398,20570,20570,-18620.0
1101.672,20580,20580,-18630.0
1101.95,20590,20590,-18640.0
1102.232,20600,20600,-18650.0
1102.516,20610,20610,-18660.0
1102.804,20620,20620,-18670.0
1103.093,20630,20630,-18680.0
1103.385,20640,20640,-18690.0
1103.678,20650,20650,-18700.0
1103.972,20660,20660,-18710.0
1104.266,20670,20670,-18720.0
1104.56,20680,20680,-18730.0
1104.853,20690,20690,-18740.0
1105.145,20700,20700,-18750.0
1105.435,20710,20710,-18760.0
1105.723,20720,20720,-18770.0
1106.007,20730,20730,-18780.0
1106.288,20740,20740,-18790.0
1106.564,20750,20750,-18800.0
1106.836,20760,20760,-18810.0
1107.103,20770,20770,-18820.0
1107.365,20780,20780,-18830.0
1107.621,20790,20790,-18840.0
1107.871,20800,20800,-18850.0
1108.114,20810,20810,-18860.0
1108.352,20820,20820,-18870.0
1108.583,20830,20830,-18880.0
1108.808,20840,20840,-18890.0
1109.028,20850,20850,-18900.0
1109.241,20860,20860,-18910.0
1109.45,20870,20870,-18920.0
1109.654,20880,20880,-18930.0
1109.855,20890,20890,-18940.0
1110.052,20900,20900,-18950.0
1110.248,20910,20910,-18960.0
1110.442,20920,20920,-18970.0
1110.636,20930,20930,-18980.0
1110.831,20940,20940,-18990.0
1111.027,20950,20950,-19000.0
1111.226,20960,20960,-19010.0
1111.429,20970,20970,-19020.0
1111.635,20980,20980,-19030.0
1111.845,20990,20990,-19040.0
1112.059,21000,21000,-19050.0
1112.278,21010,21010,-19060.0
1112.501,21020,21020,-19070.0
1112.728,21030,21030,-19080.0
1112.959,21040,21040,-19090.0
1113.192,21050,21050,-19100.0
1113.427,21060,21060,-19110.0
1113.663,21070,21070,-19120.0
1113.9,21080,21080,-19130.0
1114.137,21090,21090,-19140.0
1114.373,21100,21100,-19150.0
1114.609,21110,21110,-19160.0
1114.842,21120,21120,-19170.0
1115.075,21130,21130,-19180.0
1115.305,21140,21140,-19190.0
1115.533,21150,21150,-19200.0
1115.758,21160,21160,-19210.0
1115.981,21170,21170,-19220.0
1116.203,21180,21180,-19230.0
1116.421,21190,21190,-19240.0
1116.638,21200,21200,-19250.0
1116.853,21210,21210,-19260.0
1117.066,21220,21220,-19270.0
1117.278,21230,21230,-19280.0
1117.488,21240,21240,-19290.0
1117.697,21250,21250,-19300.0
1117.905,21260,21260,-19310.0
1118.112,21270,21270,-19320.0
1118.318,21280,21280,-19330.0
1118.525,21290,21290,-19340.0
1118.73,21300,21300,-19350.0
1118.936,21310,21310,-19360.0
1119.142,21320,21320,-19370.0
1119.347,21330,21330,-19380.0
1119.553,21340,21340,-19390.0
1119.759,21350,21350,-19400.0
1119.965,21360,21360,-19410.0
1120.171,21370,21370,-19420.0
1120.378,21380,21380,-19430.0
1120.585,21390,21390,-19440.0
1120.792,21400,21400,-19450.0
1121.0,21410,21410,-19460.0
1121.207,21420,21420,-19470.0
1121.415,21430,21430,-19480.0
1121.623,21440,21440,-19490.0
1121.831,21450,21450,-19500.0
1122.04,21460,21460,-19510.0
1122.248,21470,21470,-19520.0
1122.456,21480,21480,-19530.0
1122.665,21490,21490,-19540.0
1122.873,21500,21500,-19550.0
1123.081,21510,21510,-19560.0
1123.29,21520,21520,-19570.0
1123.498,21530,21530,-19580.0
1123.705,21540,21540,-19590.0
1123.913,21550,21550,-19600.0
1124.12,21560,21560,-19610.0
1124.327,21570,21570,-19620.0
1124.534,21580,21580,-19630.0
1124.74,21590,21590,-19640.0
1124.947,21600,21600,-19650.0
1125.153,21610,21610,-19660.0
1125.358,21620,21620,-19670.0
1125.564,21630,21630,-19680.0
1125.769,21640,21640,-19690.0
1125.974,21650,21650,-19700.0
1126.179,21660,21660,-19710.0
1126.383,21670,21670,-19720.0
1126.587,21680,21680,-19730.0
1126.792,21690,21690,-19740.0
1126.995,21700,21700,-19750.0
1127.199,21710,21710,-19760.0
1127.403,21720,21720,-19770.0
1127.606,21730,21730,-19780.0
1127.81,21740,21740,-19790.0
1128.013,21750,21750,-19800.0
1128.216,21760,21760,-19810.0
1128.42,21770,21770,-19820.0
1128.623,21780,21780,-19830.0
1128.826,21790,21790,-19840.0
1129.029,21800,21800,-19850.0
1129.231,21810,21810,-19860.0
1129.434,21820,21820,-19870.0
1129.637,21830,21830,-19880.0
1129.839,21840,21840,-19890.0
1130.042,21850,21850,-19900.0
1130.244,21860,21860,-19910.0
1130.446,21870,21870,-19920.0
1130.647,21880,21880,-19930.0
1130.849,21890,21890,-19940.0
1131.05,21900,21900,-19950.0
1131.251,21910,21910,-19960.0
1131.451,21920,21920,-19970.0
1131.651,21930,21930,-19980.0
1131.85,21940,21940,-19990.0
1132.049,21950,21950,-20000.0
1132.247,21960,21960,-20010.0
1132.444,21970,21970,-20020.0
1132.641,21980,21980,-20030.0
1132.837,21990,21990,-20040.0
1133.032,22000,22000,-20050.0
1133.226,22010,22010,-20060.0
1133.419,22020,22020,-20070.0
1133.612,22030,22030,-20080.0
1133.803,22040,22040,-20090.0
1133.994,22050,22050,-20100.0
1134.184,22060,22060,-20110.0
1134.372,22070,22070,-20120.0
1134.56,22080,22080,-20130.0
1134.747,22090,22090,-20140.0
1134.933,22100,22100,-20150.0
1135.119,22110,22110,-20160.0
1135.303,22120,22120,-20170.0
1135.487,22130,22130,-20180.0
1135.67,22140,22140,-20190.0
1135.853,22150,22150,-20200.0
1136.035,22160,22160,-20210.0
1136.217,22170,22170,-20220.0
1136.398,22180,22180,-20230.0
1136.579,22190,22190,-20240.0
1136.76,22200,22200,-20250.0
1136.941,22210,22210,-20260.0
1137.122,22220,22220,-20270.0
1137.303,22230,22230,-20280.0
1137.484,22240,22240,-20290.0
1137.665,22250,22250,-20300.0
1137.847,22260,22260,-20310.0
1138.029,22270,22270,-20320.0
1138.212,22280,22280,-20330.0
1138.395,22290,22290,-20340.0
1138.579,22300,22300,-20350.0
1138.763,22310,22310,-20360.0
1138.948,22320,22320,-20370.0
1139.134,22330,22330,-20380.0
1139.321,22340,22340,-20390.0
1139.509,22350,22350,-20400.0
1139.698,22360,22360,-20410.0
1139.887,22370,22370,-20420.0
1140.077,22380,22380,-20430.0
1140.268,22390,22390,-20440.0
1140.46,22400,22400,-20450.0
1140.652,22410,22410,-20460.0
1140.845,22420,22420,-20470.0
1141.039,22430,22430,-20480.0
1141.233,22440,22440,-20490.0
1141.428,22450,22450,-20500.0
1141.622,22460,22460,-20510.0
1141.817,22470,22470,-20520.0
1142.012,22480,22480,-20530.0
1142.206,22490,22490,-20540.0
1142.4,22500,22500,-20550.0
1142.593,22510,22510,-20560.0
1142.786,22520,22520,-20570.0
1142.977,22530,22530,-20580.0
1143.168,22540,22540,-20590.0
1143.359,22550,22550,-20600.0
1143.548,22560,22560,-20610.0
1143.736,22570,22570,-20620.0
1143.924,22580,22580,-20630.0
1144.11,22590,22590,-20640.0
1144.296,22600,22600,-20650.0
1144.481,22610,22610,-20660.0
1144.665,22620,22620,-20670.0
1144.848,22630,22630,-20680.0
1145.031,22640,22640,-20690.0
1145.213,22650,22650,-20700.0
1145.395,22660,22660,-20710.0
1145.576,22670,22670,-20720.0
1145.757,22680,22680,-20730.0
1145.938,22690,22690,-20740.0
1146.118,22700,22700,-20750.0
1146.299,22710,22710,-20760.0
1146.479,22720,22720,-20770.0
1146.66,22730,22730,-20780.0
1146.841,22740,22740,-20790.0
1147.023,22750,22750,-20800.0
1147.204,22760,22760,-20810.0
1147.387,22770,22770,-20820.0
1147.57,22780,22780,-20830.0
1147.753,22790,22790,-20840.0
1147.937,22800,22800,-20850.0
1148.122,22810,22810,-20860.0
1148.308,22820,22820,-20870.0
1148.494,22830,22830,-20880.0
1148.681,22840,22840,-20890.0
1148.869,22850,22850,-20900.0
1149.058,22860,22860,-20910.0
1149.248,22870,22870,-20920.0
1149.439,22880,22880,-20930.0
1149.63,22890,22890,-20940.0
1149.822,22900,22900,-20950.0
1150.015,22910,22910,-20960.0
1150.209,22920,22920,-20970.0
1150.403,22930,22930,-20980.0
1150.598,22940,22940,-20990.0
1150.794,22950,22950,-21000.0
1150.99,22960,22960,-21010.0
1151.187,22970,22970,-21020.0
1151.385,22980,22980,-21030.0
1151.583,22990,22990,-21040.0
1151.781,23000,23000,-21050.0
1151.98,23010,23010,-21060.0
1152.179,23020,23020,-21070.0
1152.378,23030,23030,-21080.0
1152.577,23040,23040,-21090.0
1152.777,23050,23050,-21100.0
1152.976,23060,23060,-21110.0
1153.176,23070,23070,-21120.0
1153.375,23080,23080,-21130.0
1153.574,23090,23090,-21140.0
1153.773,23100,23100,-21150.0
1153.972,23110,23110,-21160.0
1154.17,23120,23120,-21170.0
1154.368,23130,23130,-21180.0
1154.565,23140,23140,-21190.0
1154.762,23150,23150,-21200.0
1154.958,23160,23160,-21210.0
1155.154,23170,23170,-21220.0
1155.349,23180,23180,-21230.0
1155.543,23190,23190,-21240.0
1155.736,23200,23200,-21250.0
1155.928,23210,23210,-21260.0
1156.12,23220,23220,-21270.0
1156.31,23230,23230,-21280.0
1156.5,23240,23240,-21290.0
1156.688,23250,23250,-21300.0
1156.876,23260,23260,-21310.0
1157.062,23270,23270,-21320.0
1157.247,23280,23280,-21330.0
1157.432,23290,23290,-21340.0
1157.615,23300,23300,-21350.0
1157.797,23310,23310,-21360.0
1157.977,23320,23320,-21370.0
1158.157,23330,23330,-21380.0
1158.336,23340,23340,-21390.0
1158.514,23350,23350,-21400.0
1158.69,23360,23360,-21410.0
1158.866,23370,23370,-21420.0
1159.041,23380,23380,-21430.0
1159.215,23390,23390,-21440.0
1159.388,23400,23400,-21450.0
1159.561,23410,23410,-21460.0
1159.732,23420,23420,-21470.0
1159.904,23430,23430,-21480.0
1160.075,23440,23440,-21490.0
1160.245,23450,23450,-21500.0
1160.416,23460,23460,-21510.0
1160.586,23470,23470,-21520.0
1160.756,23480,23480,-21530.0
1160.927,23490,23490,-21540.0
1161.098,23500,23500,-21550.0
1161.27,23510,23510,-21560.0
1161.442,23520,23520,-21570.0
1161.616,23530,23530,-21580.0
1161.79,23540,23540,-21590.0
1161.966,23550,23550,-21600.0
1162.143,23560,23560,-21610.0
1162.322,23570,23570,-21620.0
1162.502,23580,23580,-21630.0
1162.684,23590,23590,-21640.0
1162.867,23600,23600,-21650.0
1163.051,23610,23610,-21660.0
1163.236,23620,23620,-21670.0
1163.422,23630,23630,-21680.0
1163.609,23640,23640,-21690.0
1163.796,23650,23650,-21700.0
1163.984,23660,23660,-21710.0
1164.171,23670,23670,-21720.0
1164.359,23680,23680,-21730.0
1164.546,23690,23690,-21740.0
1164.732,23700,23700,-21750.0
1164.918,23710,23710,-21760.0
1165.103,23720,23720,-21770.0
1165.286,23730,23730,-21780.0
1165.468,23740,23740,-21790.0
1165.649,23750,23750,-21800.0
1165.828,23760,23760,-21810.0
1166.006,23770,23770,-21820.0
1166.183,23780,23780,-21830.0
1166.358,23790,23790,-21840.0
1166.533,23800,23800,-21850.0
1166.706,23810,23810,-21860.0
1166.878,23820,23820,-21870.0
1167.05,23830,23830,-21880.0
1167.222,23840,23840,-21890.0
1167.394,23850,23850,-21900.0
1167.567,23860,23860,-21910.0
1167.74,23870,23870,-21920.0
1167.914,23880,23880,-21930.0
1168.089,23890,23890,-21940.0
1168.265,23900,23900,-21950.0
1168.443,23910,23910,-21960.0
1168.622,23920,23920,-21970.0
1168.803,23930,23930,-21980.0
1168.985,23940,23940,-21990.0
1169.168,23950,23950,-22000.0
1169.353,23960,23960,-22010.0
1169.538,23970,23970,-22020.0
1169.724,23980,23980,-22030.0
1169.911,23990,23990,-22040.0
1170.097,24000,24000,-22050.0
1170.284,24010,24010,-22060.0
1170.47,24020,24020,-22070.0
1170.656,24030,24030,-22080.0
1170.842,24040,24040,-22090.0
1171.027,24050,24050,-22100.0
1171.211,24060,24060,-22110.0
1171.394,24070,24070,-22120.0
1171.576,24080,24080,-22130.0
1171.757,24090,24090,-22140.0
1171.936,24100,24100,-22150.0
1172.114,24110,24110,-22160.0
1172.291,24120,24120,-22170.0
1172.466,24130,24130,-22180.0
1172.64,24140,24140,-22190.0
1172.812,24150,24150,-22200.0
1172.983,24160,24160,-22210.0
1173.152,24170,24170,-22220.0
1173.319,24180,24180,-22230.0
1173.485,24190,24190,-22240.0
1173.649,24200,24200,-22250.0
1173.812,24210,24210,-22260.0
1173.973,24220,24220,-22270.0
1174.132,24230,24230,-22280.0
1174.29,24240,24240,-22290.0
1174.446,24250,24250,-22300.0
1174.601,24260,24260,-22310.0
1174.754,24270,24270,-22320.0
1174.906,24280,24280,-22330.0
1175.057,24290,24290,-22340.0
1175.206,24300,24300,-22350.0
1175.355,24310,24310,-22360.0
1175.502,24320,24320,-22370.0
1175.648,24330,24330,-22380.0
1175.793,24340,24340,-22390.0
1175.937,24350,24350,-22400.0
1176.081,24360,24360,-22410.0
1176.224,24370,24370,-22420.0
1176.366,24380,24380,-22430.0
1176.508,24390,24390,-22440.0
1176.649,24400,24400,-22450.0
1176.79,24410,24410,-22460.0
1176.93,24420,24420,-22470.0
1177.07,24430,24430,-22480.0
1177.211,24440,24440,-22490.0
1177.351,24450,24450,-22500.0
1177.491,24460,24460,-22510.0
1177.631,24470,24470,-22520.0
1177.772,24480,24480,-22530.0
1177.913,24490,24490,-22540.0
1178.054,24500,24500,-22550.0
1178.196,24510,24510,-22560.0
1178.338,24520,24520,-22570.0
1178.481,24530,24530,-22580.0
1178.624,24540,24540,-22590.0
1178.768,24550,24550,-22600.0
1178.913,24560,24560,-22610.0
1179.059,24570,24570,-22620.0
1179.205,24580,24580,-22630.0
1179.353,24590,24590,-22640.0
1179.501,24600,24600,-22650.0
1179.65,24610,24610,-22660.0
1179.8,24620,24620,-22670.0
1179.951,24630,24630,-22680.0
1180.103,24640,24640,-22690.0
1180.256,24650,24650,-22700.0
1180.41,24660,24660,-22710.0
1180.565,24670,24670,-22720.0
1180.72,24680,24680,-22730.0
1180.877,24690,24690,-22740.0
1181.035,24700,24700,-22750.0
1181.193,24710,24710,-22760.0
1181.352,24720,24720,-22770.0
1181.513,24730,24730,-22780.0
1181.674,24740,24740,-22790.0
1181.835,24750,24750,-22800.0
1181.998,24760,24760,-22810.0
1182.161,24770,24770,-22820.0
1182.325,24780,24780,-22830.0
1182.489,24790,24790,-22840.0
1182.654,24800,24800,-22850.0
1182.819,24810,24810,-22860.0
1182.985,24820,24820,-22870.0
1183.151,24830,24830,-22880.0
1183.317,24840,24840,-22890.0
1183.483,24850,24850,-22900.0
1183.65,24860,24860,-22910.0
1183.816,24870,24870,-22920.0
1183.983,24880,24880,-22930.0
1184.149,24890,24890,-22940.0
1184.315,24900,24900,-22950.0
1184.481,24910,24910,-22960.0
1184.647,24920,24920,-22970.0
1184.812,24930,24930,-22980.0
1184.977,24940,24940,-22990.0
1185.141,24950,24950,-23000.0
1185.305,24960,24960,-23010.0
1185.468,24970,24970,-23020.0
1185.631,24980,24980,-23030.0
1185.793,24990,24990,-23040.0
1185.954,25000,25000,-23050.0
1186.115,25010,25010,-23060.0
1186.275,25020,25020,-23070.0
1186.435,25030,25030,-23080.0
1186.594,25040,25040,-23090.0
1186.753,25050,25050,-23100.0
1186.911,25060,25060,-23110.0
1187.068,25070,25070,-23120.0
1187.226,25080,25080,-23130.0
1187.383,25090,25090,-23140.0
1187.54,25100,25100,-23150.0
1187.697,25110,25110,-23160.0
1187.854,25120,25120,-23170.0
1188.012,25130,25130,-23180.0
1188.169,25140,25140,-23190.0
1188.328,25150,25150,-23200.0
1188.487,25160,25160,-23210.0
1188.648,25170,25170,-23220.0
1188.81,25180,25180,-23230.0
1188.973,25190,25190,-23240.0
1189.138,25200,25200,-23250.0
1189.305,25210,25210,-23260.0
1189.474,25220,25220,-23270.0
1189.645,25230,25230,-23280.0
1189.817,25240,25240,-23290.0
1189.992,25250,25250,-23300.0
1190.167,25260,25260,-23310.0
1190.344,25270,25270,-23320.0
1190.521,25280,25280,-23330.0
1190.7,25290,25290,-23340.0
1190.878,25300,25300,-23350.0
1191.057,25310,25310,-23360.0
1191.236,25320,25320,-23370.0
1191.415,25330,25330,-23380.0
1191.592,25340,25340,-23390.0
1191.769,25350,25350,-23400.0
1191.946,25360,25360,-23410.0
1192.121,25370,25370,-23420.0
1192.294,25380,25380,-23430.0
1192.467,25390,25390,-23440.0
1192.638,25400,25400,-23450.0
1192.808,25410,25410,-23460.0
1192.976,25420,25420,-23470.0
1193.142,25430,25430,-23480.0
1193.307,25440,25440,-23490.0
1193.471,25450,25450,-23500.0
1193.633,25460,25460,-23510.0
1193.793,25470,25470,-23520.0
1193.952,25480,25480,-23530.0
1194.11,25490,25490,-23540.0
1194.266,25500,25500,-23550.0
1194.421,25510,25510,-23560.0
1194.575,25520,25520,-23570.0
1194.727,25530,25530,-23580.0
1194.879,25540,25540,-23590.0
1195.03,25550,25550,-23600.0
1195.18,25560,25560,-23610.0
1195.329,25570,25570,-23620.0
1195.477,25580,25580,-23630.0
1195.625,25590,25590,-23640.0
1195.773,25600,25600,-23650.0
1195.921,25610,25610,-23660.0
1196.068,25620,25620,-23670.0
1196.215,25630,25630,-23680.0
1196.363,25640,25640,-23690.0
1196.51,25650,25650,-23700.0
1196.658,25660,25660,-23710.0
1196.806,25670,25670,-23720.0
1196.955,25680,25680,-23730.0
1197.104,25690,25690,-23740.0
1197.254,25700,25700,-23750.0
1197.405,25710,25710,-23760.0
1197.556,25720,25720,-23770.0
1197.709,25730,25730,-23780.0
1197.862,25740,25740,-23790.0
1198.016,25750,25750,-23800.0
1198.171,25760,25760,-23810.0
1198.328,25770,25770,-23820.0
1198.485,25780,25780,-23830.0
1198.643,25790,25790,-23840.0
1198.803,25800,25800,-23850.0
1198.964,25810,25810,-23860.0
1199.125,25820,25820,-23870.0
1199.288,25830,25830,-23880.0
1199.452,25840,25840,-23890.0
1199.617,25850,25850,-23900.0
1199.782,25860,25860,-23910.0
1199.949,25870,25870,-23920.0
1200.116,25880,25880,-23930.0
1200.284,25890,25890,-23940.0
1200.453,25900,25900,-23950.0
1200.622,25910,25910,-23960.0
1200.791,25920,25920,-23970.0
1200.961,25930,25930,-23980.0
1201.13,25940,25940,-23990.0
1201.3,25950,25950,-24000.0
1201.469,25960,25960,-24010.0
1201.637,25970,25970,-24020.0
1201.805,25980,25980,-24030.0
1201.972,25990,25990,-24040.0
1202.137,26000,26000,-24050.0
1202.301,26010,26010,-24060.0
1202.464,26020,26020,-24070.0
1202.625,26030,26030,-24080.0
1202.785,26040,26040,-24090.0
1202.943,26050,26050,-24100.0
1203.1,26060,26060,-24110.0
1203.255,26070,26070,-24120.0
1203.41,26080,26080,-24130.0
1203.565,26090,26090,-24140.0
1203.719,26100,26100,-24150.0
1203.873,26110,26110,-24160.0
1204.027,26120,26120,-24170.0
1204.182,26130,26130,-24180.0
1204.337,26140,26140,-24190.0
1204.494,26150,26150,-24200.0
1204.651,26160,26160,-24210.0
1204.81,26170,26170,-24220.0
1204.97,26180,26180,-24230.0
1205.132,26190,26190,-24240.0
1205.295,26200,26200,-24250.0
1205.459,26210,26210,-24260.0
1205.625,26220,26220,-24270.0
1205.792,26230,26230,-24280.0
1205.96,26240,26240,-24290.0
1206.129,26250,26250,-24300.0
1206.299,26260,26260,-24310.0
1206.471,26270,26270,-24320.0
1206.642,26280,26280,-24330.0
1206.815,26290,26290,-24340.0
1206.988,26300,26300,-24350.0
1207.161,26310,26310,-24360.0
1207.335,26320,26320,-24370.0
1207.509,26330,26330,-24380.0
1207.684,26340,26340,-24390.0
1207.858,26350,26350,-24400.0
1208.033,26360,26360,-24410.0
1208.207,26370,26370,-24420.0
1208.382,26380,26380,-24430.0
1208.556,26390,26390,-24440.0
1208.73,26400,26400,-24450.0
1208.904,26410,26410,-24460.0
1209.078,26420,26420,-24470.0
1209.251,26430,26430,-24480.0
1209.423,26440,26440,-24490.0
1209.596,26450,26450,-24500.0
1209.767,26460,26460,-24510.0
1209.939,26470,26470,-24520.0
1210.109,26480,26480,-24530.0
1210.279,26490,26490,-24540.0
1210.448,26500,26500,-24550.0
1210.617,26510,26510,-24560.0
1210.785,26520,26520,-24570.0
1210.952,26530,26530,-24580.0
1211.119,26540,26540,-24590.0
1211.284,26550,26550,-24600.0
1211.449,26560,26560,-24610.0
1211.613,26570,26570,-24620.0
1211.777,26580,26580,-24630.0
1211.939,26590,26590,-24640.0
1212.101,26600,26600,-24650.0
1212.262,26610,26610,-24660.0
1212.422,26620,26620,-24670.0
1212.581,26630,26630,-24680.0
1212.739,26640,26640,-24690.0
1212.897,26650,26650,-24700.0
1213.053,26660,26660,-24710.0
1213.209,26670,26670,-24720.0
1213.365,26680,26680,-24730.0
1213.519,26690,26690,-24740.0
1213.672,26700,26700,-24750.0
1213.825,26710,26710,-24760.0
1213.977,26720,26720,-24770.0
1214.129,26730,26730,-24780.0
1214.279,26740,26740,-24790.0
1214.429,26750,26750,-24800.0
1214.578,26760,26760,-24810.0
1214.727,26770,26770,-24820.0
1214.875,26780,26780,-24830.0
1215.022,26790,26790,-24840.0
1215.169,26800,26800,-24850.0
1215.315,26810,26810,-24860.0
1215.461,26820,26820,-24870.0
1215.606,26830,26830,-24880.0
1215.751,26840,26840,-24890.0
1215.895,26850,26850,-24900.0
1216.039,26860,26860,-24910.0
1216.182,26870,26870,-24920.0
1216.326,26880,26880,-24930.0
1216.468,26890,26890,-24940.0
1216.611,26900,26900,-24950.0
1216.753,26910,26910,-24960.0
1216.895,26920,26920,-24970.0
1217.037,26930,26930,-24980.0
1217.179,26940,26940,-24990.0
1217.32,26950,26950,-25000.0
1217.462,26960,26960,-25010.0
1217.603,26970,26970,-25020.0
1217.745,26980,26980,-25030.0
1217.886,26990,26990,-25040.0
1218.027,27000,27000,-25050.0
1218.169,27010,27010,-25060.0
1218.31,27020,27020,-25070.0
1218.452,27030,27030,-25080.0
1218.594,27040,27040,-25090.0
1218.736,27050,27050,-25100.0
1218.878,27060,27060,-25110.0
1219.02,27070,27070,-25120.0
1219.163,27080,27080,-25130.0
1219.306,27090,27090,-25140.0
1219.45,27100,27100,-25150.0
1219.593,27110,27110,-25160.0
1219.737,27120,27120,-25170.0
1219.882,27130,27130,-25180.0
1220.027,27140,27140,-25190.0
1220.172,27150,27150,-25200.0
1220.318,27160,27160,-25210.0
1220.464,27170,27170,-25220.0
1220.61,27180,27180,-25230.0
1220.758,27190,27190,-25240.0
1220.905,27200,27200,-25250.0
1221.054,27210,27210,-25260.0
1221.203,27220,27220,-25270.0
1221.352,27230,27230,-25280.0
1221.502,27240,27240,-25290.0
1221.653,27250,27250,-25300.0
1221.804,27260,27260,-25310.0
1221.956,27270,27270,-25320.0
1222.108,27280,27280,-25330.0
1222.262,27290,27290,-25340.0
1222.415,27300,27300,-25350.0
1222.57,27310,27310,-25360.0
1222.725,27320,27320,-25370.0
1222.881,27330,27330,-25380.0
1223.037,27340,27340,-25390.0
1223.194,27350,27350,-25400.0
1223.352,27360,27360,-25410.0
1223.511,27370,27370,-25420.0
1223.67,27380,27380,-25430.0
1223.83,27390,27390,-25440.0
1223.99,27400,27400,-25450.0
1224.152,27410,27410,-25460.0
1224.313,27420,27420,-25470.0
1224.476,27430,27430,-25480.0
1224.639,27440,27440,-25490.0
1224.803,27450,27450,-25500.0
1224.968,27460,27460,-25510.0
1225.133,27470,27470,-25520.0
1225.299,27480,27480,-25530.0
1225.465,27490,27490,-25540.0
1225.632,27500,27500,-25550.0
1225.8,27510,27510,-25560.0
1225.968,27520,27520,-25570.0
1226.137,27530,27530,-25580.0
1226.306,27540,27540,-25590.0
1226.476,27550,27550,-25600.0
1226.646,27560,27560,-25610.0
1226.817,27570,27570,-25620.0
1226.988,27580,27580,-25630.0
1227.16,27590,27590,-25640.0
1227.333,27600,27600,-25650.0
1227.505,27610,27610,-25660.0
1227.678,27620,27620,-25670.0
1227.852,27630,27630,-25680.0
1228.025,27640,27640,-25690.0
1228.199,27650,27650,-25700.0
1228.374,27660,27660,-25710.0
1228.548,27670,27670,-25720.0
1228.723,27680,27680,-25730.0
1228.898,27690,27690,-25740.0
1229.073,27700,27700,-25750.0
1229.248,27710,27710,-25760.0
1229.424,27720,27720,-25770.0
1229.599,27730,27730,-25780.0
1229.775,27740,27740,-25790.0
1229.95,27750,27750,-25800.0
1230.125,27760,27760,-25810.0
1230.3,27770,27770,-25820.0
1230.475,27780,27780,-25830.0
1230.65,27790,27790,-25840.0
1230.825,27800,27800,-25850.0
1230.999,27810,27810,-25860.0
1231.173,27820,27820,-25870.0
1231.347,27830,27830,-25880.0
1231.52,27840,27840,-25890.0
1231.693,27850,27850,-25900.0
1231.865,27860,27860,-25910.0
1232.036,27870,27870,-25920.0
1232.208,27880,27880,-25930.0
1232.378,27890,27890,-25940.0
1232.548,27900,27900,-25950.0
1232.717,27910,27910,-25960.0
1232.886,27920,27920,-25970.0
1233.054,27930,27930,-25980.0
1233.221,27940,27940,-25990.0
1233.388,27950,27950,-26000.0
1233.554,27960,27960,-26010.0
1233.72,27970,27970,-26020.0
1233.885,27980,27980,-26030.0
1234.05,27990,27990,-26040.0
1234.215,28000,28000,-26050.0
1234.379,28010,28010,-26060.0
1234.543,28020,28020,-26070.0
1234.706,28030,28030,-26080.0
1234.87,28040,28040,-26090.0
1235.033,28050,28050,-26100.0
1235.197,28060,28060,-26110.0
1235.36,28070,28070,-26120.0
1235.524,28080,28080,-26130.0
1235.688,28090,28090,-26140.0
1235.852,28100,28100,-26150.0
1236.017,28110,28110,-26160.0
1236.182,28120,28120,-26170.0
1236.347,28130,28130,-26180.0
1236.513,28140,28140,-26190.0
1236.68,28150,28150,-26200.0
1236.847,28160,28160,-26210.0
1237.014,28170,28170,-26220.0
1237.182,28180,28180,-26230.0
1237.351,28190,28190,-26240.0
1237.521,28200,28200,-26250.0
1237.691,28210,28210,-26260.0
1237.862,28220,28220,-26270.0
1238.033,28230,28230,-26280.0
1238.205,28240,28240,-26290.0
1238.377,28250,28250,-26300.0
1238.55,28260,28260,-26310.0
1238.723,28270,28270,-26320.0
1238.897,28280,28280,-26330.0
1239.07,28290,28290,-26340.0
1239.244,28300,28300,-26350.0
1239.417,28310,28310,-26360.0
1239.59,28320,28320,-26370.0
1239.763,28330,28330,-26380.0
1239.935,28340,28340,-26390.0
1240.106,28350,28350,-26400.0
1240.275,28360,28360,-26410.0
1240.444,28370,28370,-26420.0
1240.611,28380,28380,-26430.0
1240.776,28390,28390,-26440.0
1240.939,28400,28400,-26450.0
1241.1,28410,28410,-26460.0
1241.259,28420,28420,-26470.0
1241.416,28430,28430,-26480.0
1241.572,28440,28440,-26490.0
1241.727,28450,28450,-26500.0
1241.88,28460,28460,-26510.0
1242.034,28470,28470,-26520.0
1242.187,28480,28480,-26530.0
1242.341,28490,28490,-26540.0
1242.496,28500,28500,-26550.0
1242.653,28510,28510,-26560.0
1242.81,28520,28520,-26570.0
1242.97,28530,28530,-26580.0
1243.131,28540,28540,-26590.0
1243.294,28550,28550,-26600.0
1243.458,28560,28560,-26610.0
1243.625,28570,28570,-26620.0
1243.792,28580,28580,-26630.0
1243.962,28590,28590,-26640.0
1244.133,28600,28600,-26650.0
1244.305,28610,28610,-26660.0
1244.478,28620,28620,-26670.0
1244.652,28630,28630,-26680.0
1244.827,28640,28640,-26690.0
1245.002,28650,28650,-26700.0
1245.178,28660,28660,-26710.0
1245.355,28670,28670,-26720.0
1245.531,28680,28680,-26730.0
1245.708,28690,28690,-26740.0
1245.885,28700,28700,-26750.0
1246.062,28710,28710,-26760.0
1246.239,28720,28720,-26770.0
1246.416,28730,28730,-26780.0
1246.593,28740,28740,-26790.0
1246.77,28750,28750,-26800.0
1246.946,28760,28760,-26810.0
1247.123,28770,28770,-26820.0
1247.299,28780,28780,-26830.0
1247.475,28790,28790,-26840.0
1247.651,28800,28800,-26850.0
1247.827,28810,28810,-26860.0
1248.002,28820,28820,-26870.0
1248.177,28830,28830,-26880.0
1248.352,28840,28840,-26890.0
1248.528,28850,28850,-26900.0
1248.703,28860,28860,-26910.0
1248.877,28870,28870,-26920.0
1249.052,28880,28880,-26930.0
1249.227,28890,28890,-26940.0
1249.402,28900,28900,-26950.0
1249.577,28910,28910,-26960.0
1249.753,28920,28920,-26970.0
1249.928,28930,28930,-26980.0
1250.104,28940,28940,-26990.0
1250.28,28950,28950,-27000.0
1250.456,28960,28960,-27010.0
1250.633,28970,28970,-27020.0
1250.81,28980,28980,-27030.0
1250.987,28990,28990,-27040.0
1251.165,29000,29000,-27050.0
1251.344,29010,29010,-27060.0
1251.523,29020,29020,-27070.0
1251.702,29030,29030,-27080.0
1251.882,29040,29040,-27090.0
1252.063,29050,29050,-27100.0
1252.245,29060,29060,-27110.0
1252.427,29070,29070,-27120.0
1252.609,29080,29080,-27130.0
1252.793,29090,29090,-27140.0
1252.977,29100,29100,-27150.0
1253.162,29110,29110,-27160.0
1253.347,29120,29120,-27170.0
1253.534,29130,29130,-27180.0
1253.721,29140,29140,-27190.0
1253.908,29150,29150,-27200.0
1254.097,29160,29160,-27210.0
1254.286,29170,29170,-27220.0
1254.476,29180,29180,-27230.0
1254.667,29190,29190,-27240.0
1254.858,29200,29200,-27250.0
1255.05,29210,29210,-27260.0
1255.243,29220,29220,-27270.0
1255.437,29230,29230,-27280.0
1255.631,29240,29240,-27290.0
1255.826,29250,29250,-27300.0
1256.022,29260,29260,-27310.0
1256.218,29270,29270,-27320.0
1256.415,29280,29280,-27330.0
1256.613,29290,29290,-27340.0
1256.812,29300,29300,-27350.0
1257.01,29310,29310,-27360.0
1257.21,29320,29320,-27370.0
1257.41,29330,29330,-27380.0
1257.611,29340,29340,-27390.0
1257.812,29350,29350,-27400.0
1258.014,29360,29360,-27410.0
1258.216,29370,29370,-27420.0
1258.419,29380,29380,-27430.0
1258.622,29390,29390,-27440.0
1258.825,29400,29400,-27450.0
1259.029,29410,29410,-27460.0
1259.234,29420,29420,-27470.0
1259.439,29430,29430,-27480.0
1259.644,29440,29440,-27490.0
1259.849,29450,29450,-27500.0
1260.055,29460,29460,-27510.0
1260.26,29470,29470,-27520.0
1260.467,29480,29480,-27530.0
1260.673,29490,29490,-27540.0
1260.879,29500,29500,-27550.0
1261.086,29510,29510,-27560.0
1261.293,29520,29520,-27570.0
1261.5,29530,29530,-27580.0
1261.707,29540,29540,-27590.0
1261.913,29550,29550,-27600.0
1262.12,29560,29560,-27610.0
1262.327,29570,29570,-27620.0
1262.534,29580,29580,-27630.0
1262.741,29590,29590,-27640.0
1262.948,29600,29600,-27650.0
1263.155,29610,29610,-27660.0
1263.361,29620,29620,-27670.0
1263.567,29630,29630,-27680.0
1263.774,29640,29640,-27690.0
1263.98,29650,29650,-27700.0
1264.185,29660,29660,-27710.0
1264.391,29670,29670,-27720.0
1264.596,29680,29680,-27730.0
1264.801,29690,29690,-27740.0
1265.006,29700,29700,-27750.0
1265.21,29710,29710,-27760.0
1265.414,29720,29720,-27770.0
1265.618,29730,29730,-27780.0
1265.821,29740,29740,-27790.0
1266.024,29750,29750,-27800.0
1266.227,29760,29760,-27810.0
1266.429,29770,29770,-27820.0
1266.63,29780,29780,-27830.0
1266.832,29790,29790,-27840.0
1267.033,29800,29800,-27850.0
1267.233,29810,29810,-27860.0
1267.433,29820,29820,-27870.0
1267.632,29830,29830,-27880.0
1267.831,29840,29840,-27890.0
1268.03,29850,29850,-27900.0
1268.228,29860,29860,-27910.0
1268.425,29870,29870,-27920.0
1268.622,29880,29880,-27930.0
1268.819,29890,29890,-27940.0
1269.015,29900,29900,-27950.0
1269.21,29910,29910,-27960.0
1269.405,29920,29920,-27970.0
1269.6,29930,29930,-27980.0
1269.794,29940,29940,-27990.0
1269.987,29950,29950,-28000.0
1270.18,29960,29960,-28010.0
1270.373,29970,29970,-28020.0
1270.565,29980,29980,-28030.0
1270.756,29990,29990,-28040.0
1270.947,30000,30000,-28050.0
1271.138,30010,30010,-28060.0
1271.328,30020,30020,-28070.0
1271.518,30030,30030,-28080.0
1271.707,30040,30040,-28090.0
1271.896,30050,30050,-28100.0
1272.084,30060,30060,-28110.0
1272.272,30070,30070,-28120.0
1272.459,30080,30080,-28130.0
1272.646,30090,30090,-28140.0
1272.833,30100,30100,-28150.0
1273.019,30110,30110,-28160.0
1273.205,30120,30120,-28170.0
1273.391,30130,30130,-28180.0
1273.576,30140,30140,-28190.0
1273.761,30150,30150,-28200.0
1273.946,30160,30160,-28210.0
1274.13,30170,30170,-28220.0
1274.314,30180,30180,-28230.0
1274.498,30190,30190,-28240.0
1274.682,30200,30200,-28250.0
1274.865,30210,30210,-28260.0
1275.048,30220,30220,-28270.0
1275.232,30230,30230,-28280.0
1275.415,30240,30240,-28290.0
1275.598,30250,30250,-28300.0
1275.78,30260,30260,-28310.0
1275.963,30270,30270,-28320.0
1276.146,30280,30280,-28330.0
1276.329,30290,30290,-28340.0
1276.512,30300,30300,-28350.0
1276.695,30310,30310,-28360.0
1276.878,30320,30320,-28370.0
1277.061,30330,30330,-28380.0
1277.244,30340,30340,-28390.0
1277.427,30350,30350,-28400.0
1277.611,30360,30360,-28410.0
1277.795,30370,30370,-28420.0
1277.979,30380,30380,-28430.0
1278.163,30390,30390,-28440.0
1278.347,30400,30400,-28450.0
1278.532,30410,30410,-28460.0
1278.717,30420,30420,-28470.0
1278.903,30430,30430,-28480.0
1279.089,30440,30440,-28490.0
1279.275,30450,30450,-28500.0
1279.462,30460,30460,-28510.0
1279.649,30470,30470,-28520.0
1279.836,30480,30480,-28530.0
1280.024,30490,30490,-28540.0
1280.213,30500,30500,-28550.0
1280.402,30510,30510,-28560.0
1280.591,30520,30520,-28570.0
1280.781,30530,30530,-28580.0
1280.971,30540,30540,-28590.0
1281.162,30550,30550,-28600.0
1281.353,30560,30560,-28610.0
1281.545,30570,30570,-28620.0
1281.738,30580,30580,-28630.0
1281.93,30590,30590,-28640.0
1282.124,30600,30600,-28650.0
1282.318,30610,30610,-28660.0
1282.512,30620,30620,-28670.0
1282.707,30630,30630,-28680.0
1282.903,30640,30640,-28690.0
1283.099,30650,30650,-28700.0
1283.295,30660,30660,-28710.0
1283.492,30670,30670,-28720.0
1283.689,30680,30680,-28730.0
1283.887,30690,30690,-28740.0
1284.086,30700,30700,-28750.0
1284.284,30710,30710,-28760.0
1284.484,30720,30720,-28770.0
1284.683,30730,30730,-28780.0
1284.883,30740,30740,-28790.0
1285.084,30750,30750,-28800.0
1285.285,30760,30760,-28810.0
1285.486,30770,30770,-28820.0
1285.687,30780,30780,-28830.0
1285.889,30790,30790,-28840.0
1286.092,30800,30800,-28850.0
1286.294,30810,30810,-28860.0
1286.497,30820,30820,-28870.0
1286.7,30830,30830,-28880.0
1286.904,30840,30840,-28890.0
1287.107,30850,30850,-28900.0
1287.311,30860,30860,-28910.0
1287.515,30870,30870,-28920.0
1287.72,30880,30880,-28930.0
1287.924,30890,30890,-28940.0
1288.128,30900,30900,-28950.0
1288.333,30910,30910,-28960.0
1288.538,30920,30920,-28970.0
1288.743,30930,30930,-28980.0
1288.947,30940,30940,-28990.0
1289.152,30950,30950,-29000.0
1289.357,30960,30960,-29010.0
1289.562,30970,30970,-29020.0
1289.767,30980,30980,-29030.0
1289.971,30990,30990,-29040.0
1290.176,31000,31000,-29050.0
1290.38,31010,31010,-29060.0
1290.585,31020,31020,-29070.0
1290.789,31030,31030,-29080.0
1290.993,31040,31040,-29090.0
1291.196,31050,31050,-29100.0
1291.4,31060,31060,-29110.0
1291.603,31070,31070,-29120.0
1291.806,31080,31080,-29130.0
1292.008,31090,31090,-29140.0
1292.21,31100,31100,-29150.0
1292.412,31110,31110,-29160.0
1292.614,31120,31120,-29170.0
1292.815,31130,31130,-29180.0
1293.015,31140,31140,-29190.0
1293.215,31150,31150,-29200.0
1293.415,31160,31160,-29210.0
1293.614,31170,31170,-29220.0
1293.812,31180,31180,-29230.0
1294.01,31190,31190,-29240.0
1294.207,31200,31200,-29250.0
1294.404,31210,31210,-29260.0
1294.6,31220,31220,-29270.0
1294.795,31230,31230,-29280.0
1294.99,31240,31240,-29290.0
1295.184,31250,31250,-29300.0
1295.377,31260,31260,-29310.0
1295.57,31270,31270,-29320.0
1295.761,31280,31280,-29330.0
1295.952,31290,31290,-29340.0
1296.142,31300,31300,-29350.0
1296.332,31310,31310,-29360.0
1296.52,31320,31320,-29370.0
1296.708,31330,31330,-29380.0
1296.894,31340,31340,-29390.0
1297.08,31350,31350,-29400.0
1297.265,31360,31360,-29410.0
1297.449,31370,31370,-29420.0
1297.632,31380,31380,-29430.0
1297.814,31390,31390,-29440.0
1297.995,31400,31400,-29450.0
1298.175,31410,31410,-29460.0
1298.354,31420,31420,-29470.0
1298.532,31430,31430,-29480.0
1298.708,31440,31440,-29490.0
1298.884,31450,31450,-29500.0
1299.059,31460,31460,-29510.0
1299.233,31470,31470,-29520.0
1299.406,31480,31480,-29530.0
1299.578,31490,31490,-29540.0
1299.748,31500,31500,-29550.0
1299.918,31510,31510,-29560.0
1300.086,31520,31520,-29570.0
1300.254,31530,31530,-29580.0
1300.42,31540,31540,-29590.0
1300.585,31550,31550,-29600.0
1300.749,31560,31560,-29610.0
1300.913,31570,31570,-29620.0
1301.075,31580,31580,-29630.0
1301.236,31590,31590,-29640.0
1301.395,31600,31600,-29650.0
1301.554,31610,31610,-29660.0
1301.712,31620,31620,-29670.0
1301.869,31630,31630,-29680.0
1302.024,31640,31640,-29690.0
1302.179,31650,31650,-29700.0
1302.333,31660,31660,-29710.0
1302.485,31670,31670,-29720.0
1302.637,31680,31680,-29730.0
1302.788,31690,31690,-29740.0
1302.938,31700,31700,-29750.0
1303.086,31710,31710,-29760.0
1303.234,31720,31720,-29770.0
1303.381,31730,31730,-29780.0
1303.528,31740,31740,-29790.0
1303.673,31750,31750,-29800.0
1303.817,31760,31760,-29810.0
1303.961,31770,31770,-29820.0
1304.104,31780,31780,-29830.0
1304.246,31790,31790,-29840.0
1304.388,31800,31800,-29850.0
1304.528,31810,31810,-29860.0
1304.668,31820,31820,-29870.0
1304.808,31830,31830,-29880.0
1304.946,31840,31840,-29890.0
1305.085,31850,31850,-29900.0
1305.222,31860,31860,-29910.0
1305.36,31870,31870,-29920.0
1305.496,31880,31880,-29930.0
1305.632,31890,31890,-29940.0
1305.768,31900,31900,-29950.0
1305.904,31910,31910,-29960.0
1306.039,31920,31920,-29970.0
1306.174,31930,31930,-29980.0
1306.308,31940,31940,-29990.0
1306.442,31950,31950,-30000.0
1306.577,31960,31960,-30010.0
1306.711,31970,31970,-30020.0
1306.845,31980,31980,-30030.0
1306.978,31990,31990,-30040.0
1307.112,32000,32000,-30050.0
1307.246,32010,32010,-30060.0
1307.38,32020,32020,-30070.0
1307.514,32030,32030,-30080.0
1307.648,32040,32040,-30090.0
1307.783,32050,32050,-30100.0
1307.918,32060,32060,-30110.0
1308.052,32070,32070,-30120.0
1308.188,32080,32080,-30130.0
1308.323,32090,32090,-30140.0
1308.459,32100,32100,-30150.0
1308.595,32110,32110,-30160.0
1308.732,32120,32120,-30170.0
1308.869,32130,32130,-30180.0
1309.007,32140,32140,-30190.0
1309.145,32150,32150,-30200.0
1309.284,32160,32160,-30210.0
1309.423,32170,32170,-30220.0
1309.563,32180,32180,-30230.0
1309.703,32190,32190,-30240.0
1309.843,32200,32200,-30250.0
1309.985,32210,32210,-30260.0
1310.127,32220,32220,-30270.0
1310.269,32230,32230,-30280.0
1310.412,32240,32240,-30290.0
1310.555,32250,32250,-30300.0
1310.699,32260,32260,-30310.0
1310.843,32270,32270,-30320.0
1310.988,32280,32280,-30330.0
1311.133,32290,32290,-30340.0
1311.279,32300,32300,-30350.0
1311.424,32310,32310,-30360.0
1311.571,32320,32320,-30370.0
1311.717,32330,32330,-30380.0
1311.864,32340,32340,-30390.0
1312.011,32350,32350,-30400.0
1312.158,32360,32360,-30410.0
1312.305,32370,32370,-30420.0
1312.452,32380,32380,-30430.0
1312.6,32390,32390,-30440.0
1312.747,32400,32400,-30450.0
1312.895,32410,32410,-30460.0
1313.043,32420,32420,-30470.0
1313.19,32430,32430,-30480.0
1313.338,32440,32440,-30490.0
1313.486,32450,32450,-30500.0
1313.633,32460,32460,-30510.0
1313.781,32470,32470,-30520.0
1313.928,32480,32480,-30530.0
1314.075,32490,32490,-30540.0
1314.223,32500,32500,-30550.0
1314.37,32510,32510,-30560.0
1314.517,32520,32520,-30570.0
1314.664,32530,32530,-30580.0
1314.812,32540,32540,-30590.0
1314.959,32550,32550,-30600.0
1315.107,32560,32560,-30610.0
1315.254,32570,32570,-30620.0
1315.402,32580,32580,-30630.0
1315.551,32590,32590,-30640.0
1315.7,32600,32600,-30650.0
1315.85,32610,32610,-30660.0
1316.0,32620,32620,-30670.0
1316.152,32630,32630,-30680.0
1316.305,32640,32640,-30690.0
1316.459,32650,32650,-30700.0
1316.614,32660,32660,-30710.0
1316.771,32670,32670,-30720.0
1316.93,32680,32680,-30730.0
1317.09,32690,32690,-30740.0
1317.252,32700,32700,-30750.0
1317.416,32710,32710,-30760.0
1317.581,32720,32720,-30770.0
1317.748,32730,32730,-30780.0
1317.917,32740,32740,-30790.0
1318.087,32750,32750,-30800.0
1318.258,32760,32760,-30810.0
1318.431,32770,32770,-30820.0
1318.604,32780,32780,-30830.0
1318.779,32790,32790,-30840.0
1318.954,32800,32800,-30850.0
1319.13,32810,32810,-30860.0
1319.306,32820,32820,-30870.0
1319.482,32830,32830,-30880.0
1319.659,32840,32840,-30890.0
1319.836,32850,32850,-30900.0
1320.013,32860,32860,-30910.0
1320.191,32870,32870,-30920.0
1320.368,32880,32880,-30930.0
1320.546,32890,32890,-30940.0
1320.724,32900,32900,-30950.0
1320.902,32910,32910,-30960.0
1321.08,32920,32920,-30970.0
1321.258,32930,32930,-30980.0
1321.437,32940,32940,-30990.0
1321.615,32950,32950,-31000.0
1321.795,32960,32960,-31010.0
1321.974,32970,32970,-31020.0
1322.154,32980,32980,-31030.0
1322.335,32990,32990,-31040.0
1322.516,33000,33000,-31050.0
1322.697,33010,33010,-31060.0
1322.88,33020,33020,-31070.0
1323.063,33030,33030,-31080.0
1323.247,33040,33040,-31090.0
1323.432,33050,33050,-31100.0
1323.618,33060,33060,-31110.0
1323.805,33070,33070,-31120.0
1323.994,33080,33080,-31130.0
1324.183,33090,33090,-31140.0
1324.374,33100,33100,-31150.0
1324.566,33110,33110,-31160.0
1324.759,33120,33120,-31170.0
1324.953,33130,33130,-31180.0
1325.149,33140,33140,-31190.0
1325.347,33150,33150,-31200.0
1325.546,33160,33160,-31210.0
1325.746,33170,33170,-31220.0
1325.947,33180,33180,-31230.0
1326.15,33190,33190,-31240.0
1326.354,33200,33200,-31250.0
1326.559,33210,33210,-31260.0
1326.765,33220,33220,-31270.0
1326.973,33230,33230,-31280.0
1327.181,33240,33240,-31290.0
1327.39,33250,33250,-31300.0
1327.6,33260,33260,-31310.0
1327.81,33270,33270,-31320.0
1328.02,33280,33280,-31330.0
1328.231,33290,33290,-31340.0
1328.441,33300,33300,-31350.0
1328.65,33310,33310,-31360.0
1328.859,33320,33320,-31370.0
1329.067,33330,33330,-31380.0
1329.274,33340,33340,-31390.0
1329.478,33350,33350,-31400.0
1329.681,33360,33360,-31410.0
1329.883,33370,33370,-31420.0
1330.082,33380,33380,-31430.0
1330.28,33390,33390,-31440.0
1330.476,33400,33400,-31450.0
1330.671,33410,33410,-31460.0
1330.864,33420,33420,-31470.0
1331.056,33430,33430,-31480.0
1331.248,33440,33440,-31490.0
1331.438,33450,33450,-31500.0
1331.628,33460,33460,-31510.0
1331.816,33470,33470,-31520.0
1332.005,33480,33480,-31530.0
1332.192,33490,33490,-31540.0
1332.38,33500,33500,-31550.0
1332.567,33510,33510,-31560.0
1332.753,33520,33520,-31570.0
1332.94,33530,33530,-31580.0
1333.126,33540,33540,-31590.0
1333.312,33550,33550,-31600.0
1333.499,33560,33560,-31610.0
1333.685,33570,33570,-31620.0
1333.871,33580,33580,-31630.0
1334.058,33590,33590,-31640.0
1334.245,33600,33600,-31650.0
1334.432,33610,33610,-31660.0
1334.619,33620,33620,-31670.0
1334.806,33630,33630,-31680.0
1334.994,33640,33640,-31690.0
1335.182,33650,33650,-31700.0
1335.371,33660,33660,-31710.0
1335.56,33670,33670,-31720.0
1335.749,33680,33680,-31730.0
1335.939,33690,33690,-31740.0
1336.129,33700,33700,-31750.0
1336.32,33710,33710,-31760.0
1336.511,33720,33720,-31770.0
1336.702,33730,33730,-31780.0
1336.894,33740,33740,-31790.0
1337.086,33750,33750,-31800.0
1337.279,33760,33760,-31810.0
1337.472,33770,33770,-31820.0
1337.666,33780,33780,-31830.0
1337.86,33790,33790,-31840.0
1338.054,33800,33800,-31850.0
1338.249,33810,33810,-31860.0
1338.444,33820,33820,-31870.0
1338.639,33830,33830,-31880.0
1338.835,33840,33840,-31890.0
1339.031,33850,33850,-31900.0
1339.227,33860,33860,-31910.0
1339.423,33870,33870,-31920.0
1339.62,33880,33880,-31930.0
1339.817,33890,33890,-31940.0
1340.014,33900,33900,-31950.0
1340.211,33910,33910,-31960.0
1340.408,33920,33920,-31970.0
1340.606,33930,33930,-31980.0
1340.803,33940,33940,-31990.0
1341.0,33950,33950,-32000.0
1341.197,33960,33960,-32010.0
1341.395,33970,33970,-32020.0
1341.592,33980,33980,-32030.0
1341.789,33990,33990,-32040.0
1341.986,34000,34000,-32050.0
1342.183,34010,34010,-32060.0
1342.379,34020,34020,-32070.0
1342.575,34030,34030,-32080.0
1342.772,34040,34040,-32090.0
1342.967,34050,34050,-32100.0
1343.163,34060,34060,-32110.0
1343.358,34070,34070,-32120.0
1343.553,34080,34080,-32130.0
1343.747,34090,34090,-32140.0
1343.941,34100,34100,-32150.0
1344.135,34110,34110,-32160.0
1344.328,34120,34120,-32170.0
1344.52,34130,34130,-32180.0
1344.712,34140,34140,-32190.0
1344.904,34150,34150,-32200.0
1345.095,34160,34160,-32210.0
1345.286,34170,34170,-32220.0
1345.476,34180,34180,-32230.0
1345.665,34190,34190,-32240.0
1345.854,34200,34200,-32250.0
1346.043,34210,34210,-32260.0
1346.23,34220,34220,-32270.0
1346.418,34230,34230,-32280.0
1346.604,34240,34240,-32290.0
1346.791,34250,34250,-32300.0
1346.976,34260,34260,-32310.0
1347.162,34270,34270,-32320.0
1347.346,34280,34280,-32330.0
1347.531,34290,34290,-32340.0
1347.714,34300,34300,-32350.0
1347.898,34310,34310,-32360.0
1348.081,34320,34320,-32370.0
1348.263,34330,34330,-32380.0
1348.446,34340,34340,-32390.0
1348.628,34350,34350,-32400.0
1348.809,34360,34360,-32410.0
1348.991,34370,34370,-32420.0
1349.172,34380,34380,-32430.0
1349.354,34390,34390,-32440.0
1349.535,34400,34400,-32450.0
1349.717,34410,34410,-32460.0
1349.898,34420,34420,-32470.0
1350.08,34430,34430,-32480.0
1350.262,34440,34440,-32490.0
1350.444,34450,34450,-32500.0
1350.627,34460,34460,-32510.0
1350.81,34470,34470,-32520.0
1350.994,34480,34480,-32530.0
1351.178,34490,34490,-32540.0
1351.363,34500,34500,-32550.0
1351.549,34510,34510,-32560.0
1351.735,34520,34520,-32570.0
1351.922,34530,34530,-32580.0
1352.11,34540,34540,-32590.0
1352.299,34550,34550,-32600.0
1352.488,34560,34560,-32610.0
1352.679,34570,34570,-32620.0
1352.87,34580,34580,-32630.0
1353.062,34590,34590,-32640.0
1353.255,34600,34600,-32650.0
1353.449,34610,34610,-32660.0
1353.643,34620,34620,-32670.0
1353.838,34630,34630,-32680.0
1354.033,34640,34640,-32690.0
1354.229,34650,34650,-32700.0
1354.426,34660,34660,-32710.0
1354.623,34670,34670,-32720.0
1354.82,34680,34680,-32730.0
1355.018,34690,34690,-32740.0
1355.215,34700,34700,-32750.0
1355.414,34710,34710,-32760.0
1355.612,34720,34720,-32770.0
1355.811,34730,34730,-32780.0
1356.009,34740,34740,-32790.0
1356.209,34750,34750,-32800.0
1356.408,34760,34760,-32810.0
1356.608,34770,34770,-32820.0
1356.809,34780,34780,-32830.0
1357.011,34790,34790,-32840.0
1357.213,34800,34800,-32850.0
1357.416,34810,34810,-32860.0
1357.62,34820,34820,-32870.0
1357.825,34830,34830,-32880.0
1358.032,34840,34840,-32890.0
1358.239,34850,34850,-32900.0
1358.448,34860,34860,-32910.0
1358.657,34870,34870,-32920.0
1358.867,34880,34880,-32930.0
1359.078,34890,34890,-32940.0
1359.289,34900,34900,-32950.0
1359.501,34910,34910,-32960.0
1359.713,34920,34920,-32970.0
1359.926,34930,34930,-32980.0
1360.139,34940,34940,-32990.0
1360.353,34950,34950,-33000.0
1360.567,34960,34960,-33010.0
1360.783,34970,34970,-33020.0
1360.999,34980,34980,-33030.0
1361.216,34990,34990,-33040.0
1361.434,35000,35000,-33050.0
1361.652,35010,35010,-33060.0
1361.872,35020,35020,-33070.0
1362.093,35030,35030,-33080.0
1362.315,35040,35040,-33090.0
1362.538,35050,35050,-33100.0
1362.762,35060,35060,-33110.0
1362.987,35070,35070,-33120.0
1363.213,35080,35080,-33130.0
1363.439,35090,35090,-33140.0
1363.667,35100,35100,-33150.0
1363.896,35110,35110,-33160.0
1364.125,35120,35120,-33170.0
1364.355,35130,35130,-33180.0
1364.586,35140,35140,-33190.0
1364.817,35150,35150,-33200.0
1365.049,35160,35160,-33210.0
1365.282,35170,35170,-33220.0
1365.515,35180,35180,-33230.0
1365.748,35190,35190,-33240.0
1365.982,35200,35200,-33250.0
1366.216,35210,35210,-33260.0
1366.451,35220,35220,-33270.0
1366.685,35230,35230,-33280.0
1366.92,35240,35240,-33290.0
1367.154,35250,35250,-33300.0
1367.389,35260,35260,-33310.0
1367.624,35270,35270,-33320.0
1367.858,35280,35280,-33330.0
1368.092,35290,35290,-33340.0
1368.327,35300,35300,-33350.0
1368.561,35310,35310,-33360.0
1368.794,35320,35320,-33370.0
1369.028,35330,35330,-33380.0
1369.261,35340,35340,-33390.0
1369.494,35350,35350,-33400.0
1369.726,35360,35360,-33410.0
1369.959,35370,35370,-33420.0
1370.191,35380,35380,-33430.0
1370.422,35390,35390,-33440.0
1370.654,35400,35400,-33450.0
1370.885,35410,35410,-33460.0
1371.116,35420,35420,-33470.0
1371.347,35430,35430,-33480.0
1371.578,35440,35440,-33490.0
1371.809,35450,35450,-33500.0
1372.039,35460,35460,-33510.0
1372.27,35470,35470,-33520.0
1372.5,35480,35480,-33530.0
1372.731,35490,35490,-33540.0
1372.962,35500,35500,-33550.0
1373.193,35510,35510,-33560.0
1373.424,35520,35520,-33570.0
1373.655,35530,35530,-33580.0
1373.886,35540,35540,-33590.0
1374.118,35550,35550,-33600.0
1374.35,35560,35560,-33610.0
1374.583,35570,35570,-33620.0
1374.816,35580,35580,-33630.0
1375.049,35590,35590,-33640.0
1375.283,35600,35600,-33650.0
1375.517,35610,35610,-33660.0
1375.752,35620,35620,-33670.0
1375.988,35630,35630,-33680.0
1376.224,35640,35640,-33690.0
1376.461,35650,35650,-33700.0
1376.698,35660,35660,-33710.0
1376.936,35670,35670,-33720.0
1377.175,35680,35680,-33730.0
1377.414,35690,35690,-33740.0
1377.654,35700,35700,-33750.0
1377.895,35710,35710,-33760.0
1378.136,35720,35720,-33770.0
1378.378,35730,35730,-33780.0
1378.62,35740,35740,-33790.0
1378.863,35750,35750,-33800.0
1379.106,35760,35760,-33810.0
1379.35,35770,35770,-33820.0
1379.595,35780,35780,-33830.0
1379.839,35790,35790,-33840.0
1380.084,35800,35800,-33850.0
1380.329,35810,35810,-33860.0
1380.575,35820,35820,-33870.0
1380.82,35830,35830,-33880.0
1381.066,35840,35840,-33890.0
1381.311,35850,35850,-33900.0
1381.557,35860,35860,-33910.0
1381.802,35870,35870,-33920.0
1382.047,35880,35880,-33930.0
1382.292,35890,35890,-33940.0
1382.536,35900,35900,-33950.0
1382.78,35910,35910,-33960.0
1383.024,35920,35920,-33970.0
1383.267,35930,35930,-33980.0
1383.509,35940,35940,-33990.0
1383.751,35950,35950,-34000.0
1383.992,35960,35960,-34010.0
1384.233,35970,35970,-34020.0
1384.473,35980,35980,-34030.0
1384.712,35990,35990,-34040.0
1384.951,36000,36000,-34050.0
1385.189,36010,36010,-34060.0
1385.427,36020,36020,-34070.0
1385.666,36030,36030,-34080.0
1385.905,36040,36040,-34090.0
1386.144,36050,36050,-34100.0
1386.384,36060,36060,-34110.0
1386.626,36070,36070,-34120.0
1386.868,36080,36080,-34130.0
1387.11,36090,36090,-34140.0
1387.354,36100,36100,-34150.0
1387.599,36110,36110,-34160.0
1387.844,36120,36120,-34170.0
1388.089,36130,36130,-34180.0
1388.335,36140,36140,-34190.0
1388.582,36150,36150,-34200.0
1388.828,36160,36160,-34210.0
1389.075,36170,36170,-34220.0
1389.322,36180,36180,-34230.0
1389.568,36190,36190,-34240.0
1389.814,36200,36200,-34250.0
1390.06,36210,36210,-34260.0
1390.305,36220,36220,-34270.0
1390.55,36230,36230,-34280.0
1390.794,36240,36240,-34290.0
1391.038,36250,36250,-34300.0
1391.281,36260,36260,-34310.0
1391.523,36270,36270,-34320.0
1391.765,36280,36280,-34330.0
1392.007,36290,36290,-34340.0
1392.249,36300,36300,-34350.0
1392.49,36310,36310,-34360.0
1392.731,36320,36320,-34370.0
1392.972,36330,36330,-34380.0
1393.212,36340,36340,-34390.0
1393.453,36350,36350,-34400.0
1393.694,36360,36360,-34410.0
1393.935,36370,36370,-34420.0
1394.177,36380,36380,-34430.0
1394.418,36390,36390,-34440.0
1394.661,36400,36400,-34450.0
1394.903,36410,36410,-34460.0
1395.146,36420,36420,-34470.0
1395.39,36430,36430,-34480.0
1395.634,36440,36440,-34490.0
1395.879,36450,36450,-34500.0
1396.124,36460,36460,-34510.0
1396.37,36470,36470,-34520.0
1396.616,36480,36480,-34530.0
1396.862,36490,36490,-34540.0
1397.109,36500,36500,-34550.0
1397.357,36510,36510,-34560.0
1397.605,36520,36520,-34570.0
1397.853,36530,36530,-34580.0
1398.101,36540,36540,-34590.0
1398.349,36550,36550,-34600.0
1398.598,36560,36560,-34610.0
1398.846,36570,36570,-34620.0
1399.094,36580,36580,-34630.0
1399.343,36590,36590,-34640.0
1399.591,36600,36600,-34650.0
1399.838,36610,36610,-34660.0
1400.086,36620,36620,-34670.0
1400.333,36630,36630,-34680.0
1400.579,36640,36640,-34690.0
1400.825,36650,36650,-34700.0
1401.07,36660,36660,-34710.0
1401.315,36670,36670,-34720.0
1401.559,36680,36680,-34730.0
1401.802,36690,36690,-34740.0
1402.044,36700,36700,-34750.0
1402.286,36710,36710,-34760.0
1402.526,36720,36720,-34770.0
1402.766,36730,36730,-34780.0
1403.005,36740,36740,-34790.0
1403.243,36750,36750,-34800.0
1403.48,36760,36760,-34810.0
1403.716,36770,36770,-34820.0
1403.951,36780,36780,-34830.0
1404.186,36790,36790,-34840.0
1404.42,36800,36800,-34850.0
1404.653,36810,36810,-34860.0
1404.885,36820,36820,-34870.0
1405.117,36830,36830,-34880.0
1405.349,36840,36840,-34890.0
1405.58,36850,36850,-34900.0
1405.811,36860,36860,-34910.0
1406.042,36870,36870,-34920.0
1406.272,36880,36880,-34930.0
1406.503,36890,36890,-34940.0
1406.734,36900,36900,-34950.0
1406.965,36910,36910,-34960.0
1407.196,36920,36920,-34970.0
1407.427,36930,36930,-34980.0
1407.659,36940,36940,-34990.0
1407.891,36950,36950,-35000.0
1408.124,36960,36960,-35010.0
1408.357,36970,36970,-35020.0
1408.59,36980,36980,-35030.0
1408.824,36990,36990,-35040.0
1409.058,37000,37000,-35050.0
1409.293,37010,37010,-35060.0
1409.528,37020,37020,-35070.0
1409.764,37030,37030,-35080.0
1410.0,37040,37040,-35090.0
1410.236,37050,37050,-35100.0
1410.472,37060,37060,-35110.0
1410.709,37070,37070,-35120.0
1410.946,37080,37080,-35130.0
1411.183,37090,37090,-35140.0
1411.42,37100,37100,-35150.0
1411.657,37110,37110,-35160.0
1411.894,37120,37120,-35170.0
1412.131,37130,37130,-35180.0
1412.368,37140,37140,-35190.0
1412.604,37150,37150,-35200.0
1412.841,37160,37160,-35210.0
1413.077,37170,37170,-35220.0
1413.312,37180,37180,-35230.0
1413.547,37190,37190,-35240.0
1413.782,37200,37200,-35250.0
1414.016,37210,37210,-35260.0
1414.249,37220,37220,-35270.0
1414.482,37230,37230,-35280.0
1414.714,37240,37240,-35290.0
1414.946,37250,37250,-35300.0
1415.177,37260,37260,-35310.0
1415.407,37270,37270,-35320.0
1415.636,37280,37280,-35330.0
1415.865,37290,37290,-35340.0
1416.093,37300,37300,-35350.0
1416.321,37310,37310,-35360.0
1416.548,37320,37320,-35370.0
1416.774,37330,37330,-35380.0
1417.0,37340,37340,-35390.0
1417.226,37350,37350,-35400.0
1417.451,37360,37360,-35410.0
1417.676,37370,37370,-35420.0
1417.901,37380,37380,-35430.0
1418.126,37390,37390,-35440.0
1418.352,37400,37400,-35450.0
1418.578,37410,37410,-35460.0
1418.804,37420,37420,-35470.0
1419.031,37430,37430,-35480.0
1419.259,37440,37440,-35490.0
1419.487,37450,37450,-35500.0
1419.717,37460,37460,-35510.0
1419.946,37470,37470,-35520.0
1420.177,37480,37480,-35530.0
1420.408,37490,37490,-35540.0
1420.639,37500,37500,-35550.0
1420.871,37510,37510,-35560.0
1421.103,37520,37520,-35570.0
1421.334,37530,37530,-35580.0
1421.566,37540,37540,-35590.0
1421.797,37550,37550,-35600.0
1422.028,37560,37560,-35610.0
1422.259,37570,37570,-35620.0
1422.489,37580,37580,-35630.0
1422.719,37590,37590,-35640.0
1422.948,37600,37600,-35650.0
1423.176,37610,37610,-35660.0
1423.404,37620,37620,-35670.0
1423.631,37630,37630,-35680.0
1423.857,37640,37640,-35690.0
1424.083,37650,37650,-35700.0
1424.307,37660,37660,-35710.0
1424.531,37670,37670,-35720.0
1424.755,37680,37680,-35730.0
1424.977,37690,37690,-35740.0
1425.199,37700,37700,-35750.0
1425.42,37710,37710,-35760.0
1425.641,37720,37720,-35770.0
1425.861,37730,37730,-35780.0
1426.08,37740,37740,-35790.0
1426.299,37750,37750,-35800.0
1426.517,37760,37760,-35810.0
1426.735,37770,37770,-35820.0
1426.952,37780,37780,-35830.0
1427.169,37790,37790,-35840.0
1427.386,37800,37800,-35850.0
1427.602,37810,37810,-35860.0
1427.818,37820,37820,-35870.0
1428.034,37830,37830,-35880.0
1428.25,37840,37840,-35890.0
1428.466,37850,37850,-35900.0
1428.682,37860,37860,-35910.0
1428.898,37870,37870,-35920.0
1429.114,37880,37880,-35930.0
1429.331,37890,37890,-35940.0
1429.547,37900,37900,-35950.0
1429.764,37910,37910,-35960.0
1429.981,37920,37920,-35970.0
1430.199,37930,37930,-35980.0
1430.417,37940,37940,-35990.0
1430.635,37950,37950,-36000.0
1430.854,37960,37960,-36010.0
1431.073,37970,37970,-36020.0
1431.293,37980,37980,-36030.0
1431.514,37990,37990,-36040.0
1431.735,38000,38000,-36050.0
1431.956,38010,38010,-36060.0
1432.179,38020,38020,-36070.0
1432.401,38030,38030,-36080.0
1432.625,38040,38040,-36090.0
1432.848,38050,38050,-36100.0
1433.073,38060,38060,-36110.0
1433.297,38070,38070,-36120.0
1433.523,38080,38080,-36130.0
1433.748,38090,38090,-36140.0
1433.974,38100,38100,-36150.0
1434.2,38110,38110,-36160.0
1434.427,38120,38120,-36170.0
1434.653,38130,38130,-36180.0
1434.88,38140,38140,-36190.0
1435.107,38150,38150,-36200.0
1435.334,38160,38160,-36210.0
1435.56,38170,38170,-36220.0
1435.787,38180,38180,-36230.0
1436.014,38190,38190,-36240.0
1436.241,38200,38200,-36250.0
1436.468,38210,38210,-36260.0
1436.696,38220,38220,-36270.0
1436.923,38230,38230,-36280.0
1437.151,38240,38240,-36290.0
1437.379,38250,38250,-36300.0
1437.607,38260,38260,-36310.0
1437.835,38270,38270,-36320.0
1438.064,38280,38280,-36330.0
1438.293,38290,38290,-36340.0
1438.522,38300,38300,-36350.0
1438.752,38310,38310,-36360.0
1438.981,38320,38320,-36370.0
1439.211,38330,38330,-36380.0
1439.44,38340,38340,-36390.0
1439.67,38350,38350,-36400.0
1439.899,38360,38360,-36410.0
1440.129,38370,38370,-36420.0
1440.359,38380,38380,-36430.0
1440.588,38390,38390,-36440.0
1440.817,38400,38400,-36450.0
1441.047,38410,38410,-36460.0
1441.276,38420,38420,-36470.0
1441.505,38430,38430,-36480.0
1441.734,38440,38440,-36490.0
1441.963,38450,38450,-36500.0
1442.192,38460,38460,-36510.0
1442.42,38470,38470,-36520.0
1442.649,38480,38480,-36530.0
1442.878,38490,38490,-36540.0
1443.107,38500,38500,-36550.0
1443.335,38510,38510,-36560.0
1443.564,38520,38520,-36570.0
1443.793,38530,38530,-36580.0
1444.022,38540,38540,-36590.0
1444.251,38550,38550,-36600.0
1444.481,38560,38560,-36610.0
1444.71,38570,38570,-36620.0
1444.94,38580,38580,-36630.0
1445.17,38590,38590,-36640.0
1445.401,38600,38600,-36650.0
1445.632,38610,38610,-36660.0
1445.863,38620,38620,-36670.0
1446.094,38630,38630,-36680.0
1446.327,38640,38640,-36690.0
1446.559,38650,38650,-36700.0
1446.793,38660,38660,-36710.0
1447.027,38670,38670,-36720.0
1447.261,38680,38680,-36730.0
1447.496,38690,38690,-36740.0
1447.732,38700,38700,-36750.0
1447.969,38710,38710,-36760.0
1448.207,38720,38720,-36770.0
1448.445,38730,38730,-36780.0
1448.685,38740,38740,-36790.0
1448.925,38750,38750,-36800.0
1449.166,38760,38760,-36810.0
1449.408,38770,38770,-36820.0
1449.651,38780,38780,-36830.0
1449.896,38790,38790,-36840.0
1450.141,38800,38800,-36850.0
1450.387,38810,38810,-36860.0
1450.635,38820,38820,-36870.0
1450.883,38830,38830,-36880.0
1451.133,38840,38840,-36890.0
1451.384,38850,38850,-36900.0
1451.636,38860,38860,-36910.0
1451.889,38870,38870,-36920.0
1452.143,38880,38880,-36930.0
1452.399,38890,38890,-36940.0
1452.655,38900,38900,-36950.0
1452.913,38910,38910,-36960.0
1453.172,38920,38920,-36970.0
1453.432,38930,38930,-36980.0
1453.693,38940,38940,-36990.0
1453.955,38950,38950,-37000.0
1454.218,38960,38960,-37010.0
1454.482,38970,38970,-37020.0
1454.747,38980,38980,-37030.0
1455.012,38990,38990,-37040.0
1455.279,39000,39000,-37050.0
1455.546,39010,39010,-37060.0
1455.814,39020,39020,-37070.0
1456.083,39030,39030,-37080.0
1456.353,39040,39040,-37090.0
1456.622,39050,39050,-37100.0
1456.893,39060,39060,-37110.0
1457.164,39070,39070,-37120.0
1457.435,39080,39080,-37130.0
1457.706,39090,39090,-37140.0
1457.977,39100,39100,-37150.0
1458.249,39110,39110,-37160.0
1458.52,39120,39120,-37170.0
1458.792,39130,39130,-37180.0
1459.063,39140,39140,-37190.0
1459.334,39150,39150,-37200.0
1459.605,39160,39160,-37210.0
1459.876,39170,39170,-37220.0
1460.146,39180,39180,-37230.0
1460.415,39190,39190,-37240.0
1460.684,39200,39200,-37250.0
1460.953,39210,39210,-37260.0
1461.22,39220,39220,-37270.0
1461.487,39230,39230,-37280.0
1461.753,39240,39240,-37290.0
1462.018,39250,39250,-37300.0
1462.282,39260,39260,-37310.0
1462.545,39270,39270,-37320.0
1462.807,39280,39280,-37330.0
1463.068,39290,39290,-37340.0
1463.328,39300,39300,-37350.0
1463.586,39310,39310,-37360.0
1463.843,39320,39320,-37370.0
1464.099,39330,39330,-37380.0
1464.354,39340,39340,-37390.0
1464.607,39350,39350,-37400.0
1464.859,39360,39360,-37410.0
1465.109,39370,39370,-37420.0
1465.359,39380,39380,-37430.0
1465.607,39390,39390,-37440.0
1465.853,39400,39400,-37450.0
1466.098,39410,39410,-37460.0
1466.342,39420,39420,-37470.0
1466.585,39430,39430,-37480.0
1466.826,39440,39440,-37490.0
1467.066,39450,39450,-37500.0
1467.305,39460,39460,-37510.0
1467.543,39470,39470,-37520.0
1467.78,39480,39480,-37530.0
1468.016,39490,39490,-37540.0
1468.251,39500,39500,-37550.0
1468.485,39510,39510,-37560.0
1468.719,39520,39520,-37570.0
1468.952,39530,39530,-37580.0
1469.185,39540,39540,-37590.0
1469.418,39550,39550,-37600.0
1469.65,39560,39560,-37610.0
1469.883,39570,39570,-37620.0
1470.116,39580,39580,-37630.0
1470.349,39590,39590,-37640.0
1470.582,39600,39600,-37650.0
1470.817,39610,39610,-37660.0
1471.052,39620,39620,-37670.0
1471.289,39630,39630,-37680.0
1471.527,39640,39640,-37690.0
1471.767,39650,39650,-37700.0
1472.007,39660,39660,-37710.0
1472.25,39670,39670,-37720.0
1472.493,39680,39680,-37730.0
1472.738,39690,39690,-37740.0
1472.985,39700,39700,-37750.0
1473.232,39710,39710,-37760.0
1473.481,39720,39720,-37770.0
1473.73,39730,39730,-37780.0
1473.98,39740,39740,-37790.0
1474.231,39750,39750,-37800.0
1474.481,39760,39760,-37810.0
1474.732,39770,39770,-37820.0
1474.983,39780,39780,-37830.0
1475.234,39790,39790,-37840.0
1475.483,39800,39800,-37850.0
1475.733,39810,39810,-37860.0
1475.981,39820,39820,-37870.0
1476.228,39830,39830,-37880.0
1476.473,39840,39840,-37890.0
1476.717,39850,39850,-37900.0
1476.959,39860,39860,-37910.0
1477.199,39870,39870,-37920.0
1477.437,39880,39880,-37930.0
1477.673,39890,39890,-37940.0
1477.907,39900,39900,-37950.0
1478.138,39910,39910,-37960.0
1478.367,39920,39920,-37970.0
1478.594,39930,39930,-37980.0
1478.819,39940,39940,-37990.0
1479.041,39950,39950,-38000.0
1479.261,39960,39960,-38010.0
1479.48,39970,39970,-38020.0
1479.696,39980,39980,-38030.0
1479.912,39990,39990,-38040.0
1480.126,40000,40000,-38050.0
1480.34,40010,40010,-38060.0
1480.553,40020,40020,-38070.0
1480.766,40030,40030,-38080.0
1480.979,40040,40040,-38090.0
1481.192,40050,40050,-38100.0
1481.406,40060,40060,-38110.0
1481.62,40070,40070,-38120.0
1481.835,40080,40080,-38130.0
1482.05,40090,40090,-38140.0
1482.266,40100,40100,-38150.0
1482.483,40110,40110,-38160.0
1482.7,40120,40120,-38170.0
1482.917,40130,40130,-38180.0
1483.135,40140,40140,-38190.0
1483.353,40150,40150,-38200.0
1483.571,40160,40160,-38210.0
1483.789,40170,40170,-38220.0
1484.006,40180,40180,-38230.0
1484.224,40190,40190,-38240.0
1484.441,40200,40200,-38250.0
1484.657,40210,40210,-38260.0
1484.873,40220,40220,-38270.0
1485.088,40230,40230,-38280.0
1485.301,40240,40240,-38290.0
1485.514,40250,40250,-38300.0
1485.726,40260,40260,-38310.0
1485.936,40270,40270,-38320.0
1486.145,40280,40280,-38330.0
1486.353,40290,40290,-38340.0
1486.56,40300,40300,-38350.0
1486.765,40310,40310,-38360.0
1486.969,40320,40320,-38370.0
1487.172,40330,40330,-38380.0
1487.374,40340,40340,-38390.0
1487.575,40350,40350,-38400.0
1487.774,40360,40360,-38410.0
1487.973,40370,40370,-38420.0
1488.171,40380,40380,-38430.0
1488.368,40390,40390,-38440.0
1488.565,40400,40400,-38450.0
1488.761,40410,40410,-38460.0
1488.956,40420,40420,-38470.0
1489.152,40430,40430,-38480.0
1489.346,40440,40440,-38490.0
1489.541,40450,40450,-38500.0
1489.736,40460,40460,-38510.0
1489.931,40470,40470,-38520.0
1490.125,40480,40480,-38530.0
1490.32,40490,40490,-38540.0
1490.515,40500,40500,-38550.0
1490.711,40510,40510,-38560.0
1490.906,40520,40520,-38570.0
1491.102,40530,40530,-38580.0
1491.299,40540,40540,-38590.0
1491.496,40550,40550,-38600.0
1491.694,40560,40560,-38610.0
1491.892,40570,40570,-38620.0
1492.092,40580,40580,-38630.0
1492.291,40590,40590,-38640.0
1492.492,40600,40600,-38650.0
1492.694,40610,40610,-38660.0
1492.896,40620,40620,-38670.0
1493.099,40630,40630,-38680.0
1493.304,40640,40640,-38690.0
1493.509,40650,40650,-38700.0
1493.715,40660,40660,-38710.0
1493.922,40670,40670,-38720.0
1494.13,40680,40680,-38730.0
1494.34,40690,40690,-38740.0
1494.55,40700,40700,-38750.0
1494.762,40710,40710,-38760.0
1494.974,40720,40720,-38770.0
1495.188,40730,40730,-38780.0
1495.403,40740,40740,-38790.0
1495.619,40750,40750,-38800.0
1495.836,40760,40760,-38810.0
1496.055,40770,40770,-38820.0
1496.275,40780,40780,-38830.0
1496.495,40790,40790,-38840.0
1496.717,40800,40800,-38850.0
1496.941,40810,40810,-38860.0
1497.165,40820,40820,-38870.0
1497.39,40830,40830,-38880.0
1497.617,40840,40840,-38890.0
1497.845,40850,40850,-38900.0
1498.074,40860,40860,-38910.0
1498.304,40870,40870,-38920.0
1498.535,40880,40880,-38930.0
1498.768,40890,40890,-38940.0
1499.001,40900,40900,-38950.0
1499.236,40910,40910,-38960.0
1499.472,40920,40920,-38970.0
1499.708,40930,40930,-38980.0
1499.946,40940,40940,-38990.0
1500.185,40950,40950,-39000.0
1500.425,40960,40960,-39010.0
1500.666,40970,40970,-39020.0
1500.907,40980,40980,-39030.0
1501.15,40990,40990,-39040.0
1501.394,41000,41000,-39050.0
1501.638,41010,41010,-39060.0
1501.884,41020,41020,-39070.0
1502.13,41030,41030,-39080.0
1502.377,41040,41040,-39090.0
1502.625,41050,41050,-39100.0
1502.873,41060,41060,-39110.0
1503.123,41070,41070,-39120.0
1503.373,41080,41080,-39130.0
1503.624,41090,41090,-39140.0
1503.875,41100,41100,-39150.0
1504.128,41110,41110,-39160.0
1504.38,41120,41120,-39170.0
1504.634,41130,41130,-39180.0
1504.888,41140,41140,-39190.0
1505.142,41150,41150,-39200.0
1505.398,41160,41160,-39210.0
1505.653,41170,41170,-39220.0
1505.909,41180,41180,-39230.0
1506.166,41190,41190,-39240.0
1506.423,41200,41200,-39250.0
1506.68,41210,41210,-39260.0
1506.938,41220,41220,-39270.0
1507.196,41230,41230,-39280.0
1507.454,41240,41240,-39290.0
1507.713,41250,41250,-39300.0
1507.972,41260,41260,-39310.0
1508.231,41270,41270,-39320.0
1508.491,41280,41280,-39330.0
1508.751,41290,41290,-39340.0
1509.011,41300,41300,-39350.0
1509.271,41310,41310,-39360.0
1509.531,41320,41320,-39370.0
1509.792,41330,41330,-39380.0
1510.053,41340,41340,-39390.0
1510.314,41350,41350,-39400.0
1510.575,41360,41360,-39410.0
1510.836,41370,41370,-39420.0
1511.097,41380,41380,-39430.0
1511.359,41390,41390,-39440.0
1511.62,41400,41400,-39450.0
1511.882,41410,41410,-39460.0
1512.144,41420,41420,-39470.0
1512.406,41430,41430,-39480.0
1512.668,41440,41440,-39490.0
1512.93,41450,41450,-39500.0
1513.193,41460,41460,-39510.0
1513.455,41470,41470,-39520.0
1513.718,41480,41480,-39530.0
1513.981,41490,41490,-39540.0
1514.244,41500,41500,-39550.0
1514.508,41510,41510,-39560.0
1514.771,41520,41520,-39570.0
1515.035,41530,41530,-39580.0
1515.299,41540,41540,-39590.0
1515.564,41550,41550,-39600.0
1515.829,41560,41560,-39610.0
1516.093,41570,41570,-39620.0
1516.358,41580,41580,-39630.0
1516.624,41590,41590,-39640.0
1516.889,41600,41600,-39650.0
1517.155,41610,41610,-39660.0
1517.421,41620,41620,-39670.0
1517.686,41630,41630,-39680.0
1517.952,41640,41640,-39690.0
1518.218,41650,41650,-39700.0
1518.485,41660,41660,-39710.0
1518.751,41670,41670,-39720.0
1519.017,41680,41680,-39730.0
1519.283,41690,41690,-39740.0
1519.549,41700,41700,-39750.0
1519.815,41710,41710,-39760.0
1520.08,41720,41720,-39770.0
1520.346,41730,41730,-39780.0
1520.611,41740,41740,-39790.0
1520.876,41750,41750,-39800.0
1521.141,41760,41760,-39810.0
1521.406,41770,41770,-39820.0
1521.67,41780,41780,-39830.0
1521.933,41790,41790,-39840.0
1522.197,41800,41800,-39850.0
1522.46,41810,41810,-39860.0
1522.722,41820,41820,-39870.0
1522.984,41830,41830,-39880.0
1523.245,41840,41840,-39890.0
1523.506,41850,41850,-39900.0
1523.766,41860,41860,-39910.0
1524.026,41870,41870,-39920.0
1524.284,41880,41880,-39930.0
1524.543,41890,41890,-39940.0
1524.8,41900,41900,-39950.0
1525.057,41910,41910,-39960.0
1525.313,41920,41920,-39970.0
1525.568,41930,41930,-39980.0
1525.822,41940,41940,-39990.0
1526.076,41950,41950,-40000.0
1526.329,41960,41960,-40010.0
1526.581,41970,41970,-40020.0
1526.832,41980,41980,-40030.0
1527.082,41990,41990,-40040.0
1527.332,42000,42000,-40050.0
1527.58,42010,42010,-40060.0
1527.828,42020,42020,-40070.0
1528.075,42030,42030,-40080.0
1528.322,42040,42040,-40090.0
1528.567,42050,42050,-40100.0
1528.812,42060,42060,-40110.0
1529.056,42070,42070,-40120.0
1529.299,42080,42080,-40130.0
1529.542,42090,42090,-40140.0
1529.784,42100,42100,-40150.0
1530.026,42110,42110,-40160.0
1530.267,42120,42120,-40170.0
1530.508,42130,42130,-40180.0
1530.748,42140,42140,-40190.0
1530.988,42150,42150,-40200.0
1531.227,42160,42160,-40210.0
1531.466,42170,42170,-40220.0
1531.705,42180,42180,-40230.0
1531.943,42190,42190,-40240.0
1532.181,42200,42200,-40250.0
1532.418,42210,42210,-40260.0
1532.655,42220,42220,-40270.0
1532.892,42230,42230,-40280.0
1533.129,42240,42240,-40290.0
1533.365,42250,42250,-40300.0
1533.6,42260,42260,-40310.0
1533.835,42270,42270,-40320.0
1534.07,42280,42280,-40330.0
1534.303,42290,42290,-40340.0
1534.537,42300,42300,-40350.0
1534.769,42310,42310,-40360.0
1535.001,42320,42320,-40370.0
1535.232,42330,42330,-40380.0
1535.463,42340,42340,-40390.0
1535.693,42350,42350,-40400.0
1535.922,42360,42360,-40410.0
1536.151,42370,42370,-40420.0
1536.379,42380,42380,-40430.0
1536.606,42390,42390,-40440.0
1536.832,42400,42400,-40450.0
1537.058,42410,42410,-40460.0
1537.284,42420,42420,-40470.0
1537.508,42430,42430,-40480.0
1537.732,42440,42440,-40490.0
1537.956,42450,42450,-40500.0
1538.179,42460,42460,-40510.0
1538.401,42470,42470,-40520.0
1538.623,42480,42480,-40530.0
1538.845,42490,42490,-40540.0
1539.066,42500,42500,-40550.0
1539.286,42510,42510,-40560.0
1539.506,42520,42520,-40570.0
1539.726,42530,42530,-40580.0
1539.945,42540,42540,-40590.0
1540.165,42550,42550,-40600.0
1540.383,42560,42560,-40610.0
1540.602,42570,42570,-40620.0
1540.82,42580,42580,-40630.0
1541.038,42590,42590,-40640.0
1541.256,42600,42600,-40650.0
1541.474,42610,42610,-40660.0
1541.691,42620,42620,-40670.0
1541.908,42630,42630,-40680.0
1542.126,42640,42640,-40690.0
1542.342,42650,42650,-40700.0
1542.559,42660,42660,-40710.0
1542.776,42670,42670,-40720.0
1542.992,42680,42680,-40730.0
1543.209,42690,42690,-40740.0
1543.425,42700,42700,-40750.0
1543.641,42710,42710,-40760.0
1543.857,42720,42720,-40770.0
1544.072,42730,42730,-40780.0
1544.287,42740,42740,-40790.0
1544.503,42750,42750,-40800.0
1544.717,42760,42760,-40810.0
1544.932,42770,42770,-40820.0
1545.146,42780,42780,-40830.0
1545.36,42790,42790,-40840.0
1545.573,42800,42800,-40850.0
1545.786,42810,42810,-40860.0
1545.999,42820,42820,-40870.0
1546.211,42830,42830,-40880.0
1546.424,42840,42840,-40890.0
1546.636,42850,42850,-40900.0
1546.847,42860,42860,-40910.0
1547.059,42870,42870,-40920.0
1547.271,42880,42880,-40930.0
1547.482,42890,42890,-40940.0
1547.694,42900,42900,-40950.0
1547.905,42910,42910,-40960.0
1548.117,42920,42920,-40970.0
1548.329,42930,42930,-40980.0
1548.541,42940,42940,-40990.0
1548.753,42950,42950,-41000.0
1548.965,42960,42960,-41010.0
1549.177,42970,42970,-41020.0
1549.39,42980,42980,-41030.0
1549.603,42990,42990,-41040.0
1549.815,43000,43000,-41050.0
1550.028,43010,43010,-41060.0
1550.241,43020,43020,-41070.0
1550.454,43030,43030,-41080.0
1550.667,43040,43040,-41090.0
1550.88,43050,43050,-41100.0
1551.092,43060,43060,-41110.0
1551.304,43070,43070,-41120.0
1551.516,43080,43080,-41130.0
1551.728,43090,43090,-41140.0
1551.939,43100,43100,-41150.0
1552.15,43110,43110,-41160.0
1552.36,43120,43120,-41170.0
1552.57,43130,43130,-41180.0
1552.78,43140,43140,-41190.0
1552.989,43150,43150,-41200.0
1553.198,43160,43160,-41210.0
1553.407,43170,43170,-41220.0
1553.615,43180,43180,-41230.0
1553.823,43190,43190,-41240.0
1554.03,43200,43200,-41250.0
1554.238,43210,43210,-41260.0
1554.445,43220,43220,-41270.0
1554.652,43230,43230,-41280.0
1554.858,43240,43240,-41290.0
1555.064,43250,43250,-41300.0
1555.271,43260,43260,-41310.0
1555.477,43270,43270,-41320.0
1555.682,43280,43280,-41330.0
1555.888,43290,43290,-41340.0
1556.094,43300,43300,-41350.0
1556.299,43310,43310,-41360.0
1556.504,43320,43320,-41370.0
1556.709,43330,43330,-41380.0
1556.914,43340,43340,-41390.0
1557.119,43350,43350,-41400.0
1557.324,43360,43360,-41410.0
1557.528,43370,43370,-41420.0
1557.733,43380,43380,-41430.0
1557.937,43390,43390,-41440.0
1558.141,43400,43400,-41450.0
1558.345,43410,43410,-41460.0
1558.548,43420,43420,-41470.0
1558.752,43430,43430,-41480.0
1558.955,43440,43440,-41490.0
1559.158,43450,43450,-41500.0
1559.361,43460,43460,-41510.0
1559.564,43470,43470,-41520.0
1559.766,43480,43480,-41530.0
1559.968,43490,43490,-41540.0
1560.17,43500,43500,-41550.0
1560.372,43510,43510,-41560.0
1560.574,43520,43520,-41570.0
1560.775,43530,43530,-41580.0
1560.977,43540,43540,-41590.0
1561.178,43550,43550,-41600.0
1561.379,43560,43560,-41610.0
1561.58,43570,43570,-41620.0
1561.781,43580,43580,-41630.0
1561.982,43590,43590,-41640.0
1562.183,43600,43600,-41650.0
1562.384,43610,43610,-41660.0
1562.585,43620,43620,-41670.0
1562.785,43630,43630,-41680.0
1562.986,43640,43640,-41690.0
1563.187,43650,43650,-41700.0
1563.387,43660,43660,-41710.0
1563.588,43670,43670,-41720.0
1563.788,43680,43680,-41730.0
1563.989,43690,43690,-41740.0
1564.19,43700,43700,-41750.0
1564.39,43710,43710,-41760.0
1564.591,43720,43720,-41770.0
1564.791,43730,43730,-41780.0
1564.992,43740,43740,-41790.0
1565.193,43750,43750,-41800.0
1565.393,43760,43760,-41810.0
1565.594,43770,43770,-41820.0
1565.795,43780,43780,-41830.0
1565.995,43790,43790,-41840.0
1566.196,43800,43800,-41850.0
1566.397,43810,43810,-41860.0
1566.598,43820,43820,-41870.0
1566.798,43830,43830,-41880.0
1566.999,43840,43840,-41890.0
1567.2,43850,43850,-41900.0
1567.401,43860,43860,-41910.0
1567.601,43870,43870,-41920.0
1567.802,43880,43880,-41930.0
1568.003,43890,43890,-41940.0
1568.204,43900,43900,-41950.0
1568.404,43910,43910,-41960.0
1568.605,43920,43920,-41970.0
1568.806,43930,43930,-41980.0
1569.006,43940,43940,-41990.0
1569.207,43950,43950,-42000.0
1569.407,43960,43960,-42010.0
1569.608,43970,43970,-42020.0
1569.808,43980,43980,-42030.0
1570.008,43990,43990,-42040.0
1570.208,44000,44000,-42050.0
1570.408,44010,44010,-42060.0
1570.608,44020,44020,-42070.0
1570.808,44030,44030,-42080.0
1571.008,44040,44040,-42090.0
1571.208,44050,44050,-42100.0
1571.407,44060,44060,-42110.0
1571.607,44070,44070,-42120.0
1571.806,44080,44080,-42130.0
1572.005,44090,44090,-42140.0
1572.204,44100,44100,-42150.0
1572.402,44110,44110,-42160.0
1572.601,44120,44120,-42170.0
1572.799,44130,44130,-42180.0
1572.997,44140,44140,-42190.0
1573.195,44150,44150,-42200.0
1573.393,44160,44160,-42210.0
1573.59,44170,44170,-42220.0
1573.787,44180,44180,-42230.0
1573.984,44190,44190,-42240.0
1574.181,44200,44200,-42250.0
1574.377,44210,44210,-42260.0
1574.573,44220,44220,-42270.0
1574.769,44230,44230,-42280.0
1574.964,44240,44240,-42290.0
1575.159,44250,44250,-42300.0
1575.354,44260,44260,-42310.0
1575.548,44270,44270,-42320.0
1575.742,44280,44280,-42330.0
1575.936,44290,44290,-42340.0
1576.129,44300,44300,-42350.0
1576.322,44310,44310,-42360.0
1576.514,44320,44320,-42370.0
1576.707,44330,44330,-42380.0
1576.898,44340,44340,-42390.0
1577.09,44350,44350,-42400.0
1577.28,44360,44360,-42410.0
1577.471,44370,44370,-42420.0
1577.661,44380,44380,-42430.0
1577.85,44390,44390,-42440.0
1578.039,44400,44400,-42450.0
1578.228,44410,44410,-42460.0
1578.416,44420,44420,-42470.0
1578.604,44430,44430,-42480.0
1578.791,44440,44440,-42490.0
1578.977,44450,44450,-42500.0
1579.163,44460,44460,-42510.0
1579.349,44470,44470,-42520.0
1579.534,44480,44480,-42530.0
1579.719,44490,44490,-42540.0
1579.903,44500,44500,-42550.0
1580.086,44510,44510,-42560.0
1580.269,44520,44520,-42570.0
1580.452,44530,44530,-42580.0
1580.634,44540,44540,-42590.0
1580.815,44550,44550,-42600.0
1580.996,44560,44560,-42610.0
1581.176,44570,44570,-42620.0
1581.356,44580,44580,-42630.0
1581.535,44590,44590,-42640.0
1581.713,44600,44600,-42650.0
1581.891,44610,44610,-42660.0
1582.069,44620,44620,-42670.0
1582.246,44630,44630,-42680.0
1582.422,44640,44640,-42690.0
1582.598,44650,44650,-42700.0
1582.773,44660,44660,-42710.0
1582.948,44670,44670,-42720.0
1583.122,44680,44680,-42730.0
1583.295,44690,44690,-42740.0
1583.468,44700,44700,-42750.0
1583.641,44710,44710,-42760.0
1583.813,44720,44720,-42770.0
1583.984,44730,44730,-42780.0
1584.155,44740,44740,-42790.0
1584.326,44750,44750,-42800.0
1584.495,44760,44760,-42810.0
1584.665,44770,44770,-42820.0
1584.834,44780,44780,-42830.0
1585.002,44790,44790,-42840.0
1585.17,44800,44800,-42850.0
1585.338,44810,44810,-42860.0
1585.505,44820,44820,-42870.0
1585.671,44830,44830,-42880.0
1585.837,44840,44840,-42890.0
1586.003,44850,44850,-42900.0
1586.169,44860,44860,-42910.0
1586.333,44870,44870,-42920.0
1586.498,44880,44880,-42930.0
1586.662,44890,44890,-42940.0
1586.826,44900,44900,-42950.0
1586.99,44910,44910,-42960.0
1587.153,44920,44920,-42970.0
1587.316,44930,44930,-42980.0
1587.479,44940,44940,-42990.0
1587.642,44950,44950,-43000.0
1587.804,44960,44960,-43010.0
1587.966,44970,44970,-43020.0
1588.128,44980,44980,-43030.0
1588.29,44990,44990,-43040.0
1588.452,45000,45000,-43050.0
1588.613,45010,45010,-43060.0
1588.775,45020,45020,-43070.0
1588.936,45030,45030,-43080.0
1589.098,45040,45040,-43090.0
1589.259,45050,45050,-43100.0
1589.421,45060,45060,-43110.0
1589.582,45070,45070,-43120.0
1589.744,45080,45080,-43130.0
1589.905,45090,45090,-43140.0
1590.067,45100,45100,-43150.0
1590.229,45110,45110,-43160.0
1590.39,45120,45120,-43170.0
1590.552,45130,45130,-43180.0
1590.715,45140,45140,-43190.0
1590.877,45150,45150,-43200.0
1591.039,45160,45160,-43210.0
1591.202,45170,45170,-43220.0
1591.365,45180,45180,-43230.0
1591.528,45190,45190,-43240.0
1591.691,45200,45200,-43250.0
1591.854,45210,45210,-43260.0
1592.018,45220,45220,-43270.0
1592.182,45230,45230,-43280.0
1592.346,45240,45240,-43290.0
1592.51,45250,45250,-43300.0
1592.675,45260,45260,-43310.0
1592.84,45270,45270,-43320.0
1593.005,45280,45280,-43330.0
1593.17,45290,45290,-43340.0
1593.335,45300,45300,-43350.0
1593.501,45310,45310,-43360.0
1593.667,45320,45320,-43370.0
1593.833,45330,45330,-43380.0
1593.999,45340,45340,-43390.0
1594.166,45350,45350,-43400.0
1594.333,45360,45360,-43410.0
1594.5,45370,45370,-43420.0
1594.667,45380,45380,-43430.0
1594.834,45390,45390,-43440.0
1595.002,45400,45400,-43450.0
1595.169,45410,45410,-43460.0
1595.337,45420,45420,-43470.0
1595.505,45430,45430,-43480.0
1595.673,45440,45440,-43490.0
1595.842,45450,45450,-43500.0
1596.01,45460,45460,-43510.0
1596.179,45470,45470,-43520.0
1596.348,45480,45480,-43530.0
1596.517,45490,45490,-43540.0
1596.686,45500,45500,-43550.0
1596.855,45510,45510,-43560.0
1597.024,45520,45520,-43570.0
1597.194,45530,45530,-43580.0
1597.363,45540,45540,-43590.0
1597.533,45550,45550,-43600.0
1597.703,45560,45560,-43610.0
1597.873,45570,45570,-43620.0
1598.042,45580,45580,-43630.0
1598.213,45590,45590,-43640.0
1598.383,45600,45600,-43650.0
1598.553,45610,45610,-43660.0
1598.723,45620,45620,-43670.0
1598.894,45630,45630,-43680.0
1599.064,45640,45640,-43690.0
1599.235,45650,45650,-43700.0
1599.406,45660,45660,-43710.0
1599.576,45670,45670,-43720.0
1599.747,45680,45680,-43730.0
1599.919,45690,45690,-43740.0
1600.09,45700,45700,-43750.0
1600.261,45710,45710,-43760.0
1600.433,45720,45720,-43770.0
1600.605,45730,45730,-43780.0
1600.777,45740,45740,-43790.0
1600.949,45750,45750,-43800.0
1601.121,45760,45760,-43810.0
1601.293,45770,45770,-43820.0
1601.466,45780,45780,-43830.0
1601.639,45790,45790,-43840.0
1601.812,45800,45800,-43850.0
1601.985,45810,45810,-43860.0
1602.159,45820,45820,-43870.0
1602.333,45830,45830,-43880.0
1602.507,45840,45840,-43890.0
1602.682,45850,45850,-43900.0
1602.856,45860,45860,-43910.0
1603.031,45870,45870,-43920.0
1603.207,45880,45880,-43930.0
1603.382,45890,45890,-43940.0
1603.558,45900,45900,-43950.0
1603.734,45910,45910,-43960.0
1603.911,45920,45920,-43970.0
1604.088,45930,45930,-43980.0
1604.265,45940,45940,-43990.0
1604.443,45950,45950,-44000.0
1604.621,45960,45960,-44010.0
1604.799,45970,45970,-44020.0
1604.978,45980,45980,-44030.0
1605.157,45990,45990,-44040.0
1605.336,46000,46000,-44050.0
1605.516,46010,46010,-44060.0
1605.696,46020,46020,-44070.0
1605.877,46030,46030,-44080.0
1606.057,46040,46040,-44090.0
1606.239,46050,46050,-44100.0
1606.42,46060,46060,-44110.0
1606.602,46070,46070,-44120.0
1606.784,46080,46080,-44130.0
1606.966,46090,46090,-44140.0
1607.149,46100,46100,-44150.0
1607.332,46110,46110,-44160.0
1607.515,46120,46120,-44170.0
1607.698,46130,46130,-44180.0
1607.882,46140,46140,-44190.0
1608.066,46150,46150,-44200.0
1608.25,46160,46160,-44210.0
1608.434,46170,46170,-44220.0
1608.618,46180,46180,-44230.0
1608.803,46190,46190,-44240.0
1608.987,46200,46200,-44250.0
1609.172,46210,46210,-44260.0
1609.357,46220,46220,-44270.0
1609.542,46230,46230,-44280.0
1609.727,46240,46240,-44290.0
1609.912,46250,46250,-44300.0
1610.097,46260,46260,-44310.0
1610.282,46270,46270,-44320.0
1610.467,46280,46280,-44330.0
1610.652,46290,46290,-44340.0
1610.837,46300,46300,-44350.0
1611.022,46310,46310,-44360.0
1611.208,46320,46320,-44370.0
1611.393,46330,46330,-44380.0
1611.578,46340,46340,-44390.0
1611.763,46350,46350,-44400.0
1611.948,46360,46360,-44410.0
1612.133,46370,46370,-44420.0
1612.317,46380,46380,-44430.0
1612.502,46390,46390,-44440.0
1612.687,46400,46400,-44450.0
1612.872,46410,46410,-44460.0
1613.056,46420,46420,-44470.0
1613.241,46430,46430,-44480.0
1613.425,46440,46440,-44490.0
1613.609,46450,46450,-44500.0
1613.794,46460,46460,-44510.0
1613.978,46470,46470,-44520.0
1614.162,46480,46480,-44530.0
1614.346,46490,46490,-44540.0
1614.53,46500,46500,-44550.0
1614.713,46510,46510,-44560.0
1614.897,46520,46520,-44570.0
1615.081,46530,46530,-44580.0
1615.264,46540,46540,-44590.0
1615.448,46550,46550,-44600.0
1615.631,46560,46560,-44610.0
1615.815,46570,46570,-44620.0
1615.998,46580,46580,-44630.0
1616.182,46590,46590,-44640.0
1616.365,46600,46600,-44650.0
1616.548,46610,46610,-44660.0
1616.731,46620,46620,-44670.0
1616.914,46630,46630,-44680.0
1617.098,46640,46640,-44690.0
1617.281,46650,46650,-44700.0
1617.464,46660,46660,-44710.0
1617.647,46670,46670,-44720.0
1617.831,46680,46680,-44730.0
1618.014,46690,46690,-44740.0
1618.197,46700,46700,-44750.0
1618.381,46710,46710,-44760.0
1618.564,46720,46720,-44770.0
1618.748,46730,46730,-44780.0
1618.932,46740,46740,-44790.0
1619.116,46750,46750,-44800.0
1619.3,46760,46760,-44810.0
1619.484,46770,46770,-44820.0
1619.669,46780,46780,-44830.0
1619.853,46790,46790,-44840.0
1620.038,46800,46800,-44850.0
1620.223,46810,46810,-44860.0
1620.408,46820,46820,-44870.0
1620.594,46830,46830,-44880.0
1620.78,46840,46840,-44890.0
1620.966,46850,46850,-44900.0
1621.153,46860,46860,-44910.0
1621.34,46870,46870,-44920.0
1621.527,46880,46880,-44930.0
1621.715,46890,46890,-44940.0
1621.903,46900,46900,-44950.0
1622.092,46910,46910,-44960.0
1622.281,46920,46920,-44970.0
1622.471,46930,46930,-44980.0
1622.661,46940,46940,-44990.0
1622.852,46950,46950,-45000.0
1623.043,46960,46960,-45010.0
1623.234,46970,46970,-45020.0
1623.427,46980,46980,-45030.0
1623.62,46990,46990,-45040.0
1623.813,47000,47000,-45050.0
1624.007,47010,47010,-45060.0
1624.202,47020,47020,-45070.0
1624.398,47030,47030,-45080.0
1624.594,47040,47040,-45090.0
1624.79,47050,47050,-45100.0
1624.988,47060,47060,-45110.0
1625.186,47070,47070,-45120.0
1625.385,47080,47080,-45130.0
1625.584,47090,47090,-45140.0
1625.784,47100,47100,-45150.0
1625.985,47110,47110,-45160.0
1626.186,47120,47120,-45170.0
1626.388,47130,47130,-45180.0
1626.591,47140,47140,-45190.0
1626.794,47150,47150,-45200.0
1626.998,47160,47160,-45210.0
1627.202,47170,47170,-45220.0
1627.407,47180,47180,-45230.0
1627.613,47190,47190,-45240.0
1627.819,47200,47200,-45250.0
1628.025,47210,47210,-45260.0
1628.232,47220,47220,-45270.0
1628.439,47230,47230,-45280.0
1628.647,47240,47240,-45290.0
1628.855,47250,47250,-45300.0
1629.063,47260,47260,-45310.0
1629.272,47270,47270,-45320.0
1629.481,47280,47280,-45330.0
1629.69,47290,47290,-45340.0
1629.899,47300,47300,-45350.0
1630.108,47310,47310,-45360.0
1630.317,47320,47320,-45370.0
1630.527,47330,47330,-45380.0
1630.736,47340,47340,-45390.0
1630.945,47350,47350,-45400.0
1631.154,47360,47360,-45410.0
1631.362,47370,47370,-45420.0
1631.571,47380,47380,-45430.0
1631.779,47390,47390,-45440.0
1631.987,47400,47400,-45450.0
1632.194,47410,47410,-45460.0
1632.401,47420,47420,-45470.0
1632.608,47430,47430,-45480.0
1632.814,47440,47440,-45490.0
1633.019,47450,47450,-45500.0
1633.224,47460,47460,-45510.0
1633.428,47470,47470,-45520.0
1633.632,47480,47480,-45530.0
1633.834,47490,47490,-45540.0
1634.036,47500,47500,-45550.0
1634.238,47510,47510,-45560.0
1634.438,47520,47520,-45570.0
1634.638,47530,47530,-45580.0
1634.837,47540,47540,-45590.0
1635.035,47550,47550,-45600.0
1635.232,47560,47560,-45610.0
1635.429,47570,47570,-45620.0
1635.624,47580,47580,-45630.0
1635.819,47590,47590,-45640.0
1636.012,47600,47600,-45650.0
1636.205,47610,47610,-45660.0
1636.397,47620,47620,-45670.0
1636.588,47630,47630,-45680.0
1636.779,47640,47640,-45690.0
1636.968,47650,47650,-45700.0
1637.157,47660,47660,-45710.0
1637.345,47670,47670,-45720.0
1637.532,47680,47680,-45730.0
1637.719,47690,47690,-45740.0
1637.905,47700,47700,-45750.0
1638.09,47710,47710,-45760.0
1638.275,47720,47720,-45770.0
1638.459,47730,47730,-45780.0
1638.643,47740,47740,-45790.0
1638.826,47750,47750,-45800.0
1639.009,47760,47760,-45810.0
1639.192,47770,47770,-45820.0
1639.374,47780,47780,-45830.0
1639.556,47790,47790,-45840.0
1639.738,47800,47800,-45850.0
1639.919,47810,47810,-45860.0
1640.1,47820,47820,-45870.0
1640.281,47830,47830,-45880.0
1640.462,47840,47840,-45890.0
1640.643,47850,47850,-45900.0
1640.823,47860,47860,-45910.0
1641.004,47870,47870,-45920.0
1641.184,47880,47880,-45930.0
1641.364,47890,47890,-45940.0
1641.544,47900,47900,-45950.0
1641.724,47910,47910,-45960.0
1641.905,47920,47920,-45970.0
1642.085,47930,47930,-45980.0
1642.265,47940,47940,-45990.0
1642.445,47950,47950,-46000.0
1642.625,47960,47960,-46010.0
1642.806,47970,47970,-46020.0
1642.986,47980,47980,-46030.0
1643.167,47990,47990,-46040.0
1643.347,48000,48000,-46050.0
1643.528,48010,48010,-46060.0
1643.709,48020,48020,-46070.0
1643.89,48030,48030,-46080.0
1644.071,48040,48040,-46090.0
1644.253,48050,48050,-46100.0
1644.434,48060,48060,-46110.0
1644.616,48070,48070,-46120.0
1644.798,48080,48080,-46130.0
1644.98,48090,48090,-46140.0
1645.162,48100,48100,-46150.0
1645.345,48110,48110,-46160.0
1645.527,48120,48120,-46170.0
1645.71,48130,48130,-46180.0
1645.893,48140,48140,-46190.0
1646.077,48150,48150,-46200.0
1646.26,48160,48160,-46210.0
1646.444,48170,48170,-46220.0
1646.628,48180,48180,-46230.0
1646.812,48190,48190,-46240.0
1646.997,48200,48200,-46250.0
1647.181,48210,48210,-46260.0
1647.366,48220,48220,-46270.0
1647.551,48230,48230,-46280.0
1647.737,48240,48240,-46290.0
1647.922,48250,48250,-46300.0
1648.108,48260,48260,-46310.0
1648.294,48270,48270,-46320.0
1648.48,48280,48280,-46330.0
1648.666,48290,48290,-46340.0
1648.853,48300,48300,-46350.0
1649.04,48310,48310,-46360.0
1649.226,48320,48320,-46370.0
1649.414,48330,48330,-46380.0
1649.601,48340,48340,-46390.0
1649.788,48350,48350,-46400.0
1649.976,48360,48360,-46410.0
1650.163,48370,48370,-46420.0
1650.351,48380,48380,-46430.0
1650.539,48390,48390,-46440.0
1650.727,48400,48400,-46450.0
1650.916,48410,48410,-46460.0
1651.104,48420,48420,-46470.0
1651.292,48430,48430,-46480.0
1651.481,48440,48440,-46490.0
1651.67,48450,48450,-46500.0
1651.858,48460,48460,-46510.0
1652.047,48470,48470,-46520.0
1652.236,48480,48480,-46530.0
1652.425,48490,48490,-46540.0
1652.613,48500,48500,-46550.0
1652.802,48510,48510,-46560.0
1652.991,48520,48520,-46570.0
1653.18,48530,48530,-46580.0
1653.369,48540,48540,-46590.0
1653.558,48550,48550,-46600.0
1653.747,48560,48560,-46610.0
1653.935,48570,48570,-46620.0
1654.124,48580,48580,-46630.0
1654.313,48590,48590,-46640.0
1654.501,48600,48600,-46650.0
1654.69,48610,48610,-46660.0
1654.878,48620,48620,-46670.0
1655.066,48630,48630,-46680.0
1655.255,48640,48640,-46690.0
1655.443,48650,48650,-46700.0
1655.63,48660,48660,-46710.0
1655.818,48670,48670,-46720.0
1656.005,48680,48680,-46730.0
1656.193,48690,48690,-46740.0
1656.38,48700,48700,-46750.0
1656.567,48710,48710,-46760.0
1656.753,48720,48720,-46770.0
1656.94,48730,48730,-46780.0
1657.126,48740,48740,-46790.0
1657.312,48750,48750,-46800.0
1657.497,48760,48760,-46810.0
1657.683,48770,48770,-46820.0
1657.868,48780,48780,-46830.0
1658.053,48790,48790,-46840.0
1658.237,48800,48800,-46850.0
1658.421,48810,48810,-46860.0
1658.605,48820,48820,-46870.0
1658.788,48830,48830,-46880.0
1658.971,48840,48840,-46890.0
1659.154,48850,48850,-46900.0
1659.336,48860,48860,-46910.0
1659.518,48870,48870,-46920.0
1659.7,48880,48880,-46930.0
1659.881,48890,48890,-46940.0
1660.062,48900,48900,-46950.0
1660.242,48910,48910,-46960.0
1660.422,48920,48920,-46970.0
1660.601,48930,48930,-46980.0
1660.78,48940,48940,-46990.0
1660.959,48950,48950,-47000.0
1661.137,48960,48960,-47010.0
1661.314,48970,48970,-47020.0
1661.491,48980,48980,-47030.0
1661.668,48990,48990,-47040.0
1661.844,49000,49000,-47050.0
1662.02,49010,49010,-47060.0
1662.195,49020,49020,-47070.0
1662.37,49030,49030,-47080.0
1662.544,49040,49040,-47090.0
1662.718,49050,49050,-47100.0
1662.891,49060,49060,-47110.0
1663.064,49070,49070,-47120.0
1663.236,49080,49080,-47130.0
1663.407,49090,49090,-47140.0
1663.578,49100,49100,-47150.0
1663.749,49110,49110,-47160.0
1663.919,49120,49120,-47170.0
1664.089,49130,49130,-47180.0
1664.258,49140,49140,-47190.0
1664.426,49150,49150,-47200.0
1664.594,49160,49160,-47210.0
1664.762,49170,49170,-47220.0
1664.929,49180,49180,-47230.0
1665.095,49190,49190,-47240.0
1665.261,49200,49200,-47250.0
1665.427,49210,49210,-47260.0
1665.592,49220,49220,-47270.0
1665.756,49230,49230,-47280.0
1665.92,49240,49240,-47290.0
1666.084,49250,49250,-47300.0
1666.247,49260,49260,-47310.0
1666.41,49270,49270,-47320.0
1666.572,49280,49280,-47330.0
1666.734,49290,49290,-47340.0
1666.895,49300,49300,-47350.0
1667.056,49310,49310,-47360.0
1667.217,49320,49320,-47370.0
1667.377,49330,49330,-47380.0
1667.536,49340,49340,-47390.0
1667.696,49350,49350,-47400.0
1667.855,49360,49360,-47410.0
1668.013,49370,49370,-47420.0
1668.172,49380,49380,-47430.0
1668.33,49390,49390,-47440.0
1668.487,49400,49400,-47450.0
1668.645,49410,49410,-47460.0
1668.802,49420,49420,-47470.0
1668.959,49430,49430,-47480.0
1669.115,49440,49440,-47490.0
1669.272,49450,49450,-47500.0
1669.428,49460,49460,-47510.0
1669.584,49470,49470,-47520.0
1669.739,49480,49480,-47530.0
1669.895,49490,49490,-47540.0
1670.05,49500,49500,-47550.0
1670.205,49510,49510,-47560.0
1670.36,49520,49520,-47570.0
1670.515,49530,49530,-47580.0
1670.67,49540,49540,-47590.0
1670.825,49550,49550,-47600.0
1670.98,49560,49560,-47610.0
1671.134,49570,49570,-47620.0
1671.289,49580,49580,-47630.0
1671.443,49590,49590,-47640.0
1671.598,49600,49600,-47650.0
1671.753,49610,49610,-47660.0
1671.907,49620,49620,-47670.0
1672.062,49630,49630,-47680.0
1672.217,49640,49640,-47690.0
1672.371,49650,49650,-47700.0
1672.526,49660,49660,-47710.0
1672.681,49670,49670,-47720.0
1672.836,49680,49680,-47730.0
1672.992,49690,49690,-47740.0
1673.147,49700,49700,-47750.0
1673.303,49710,49710,-47760.0
1673.459,49720,49720,-47770.0
1673.615,49730,49730,-47780.0
1673.771,49740,49740,-47790.0
1673.928,49750,49750,-47800.0
1674.084,49760,49760,-47810.0
1674.242,49770,49770,-47820.0
1674.399,49780,49780,-47830.0
1674.557,49790,49790,-47840.0
1674.715,49800,49800,-47850.0
1674.873,49810,49810,-47860.0
1675.032,49820,49820,-47870.0
1675.191,49830,49830,-47880.0
1675.351,49840,49840,-47890.0
1675.51,49850,49850,-47900.0
1675.671,49860,49860,-47910.0
1675.832,49870,49870,-47920.0
1675.993,49880,49880,-47930.0
1676.155,49890,49890,-47940.0
1676.317,49900,49900,-47950.0
1676.479,49910,49910,-47960.0
1676.643,49920,49920,-47970.0
1676.806,49930,49930,-47980.0
1676.971,49940,49940,-47990.0
1677.135,49950,49950,-48000.0
1677.301,49960,49960,-48010.0
1677.466,49970,49970,-48020.0
1677.633,49980,49980,-48030.0
1677.8,49990,49990,-48040.0
1677.967,50000,50000,-48050.0
1678.136,50010,50010,-48060.0
1678.304,50020,50020,-48070.0
1678.474,50030,50030,-48080.0
1678.644,50040,50040,-48090.0
1678.815,50050,50050,-48100.0
1678.986,50060,50060,-48110.0
1679.158,50070,50070,-48120.0
1679.33,50080,50080,-48130.0
1679.504,50090,50090,-48140.0
1679.678,50100,50100,-48150.0
1679.852,50110,50110,-48160.0
1680.027,50120,50120,-48170.0
1680.203,50130,50130,-48180.0
1680.38,50140,50140,-48190.0
1680.557,50150,50150,-48200.0
1680.735,50160,50160,-48210.0
1680.914,50170,50170,-48220.0
1681.093,50180,50180,-48230.0
1681.273,50190,50190,-48240.0
1681.454,50200,50200,-48250.0
1681.635,50210,50210,-48260.0
1681.817,50220,50220,-48270.0
1681.999,50230,50230,-48280.0
1682.183,50240,50240,-48290.0
1682.367,50250,50250,-48300.0
1682.551,50260,50260,-48310.0
1682.736,50270,50270,-48320.0
1682.922,50280,50280,-48330.0
1683.109,50290,50290,-48340.0
1683.296,50300,50300,-48350.0
1683.483,50310,50310,-48360.0
1683.672,50320,50320,-48370.0
1683.861,50330,50330,-48380.0
1684.05,50340,50340,-48390.0
1684.24,50350,50350,-48400.0
1684.431,50360,50360,-48410.0
1684.622,50370,50370,-48420.0
1684.813,50380,50380,-48430.0
1685.005,50390,50390,-48440.0
1685.198,50400,50400,-48450.0
1685.391,50410,50410,-48460.0
1685.585,50420,50420,-48470.0
1685.779,50430,50430,-48480.0
1685.973,50440,50440,-48490.0
1686.168,50450,50450,-48500.0
1686.363,50460,50460,-48510.0
1686.559,50470,50470,-48520.0
1686.755,50480,50480,-48530.0
1686.951,50490,50490,-48540.0
1687.148,50500,50500,-48550.0
1687.345,50510,50510,-48560.0
1687.542,50520,50520,-48570.0
1687.74,50530,50530,-48580.0
1687.938,50540,50540,-48590.0
1688.136,50550,50550,-48600.0
1688.334,50560,50560,-48610.0
1688.533,50570,50570,-48620.0
1688.731,50580,50580,-48630.0
1688.93,50590,50590,-48640.0
1689.129,50600,50600,-48650.0
1689.328,50610,50610,-48660.0
1689.527,50620,50620,-48670.0
1689.727,50630,50630,-48680.0
1689.926,50640,50640,-48690.0
1690.125,50650,50650,-48700.0
1690.324,50660,50660,-48710.0
1690.524,50670,50670,-48720.0
1690.723,50680,50680,-48730.0
1690.922,50690,50690,-48740.0
1691.121,50700,50700,-48750.0
1691.32,50710,50710,-48760.0
1691.519,50720,50720,-48770.0
1691.718,50730,50730,-48780.0
1691.917,50740,50740,-48790.0
1692.115,50750,50750,-48800.0
1692.313,50760,50760,-48810.0
1692.511,50770,50770,-48820.0
1692.709,50780,50780,-48830.0
1692.906,50790,50790,-48840.0
1693.103,50800,50800,-48850.0
1693.3,50810,50810,-48860.0
1693.497,50820,50820,-48870.0
1693.693,50830,50830,-48880.0
1693.889,50840,50840,-48890.0
1694.084,50850,50850,-48900.0
1694.279,50860,50860,-48910.0
1694.474,50870,50870,-48920.0
1694.668,50880,50880,-48930.0
1694.862,50890,50890,-48940.0
1695.055,50900,50900,-48950.0
1695.248,50910,50910,-48960.0
1695.44,50920,50920,-48970.0
1695.631,50930,50930,-48980.0
1695.823,50940,50940,-48990.0
1696.013,50950,50950,-49000.0
1696.203,50960,50960,-49010.0
1696.392,50970,50970,-49020.0
1696.581,50980,50980,-49030.0
1696.769,50990,50990,-49040.0
1696.957,51000,51000,-49050.0
1697.144,51010,51010,-49060.0
1697.33,51020,51020,-49070.0
1697.516,51030,51030,-49080.0
1697.7,51040,51040,-49090.0
1697.885,51050,51050,-49100.0
1698.068,51060,51060,-49110.0
1698.251,51070,51070,-49120.0
1698.433,51080,51080,-49130.0
1698.614,51090,51090,-49140.0
1698.795,51100,51100,-49150.0
1698.975,51110,51110,-49160.0
1699.154,51120,51120,-49170.0
1699.332,51130,51130,-49180.0
1699.509,51140,51140,-49190.0
1699.686,51150,51150,-49200.0
1699.862,51160,51160,-49210.0
1700.038,51170,51170,-49220.0
1700.212,51180,51180,-49230.0
1700.386,51190,51190,-49240.0
1700.559,51200,51200,-49250.0
1700.731,51210,51210,-49260.0
1700.903,51220,51220,-49270.0
1701.074,51230,51230,-49280.0
1701.244,51240,51240,-49290.0
1701.413,51250,51250,-49300.0
1701.582,51260,51260,-49310.0
1701.751,51270,51270,-49320.0
1701.918,51280,51280,-49330.0
1702.085,51290,51290,-49340.0
1702.252,51300,51300,-49350.0
1702.418,51310,51310,-49360.0
1702.584,51320,51320,-49370.0
1702.749,51330,51330,-49380.0
1702.914,51340,51340,-49390.0
1703.079,51350,51350,-49400.0
1703.243,51360,51360,-49410.0
1703.407,51370,51370,-49420.0
1703.571,51380,51380,-49430.0
1703.734,51390,51390,-49440.0
1703.898,51400,51400,-49450.0
1704.062,51410,51410,-49460.0
1704.225,51420,51420,-49470.0
1704.389,51430,51430,-49480.0
1704.553,51440,51440,-49490.0
1704.717,51450,51450,-49500.0
1704.881,51460,51460,-49510.0
1705.045,51470,51470,-49520.0
1705.21,51480,51480,-49530.0
1705.375,51490,51490,-49540.0
1705.541,51500,51500,-49550.0
1705.707,51510,51510,-49560.0
1705.873,51520,51520,-49570.0
1706.041,51530,51530,-49580.0
1706.208,51540,51540,-49590.0
1706.377,51550,51550,-49600.0
1706.546,51560,51560,-49610.0
1706.716,51570,51570,-49620.0
1706.886,51580,51580,-49630.0
1707.058,51590,51590,-49640.0
1707.23,51600,51600,-49650.0
1707.404,51610,51610,-49660.0
1707.578,51620,51620,-49670.0
1707.753,51630,51630,-49680.0
1707.93,51640,51640,-49690.0
1708.107,51650,51650,-49700.0
1708.286,51660,51660,-49710.0
1708.465,51670,51670,-49720.0
1708.646,51680,51680,-49730.0
1708.828,51690,51690,-49740.0
1709.011,51700,51700,-49750.0
1709.195,51710,51710,-49760.0
1709.38,51720,51720,-49770.0
1709.567,51730,51730,-49780.0
1709.755,51740,51740,-49790.0
1709.944,51750,51750,-49800.0
1710.134,51760,51760,-49810.0
1710.325,51770,51770,-49820.0
1710.518,51780,51780,-49830.0
1710.711,51790,51790,-49840.0
1710.906,51800,51800,-49850.0
1711.102,51810,51810,-49860.0
1711.299,51820,51820,-49870.0
1711.497,51830,51830,-49880.0
1711.696,51840,51840,-49890.0
1711.895,51850,51850,-49900.0
1712.096,51860,51860,-49910.0
1712.298,51870,51870,-49920.0
1712.5,51880,51880,-49930.0
1712.703,51890,51890,-49940.0
1712.907,51900,51900,-49950.0
1713.111,51910,51910,-49960.0
1713.316,51920,51920,-49970.0
1713.521,51930,51930,-49980.0
1713.726,51940,51940,-49990.0
1713.932,51950,51950,-50000.0
1714.137,51960,51960,-50010.0
1714.343,51970,51970,-50020.0
1714.548,51980,51980,-50030.0
1714.753,51990,51990,-50040.0
1714.958,52000,52000,-50050.0
1715.162,52010,52010,-50060.0
1715.365,52020,52020,-50070.0
1715.567,52030,52030,-50080.0
1715.769,52040,52040,-50090.0
1715.969,52050,52050,-50100.0
1716.168,52060,52060,-50110.0
1716.366,52070,52070,-50120.0
1716.562,52080,52080,-50130.0
1716.757,52090,52090,-50140.0
1716.95,52100,52100,-50150.0
1717.142,52110,52110,-50160.0
1717.332,52120,52120,-50170.0
1717.521,52130,52130,-50180.0
1717.708,52140,52140,-50190.0
1717.893,52150,52150,-50200.0
1718.077,52160,52160,-50210.0
1718.259,52170,52170,-50220.0
1718.44,52180,52180,-50230.0
1718.619,52190,52190,-50240.0
1718.796,52200,52200,-50250.0
1718.972,52210,52210,-50260.0
1719.146,52220,52220,-50270.0
1719.319,52230,52230,-50280.0
1719.491,52240,52240,-50290.0
1719.661,52250,52250,-50300.0
1719.83,52260,52260,-50310.0
1719.997,52270,52270,-50320.0
1720.164,52280,52280,-50330.0
1720.328,52290,52290,-50340.0
1720.492,52300,52300,-50350.0
1720.654,52310,52310,-50360.0
1720.816,52320,52320,-50370.0
1720.976,52330,52330,-50380.0
1721.135,52340,52340,-50390.0
1721.292,52350,52350,-50400.0
1721.449,52360,52360,-50410.0
1721.605,52370,52370,-50420.0
1721.759,52380,52380,-50430.0
1721.913,52390,52390,-50440.0
1722.066,52400,52400,-50450.0
1722.217,52410,52410,-50460.0
1722.368,52420,52420,-50470.0
1722.518,52430,52430,-50480.0
1722.667,52440,52440,-50490.0
1722.815,52450,52450,-50500.0
1722.962,52460,52460,-50510.0
1723.108,52470,52470,-50520.0
1723.254,52480,52480,-50530.0
1723.399,52490,52490,-50540.0
1723.543,52500,52500,-50550.0
1723.687,52510,52510,-50560.0
1723.829,52520,52520,-50570.0
1723.971,52530,52530,-50580.0
1724.113,52540,52540,-50590.0
1724.254,52550,52550,-50600.0
1724.394,52560,52560,-50610.0
1724.533,52570,52570,-50620.0
1724.673,52580,52580,-50630.0
1724.811,52590,52590,-50640.0
1724.949,52600,52600,-50650.0
1725.087,52610,52610,-50660.0
1725.224,52620,52620,-50670.0
1725.36,52630,52630,-50680.0
1725.496,52640,52640,-50690.0
1725.632,52650,52650,-50700.0
1725.767,52660,52660,-50710.0
1725.902,52670,52670,-50720.0
1726.036,52680,52680,-50730.0
1726.171,52690,52690,-50740.0
1726.304,52700,52700,-50750.0
1726.438,52710,52710,-50760.0
1726.571,52720,52720,-50770.0
1726.704,52730,52730,-50780.0
1726.837,52740,52740,-50790.0
1726.969,52750,52750,-50800.0
1727.102,52760,52760,-50810.0
1727.234,52770,52770,-50820.0
1727.365,52780,52780,-50830.0
1727.497,52790,52790,-50840.0
1727.628,52800,52800,-50850.0
1727.76,52810,52810,-50860.0
1727.891,52820,52820,-50870.0
1728.022,52830,52830,-50880.0
1728.153,52840,52840,-50890.0
1728.284,52850,52850,-50900.0
1728.415,52860,52860,-50910.0
1728.546,52870,52870,-50920.0
1728.676,52880,52880,-50930.0
1728.807,52890,52890,-50940.0
1728.938,52900,52900,-50950.0
1729.069,52910,52910,-50960.0
1729.199,52920,52920,-50970.0
1729.33,52930,52930,-50980.0
1729.461,52940,52940,-50990.0
1729.592,52950,52950,-51000.0
1729.723,52960,52960,-51010.0
1729.854,52970,52970,-51020.0
1729.985,52980,52980,-51030.0
1730.116,52990,52990,-51040.0
1730.247,53000,53000,-51050.0
1730.379,53010,53010,-51060.0
1730.51,53020,53020,-51070.0
1730.642,53030,53030,-51080.0
1730.774,53040,53040,-51090.0
1730.906,53050,53050,-51100.0
1731.038,53060,53060,-51110.0
1731.17,53070,53070,-51120.0
1731.303,53080,53080,-51130.0
1731.436,53090,53090,-51140.0
1731.569,53100,53100,-51150.0
1731.702,53110,53110,-51160.0
1731.836,53120,53120,-51170.0
1731.97,53130,53130,-51180.0
1732.104,53140,53140,-51190.0
1732.238,53150,53150,-51200.0
1732.373,53160,53160,-51210.0
1732.508,53170,53170,-51220.0
1732.643,53180,53180,-51230.0
1732.779,53190,53190,-51240.0
1732.914,53200,53200,-51250.0
1733.051,53210,53210,-51260.0
1733.187,53220,53220,-51270.0
1733.324,53230,53230,-51280.0
1733.461,53240,53240,-51290.0
1733.599,53250,53250,-51300.0
1733.737,53260,53260,-51310.0
1733.875,53270,53270,-51320.0
1734.014,53280,53280,-51330.0
1734.153,53290,53290,-51340.0
1734.292,53300,53300,-51350.0
1734.432,53310,53310,-51360.0
1734.573,53320,53320,-51370.0
1734.713,53330,53330,-51380.0
1734.854,53340,53340,-51390.0
1734.996,53350,53350,-51400.0
1735.138,53360,53360,-51410.0
1735.28,53370,53370,-51420.0
1735.423,53380,53380,-51430.0
1735.567,53390,53390,-51440.0
1735.711,53400,53400,-51450.0
1735.855,53410,53410,-51460.0
1736.0,53420,53420,-51470.0
1736.145,53430,53430,-51480.0
1736.291,53440,53440,-51490.0
1736.437,53450,53450,-51500.0
1736.583,53460,53460,-51510.0
1736.731,53470,53470,-51520.0
1736.878,53480,53480,-51530.0
1737.026,53490,53490,-51540.0
1737.175,53500,53500,-51550.0
1737.324,53510,53510,-51560.0
1737.474,53520,53520,-51570.0
1737.624,53530,53530,-51580.0
1737.775,53540,53540,-51590.0
1737.926,53550,53550,-51600.0
1738.078,53560,53560,-51610.0
1738.231,53570,53570,-51620.0
1738.384,53580,53580,-51630.0
1738.537,53590,53590,-51640.0
1738.691,53600,53600,-51650.0
1738.846,53610,53610,-51660.0
1739.001,53620,53620,-51670.0
1739.156,53630,53630,-51680.0
1739.313,53640,53640,-51690.0
1739.469,53650,53650,-51700.0
1739.627,53660,53660,-51710.0
1739.785,53670,53670,-51720.0
1739.943,53680,53680,-51730.0
1740.102,53690,53690,-51740.0
1740.262,53700,53700,-51750.0
1740.422,53710,53710,-51760.0
1740.583,53720,53720,-51770.0
1740.745,53730,53730,-51780.0
1740.907,53740,53740,-51790.0
1741.069,53750,53750,-51800.0
1741.232,53760,53760,-51810.0
1741.396,53770,53770,-51820.0
1741.561,53780,53780,-51830.0
1741.726,53790,53790,-51840.0
1741.891,53800,53800,-51850.0
1742.057,53810,53810,-51860.0
1742.224,53820,53820,-51870.0
1742.392,53830,53830,-51880.0
1742.56,53840,53840,-51890.0
1742.728,53850,53850,-51900.0
1742.897,53860,53860,-51910.0
1743.067,53870,53870,-51920.0
1743.238,53880,53880,-51930.0
1743.409,53890,53890,-51940.0
1743.58,53900,53900,-51950.0
1743.753,53910,53910,-51960.0
1743.926,53920,53920,-51970.0
1744.099,53930,53930,-51980.0
1744.273,53940,53940,-51990.0
1744.448,53950,53950,-52000.0
1744.623,53960,53960,-52010.0
1744.799,53970,53970,-52020.0
1744.976,53980,53980,-52030.0
1745.153,53990,53990,-52040.0
1745.331,54000,54000,-52050.0
1745.509,54010,54010,-52060.0
1745.688,54020,54020,-52070.0
1745.868,54030,54030,-52080.0
1746.048,54040,54040,-52090.0
1746.229,54050,54050,-52100.0
1746.411,54060,54060,-52110.0
1746.593,54070,54070,-52120.0
1746.776,54080,54080,-52130.0
1746.96,54090,54090,-52140.0
1747.144,54100,54100,-52150.0
1747.328,54110,54110,-52160.0
1747.514,54120,54120,-52170.0
1747.7,54130,54130,-52180.0
1747.886,54140,54140,-52190.0
1748.073,54150,54150,-52200.0
1748.261,54160,54160,-52210.0
1748.45,54170,54170,-52220.0
1748.639,54180,54180,-52230.0
1748.829,54190,54190,-52240.0
1749.019,54200,54200,-52250.0
1749.21,54210,54210,-52260.0
1749.401,54220,54220,-52270.0
1749.594,54230,54230,-52280.0
1749.787,54240,54240,-52290.0
1749.98,54250,54250,-52300.0
1750.174,54260,54260,-52310.0
1750.369,54270,54270,-52320.0
1750.564,54280,54280,-52330.0
1751.0,54302,54302,-52352.0
