year,season_month,tas_anom_K,source
800,1,-0.4209459903870204,LMR_seasonal_point
800,4,-0.6379330761330397,LMR_seasonal_point
800,7,1.3161566063296952,LMR_seasonal_point
800,10,1.0950030827048116,LMR_seasonal_point
801,1,0.6054340959436544,LMR_seasonal_point
801,4,-0.5982476808968026,LMR_seasonal_point
801,7,0.4804866130737917,LMR_seasonal_point
801,10,0.33775572568441836,LMR_seasonal_point
802,1,0.06393597142287094,LMR_seasonal_point
802,4,-0.14113283908642804,LMR_seasonal_point
802,7,-0.16398196141005927,LMR_seasonal_point
802,10,-1.1946373980022056,LMR_seasonal_point
803,1,-1.0480065480868594,LMR_seasonal_point
803,4,-1.2556853424902048,LMR_seasonal_point
803,7,-0.04475904546755333,LMR_seasonal_point
803,10,-0.32556595501018315,LMR_seasonal_point
804,1,-0.3030096992536214,LMR_seasonal_point
804,4,-0.9948845312500622,LMR_seasonal_point
804,7,0.27234553520793814,LMR_seasonal_point
804,10,0.5609567523436214,LMR_seasonal_point
805,1,0.8152006721965499,LMR_seasonal_point
805,4,-0.2220180401500565,LMR_seasonal_point
805,7,0.5222771297574917,LMR_seasonal_point
805,10,0.35333931253006456,LMR_seasonal_point
806,1,0.7841733943791991,LMR_seasonal_point
806,4,-0.6446954980842056,LMR_seasonal_point
806,7,0.7502438623191259,LMR_seasonal_point
806,10,0.7422539819615381,LMR_seasonal_point
807,1,0.6596802161435094,LMR_seasonal_point
807,4,-0.05371947424880397,LMR_seasonal_point
807,7,0.03770560763703287,LMR_seasonal_point
807,10,0.6449452931325876,LMR_seasonal_point
808,1,0.7021850747809393,LMR_seasonal_point
808,4,0.4059529935603827,LMR_seasonal_point
808,7,0.19466253805271147,LMR_seasonal_point
808,10,0.8477217520274352,LMR_seasonal_point
809,1,0.6738016314973689,LMR_seasonal_point
809,4,-0.400907489814324,LMR_seasonal_point
809,7,0.19572914474534986,LMR_seasonal_point
809,10,-0.27198862699270676,LMR_seasonal_point
810,1,-0.3752986337718478,LMR_seasonal_point
810,4,-0.23681190926423334,LMR_seasonal_point
810,7,-0.12307405439278002,LMR_seasonal_point
810,10,-0.64004868904924,LMR_seasonal_point
811,1,-0.04009666453800076,LMR_seasonal_point
811,4,0.006237260505719877,LMR_seasonal_point
811,7,-0.6140061441505315,LMR_seasonal_point
811,10,-0.6253767054920532,LMR_seasonal_point
812,1,-0.20361762818058288,LMR_seasonal_point
812,4,-0.9502684105386868,LMR_seasonal_point
812,7,-0.6174796243534503,LMR_seasonal_point
812,10,0.7417014004506444,LMR_seasonal_point
813,1,1.0205764616894215,LMR_seasonal_point
813,4,-0.06403596069424783,LMR_seasonal_point
813,7,-0.8648267978377452,LMR_seasonal_point
813,10,-0.2247928009634666,LMR_seasonal_point
814,1,0.044913299853544364,LMR_seasonal_point
814,4,-0.569492645083754,LMR_seasonal_point
814,7,0.07061714673933261,LMR_seasonal_point
814,10,0.3591347629884327,LMR_seasonal_point
815,1,0.5413462250658989,LMR_seasonal_point
815,4,-0.2514892714971493,LMR_seasonal_point
815,7,0.3612012237562231,LMR_seasonal_point
815,10,0.5217150092831468,LMR_seasonal_point
816,1,0.40008659888359893,LMR_seasonal_point
816,4,-0.29745091642188104,LMR_seasonal_point
816,7,0.3115820389549204,LMR_seasonal_point
816,10,0.9141987882521275,LMR_seasonal_point
817,1,1.1254354515634064,LMR_seasonal_point
817,4,0.9055108582507887,LMR_seasonal_point
817,7,0.05777668173012923,LMR_seasonal_point
817,10,0.11975978614273905,LMR_seasonal_point
818,1,0.7592500905302888,LMR_seasonal_point
818,4,-0.15772717908974282,LMR_seasonal_point
818,7,-0.019487497666429016,LMR_seasonal_point
818,10,0.0007441990876385085,LMR_seasonal_point
819,1,-0.003039561529382895,LMR_seasonal_point
819,4,-0.6486343973484986,LMR_seasonal_point
819,7,-0.05885829264973935,LMR_seasonal_point
819,10,-0.3735929017171463,LMR_seasonal_point
820,1,-0.2598600076872926,LMR_seasonal_point
820,4,-0.9311559011428271,LMR_seasonal_point
820,7,-0.1161443282494874,LMR_seasonal_point
820,10,-0.16617472678801237,LMR_seasonal_point
821,1,-0.4864727202977496,LMR_seasonal_point
821,4,-0.2966522031712504,LMR_seasonal_point
821,7,0.02469868942032058,LMR_seasonal_point
821,10,0.6008955909607294,LMR_seasonal_point
822,1,0.3373710070118263,LMR_seasonal_point
822,4,-0.16652462945766544,LMR_seasonal_point
822,7,0.16830143317313884,LMR_seasonal_point
822,10,-0.5064616285347524,LMR_seasonal_point
823,1,-0.7298864075251295,LMR_seasonal_point
823,4,-0.9098722954334325,LMR_seasonal_point
823,7,-0.17133997173181986,LMR_seasonal_point
823,10,-0.5387047157343039,LMR_seasonal_point
824,1,-0.8227017778860416,LMR_seasonal_point
824,4,-0.4809894932865073,LMR_seasonal_point
824,7,-0.20425113664190697,LMR_seasonal_point
824,10,0.12264471949374643,LMR_seasonal_point
825,1,0.13190531050010024,LMR_seasonal_point
825,4,-0.46206642167915113,LMR_seasonal_point
825,7,0.31113958868818115,LMR_seasonal_point
825,10,-0.11556944403454134,LMR_seasonal_point
826,1,-0.20023913765892803,LMR_seasonal_point
826,4,-0.5597444993108617,LMR_seasonal_point
826,7,-0.15296943449069172,LMR_seasonal_point
826,10,0.5189965902323748,LMR_seasonal_point
827,1,0.7531702293311201,LMR_seasonal_point
827,4,0.6421672853402758,LMR_seasonal_point
827,7,1.1197414875289484,LMR_seasonal_point
827,10,1.4451650007013708,LMR_seasonal_point
828,1,1.005824253784084,LMR_seasonal_point
828,4,0.29454155218529676,LMR_seasonal_point
828,7,0.9717330283435971,LMR_seasonal_point
828,10,-0.12871999466193035,LMR_seasonal_point
829,1,-0.23763777244167256,LMR_seasonal_point
829,4,-0.4220008022244591,LMR_seasonal_point
829,7,0.3524921028143728,LMR_seasonal_point
829,10,-0.8763455834544557,LMR_seasonal_point
830,1,-0.8001668189283498,LMR_seasonal_point
830,4,-0.7739797153511262,LMR_seasonal_point
830,7,-0.0038131150435222194,LMR_seasonal_point
830,10,-0.5677546482880429,LMR_seasonal_point
831,1,-0.6335387370596264,LMR_seasonal_point
831,4,-0.6264347899958423,LMR_seasonal_point
831,7,-0.03204486336916995,LMR_seasonal_point
831,10,0.35663709520365405,LMR_seasonal_point
832,1,0.5104102558467424,LMR_seasonal_point
832,4,-1.3392288138677175,LMR_seasonal_point
832,7,0.5002134522885536,LMR_seasonal_point
832,10,0.35219523703324324,LMR_seasonal_point
833,1,-0.10032152865117328,LMR_seasonal_point
833,4,-0.03632723377572483,LMR_seasonal_point
833,7,0.09174757891226745,LMR_seasonal_point
833,10,0.046946695684722706,LMR_seasonal_point
834,1,-0.22037565416874022,LMR_seasonal_point
834,4,-0.2712011749885035,LMR_seasonal_point
834,7,0.5105388947494709,LMR_seasonal_point
834,10,0.5493653249135977,LMR_seasonal_point
835,1,0.1295483266389218,LMR_seasonal_point
835,4,0.1843410084069507,LMR_seasonal_point
835,7,-0.104892671971071,LMR_seasonal_point
835,10,0.03442446828106491,LMR_seasonal_point
836,1,-0.0721068356384798,LMR_seasonal_point
836,4,-0.48771481898226643,LMR_seasonal_point
836,7,-0.4741835545110876,LMR_seasonal_point
836,10,-0.2188201364712028,LMR_seasonal_point
837,1,0.028207312071362095,LMR_seasonal_point
837,4,0.18768816309781838,LMR_seasonal_point
837,7,0.14831587496075774,LMR_seasonal_point
837,10,1.1893407375992444,LMR_seasonal_point
838,1,1.0499847997033647,LMR_seasonal_point
838,4,0.5836672169237562,LMR_seasonal_point
838,7,0.4416938268657026,LMR_seasonal_point
838,10,0.8841690517699283,LMR_seasonal_point
839,1,0.5883721011086269,LMR_seasonal_point
839,4,-0.33839974464052935,LMR_seasonal_point
839,7,-0.6286668975543122,LMR_seasonal_point
839,10,-0.014872797931353154,LMR_seasonal_point
840,1,0.15560696236042804,LMR_seasonal_point
840,4,-0.41275131554106426,LMR_seasonal_point
840,7,-0.07537339435372414,LMR_seasonal_point
840,10,0.1307316529193993,LMR_seasonal_point
841,1,0.08573488590803668,LMR_seasonal_point
841,4,-0.0619727364522879,LMR_seasonal_point
841,7,-0.38135789429927136,LMR_seasonal_point
841,10,0.1941872382634453,LMR_seasonal_point
842,1,-0.18530261954310007,LMR_seasonal_point
842,4,-0.8396058252308253,LMR_seasonal_point
842,7,0.06892945554886387,LMR_seasonal_point
842,10,0.14715789151315078,LMR_seasonal_point
843,1,0.3236074923327401,LMR_seasonal_point
843,4,-0.27627213898946557,LMR_seasonal_point
843,7,-0.20191181627900123,LMR_seasonal_point
843,10,-0.016749907420914367,LMR_seasonal_point
844,1,0.20631475522000647,LMR_seasonal_point
844,4,-0.051801807370866315,LMR_seasonal_point
844,7,-0.43895471587670676,LMR_seasonal_point
844,10,-0.8717840374301365,LMR_seasonal_point
845,1,-0.6479564448873314,LMR_seasonal_point
845,4,-0.12250009561680902,LMR_seasonal_point
845,7,-0.42608762607673734,LMR_seasonal_point
845,10,0.5326478503500828,LMR_seasonal_point
846,1,0.2113688231590657,LMR_seasonal_point
846,4,-0.4772349115594785,LMR_seasonal_point
846,7,0.2833270190896656,LMR_seasonal_point
846,10,-0.028452057441585077,LMR_seasonal_point
847,1,-0.4591488264614695,LMR_seasonal_point
847,4,-1.081344760046468,LMR_seasonal_point
847,7,-0.6886350130652378,LMR_seasonal_point
847,10,-0.4323401822043226,LMR_seasonal_point
848,1,-0.45681801841656255,LMR_seasonal_point
848,4,0.22385106147999545,LMR_seasonal_point
848,7,0.06634320108201588,LMR_seasonal_point
848,10,-0.5377788439187459,LMR_seasonal_point
849,1,-0.7688531946832865,LMR_seasonal_point
849,4,-0.2736169811505944,LMR_seasonal_point
849,7,-0.4324851171446267,LMR_seasonal_point
849,10,0.13067627148887834,LMR_seasonal_point
850,1,0.1522934114959445,LMR_seasonal_point
850,4,0.5253422085318676,LMR_seasonal_point
850,7,-0.7500153919396528,LMR_seasonal_point
850,10,0.16722894228156915,LMR_seasonal_point
851,1,0.38357760047748113,LMR_seasonal_point
851,4,0.24894911568289976,LMR_seasonal_point
851,7,0.10528188020301016,LMR_seasonal_point
851,10,0.213244685445913,LMR_seasonal_point
852,1,-0.18560361253675733,LMR_seasonal_point
852,4,-0.6673006474688948,LMR_seasonal_point
852,7,-0.00960536071847884,LMR_seasonal_point
852,10,-0.2043694627038391,LMR_seasonal_point
853,1,-0.8187597336190889,LMR_seasonal_point
853,4,-0.8115892023210619,LMR_seasonal_point
853,7,-0.13455796978243711,LMR_seasonal_point
853,10,-0.03124210700302721,LMR_seasonal_point
854,1,-0.5470728010786923,LMR_seasonal_point
854,4,-0.21663371187329877,LMR_seasonal_point
854,7,-0.11958065610319657,LMR_seasonal_point
854,10,0.12276245461379054,LMR_seasonal_point
855,1,0.32662189779100864,LMR_seasonal_point
855,4,0.6593211621512778,LMR_seasonal_point
855,7,-0.45072841045230727,LMR_seasonal_point
855,10,-0.4728539458467742,LMR_seasonal_point
856,1,-0.5058830934318215,LMR_seasonal_point
856,4,0.7302711294276958,LMR_seasonal_point
856,7,0.37800632355980135,LMR_seasonal_point
856,10,-0.2470709096155525,LMR_seasonal_point
857,1,-0.7035383705990834,LMR_seasonal_point
857,4,0.07501141033845446,LMR_seasonal_point
857,7,0.6250978833873713,LMR_seasonal_point
857,10,0.6198641015292343,LMR_seasonal_point
858,1,0.6120530607002358,LMR_seasonal_point
858,4,0.03239917701653647,LMR_seasonal_point
858,7,0.18104906006875654,LMR_seasonal_point
858,10,0.10496699136858018,LMR_seasonal_point
859,1,0.07088116436237177,LMR_seasonal_point
859,4,0.25457281273889176,LMR_seasonal_point
859,7,0.38796140232167053,LMR_seasonal_point
859,10,-0.754370193067902,LMR_seasonal_point
860,1,-0.806826206230998,LMR_seasonal_point
860,4,0.13001156637304143,LMR_seasonal_point
860,7,0.4447160002269864,LMR_seasonal_point
860,10,0.40515846024892255,LMR_seasonal_point
861,1,-0.08172950260998424,LMR_seasonal_point
861,4,-0.9673859388603384,LMR_seasonal_point
861,7,0.12559621733987325,LMR_seasonal_point
861,10,0.42414455196872713,LMR_seasonal_point
862,1,0.23291918446976637,LMR_seasonal_point
862,4,-0.9761711357341624,LMR_seasonal_point
862,7,-0.5044484165866306,LMR_seasonal_point
862,10,-0.21271380944285434,LMR_seasonal_point
863,1,0.21060978163369157,LMR_seasonal_point
863,4,-0.4323307886288885,LMR_seasonal_point
863,7,-0.09171476412108026,LMR_seasonal_point
863,10,0.18819312495290375,LMR_seasonal_point
864,1,0.0871353199688065,LMR_seasonal_point
864,4,-0.5283473589555462,LMR_seasonal_point
864,7,-0.08721519994335958,LMR_seasonal_point
864,10,0.2676333927693842,LMR_seasonal_point
865,1,-0.032308000889183175,LMR_seasonal_point
865,4,-0.0833361420036603,LMR_seasonal_point
865,7,0.731370151532849,LMR_seasonal_point
865,10,0.967908168393326,LMR_seasonal_point
866,1,0.8672562086261233,LMR_seasonal_point
866,4,0.48798197399532617,LMR_seasonal_point
866,7,-0.3017648954175487,LMR_seasonal_point
866,10,-0.4517984436645257,LMR_seasonal_point
867,1,-0.7456486160922288,LMR_seasonal_point
867,4,-1.2593025517759333,LMR_seasonal_point
867,7,-0.3790170964608275,LMR_seasonal_point
867,10,0.3128285557720387,LMR_seasonal_point
868,1,0.029173119449249996,LMR_seasonal_point
868,4,-0.37543456797014574,LMR_seasonal_point
868,7,-0.15162073696700823,LMR_seasonal_point
868,10,-0.318135582534372,LMR_seasonal_point
869,1,-0.3059616916076575,LMR_seasonal_point
869,4,-0.9035209847784046,LMR_seasonal_point
869,7,-0.7604040727662004,LMR_seasonal_point
869,10,0.3907241155085882,LMR_seasonal_point
870,1,0.4980775247555136,LMR_seasonal_point
870,4,-0.29592791175788935,LMR_seasonal_point
870,7,-0.17700166753048407,LMR_seasonal_point
870,10,0.19574661236427682,LMR_seasonal_point
871,1,0.03514080423311672,LMR_seasonal_point
871,4,0.16980785097602366,LMR_seasonal_point
871,7,-0.10775723955066058,LMR_seasonal_point
871,10,1.4182961809445271,LMR_seasonal_point
872,1,0.809633231496536,LMR_seasonal_point
872,4,-0.41685293859437667,LMR_seasonal_point
872,7,0.1688920997381829,LMR_seasonal_point
872,10,1.4749862849969082,LMR_seasonal_point
873,1,1.7692447776530242,LMR_seasonal_point
873,4,-0.40578140521082506,LMR_seasonal_point
873,7,-0.382938852178621,LMR_seasonal_point
873,10,-0.08750774755936114,LMR_seasonal_point
874,1,-0.385359978823126,LMR_seasonal_point
874,4,-0.2773979810633631,LMR_seasonal_point
874,7,0.30591271383944585,LMR_seasonal_point
874,10,-0.5588002447124196,LMR_seasonal_point
875,1,-0.4496402628004733,LMR_seasonal_point
875,4,-0.7125005331060441,LMR_seasonal_point
875,7,-0.042014904663360775,LMR_seasonal_point
875,10,0.17705882474432014,LMR_seasonal_point
876,1,0.33334536187164,LMR_seasonal_point
876,4,0.10680706225273945,LMR_seasonal_point
876,7,-0.7500172683650853,LMR_seasonal_point
876,10,0.26055815161409707,LMR_seasonal_point
877,1,-0.04875379451366102,LMR_seasonal_point
877,4,0.08460321672856844,LMR_seasonal_point
877,7,0.18359305517626098,LMR_seasonal_point
877,10,-0.3245529126227964,LMR_seasonal_point
878,1,-0.502267167376666,LMR_seasonal_point
878,4,-0.3717341470045251,LMR_seasonal_point
878,7,-0.22077863116524898,LMR_seasonal_point
878,10,0.4959357487769464,LMR_seasonal_point
879,1,0.5027163927277486,LMR_seasonal_point
879,4,0.379219867321136,LMR_seasonal_point
879,7,-0.1037350620099381,LMR_seasonal_point
879,10,0.09323665169619935,LMR_seasonal_point
880,1,0.7030890499731184,LMR_seasonal_point
880,4,0.3012381985905769,LMR_seasonal_point
880,7,-0.3160299923633135,LMR_seasonal_point
880,10,0.18246164562969056,LMR_seasonal_point
881,1,0.7005622902743067,LMR_seasonal_point
881,4,0.4609608473422455,LMR_seasonal_point
881,7,0.3994877860552118,LMR_seasonal_point
881,10,0.06366643470487068,LMR_seasonal_point
882,1,0.4369907785078527,LMR_seasonal_point
882,4,-0.1919799317292214,LMR_seasonal_point
882,7,-0.12865717903579615,LMR_seasonal_point
882,10,-0.2734772571523283,LMR_seasonal_point
883,1,-0.41991076517656223,LMR_seasonal_point
883,4,-0.41314825926933707,LMR_seasonal_point
883,7,-0.3006708268690712,LMR_seasonal_point
883,10,-0.007803538909640806,LMR_seasonal_point
884,1,-0.07824270163918812,LMR_seasonal_point
884,4,0.08069041015418885,LMR_seasonal_point
884,7,0.19319406722804894,LMR_seasonal_point
884,10,0.204081359027467,LMR_seasonal_point
885,1,0.23094217222239505,LMR_seasonal_point
885,4,-0.2682246489872974,LMR_seasonal_point
885,7,-0.5684641171791844,LMR_seasonal_point
885,10,-0.6101334583594055,LMR_seasonal_point
886,1,0.06929445980714855,LMR_seasonal_point
886,4,-0.16170019595198593,LMR_seasonal_point
886,7,-0.7418740905188426,LMR_seasonal_point
886,10,0.3272937988343434,LMR_seasonal_point
887,1,0.2829151839403409,LMR_seasonal_point
887,4,-0.3760011417937644,LMR_seasonal_point
887,7,-0.6645621958584461,LMR_seasonal_point
887,10,-0.06223785878526056,LMR_seasonal_point
888,1,-0.4166267177568812,LMR_seasonal_point
888,4,-0.5582906983705663,LMR_seasonal_point
888,7,0.41024274884281,LMR_seasonal_point
888,10,0.25085733422772266,LMR_seasonal_point
889,1,0.1449142233708322,LMR_seasonal_point
889,4,0.09347792678777903,LMR_seasonal_point
889,7,0.17822014196476513,LMR_seasonal_point
889,10,-0.634656462294782,LMR_seasonal_point
890,1,-0.5441680116516667,LMR_seasonal_point
890,4,-0.7516334035478156,LMR_seasonal_point
890,7,-0.39142231748779277,LMR_seasonal_point
890,10,0.19503071586092896,LMR_seasonal_point
891,1,0.470015850162697,LMR_seasonal_point
891,4,0.7941692927519359,LMR_seasonal_point
891,7,-0.29177375157571184,LMR_seasonal_point
891,10,1.1329863271578728,LMR_seasonal_point
892,1,0.9608012733792728,LMR_seasonal_point
892,4,0.229164871110329,LMR_seasonal_point
892,7,0.2830127036173192,LMR_seasonal_point
892,10,0.1843353393691817,LMR_seasonal_point
893,1,0.12187938112593369,LMR_seasonal_point
893,4,0.29457578135706497,LMR_seasonal_point
893,7,0.5804117443287871,LMR_seasonal_point
893,10,-0.4144888815808494,LMR_seasonal_point
894,1,-0.08952792835087325,LMR_seasonal_point
894,4,0.026808992873123022,LMR_seasonal_point
894,7,1.1440445918709954,LMR_seasonal_point
894,10,0.2573303237049496,LMR_seasonal_point
895,1,0.1448937010674859,LMR_seasonal_point
895,4,-0.25818460160182577,LMR_seasonal_point
895,7,1.0206334668031338,LMR_seasonal_point
895,10,1.386236213956665,LMR_seasonal_point
896,1,1.0152795666041423,LMR_seasonal_point
896,4,0.5737366485196993,LMR_seasonal_point
896,7,1.5959450683762442,LMR_seasonal_point
896,10,0.6150368242722486,LMR_seasonal_point
897,1,0.08371491465725917,LMR_seasonal_point
897,4,-0.2205805319699946,LMR_seasonal_point
897,7,0.7938766974155,LMR_seasonal_point
897,10,-0.5359219318230674,LMR_seasonal_point
898,1,-0.692254497914341,LMR_seasonal_point
898,4,-0.18192962116376965,LMR_seasonal_point
898,7,0.004000294562373136,LMR_seasonal_point
898,10,0.0922025897044162,LMR_seasonal_point
899,1,-0.4222489247361729,LMR_seasonal_point
899,4,0.027525031033139052,LMR_seasonal_point
899,7,0.9654391947631547,LMR_seasonal_point
899,10,0.762143283420456,LMR_seasonal_point
900,1,0.0904297955780804,LMR_seasonal_point
900,4,0.16410782614143493,LMR_seasonal_point
900,7,1.1197013988763798,LMR_seasonal_point
900,10,0.8467841397335547,LMR_seasonal_point
901,1,0.6340629042381644,LMR_seasonal_point
901,4,-0.34089671179163683,LMR_seasonal_point
901,7,0.25924000928797775,LMR_seasonal_point
901,10,0.431549285158881,LMR_seasonal_point
902,1,0.3249263514304568,LMR_seasonal_point
902,4,-0.2984836856461348,LMR_seasonal_point
902,7,1.0301527700165383,LMR_seasonal_point
902,10,0.3370800548138934,LMR_seasonal_point
903,1,0.1247218998999915,LMR_seasonal_point
903,4,-0.16442157887449976,LMR_seasonal_point
903,7,1.1498288074767729,LMR_seasonal_point
903,10,1.1604226836072165,LMR_seasonal_point
904,1,0.8942243583557709,LMR_seasonal_point
904,4,-0.625508748098765,LMR_seasonal_point
904,7,0.47236655755877843,LMR_seasonal_point
904,10,-0.71089950723907,LMR_seasonal_point
905,1,-0.40433752476971685,LMR_seasonal_point
905,4,0.43208152799543725,LMR_seasonal_point
905,7,0.5804003241554438,LMR_seasonal_point
905,10,-0.02185382459300772,LMR_seasonal_point
906,1,-0.037563386463040194,LMR_seasonal_point
906,4,-0.28788879904563536,LMR_seasonal_point
906,7,0.7722993632251646,LMR_seasonal_point
906,10,0.41341787649588224,LMR_seasonal_point
907,1,0.31771969412531104,LMR_seasonal_point
907,4,0.16224172733619635,LMR_seasonal_point
907,7,1.1876278911131246,LMR_seasonal_point
907,10,0.8735408192534203,LMR_seasonal_point
908,1,0.44595508678674295,LMR_seasonal_point
908,4,-0.17420359283114978,LMR_seasonal_point
908,7,0.7384827837214579,LMR_seasonal_point
908,10,-0.22973528929613318,LMR_seasonal_point
909,1,-0.16289020223993722,LMR_seasonal_point
909,4,0.009486592997132726,LMR_seasonal_point
909,7,0.612376325214669,LMR_seasonal_point
909,10,1.0518022743703082,LMR_seasonal_point
910,1,1.3343214495858424,LMR_seasonal_point
910,4,0.4454780966223528,LMR_seasonal_point
910,7,0.6508456936572831,LMR_seasonal_point
910,10,1.2324708187317706,LMR_seasonal_point
911,1,0.9600025700030941,LMR_seasonal_point
911,4,0.3655530435114828,LMR_seasonal_point
911,7,1.2560115085170267,LMR_seasonal_point
911,10,0.7233035961454958,LMR_seasonal_point
912,1,0.3944649960156335,LMR_seasonal_point
912,4,0.004794701125647283,LMR_seasonal_point
912,7,0.5185884027309238,LMR_seasonal_point
912,10,0.4346040407984477,LMR_seasonal_point
913,1,0.3081537321649904,LMR_seasonal_point
913,4,0.34476300625670975,LMR_seasonal_point
913,7,0.5810375927179776,LMR_seasonal_point
913,10,-0.15530667946651266,LMR_seasonal_point
914,1,-0.13499475252132054,LMR_seasonal_point
914,4,-0.5506702347886876,LMR_seasonal_point
914,7,1.0067398313214324,LMR_seasonal_point
914,10,0.8226014246691942,LMR_seasonal_point
915,1,0.6674047958752861,LMR_seasonal_point
915,4,0.2599992355558502,LMR_seasonal_point
915,7,0.8299877906270656,LMR_seasonal_point
915,10,-0.031247816511465742,LMR_seasonal_point
916,1,0.11135742191436246,LMR_seasonal_point
916,4,-0.3817753957717216,LMR_seasonal_point
916,7,0.5022025519223985,LMR_seasonal_point
916,10,-0.6650574820389239,LMR_seasonal_point
917,1,-0.20943653727210643,LMR_seasonal_point
917,4,0.16547589160443293,LMR_seasonal_point
917,7,1.0132586243942507,LMR_seasonal_point
917,10,0.1513958136198641,LMR_seasonal_point
918,1,0.1743147351168241,LMR_seasonal_point
918,4,-0.3083770077604858,LMR_seasonal_point
918,7,1.1218098275203068,LMR_seasonal_point
918,10,0.16300499960959366,LMR_seasonal_point
919,1,0.3209962420614408,LMR_seasonal_point
919,4,0.08550244874086829,LMR_seasonal_point
919,7,1.0192466210922841,LMR_seasonal_point
919,10,0.2510420065938195,LMR_seasonal_point
920,1,0.23045742788506415,LMR_seasonal_point
920,4,0.10674454331227438,LMR_seasonal_point
920,7,-0.028252213616808353,LMR_seasonal_point
920,10,0.4813038345639435,LMR_seasonal_point
921,1,0.32664412891590977,LMR_seasonal_point
921,4,-0.4568150324519419,LMR_seasonal_point
921,7,0.8805006380041707,LMR_seasonal_point
921,10,-0.503947908442062,LMR_seasonal_point
922,1,-0.8785020004222434,LMR_seasonal_point
922,4,-1.6467257212126998,LMR_seasonal_point
922,7,0.23303881164221965,LMR_seasonal_point
922,10,-0.4857916279330945,LMR_seasonal_point
923,1,-0.6573457016870701,LMR_seasonal_point
923,4,-0.7083831731564811,LMR_seasonal_point
923,7,-0.001503672260031147,LMR_seasonal_point
923,10,0.15533215589002924,LMR_seasonal_point
924,1,0.04159251479855003,LMR_seasonal_point
924,4,-0.5191333888573583,LMR_seasonal_point
924,7,0.6048515144665932,LMR_seasonal_point
924,10,0.7352203962100328,LMR_seasonal_point
925,1,0.9376505571978762,LMR_seasonal_point
925,4,0.5669718392894776,LMR_seasonal_point
925,7,1.246650549753586,LMR_seasonal_point
925,10,0.5849541620448104,LMR_seasonal_point
926,1,0.7942197195232229,LMR_seasonal_point
926,4,-0.2845082062451717,LMR_seasonal_point
926,7,0.11565574438005305,LMR_seasonal_point
926,10,-0.9942430606774154,LMR_seasonal_point
927,1,-1.0924153374893386,LMR_seasonal_point
927,4,-0.6033550194440828,LMR_seasonal_point
927,7,0.9625297893507193,LMR_seasonal_point
927,10,-0.005751253478242235,LMR_seasonal_point
928,1,-0.011357423369292768,LMR_seasonal_point
928,4,-0.2713535490204231,LMR_seasonal_point
928,7,-0.8822931660094732,LMR_seasonal_point
928,10,-0.17153109307533354,LMR_seasonal_point
929,1,0.3175705789138701,LMR_seasonal_point
929,4,-0.4045992734398013,LMR_seasonal_point
929,7,0.5007347958435973,LMR_seasonal_point
929,10,-0.17817217239689648,LMR_seasonal_point
930,1,-0.09018105322711106,LMR_seasonal_point
930,4,-0.2083939375275053,LMR_seasonal_point
930,7,0.8648701902361547,LMR_seasonal_point
930,10,-0.4021122890593526,LMR_seasonal_point
931,1,-0.4893089166621324,LMR_seasonal_point
931,4,0.0015776394002328387,LMR_seasonal_point
931,7,-0.1711372266230658,LMR_seasonal_point
931,10,0.8379807607284229,LMR_seasonal_point
932,1,1.0250093000276947,LMR_seasonal_point
932,4,0.047136882698592314,LMR_seasonal_point
932,7,0.011661024682078858,LMR_seasonal_point
932,10,0.6554298617191898,LMR_seasonal_point
933,1,0.6061160369076777,LMR_seasonal_point
933,4,0.5705153575609982,LMR_seasonal_point
933,7,0.6571739726385524,LMR_seasonal_point
933,10,1.7674495309329425,LMR_seasonal_point
934,1,1.6158878558107768,LMR_seasonal_point
934,4,0.5782485871553134,LMR_seasonal_point
934,7,-0.2443278866361167,LMR_seasonal_point
934,10,0.8732799667193933,LMR_seasonal_point
935,1,0.6887341350761325,LMR_seasonal_point
935,4,0.33665302883418574,LMR_seasonal_point
935,7,0.2174856876838439,LMR_seasonal_point
935,10,-0.5346768876695045,LMR_seasonal_point
936,1,-0.24308681939653365,LMR_seasonal_point
936,4,-0.9557191101030412,LMR_seasonal_point
936,7,-0.4476101527836396,LMR_seasonal_point
936,10,-1.0456093167384668,LMR_seasonal_point
937,1,-0.8161049204107224,LMR_seasonal_point
937,4,-0.4838239787650672,LMR_seasonal_point
937,7,0.45709369244069803,LMR_seasonal_point
937,10,0.05927162356707316,LMR_seasonal_point
938,1,0.31381024110687467,LMR_seasonal_point
938,4,0.97042416094786,LMR_seasonal_point
938,7,0.815951108828846,LMR_seasonal_point
938,10,0.6022530521074477,LMR_seasonal_point
939,1,0.5593269006840813,LMR_seasonal_point
939,4,-0.24647664556554022,LMR_seasonal_point
939,7,0.08659929838459737,LMR_seasonal_point
939,10,-0.25630703239975733,LMR_seasonal_point
940,1,-0.6983747232187408,LMR_seasonal_point
940,4,-0.2541499820193938,LMR_seasonal_point
940,7,0.18473038642184733,LMR_seasonal_point
940,10,-0.6574368895870238,LMR_seasonal_point
941,1,-0.9555221103101735,LMR_seasonal_point
941,4,-1.9441752621537454,LMR_seasonal_point
941,7,-0.5581584668915491,LMR_seasonal_point
941,10,0.24240393736477323,LMR_seasonal_point
942,1,0.4882428601453253,LMR_seasonal_point
942,4,0.30457735311575507,LMR_seasonal_point
942,7,0.12305499160820853,LMR_seasonal_point
942,10,-0.26355073609959245,LMR_seasonal_point
943,1,-0.040257823113983016,LMR_seasonal_point
943,4,-0.4801019504757954,LMR_seasonal_point
943,7,-0.2219948136665939,LMR_seasonal_point
943,10,-0.049588657924934165,LMR_seasonal_point
944,1,0.3731558973118029,LMR_seasonal_point
944,4,-0.49882111237810145,LMR_seasonal_point
944,7,-0.2889906503568881,LMR_seasonal_point
944,10,-0.9118369245766383,LMR_seasonal_point
945,1,-0.7124781064145481,LMR_seasonal_point
945,4,-0.03423569732237802,LMR_seasonal_point
945,7,-0.014275320481401094,LMR_seasonal_point
945,10,1.340887865977506,LMR_seasonal_point
946,1,0.944384873082089,LMR_seasonal_point
946,4,0.12839356866361135,LMR_seasonal_point
946,7,0.939901839236925,LMR_seasonal_point
946,10,0.6887256772200627,LMR_seasonal_point
947,1,0.23022990657713313,LMR_seasonal_point
947,4,-0.5959250565545116,LMR_seasonal_point
947,7,1.1017592452534162,LMR_seasonal_point
947,10,0.41490932249615986,LMR_seasonal_point
948,1,0.0393291448313855,LMR_seasonal_point
948,4,-0.6921486314232682,LMR_seasonal_point
948,7,0.07732051999153156,LMR_seasonal_point
948,10,0.054155700926470374,LMR_seasonal_point
949,1,0.3586794976827212,LMR_seasonal_point
949,4,-0.030380434141871138,LMR_seasonal_point
949,7,0.6376325730712951,LMR_seasonal_point
949,10,1.4299046285981043,LMR_seasonal_point
950,1,0.6432949134515689,LMR_seasonal_point
950,4,0.34952269958612747,LMR_seasonal_point
950,7,0.6539361264316559,LMR_seasonal_point
950,10,0.25910222778782815,LMR_seasonal_point
951,1,-0.22741976926780927,LMR_seasonal_point
951,4,0.3658867859587125,LMR_seasonal_point
951,7,0.44471212354310585,LMR_seasonal_point
951,10,0.2538271184135754,LMR_seasonal_point
952,1,0.3440925570654916,LMR_seasonal_point
952,4,-0.5042862076773319,LMR_seasonal_point
952,7,0.1105598393342883,LMR_seasonal_point
952,10,0.7259421289269425,LMR_seasonal_point
953,1,0.39606038043233505,LMR_seasonal_point
953,4,-0.5786120010469855,LMR_seasonal_point
953,7,-0.26451462604680714,LMR_seasonal_point
953,10,0.3647484410379964,LMR_seasonal_point
954,1,0.012466407861721901,LMR_seasonal_point
954,4,-0.809637538177609,LMR_seasonal_point
954,7,0.17446012929248578,LMR_seasonal_point
954,10,0.1683313781580018,LMR_seasonal_point
955,1,0.28487700647047426,LMR_seasonal_point
955,4,-0.3402113012971232,LMR_seasonal_point
955,7,0.4115785099429522,LMR_seasonal_point
955,10,0.8182262226305197,LMR_seasonal_point
956,1,0.9191136879638696,LMR_seasonal_point
956,4,-0.32958587602751277,LMR_seasonal_point
956,7,-0.9088032783112893,LMR_seasonal_point
956,10,0.0023757170449622833,LMR_seasonal_point
957,1,1.0089820035179091,LMR_seasonal_point
957,4,-0.8991047138336806,LMR_seasonal_point
957,7,-0.938390143217149,LMR_seasonal_point
957,10,-0.021783561089603276,LMR_seasonal_point
958,1,0.23060940928510726,LMR_seasonal_point
958,4,-0.6763598356982007,LMR_seasonal_point
958,7,-0.2612650631609081,LMR_seasonal_point
958,10,0.07712603589537617,LMR_seasonal_point
959,1,0.15086949757042442,LMR_seasonal_point
959,4,-0.45605011008147056,LMR_seasonal_point
959,7,-0.17018570631994767,LMR_seasonal_point
959,10,0.060804035857140615,LMR_seasonal_point
960,1,-0.2084643365007054,LMR_seasonal_point
960,4,-0.6849122158318046,LMR_seasonal_point
960,7,-0.4406036900294543,LMR_seasonal_point
960,10,0.37416014516093044,LMR_seasonal_point
961,1,0.3900010790260603,LMR_seasonal_point
961,4,-0.21903983874025562,LMR_seasonal_point
961,7,0.4248338382183797,LMR_seasonal_point
961,10,0.15077165458859604,LMR_seasonal_point
962,1,0.2229309887978989,LMR_seasonal_point
962,4,-0.09311432339277509,LMR_seasonal_point
962,7,-0.008652009449984205,LMR_seasonal_point
962,10,0.7235383664274115,LMR_seasonal_point
963,1,0.5911028612547247,LMR_seasonal_point
963,4,1.0516617885028876,LMR_seasonal_point
963,7,0.530017264842092,LMR_seasonal_point
963,10,1.105148955587166,LMR_seasonal_point
964,1,0.5681919154731417,LMR_seasonal_point
964,4,0.6847095403548963,LMR_seasonal_point
964,7,-0.12196042094158938,LMR_seasonal_point
964,10,-0.4971450626886593,LMR_seasonal_point
965,1,-0.08156810136265563,LMR_seasonal_point
965,4,-0.10667577510546139,LMR_seasonal_point
965,7,-0.040131760447846554,LMR_seasonal_point
965,10,-0.5949739366978796,LMR_seasonal_point
966,1,-0.44272625049692926,LMR_seasonal_point
966,4,0.05657415833110324,LMR_seasonal_point
966,7,0.3413318412772148,LMR_seasonal_point
966,10,0.4310641292284084,LMR_seasonal_point
967,1,0.669145350321938,LMR_seasonal_point
967,4,0.5040498950533692,LMR_seasonal_point
967,7,1.2808108382761385,LMR_seasonal_point
967,10,0.6493382210015455,LMR_seasonal_point
968,1,0.39616325532111496,LMR_seasonal_point
968,4,-0.40963887491124573,LMR_seasonal_point
968,7,0.1295997103112123,LMR_seasonal_point
968,10,0.44625357670110555,LMR_seasonal_point
969,1,0.928848576205933,LMR_seasonal_point
969,4,0.9666831302298893,LMR_seasonal_point
969,7,0.6438959729508453,LMR_seasonal_point
969,10,0.3816146925510083,LMR_seasonal_point
970,1,0.3194407963585254,LMR_seasonal_point
970,4,-0.12352278654961252,LMR_seasonal_point
970,7,0.26919889060031893,LMR_seasonal_point
970,10,0.38104036249411916,LMR_seasonal_point
971,1,0.41663439098753,LMR_seasonal_point
971,4,0.22233593534110857,LMR_seasonal_point
971,7,0.635185610236712,LMR_seasonal_point
971,10,-0.6142054816144804,LMR_seasonal_point
972,1,-0.42920393534206036,LMR_seasonal_point
972,4,-0.9925887185612835,LMR_seasonal_point
972,7,1.4253315427598823,LMR_seasonal_point
972,10,1.084288174330796,LMR_seasonal_point
973,1,0.5616877218507568,LMR_seasonal_point
973,4,0.3067682466652908,LMR_seasonal_point
973,7,1.31701067188482,LMR_seasonal_point
973,10,1.6317241314032533,LMR_seasonal_point
974,1,1.5605349464720217,LMR_seasonal_point
974,4,0.10325727816180638,LMR_seasonal_point
974,7,0.7824675205767727,LMR_seasonal_point
974,10,0.1675162224760324,LMR_seasonal_point
975,1,0.1440960961408243,LMR_seasonal_point
975,4,0.43188828653980416,LMR_seasonal_point
975,7,0.5676980551182003,LMR_seasonal_point
975,10,-0.8934716801903083,LMR_seasonal_point
976,1,-1.0407677815195582,LMR_seasonal_point
976,4,-0.43830947138926724,LMR_seasonal_point
976,7,0.8398689551496437,LMR_seasonal_point
976,10,0.9403173157544227,LMR_seasonal_point
977,1,0.5465252097377744,LMR_seasonal_point
977,4,-0.13541205179701254,LMR_seasonal_point
977,7,0.23356255470095325,LMR_seasonal_point
977,10,1.3697361796845198,LMR_seasonal_point
978,1,0.8630469839154226,LMR_seasonal_point
978,4,-0.13443030796220573,LMR_seasonal_point
978,7,-0.04809870723678,LMR_seasonal_point
978,10,-0.010044997745007167,LMR_seasonal_point
979,1,-0.10902445380781811,LMR_seasonal_point
979,4,-0.24164659060821558,LMR_seasonal_point
979,7,0.29103495954555036,LMR_seasonal_point
979,10,-0.654973620657372,LMR_seasonal_point
980,1,-0.41963987297058014,LMR_seasonal_point
980,4,-0.25760140471510307,LMR_seasonal_point
980,7,0.04404087646091262,LMR_seasonal_point
980,10,0.6491140620025226,LMR_seasonal_point
981,1,0.014982876210012624,LMR_seasonal_point
981,4,0.3728827974658478,LMR_seasonal_point
981,7,0.22553284534178733,LMR_seasonal_point
981,10,-0.6191540620605478,LMR_seasonal_point
982,1,-0.6328215513175752,LMR_seasonal_point
982,4,-1.0038794739007502,LMR_seasonal_point
982,7,-0.3434564894858795,LMR_seasonal_point
982,10,0.7873959593985584,LMR_seasonal_point
983,1,0.5198019668507232,LMR_seasonal_point
983,4,0.2724325948648896,LMR_seasonal_point
983,7,-0.14293469503586653,LMR_seasonal_point
983,10,-0.3743662908379257,LMR_seasonal_point
984,1,-0.5114613535930683,LMR_seasonal_point
984,4,-0.7655964544941158,LMR_seasonal_point
984,7,0.3975817241084056,LMR_seasonal_point
984,10,0.5270355555679214,LMR_seasonal_point
985,1,0.597560590797478,LMR_seasonal_point
985,4,0.1530862650355518,LMR_seasonal_point
985,7,-0.13317049876927955,LMR_seasonal_point
985,10,-0.00389912146014032,LMR_seasonal_point
986,1,0.1756540242365406,LMR_seasonal_point
986,4,0.7234699771453804,LMR_seasonal_point
986,7,-0.37537408819138074,LMR_seasonal_point
986,10,0.5035867679980275,LMR_seasonal_point
987,1,0.2825289010917784,LMR_seasonal_point
987,4,0.36872172415241583,LMR_seasonal_point
987,7,-0.3554749990417133,LMR_seasonal_point
987,10,-0.3365854562992754,LMR_seasonal_point
988,1,-0.3125975608138316,LMR_seasonal_point
988,4,-0.748652497599961,LMR_seasonal_point
988,7,-0.07297228761372249,LMR_seasonal_point
988,10,-0.002737215828547801,LMR_seasonal_point
989,1,0.021771237104321717,LMR_seasonal_point
989,4,-0.6912790333007546,LMR_seasonal_point
989,7,0.385086668231042,LMR_seasonal_point
989,10,-0.09019635071033894,LMR_seasonal_point
990,1,-0.3986659428484186,LMR_seasonal_point
990,4,-0.5911684274104368,LMR_seasonal_point
990,7,-0.5619767330255145,LMR_seasonal_point
990,10,0.6658877121995548,LMR_seasonal_point
991,1,0.18212517939677403,LMR_seasonal_point
991,4,-0.3304160707745547,LMR_seasonal_point
991,7,0.7872073751142569,LMR_seasonal_point
991,10,1.3776462547539299,LMR_seasonal_point
992,1,1.4481687269214758,LMR_seasonal_point
992,4,-0.08057173233499237,LMR_seasonal_point
992,7,-0.15919121918811818,LMR_seasonal_point
992,10,-0.18452318407586055,LMR_seasonal_point
993,1,0.2523790520407702,LMR_seasonal_point
993,4,-0.36322285199301985,LMR_seasonal_point
993,7,0.06788572291857964,LMR_seasonal_point
993,10,-0.35631068617522044,LMR_seasonal_point
994,1,0.07243656645582058,LMR_seasonal_point
994,4,-0.6344370332311562,LMR_seasonal_point
994,7,0.8647765806738661,LMR_seasonal_point
994,10,0.1804734767133916,LMR_seasonal_point
995,1,0.20022285789584088,LMR_seasonal_point
995,4,-0.33227867757582674,LMR_seasonal_point
995,7,0.45084911959899143,LMR_seasonal_point
995,10,0.40487348672321877,LMR_seasonal_point
996,1,-0.17663841323314533,LMR_seasonal_point
996,4,0.6263925556592669,LMR_seasonal_point
996,7,0.8489118569950832,LMR_seasonal_point
996,10,0.037656040955640846,LMR_seasonal_point
997,1,-0.3612314670422875,LMR_seasonal_point
997,4,-0.6570004619372453,LMR_seasonal_point
997,7,0.1617646077317519,LMR_seasonal_point
997,10,0.5627446892011977,LMR_seasonal_point
998,1,0.8265315283299289,LMR_seasonal_point
998,4,0.16846713111089184,LMR_seasonal_point
998,7,0.8975502814413598,LMR_seasonal_point
998,10,0.8022929438190726,LMR_seasonal_point
999,1,0.4755406000277151,LMR_seasonal_point
999,4,1.0192906257055832,LMR_seasonal_point
999,7,0.555626018180134,LMR_seasonal_point
999,10,1.375572147516845,LMR_seasonal_point
1000,1,0.3968168335648109,LMR_seasonal_point
1000,4,0.30573300679675597,LMR_seasonal_point
1000,7,1.3480551405052745,LMR_seasonal_point
1000,10,0.11181117407868059,LMR_seasonal_point
1001,1,-0.49484222152676427,LMR_seasonal_point
1001,4,0.8510937109076291,LMR_seasonal_point
1001,7,1.30459542716709,LMR_seasonal_point
1001,10,1.8460207264617008,LMR_seasonal_point
1002,1,1.389421728121174,LMR_seasonal_point
1002,4,-0.4410162878311099,LMR_seasonal_point
1002,7,0.7371626077910558,LMR_seasonal_point
1002,10,0.7401110177434838,LMR_seasonal_point
1003,1,1.1431096387930682,LMR_seasonal_point
1003,4,0.7572881204135439,LMR_seasonal_point
1003,7,0.8085135741074309,LMR_seasonal_point
1003,10,0.6208330758820009,LMR_seasonal_point
1004,1,0.9105215446188722,LMR_seasonal_point
1004,4,0.9618506772268014,LMR_seasonal_point
1004,7,1.2238962998682892,LMR_seasonal_point
1004,10,0.9369884404714983,LMR_seasonal_point
1005,1,0.4083718044509667,LMR_seasonal_point
1005,4,-0.3315720532711396,LMR_seasonal_point
1005,7,0.5632543610115035,LMR_seasonal_point
1005,10,0.9161275212552151,LMR_seasonal_point
1006,1,0.5425488438470685,LMR_seasonal_point
1006,4,1.2104364542513717,LMR_seasonal_point
1006,7,0.6213341285145947,LMR_seasonal_point
1006,10,0.21960962341488344,LMR_seasonal_point
1007,1,0.027082194186931224,LMR_seasonal_point
1007,4,-0.9267430618301032,LMR_seasonal_point
1007,7,0.8472813720997125,LMR_seasonal_point
1007,10,-0.23664838864886734,LMR_seasonal_point
1008,1,-0.9050209912931074,LMR_seasonal_point
1008,4,-0.29419731295854556,LMR_seasonal_point
1008,7,1.0441026932020494,LMR_seasonal_point
1008,10,1.0774048355937291,LMR_seasonal_point
1009,1,0.7372945399490293,LMR_seasonal_point
1009,4,1.184152149231329,LMR_seasonal_point
1009,7,0.9253422220084848,LMR_seasonal_point
1009,10,0.36674654992876243,LMR_seasonal_point
1010,1,0.2534213296222068,LMR_seasonal_point
1010,4,0.687799373216801,LMR_seasonal_point
1010,7,0.9042918157334531,LMR_seasonal_point
1010,10,-0.4658436209779323,LMR_seasonal_point
1011,1,-0.6731137270286858,LMR_seasonal_point
1011,4,0.07730765179828078,LMR_seasonal_point
1011,7,1.1207532061094663,LMR_seasonal_point
1011,10,0.8468965384449783,LMR_seasonal_point
1012,1,0.795630472325642,LMR_seasonal_point
1012,4,-0.15774083028290437,LMR_seasonal_point
1012,7,0.9759574781377862,LMR_seasonal_point
1012,10,0.04513196878417211,LMR_seasonal_point
1013,1,-0.06270423123046648,LMR_seasonal_point
1013,4,-0.050540096558309044,LMR_seasonal_point
1013,7,0.3748008234652995,LMR_seasonal_point
1013,10,-0.482635062401638,LMR_seasonal_point
1014,1,-0.8700546820908871,LMR_seasonal_point
1014,4,-1.5191136458130958,LMR_seasonal_point
1014,7,-0.04428597430109327,LMR_seasonal_point
1014,10,0.2397257812703005,LMR_seasonal_point
1015,1,0.5053946951846653,LMR_seasonal_point
1015,4,1.0779102441619017,LMR_seasonal_point
1015,7,1.5378956201857825,LMR_seasonal_point
1015,10,0.2655494204152391,LMR_seasonal_point
1016,1,0.7857394391472919,LMR_seasonal_point
1016,4,0.31713519362723125,LMR_seasonal_point
1016,7,-0.017053018141228227,LMR_seasonal_point
1016,10,-0.4358588906642107,LMR_seasonal_point
1017,1,-0.45972109417039053,LMR_seasonal_point
1017,4,-0.4320997644810376,LMR_seasonal_point
1017,7,-0.40665512426474537,LMR_seasonal_point
1017,10,0.7244816246285424,LMR_seasonal_point
1018,1,0.8672734805621328,LMR_seasonal_point
1018,4,-0.3160648451370438,LMR_seasonal_point
1018,7,0.048231789771894656,LMR_seasonal_point
1018,10,0.9728306011013506,LMR_seasonal_point
1019,1,1.0994086744672569,LMR_seasonal_point
1019,4,1.0685333398776171,LMR_seasonal_point
1019,7,1.3086619815901948,LMR_seasonal_point
1019,10,1.3380310100151727,LMR_seasonal_point
1020,1,0.19288065021379966,LMR_seasonal_point
1020,4,0.23720027070532737,LMR_seasonal_point
1020,7,0.4443238894505449,LMR_seasonal_point
1020,10,0.2569012398707129,LMR_seasonal_point
1021,1,0.12134255629884799,LMR_seasonal_point
1021,4,-0.13636336241286978,LMR_seasonal_point
1021,7,0.022943838314781168,LMR_seasonal_point
1021,10,-0.37229950513558185,LMR_seasonal_point
1022,1,-0.30742816162049647,LMR_seasonal_point
1022,4,-0.5848648140706029,LMR_seasonal_point
1022,7,0.24781079813025805,LMR_seasonal_point
1022,10,-0.4736330220556666,LMR_seasonal_point
1023,1,-0.7308983742726738,LMR_seasonal_point
1023,4,-0.6589100243888139,LMR_seasonal_point
1023,7,-0.029841735183162854,LMR_seasonal_point
1023,10,-0.15663144530889972,LMR_seasonal_point
1024,1,-0.32647532199618023,LMR_seasonal_point
1024,4,-0.35863075236321396,LMR_seasonal_point
1024,7,0.47581656369269465,LMR_seasonal_point
1024,10,0.36106360380802455,LMR_seasonal_point
1025,1,0.15252239742902135,LMR_seasonal_point
1025,4,0.4628483950284846,LMR_seasonal_point
1025,7,-0.0730193226360733,LMR_seasonal_point
1025,10,0.02421262731563867,LMR_seasonal_point
1026,1,-0.28912096798251063,LMR_seasonal_point
1026,4,0.20705692537263085,LMR_seasonal_point
1026,7,0.4207320274929798,LMR_seasonal_point
1026,10,-0.08406046574957016,LMR_seasonal_point
1027,1,-0.19072010964058045,LMR_seasonal_point
1027,4,-0.35948257731389044,LMR_seasonal_point
1027,7,-0.03422652281134497,LMR_seasonal_point
1027,10,-0.3629087285872522,LMR_seasonal_point
1028,1,-0.8476360152975922,LMR_seasonal_point
1028,4,-0.6822674156342271,LMR_seasonal_point
1028,7,-0.5317633861462104,LMR_seasonal_point
1028,10,-0.10462982902399104,LMR_seasonal_point
1029,1,0.025143605679117692,LMR_seasonal_point
1029,4,-0.06063802936590623,LMR_seasonal_point
1029,7,0.7607467618596591,LMR_seasonal_point
1029,10,0.3853399379178363,LMR_seasonal_point
1030,1,0.2136455466548905,LMR_seasonal_point
1030,4,0.834418857537768,LMR_seasonal_point
1030,7,-0.07006464058416667,LMR_seasonal_point
1030,10,0.15783194770383457,LMR_seasonal_point
1031,1,-0.006438836399708214,LMR_seasonal_point
1031,4,0.8483992204872586,LMR_seasonal_point
1031,7,-0.1861296331411021,LMR_seasonal_point
1031,10,0.0046470087283426165,LMR_seasonal_point
1032,1,0.04264235766433508,LMR_seasonal_point
1032,4,0.48303386012028476,LMR_seasonal_point
1032,7,0.6795258059382387,LMR_seasonal_point
1032,10,1.2350057790947742,LMR_seasonal_point
1033,1,0.03883317012770737,LMR_seasonal_point
1033,4,-0.4734141693583568,LMR_seasonal_point
1033,7,-0.15634960147549842,LMR_seasonal_point
1033,10,0.7404727689824434,LMR_seasonal_point
1034,1,-0.6904859105696859,LMR_seasonal_point
1034,4,-0.02021302606817882,LMR_seasonal_point
1034,7,-0.5166906572367077,LMR_seasonal_point
1034,10,0.37230870283199163,LMR_seasonal_point
1035,1,0.29353713355253425,LMR_seasonal_point
1035,4,-0.18626876698747247,LMR_seasonal_point
1035,7,-0.2244837871820336,LMR_seasonal_point
1035,10,0.8276397405427811,LMR_seasonal_point
1036,1,1.2922072239135298,LMR_seasonal_point
1036,4,0.9694018539599102,LMR_seasonal_point
1036,7,0.5305530171027768,LMR_seasonal_point
1036,10,0.4701488447329499,LMR_seasonal_point
1037,1,0.13039424975008107,LMR_seasonal_point
1037,4,-0.05914945107454589,LMR_seasonal_point
1037,7,-0.23204751002295693,LMR_seasonal_point
1037,10,0.7374129127900778,LMR_seasonal_point
1038,1,0.7821035906460775,LMR_seasonal_point
1038,4,0.03640723830134246,LMR_seasonal_point
1038,7,0.04597739670067194,LMR_seasonal_point
1038,10,1.192745779693322,LMR_seasonal_point
1039,1,0.6603939811764299,LMR_seasonal_point
1039,4,-0.20097689128571833,LMR_seasonal_point
1039,7,0.37170306126523645,LMR_seasonal_point
1039,10,-0.27477525050131735,LMR_seasonal_point
1040,1,-0.8493185160384856,LMR_seasonal_point
1040,4,-0.5311487641767781,LMR_seasonal_point
1040,7,-0.49717453299618886,LMR_seasonal_point
1040,10,-0.43458196509307445,LMR_seasonal_point
1041,1,-0.7246052999461341,LMR_seasonal_point
1041,4,-1.1240145829063515,LMR_seasonal_point
1041,7,0.2648751630740163,LMR_seasonal_point
1041,10,-0.06806859640600421,LMR_seasonal_point
1042,1,0.29102436618806166,LMR_seasonal_point
1042,4,-0.2999243237365823,LMR_seasonal_point
1042,7,-0.16114174737509568,LMR_seasonal_point
1042,10,1.0118986746146788,LMR_seasonal_point
1043,1,1.2389517778077463,LMR_seasonal_point
1043,4,0.2309595258786006,LMR_seasonal_point
1043,7,-0.5981704320640862,LMR_seasonal_point
1043,10,0.9650821015902925,LMR_seasonal_point
1044,1,0.6153057867199785,LMR_seasonal_point
1044,4,0.5455190584481198,LMR_seasonal_point
1044,7,0.13576413369023763,LMR_seasonal_point
1044,10,0.10790337620453348,LMR_seasonal_point
1045,1,0.24255548827881132,LMR_seasonal_point
1045,4,-0.11795320240243506,LMR_seasonal_point
1045,7,-0.9204150886562589,LMR_seasonal_point
1045,10,-0.21257048118981087,LMR_seasonal_point
1046,1,-0.3701933117578372,LMR_seasonal_point
1046,4,0.03336151197468723,LMR_seasonal_point
1046,7,0.7137937254714812,LMR_seasonal_point
1046,10,0.963007867129199,LMR_seasonal_point
1047,1,0.2826621336372366,LMR_seasonal_point
1047,4,0.23764544656794953,LMR_seasonal_point
1047,7,-0.3007258364943042,LMR_seasonal_point
1047,10,1.1288590226738735,LMR_seasonal_point
1048,1,0.2737334025947333,LMR_seasonal_point
1048,4,0.45543525587667777,LMR_seasonal_point
1048,7,-0.4748848608286468,LMR_seasonal_point
1048,10,1.2282459802486554,LMR_seasonal_point
1049,1,0.6800824366019762,LMR_seasonal_point
1049,4,0.3955855289602746,LMR_seasonal_point
1049,7,-0.08324475358248618,LMR_seasonal_point
1049,10,0.02373903492889859,LMR_seasonal_point
1050,1,0.19137343254504532,LMR_seasonal_point
1050,4,-0.08718328867299102,LMR_seasonal_point
1050,7,-0.4005921032371387,LMR_seasonal_point
1050,10,-0.013609014242315531,LMR_seasonal_point
1051,1,-0.15960506119879508,LMR_seasonal_point
1051,4,-0.5554314776247812,LMR_seasonal_point
1051,7,0.09331769106138149,LMR_seasonal_point
1051,10,0.6098902604988363,LMR_seasonal_point
1052,1,-0.1079782761260884,LMR_seasonal_point
1052,4,0.34001276791381585,LMR_seasonal_point
1052,7,-0.5286678673351178,LMR_seasonal_point
1052,10,0.47637240911894285,LMR_seasonal_point
1053,1,0.7712179273688641,LMR_seasonal_point
1053,4,0.17819239186697505,LMR_seasonal_point
1053,7,0.04256863438791772,LMR_seasonal_point
1053,10,0.6636505179422993,LMR_seasonal_point
1054,1,0.5327045408696787,LMR_seasonal_point
1054,4,1.0836495935229866,LMR_seasonal_point
1054,7,0.2844410764102291,LMR_seasonal_point
1054,10,0.20081709103939396,LMR_seasonal_point
1055,1,-0.37463635510765125,LMR_seasonal_point
1055,4,-0.4582948309944138,LMR_seasonal_point
1055,7,0.22650887193405106,LMR_seasonal_point
1055,10,0.753132726107344,LMR_seasonal_point
1056,1,0.6545705940646598,LMR_seasonal_point
1056,4,0.0026884200964057137,LMR_seasonal_point
1056,7,-0.37029338814740287,LMR_seasonal_point
1056,10,0.8620262703573591,LMR_seasonal_point
1057,1,0.5887752936460495,LMR_seasonal_point
1057,4,-0.24028144489138153,LMR_seasonal_point
1057,7,-0.5337097905013832,LMR_seasonal_point
1057,10,-0.3112111541712137,LMR_seasonal_point
1058,1,-0.5540706103579472,LMR_seasonal_point
1058,4,-0.4735567856982703,LMR_seasonal_point
1058,7,-0.8166466702603338,LMR_seasonal_point
1058,10,-0.338956355940926,LMR_seasonal_point
1059,1,-0.23869328164457193,LMR_seasonal_point
1059,4,-0.10687196236137586,LMR_seasonal_point
1059,7,-0.46312412899003563,LMR_seasonal_point
1059,10,-0.283042210494341,LMR_seasonal_point
1060,1,-0.2862208459992356,LMR_seasonal_point
1060,4,-0.779778561822048,LMR_seasonal_point
1060,7,-0.5254075274440098,LMR_seasonal_point
1060,10,0.4170900609033437,LMR_seasonal_point
1061,1,0.4613560774468631,LMR_seasonal_point
1061,4,-0.49191338778493754,LMR_seasonal_point
1061,7,0.34505369947066933,LMR_seasonal_point
1061,10,1.4484856711321217,LMR_seasonal_point
1062,1,0.7886942119950158,LMR_seasonal_point
1062,4,-0.6471398659989278,LMR_seasonal_point
1062,7,-0.9473566377787285,LMR_seasonal_point
1062,10,-0.37614551799349116,LMR_seasonal_point
1063,1,-0.7762112170710073,LMR_seasonal_point
1063,4,-1.0445687719261296,LMR_seasonal_point
1063,7,0.2404509748835041,LMR_seasonal_point
1063,10,0.059253328126791044,LMR_seasonal_point
1064,1,-0.6177882230864786,LMR_seasonal_point
1064,4,-0.7717488373657896,LMR_seasonal_point
1064,7,-0.5435896249376817,LMR_seasonal_point
1064,10,0.10899319660717756,LMR_seasonal_point
1065,1,-0.22332613080496827,LMR_seasonal_point
1065,4,-0.7088574661674499,LMR_seasonal_point
1065,7,-0.36326855062925234,LMR_seasonal_point
1065,10,0.35435493567246723,LMR_seasonal_point
1066,1,0.2158377068163335,LMR_seasonal_point
1066,4,-0.736224658956329,LMR_seasonal_point
1066,7,-0.1939820357741378,LMR_seasonal_point
1066,10,0.16980217580996265,LMR_seasonal_point
1067,1,0.15068915588803225,LMR_seasonal_point
1067,4,-0.6791746649408987,LMR_seasonal_point
1067,7,-0.2781262382222368,LMR_seasonal_point
1067,10,-0.11795288512032587,LMR_seasonal_point
1068,1,-0.2816709411848273,LMR_seasonal_point
1068,4,-0.48882327374899937,LMR_seasonal_point
1068,7,0.3269675761505949,LMR_seasonal_point
1068,10,0.1970835627246319,LMR_seasonal_point
1069,1,-0.05803672529126941,LMR_seasonal_point
1069,4,-0.3998014496061122,LMR_seasonal_point
1069,7,0.11208186068781076,LMR_seasonal_point
1069,10,-0.04209178973692096,LMR_seasonal_point
1070,1,-0.5644304625362216,LMR_seasonal_point
1070,4,-0.6691411768098074,LMR_seasonal_point
1070,7,0.33747705804445244,LMR_seasonal_point
1070,10,-0.10938327267544473,LMR_seasonal_point
1071,1,-0.09588103990213964,LMR_seasonal_point
1071,4,-0.5054979075358317,LMR_seasonal_point
1071,7,0.4882918170989134,LMR_seasonal_point
1071,10,0.05671472613177747,LMR_seasonal_point
1072,1,0.16499124934568105,LMR_seasonal_point
1072,4,-0.189340729554616,LMR_seasonal_point
1072,7,0.7207410370372067,LMR_seasonal_point
1072,10,0.2160216618861681,LMR_seasonal_point
1073,1,-0.4493849019834001,LMR_seasonal_point
1073,4,-0.09700253124766944,LMR_seasonal_point
1073,7,0.3940280080918592,LMR_seasonal_point
1073,10,-0.6710641846635194,LMR_seasonal_point
1074,1,-0.980692642674352,LMR_seasonal_point
1074,4,-1.0902753030687644,LMR_seasonal_point
1074,7,0.17356337004001202,LMR_seasonal_point
1074,10,0.6133560946610344,LMR_seasonal_point
1075,1,0.47165893463665676,LMR_seasonal_point
1075,4,0.019614173784434252,LMR_seasonal_point
1075,7,0.4048932153687872,LMR_seasonal_point
1075,10,-0.0065766840603548316,LMR_seasonal_point
1076,1,-0.36142633731212204,LMR_seasonal_point
1076,4,0.027147215644666822,LMR_seasonal_point
1076,7,0.7212202731882911,LMR_seasonal_point
1076,10,-0.642269543177985,LMR_seasonal_point
1077,1,-1.1847483067463487,LMR_seasonal_point
1077,4,-0.38035817866351196,LMR_seasonal_point
1077,7,1.1673905231586508,LMR_seasonal_point
1077,10,-0.3224548026043046,LMR_seasonal_point
1078,1,-0.8567143382750807,LMR_seasonal_point
1078,4,-0.9229551834495652,LMR_seasonal_point
1078,7,-0.031014639573575142,LMR_seasonal_point
1078,10,-0.35314107857507837,LMR_seasonal_point
1079,1,-0.7241993003739242,LMR_seasonal_point
1079,4,-0.37833064683857054,LMR_seasonal_point
1079,7,0.9281778120987477,LMR_seasonal_point
1079,10,-0.18622919723327475,LMR_seasonal_point
1080,1,-0.34022224381544275,LMR_seasonal_point
1080,4,-0.030245844685525436,LMR_seasonal_point
1080,7,0.44598022859398034,LMR_seasonal_point
1080,10,1.2425925431058267,LMR_seasonal_point
1081,1,1.206104191884763,LMR_seasonal_point
1081,4,0.17817777481422165,LMR_seasonal_point
1081,7,0.940563445654884,LMR_seasonal_point
1081,10,0.9483318675139182,LMR_seasonal_point
1082,1,0.4789553746165355,LMR_seasonal_point
1082,4,0.30888861905832443,LMR_seasonal_point
1082,7,1.0191725367563178,LMR_seasonal_point
1082,10,0.3294748398114952,LMR_seasonal_point
1083,1,-0.7425270838269565,LMR_seasonal_point
1083,4,-0.33785560237443546,LMR_seasonal_point
1083,7,0.6819344869581949,LMR_seasonal_point
1083,10,-0.11315637037347709,LMR_seasonal_point
1084,1,-0.5322624280522853,LMR_seasonal_point
1084,4,-0.2828980764599256,LMR_seasonal_point
1084,7,0.13553207657726773,LMR_seasonal_point
1084,10,0.011729486069927852,LMR_seasonal_point
1085,1,-0.6564908188336246,LMR_seasonal_point
1085,4,-0.4391040761880781,LMR_seasonal_point
1085,7,0.8356648033511708,LMR_seasonal_point
1085,10,0.176324014340233,LMR_seasonal_point
1086,1,-0.4899483131845951,LMR_seasonal_point
1086,4,0.10425400672466001,LMR_seasonal_point
1086,7,1.3821805638599178,LMR_seasonal_point
1086,10,1.4378996035023874,LMR_seasonal_point
1087,1,0.4794922704574916,LMR_seasonal_point
1087,4,0.18750818876803096,LMR_seasonal_point
1087,7,-0.1931596723698124,LMR_seasonal_point
1087,10,0.42087458304525643,LMR_seasonal_point
1088,1,0.269888865240849,LMR_seasonal_point
1088,4,0.3483929284234536,LMR_seasonal_point
1088,7,0.6904035981895501,LMR_seasonal_point
1088,10,0.2891972497037543,LMR_seasonal_point
1089,1,0.023149577944200667,LMR_seasonal_point
1089,4,-0.25037016199791,LMR_seasonal_point
1089,7,1.3164311661486652,LMR_seasonal_point
1089,10,1.1365398158437212,LMR_seasonal_point
1090,1,0.06540648635486565,LMR_seasonal_point
1090,4,-0.4609937155792514,LMR_seasonal_point
1090,7,0.730331704487796,LMR_seasonal_point
1090,10,0.1777288387771593,LMR_seasonal_point
1091,1,-0.8006437775279717,LMR_seasonal_point
1091,4,-1.0006403198676814,LMR_seasonal_point
1091,7,-0.09822362199827489,LMR_seasonal_point
1091,10,0.3143438277047409,LMR_seasonal_point
1092,1,-0.22552576461464857,LMR_seasonal_point
1092,4,-0.011972027438739818,LMR_seasonal_point
1092,7,-0.41210864521255053,LMR_seasonal_point
1092,10,-0.7887811673768784,LMR_seasonal_point
1093,1,-1.2034404079032281,LMR_seasonal_point
1093,4,-0.7712661873289463,LMR_seasonal_point
1093,7,-0.005951576081939636,LMR_seasonal_point
1093,10,0.4932261759814411,LMR_seasonal_point
1094,1,-0.36257424521661363,LMR_seasonal_point
1094,4,-1.681007199609878,LMR_seasonal_point
1094,7,-0.512028929308464,LMR_seasonal_point
1094,10,-0.3621581077412991,LMR_seasonal_point
1095,1,-0.48359857507627746,LMR_seasonal_point
1095,4,-1.0008521612415877,LMR_seasonal_point
1095,7,-0.2979496910215269,LMR_seasonal_point
1095,10,0.2615396426345584,LMR_seasonal_point
1096,1,0.03699932031588718,LMR_seasonal_point
1096,4,-0.14684622962929733,LMR_seasonal_point
1096,7,0.5577578884530412,LMR_seasonal_point
1096,10,-0.13832146824838248,LMR_seasonal_point
1097,1,-0.6669087939419187,LMR_seasonal_point
1097,4,-0.9447723037694452,LMR_seasonal_point
1097,7,0.1670727162274701,LMR_seasonal_point
1097,10,0.2676841030664362,LMR_seasonal_point
1098,1,-0.12676335856927495,LMR_seasonal_point
1098,4,0.0958699548336551,LMR_seasonal_point
1098,7,0.646788346189412,LMR_seasonal_point
1098,10,-0.03954402405657603,LMR_seasonal_point
1099,1,-0.899711949630421,LMR_seasonal_point
1099,4,-0.25161466073704875,LMR_seasonal_point
1099,7,0.6643542319277884,LMR_seasonal_point
1099,10,-0.17214520359756824,LMR_seasonal_point
1100,1,-0.7437181236835685,LMR_seasonal_point
1100,4,0.2188115973856472,LMR_seasonal_point
1100,7,0.21813669143243292,LMR_seasonal_point
1100,10,-0.22081471629402522,LMR_seasonal_point
1101,1,-1.2021844852794423,LMR_seasonal_point
1101,4,-1.1176531695141123,LMR_seasonal_point
1101,7,0.26714997611541524,LMR_seasonal_point
1101,10,0.10633522201092803,LMR_seasonal_point
1102,1,-0.7578908524041427,LMR_seasonal_point
1102,4,-0.08711482602991455,LMR_seasonal_point
1102,7,-0.3367068187451515,LMR_seasonal_point
1102,10,0.3996572577542933,LMR_seasonal_point
1103,1,0.041765872184776426,LMR_seasonal_point
1103,4,-0.029202992152430718,LMR_seasonal_point
1103,7,-0.6657989203633589,LMR_seasonal_point
1103,10,0.6718347974101226,LMR_seasonal_point
1104,1,0.3840726055383565,LMR_seasonal_point
1104,4,0.4089731079590268,LMR_seasonal_point
1104,7,-0.41544063748209503,LMR_seasonal_point
1104,10,-0.5503858262804774,LMR_seasonal_point
1105,1,-0.9925124788939329,LMR_seasonal_point
1105,4,-0.14760584352209166,LMR_seasonal_point
1105,7,-0.3059349017238463,LMR_seasonal_point
1105,10,0.1692803555046238,LMR_seasonal_point
1106,1,-0.21190481465735783,LMR_seasonal_point
1106,4,-0.1972123545919658,LMR_seasonal_point
1106,7,0.4814178701079083,LMR_seasonal_point
1106,10,1.1911497277920675,LMR_seasonal_point
1107,1,-0.21641016774670474,LMR_seasonal_point
1107,4,-0.030268990232016457,LMR_seasonal_point
1107,7,0.9125683322630609,LMR_seasonal_point
1107,10,0.34218195579228095,LMR_seasonal_point
1108,1,-0.5601023538687195,LMR_seasonal_point
1108,4,0.595528036680663,LMR_seasonal_point
1108,7,-0.4286895280681913,LMR_seasonal_point
1108,10,0.12388819537750045,LMR_seasonal_point
1109,1,-0.6918235536015476,LMR_seasonal_point
1109,4,-0.9067072974043006,LMR_seasonal_point
1109,7,0.5460381982328733,LMR_seasonal_point
1109,10,-0.022497978038008015,LMR_seasonal_point
1110,1,-0.5907284243740945,LMR_seasonal_point
1110,4,-0.6999935003703791,LMR_seasonal_point
1110,7,0.1713905630958868,LMR_seasonal_point
1110,10,-0.025221755863675088,LMR_seasonal_point
1111,1,-0.5395326307814147,LMR_seasonal_point
1111,4,-0.6955657940893291,LMR_seasonal_point
1111,7,-0.025361675348742507,LMR_seasonal_point
1111,10,0.02490640684807474,LMR_seasonal_point
1112,1,-0.6636038092254191,LMR_seasonal_point
1112,4,1.0726184264430858,LMR_seasonal_point
1112,7,0.813538357929165,LMR_seasonal_point
1112,10,-0.053032017484600014,LMR_seasonal_point
1113,1,-0.7382592882917712,LMR_seasonal_point
1113,4,-0.41906036198179397,LMR_seasonal_point
1113,7,-0.3894870360944409,LMR_seasonal_point
1113,10,-0.10374237397136149,LMR_seasonal_point
1114,1,-0.7881196622149783,LMR_seasonal_point
1114,4,-0.8756924039454016,LMR_seasonal_point
1114,7,0.2088468746579563,LMR_seasonal_point
1114,10,0.465823471758644,LMR_seasonal_point
1115,1,-0.34262619876448097,LMR_seasonal_point
1115,4,-0.6272475493782527,LMR_seasonal_point
1115,7,-0.24534609941108254,LMR_seasonal_point
1115,10,-0.03604208357252986,LMR_seasonal_point
1116,1,-0.35939049487133523,LMR_seasonal_point
1116,4,-0.6572816739596541,LMR_seasonal_point
1116,7,0.06268923039289964,LMR_seasonal_point
1116,10,0.7461361138535441,LMR_seasonal_point
1117,1,0.09397489518185925,LMR_seasonal_point
1117,4,-0.33686744928761225,LMR_seasonal_point
1117,7,0.21483853254177684,LMR_seasonal_point
1117,10,0.5288622195334002,LMR_seasonal_point
1118,1,-0.47436925193517543,LMR_seasonal_point
1118,4,-0.06789671420320192,LMR_seasonal_point
1118,7,0.652936144630802,LMR_seasonal_point
1118,10,0.17283319020935245,LMR_seasonal_point
1119,1,-0.43595870378197965,LMR_seasonal_point
1119,4,0.663513193262923,LMR_seasonal_point
1119,7,-0.8870927971790535,LMR_seasonal_point
1119,10,-0.11681581536418822,LMR_seasonal_point
1120,1,-0.5347750952223876,LMR_seasonal_point
1120,4,-0.7972615956170922,LMR_seasonal_point
1120,7,0.1871438140963537,LMR_seasonal_point
1120,10,-0.02786169692248963,LMR_seasonal_point
1121,1,-0.45957467361045756,LMR_seasonal_point
1121,4,-0.8912367528719766,LMR_seasonal_point
1121,7,-0.3350948210325614,LMR_seasonal_point
1121,10,1.123495445721956,LMR_seasonal_point
1122,1,1.0084127931889575,LMR_seasonal_point
1122,4,-0.10378161482973958,LMR_seasonal_point
1122,7,0.7180018782082733,LMR_seasonal_point
1122,10,0.5714471484769588,LMR_seasonal_point
1123,1,-0.08493574330815729,LMR_seasonal_point
1123,4,-1.0698161417439467,LMR_seasonal_point
1123,7,-0.5385572535471749,LMR_seasonal_point
1123,10,-0.024520080085607465,LMR_seasonal_point
1124,1,0.10750426614796472,LMR_seasonal_point
1124,4,0.28779478195284247,LMR_seasonal_point
1124,7,0.19446359277411776,LMR_seasonal_point
1124,10,1.9162899464901382,LMR_seasonal_point
1125,1,1.4008531383506688,LMR_seasonal_point
1125,4,0.43369841495754946,LMR_seasonal_point
1125,7,0.3766033453868411,LMR_seasonal_point
1125,10,1.5694159062592972,LMR_seasonal_point
1126,1,-0.17733469163408577,LMR_seasonal_point
1126,4,-0.5051621302601185,LMR_seasonal_point
1126,7,0.8095368282860936,LMR_seasonal_point
1126,10,1.428057131452745,LMR_seasonal_point
1127,1,0.3226151725347979,LMR_seasonal_point
1127,4,0.04135754814629092,LMR_seasonal_point
1127,7,0.7419121022197214,LMR_seasonal_point
1127,10,1.1645145517123319,LMR_seasonal_point
1128,1,0.05531705183414415,LMR_seasonal_point
1128,4,0.027590429215337192,LMR_seasonal_point
1128,7,-0.24625951117640443,LMR_seasonal_point
1128,10,0.4537876478803923,LMR_seasonal_point
1129,1,-0.399092472313509,LMR_seasonal_point
1129,4,-0.7766945224258613,LMR_seasonal_point
1129,7,0.10569572935626718,LMR_seasonal_point
1129,10,0.4784592837052559,LMR_seasonal_point
1130,1,-0.45143793832788404,LMR_seasonal_point
1130,4,0.10367536372601269,LMR_seasonal_point
1130,7,-0.6230371757288445,LMR_seasonal_point
1130,10,0.4264322404738755,LMR_seasonal_point
1131,1,0.06213868970871636,LMR_seasonal_point
1131,4,-0.6734488442980097,LMR_seasonal_point
1131,7,-0.5622703726314771,LMR_seasonal_point
1131,10,0.9225999063784699,LMR_seasonal_point
1132,1,0.3972968471241982,LMR_seasonal_point
1132,4,0.3340495235308309,LMR_seasonal_point
1132,7,-0.46796025275820075,LMR_seasonal_point
1132,10,0.5136014653577696,LMR_seasonal_point
1133,1,-0.29362663939636235,LMR_seasonal_point
1133,4,-0.44846969411975834,LMR_seasonal_point
1133,7,-0.48707217683671356,LMR_seasonal_point
1133,10,1.2374543604196218,LMR_seasonal_point
1134,1,0.788557593049663,LMR_seasonal_point
1134,4,0.13138232314174247,LMR_seasonal_point
1134,7,-0.6431274900344564,LMR_seasonal_point
1134,10,0.332900383614037,LMR_seasonal_point
1135,1,-0.48585789953925473,LMR_seasonal_point
1135,4,0.11619856021281563,LMR_seasonal_point
1135,7,-1.1907759337025223,LMR_seasonal_point
1135,10,0.10294033954753234,LMR_seasonal_point
1136,1,-0.7565069104437765,LMR_seasonal_point
1136,4,-0.3799961002412232,LMR_seasonal_point
1136,7,-0.5653910599868167,LMR_seasonal_point
1136,10,0.48168892272380515,LMR_seasonal_point
1137,1,-0.00698394798383542,LMR_seasonal_point
1137,4,-0.525725055863331,LMR_seasonal_point
1137,7,-1.1017609891066655,LMR_seasonal_point
1137,10,0.200859321861536,LMR_seasonal_point
1138,1,-0.1119413951591714,LMR_seasonal_point
1138,4,-0.34337788180484563,LMR_seasonal_point
1138,7,-1.3211888328711954,LMR_seasonal_point
1138,10,0.215654622579768,LMR_seasonal_point
1139,1,0.11041154215757223,LMR_seasonal_point
1139,4,0.039244020455559,LMR_seasonal_point
1139,7,-0.584119930370567,LMR_seasonal_point
1139,10,0.0085266698150408,LMR_seasonal_point
1140,1,0.1802591628501805,LMR_seasonal_point
1140,4,0.3292043920173144,LMR_seasonal_point
1140,7,-0.2016662815359505,LMR_seasonal_point
1140,10,0.924836511474065,LMR_seasonal_point
1141,1,0.6342705542070523,LMR_seasonal_point
1141,4,0.3151875219368547,LMR_seasonal_point
1141,7,-0.42771097133050984,LMR_seasonal_point
1141,10,0.36311286361352557,LMR_seasonal_point
1142,1,-0.05496500465785831,LMR_seasonal_point
1142,4,0.17301378257181924,LMR_seasonal_point
1142,7,-0.3254867270549471,LMR_seasonal_point
1142,10,0.6936554296458546,LMR_seasonal_point
1143,1,0.12910293161328218,LMR_seasonal_point
1143,4,0.41941209872774743,LMR_seasonal_point
1143,7,-0.08214292523236116,LMR_seasonal_point
1143,10,0.35246642323357896,LMR_seasonal_point
1144,1,0.26239859083969413,LMR_seasonal_point
1144,4,0.652812375529076,LMR_seasonal_point
1144,7,-0.6645644030844569,LMR_seasonal_point
1144,10,0.4239999563920956,LMR_seasonal_point
1145,1,-0.1294780487036204,LMR_seasonal_point
1145,4,0.4126799412836498,LMR_seasonal_point
1145,7,0.19198396714836638,LMR_seasonal_point
1145,10,0.5834909559104617,LMR_seasonal_point
1146,1,0.33958052847534675,LMR_seasonal_point
1146,4,0.748484669919609,LMR_seasonal_point
1146,7,-0.21666674732072988,LMR_seasonal_point
1146,10,0.8081189046697863,LMR_seasonal_point
1147,1,0.7287925143367422,LMR_seasonal_point
1147,4,1.320848429677738,LMR_seasonal_point
1147,7,-0.4195062682709899,LMR_seasonal_point
1147,10,-0.1769638318829997,LMR_seasonal_point
1148,1,-0.09640513664501177,LMR_seasonal_point
1148,4,-0.8162607564591212,LMR_seasonal_point
1148,7,-0.9164289868819891,LMR_seasonal_point
1148,10,-1.1601892295277905,LMR_seasonal_point
1149,1,-1.486251447159403,LMR_seasonal_point
1149,4,-0.6611502886100517,LMR_seasonal_point
1149,7,-0.7163835155540527,LMR_seasonal_point
1149,10,-0.7111081939300248,LMR_seasonal_point
1150,1,-0.9821628005499926,LMR_seasonal_point
1150,4,-0.6573521497242546,LMR_seasonal_point
1150,7,-0.7971625758619495,LMR_seasonal_point
1150,10,-0.11517467878872117,LMR_seasonal_point
1151,1,-0.6526242361134191,LMR_seasonal_point
1151,4,0.16562626567315542,LMR_seasonal_point
1151,7,0.02463569119873718,LMR_seasonal_point
1151,10,-0.16094851761713508,LMR_seasonal_point
1152,1,-1.1988128905922917,LMR_seasonal_point
1152,4,-0.41706124571578485,LMR_seasonal_point
1152,7,-0.31208055323548745,LMR_seasonal_point
1152,10,-0.3844804041913865,LMR_seasonal_point
1153,1,-0.9720080994566357,LMR_seasonal_point
1153,4,0.08175529055019998,LMR_seasonal_point
1153,7,-0.6375189439057125,LMR_seasonal_point
1153,10,-0.3735222063871274,LMR_seasonal_point
1154,1,-0.48454679235958975,LMR_seasonal_point
1154,4,-0.8298607811464703,LMR_seasonal_point
1154,7,-0.7333855822444736,LMR_seasonal_point
1154,10,-0.12840124210005138,LMR_seasonal_point
1155,1,-0.3839882410662401,LMR_seasonal_point
1155,4,-0.9323676375500128,LMR_seasonal_point
1155,7,-0.9321193438330578,LMR_seasonal_point
1155,10,-0.7243484698495437,LMR_seasonal_point
1156,1,-0.8986794465636577,LMR_seasonal_point
1156,4,0.0016288107158514975,LMR_seasonal_point
1156,7,-0.5542486259593066,LMR_seasonal_point
1156,10,-0.23301730892969258,LMR_seasonal_point
1157,1,-0.6677604715387987,LMR_seasonal_point
1157,4,-0.03900682692819213,LMR_seasonal_point
1157,7,-0.1349137790982491,LMR_seasonal_point
1157,10,-0.4151025808025911,LMR_seasonal_point
1158,1,-0.7880957220990575,LMR_seasonal_point
1158,4,-1.1415785152194067,LMR_seasonal_point
1158,7,-0.48715602658007884,LMR_seasonal_point
1158,10,-0.3121573606111421,LMR_seasonal_point
1159,1,-0.6938481583466416,LMR_seasonal_point
1159,4,-0.037703949835262596,LMR_seasonal_point
1159,7,0.7353984399073354,LMR_seasonal_point
1159,10,0.8728687117339902,LMR_seasonal_point
1160,1,-0.14960549425101644,LMR_seasonal_point
1160,4,0.5147288873362282,LMR_seasonal_point
1160,7,-0.19188171523745917,LMR_seasonal_point
1160,10,0.5825460997890551,LMR_seasonal_point
1161,1,0.1773733532273991,LMR_seasonal_point
1161,4,0.19986246169793354,LMR_seasonal_point
1161,7,-0.5320624686865438,LMR_seasonal_point
1161,10,-0.39450608880371796,LMR_seasonal_point
1162,1,-0.41415431033629024,LMR_seasonal_point
1162,4,0.2956174488061527,LMR_seasonal_point
1162,7,-0.0592729699677525,LMR_seasonal_point
1162,10,0.5076389600453148,LMR_seasonal_point
1163,1,0.5624686506422618,LMR_seasonal_point
1163,4,-0.06340503853869983,LMR_seasonal_point
1163,7,0.24418329630923358,LMR_seasonal_point
1163,10,0.5606416483016909,LMR_seasonal_point
1164,1,-0.16551729764787781,LMR_seasonal_point
1164,4,-0.23565741412559416,LMR_seasonal_point
1164,7,-0.7322031579400372,LMR_seasonal_point
1164,10,-0.04642196996900316,LMR_seasonal_point
1165,1,-0.907267118214372,LMR_seasonal_point
1165,4,0.10837399350203118,LMR_seasonal_point
1165,7,-0.014451407385247445,LMR_seasonal_point
1165,10,0.4264926091234066,LMR_seasonal_point
1166,1,-0.1094029688823045,LMR_seasonal_point
1166,4,0.26811567642130374,LMR_seasonal_point
1166,7,0.17546229076399325,LMR_seasonal_point
1166,10,-0.517748401755858,LMR_seasonal_point
1167,1,-1.0090417107050458,LMR_seasonal_point
1167,4,-0.9235717835765508,LMR_seasonal_point
1167,7,0.06528178910424287,LMR_seasonal_point
1167,10,-0.022499945222703155,LMR_seasonal_point
1168,1,-0.38621085454777215,LMR_seasonal_point
1168,4,-0.6196203396549105,LMR_seasonal_point
1168,7,-0.8525922427241074,LMR_seasonal_point
1168,10,-1.388899130350501,LMR_seasonal_point
1169,1,-1.7083001529419413,LMR_seasonal_point
1169,4,-0.15744024777389087,LMR_seasonal_point
1169,7,0.11217764643500412,LMR_seasonal_point
1169,10,0.2044644453652695,LMR_seasonal_point
1170,1,-0.3803018131440241,LMR_seasonal_point
1170,4,0.5963917817076412,LMR_seasonal_point
1170,7,0.08120607499966606,LMR_seasonal_point
1170,10,-0.8201782218248345,LMR_seasonal_point
1171,1,-1.3384193293484419,LMR_seasonal_point
1171,4,-0.6117338851776394,LMR_seasonal_point
1171,7,0.4016600186823457,LMR_seasonal_point
1171,10,-0.43626121619276004,LMR_seasonal_point
1172,1,-0.8618265562233346,LMR_seasonal_point
1172,4,-1.0980598741581282,LMR_seasonal_point
1172,7,0.24084149528150928,LMR_seasonal_point
1172,10,-0.02845337489746791,LMR_seasonal_point
1173,1,-0.5378508671582706,LMR_seasonal_point
1173,4,0.018332296266933584,LMR_seasonal_point
1173,7,-0.24168545962530708,LMR_seasonal_point
1173,10,-0.3633048872730905,LMR_seasonal_point
1174,1,-0.6751964310096541,LMR_seasonal_point
1174,4,-0.40610086929103106,LMR_seasonal_point
1174,7,-0.04945957372091664,LMR_seasonal_point
1174,10,0.6063840955038641,LMR_seasonal_point
1175,1,0.33296080765189523,LMR_seasonal_point
1175,4,0.0483534211864278,LMR_seasonal_point
1175,7,-0.3041641579393525,LMR_seasonal_point
1175,10,0.8180848665836921,LMR_seasonal_point
1176,1,0.7904992650953213,LMR_seasonal_point
1176,4,0.8659444440262276,LMR_seasonal_point
1176,7,0.4653610420388139,LMR_seasonal_point
1176,10,0.5379373075995852,LMR_seasonal_point
1177,1,0.028696609844482662,LMR_seasonal_point
1177,4,-0.6082210725008866,LMR_seasonal_point
1177,7,0.16703532307024901,LMR_seasonal_point
1177,10,0.14759713504574984,LMR_seasonal_point
1178,1,-0.025033836619823058,LMR_seasonal_point
1178,4,-0.5247825607037742,LMR_seasonal_point
1178,7,0.8373347732625432,LMR_seasonal_point
1178,10,1.2356472189686563,LMR_seasonal_point
1179,1,-0.7247540529279484,LMR_seasonal_point
1179,4,0.09550670449203713,LMR_seasonal_point
1179,7,0.1359021712148471,LMR_seasonal_point
1179,10,-1.0031672522035127,LMR_seasonal_point
1180,1,-1.4560867443623566,LMR_seasonal_point
1180,4,-0.1948280710373504,LMR_seasonal_point
1180,7,1.029756967680846,LMR_seasonal_point
1180,10,0.32208422986064367,LMR_seasonal_point
1181,1,-0.5429647626230348,LMR_seasonal_point
1181,4,-0.05138613729305469,LMR_seasonal_point
1181,7,0.4960692917791136,LMR_seasonal_point
1181,10,0.8877249075164237,LMR_seasonal_point
1182,1,-0.07633221604068413,LMR_seasonal_point
1182,4,0.11981892195220602,LMR_seasonal_point
1182,7,0.10056758952558195,LMR_seasonal_point
1182,10,-0.3895972888345365,LMR_seasonal_point
1183,1,-1.179145851380293,LMR_seasonal_point
1183,4,-0.23207167694579722,LMR_seasonal_point
1183,7,-0.3824115810736829,LMR_seasonal_point
1183,10,-0.08011482880843318,LMR_seasonal_point
1184,1,-0.6786827410968672,LMR_seasonal_point
1184,4,0.029572092048934517,LMR_seasonal_point
1184,7,0.3665780124795821,LMR_seasonal_point
1184,10,-0.08070069081891978,LMR_seasonal_point
1185,1,-0.7620699259268501,LMR_seasonal_point
1185,4,-0.29475221752869896,LMR_seasonal_point
1185,7,-0.022830020337186063,LMR_seasonal_point
1185,10,-0.17222619065126937,LMR_seasonal_point
1186,1,-1.2200011459363034,LMR_seasonal_point
1186,4,-0.6010744915294352,LMR_seasonal_point
1186,7,0.4227454099362039,LMR_seasonal_point
1186,10,0.4123102612646473,LMR_seasonal_point
1187,1,-0.4758037042551442,LMR_seasonal_point
1187,4,-0.9197550500129804,LMR_seasonal_point
1187,7,0.22894195399007478,LMR_seasonal_point
1187,10,0.30881557446692554,LMR_seasonal_point
1188,1,-0.4149466166530291,LMR_seasonal_point
1188,4,0.13789560125723607,LMR_seasonal_point
1188,7,-0.7740400401364321,LMR_seasonal_point
1188,10,0.18737621662224446,LMR_seasonal_point
1189,1,-0.7220267412877818,LMR_seasonal_point
1189,4,-0.7025574976240331,LMR_seasonal_point
1189,7,0.05482954971733964,LMR_seasonal_point
1189,10,0.6243803211286911,LMR_seasonal_point
1190,1,-0.16405066036800897,LMR_seasonal_point
1190,4,-0.6183293226309066,LMR_seasonal_point
1190,7,-0.20230567739443284,LMR_seasonal_point
1190,10,-0.13421805273261445,LMR_seasonal_point
1191,1,-1.3479789162106712,LMR_seasonal_point
1191,4,-1.1596901543938833,LMR_seasonal_point
1191,7,0.19120890577643307,LMR_seasonal_point
1191,10,-0.062128685747666446,LMR_seasonal_point
1192,1,-1.2407515208691078,LMR_seasonal_point
1192,4,-0.5114706273731104,LMR_seasonal_point
1192,7,-0.2563471372178035,LMR_seasonal_point
1192,10,-0.37786315580933705,LMR_seasonal_point
1193,1,-1.4994695917301235,LMR_seasonal_point
1193,4,-0.34276660803204373,LMR_seasonal_point
1193,7,-0.8371614418629613,LMR_seasonal_point
1193,10,0.3687805633322828,LMR_seasonal_point
1194,1,-0.6622431727441671,LMR_seasonal_point
1194,4,0.03278452652796918,LMR_seasonal_point
1194,7,-0.30825051754642785,LMR_seasonal_point
1194,10,-0.2467638784370335,LMR_seasonal_point
1195,1,-1.2458861703843778,LMR_seasonal_point
1195,4,-1.3129774679673623,LMR_seasonal_point
1195,7,-0.5694864638973086,LMR_seasonal_point
1195,10,-0.41329031003991124,LMR_seasonal_point
1196,1,-1.1650954575360148,LMR_seasonal_point
1196,4,-0.33183780240559513,LMR_seasonal_point
1196,7,-0.07458724977586034,LMR_seasonal_point
1196,10,-0.6116505253271222,LMR_seasonal_point
1197,1,-1.0778369397565308,LMR_seasonal_point
1197,4,-0.08074036228141984,LMR_seasonal_point
1197,7,-0.14878612830048893,LMR_seasonal_point
1197,10,-0.35414647987722647,LMR_seasonal_point
1198,1,-1.12376675147198,LMR_seasonal_point
1198,4,-0.2798506212298034,LMR_seasonal_point
1198,7,-0.8737995640072157,LMR_seasonal_point
1198,10,-0.7375370256764654,LMR_seasonal_point
1199,1,-1.119603306204365,LMR_seasonal_point
1199,4,0.0744425566978342,LMR_seasonal_point
1199,7,-0.6581000265165897,LMR_seasonal_point
1199,10,-1.462814720647644,LMR_seasonal_point
1200,1,-1.5038995170164968,LMR_seasonal_point
1200,4,-0.4973562030655839,LMR_seasonal_point
1200,7,-0.6792270788207755,LMR_seasonal_point
1200,10,-0.45686127678312227,LMR_seasonal_point
1201,1,-0.6685142393903324,LMR_seasonal_point
1201,4,-0.6746057026060351,LMR_seasonal_point
1201,7,-0.3989939671839039,LMR_seasonal_point
1201,10,-0.09650686370784067,LMR_seasonal_point
1202,1,-0.40525241530123146,LMR_seasonal_point
1202,4,-0.8846740537716403,LMR_seasonal_point
1202,7,-0.9535227378046872,LMR_seasonal_point
1202,10,-0.6478218373676194,LMR_seasonal_point
1203,1,-0.7238225883346325,LMR_seasonal_point
1203,4,-0.3284782420119061,LMR_seasonal_point
1203,7,-0.41780627356998723,LMR_seasonal_point
1203,10,0.10595651529512953,LMR_seasonal_point
1204,1,0.01039598882458298,LMR_seasonal_point
1204,4,0.25271920440930234,LMR_seasonal_point
1204,7,-0.9426568334707687,LMR_seasonal_point
1204,10,0.6400707170656577,LMR_seasonal_point
1205,1,0.27471153691788736,LMR_seasonal_point
1205,4,-0.5270238485093206,LMR_seasonal_point
1205,7,-0.2721992482395774,LMR_seasonal_point
1205,10,-0.5447323956812147,LMR_seasonal_point
1206,1,-0.7504309070868603,LMR_seasonal_point
1206,4,-0.08903368197861594,LMR_seasonal_point
1206,7,0.09128023385426459,LMR_seasonal_point
1206,10,-0.3493301738365667,LMR_seasonal_point
1207,1,-1.135106517025573,LMR_seasonal_point
1207,4,0.03628234349601844,LMR_seasonal_point
1207,7,0.24512378609271424,LMR_seasonal_point
1207,10,0.7598801371258855,LMR_seasonal_point
1208,1,-0.0018049200828285927,LMR_seasonal_point
1208,4,0.2615464360150845,LMR_seasonal_point
1208,7,-0.13644678850225833,LMR_seasonal_point
1208,10,0.04085027659976509,LMR_seasonal_point
1209,1,-0.13939077909759756,LMR_seasonal_point
1209,4,-0.5448135049099548,LMR_seasonal_point
1209,7,0.1531854264016021,LMR_seasonal_point
1209,10,0.3056529638740879,LMR_seasonal_point
1210,1,-0.4484728974439829,LMR_seasonal_point
1210,4,-0.33700892111330594,LMR_seasonal_point
1210,7,-0.25589882095103084,LMR_seasonal_point
1210,10,0.8458579969346723,LMR_seasonal_point
1211,1,0.21527923919575637,LMR_seasonal_point
1211,4,0.21421719520494492,LMR_seasonal_point
1211,7,-0.12753065561138893,LMR_seasonal_point
1211,10,0.6846677651774622,LMR_seasonal_point
1212,1,0.4533868468727268,LMR_seasonal_point
1212,4,-0.32092908123836283,LMR_seasonal_point
1212,7,-0.4268936383594971,LMR_seasonal_point
1212,10,-0.14501810685123862,LMR_seasonal_point
1213,1,-0.4526637834502327,LMR_seasonal_point
1213,4,0.27905830997536685,LMR_seasonal_point
1213,7,0.11742251865719225,LMR_seasonal_point
1213,10,-0.567474472456537,LMR_seasonal_point
1214,1,-0.8512325188661597,LMR_seasonal_point
1214,4,0.500979354759116,LMR_seasonal_point
1214,7,-0.27381914494767545,LMR_seasonal_point
1214,10,-0.679980450347035,LMR_seasonal_point
1215,1,-1.3227721120860645,LMR_seasonal_point
1215,4,-1.0986562032293334,LMR_seasonal_point
1215,7,-0.45152656455417195,LMR_seasonal_point
1215,10,-0.024106690712333345,LMR_seasonal_point
1216,1,-0.5279184988242653,LMR_seasonal_point
1216,4,0.3213443901932624,LMR_seasonal_point
1216,7,-0.46655684421737087,LMR_seasonal_point
1216,10,-0.06541042854696522,LMR_seasonal_point
1217,1,-0.12647607424936536,LMR_seasonal_point
1217,4,-0.1316166772935224,LMR_seasonal_point
1217,7,-0.021765429989000606,LMR_seasonal_point
1217,10,0.7181974564991185,LMR_seasonal_point
1218,1,-0.4139475999845146,LMR_seasonal_point
1218,4,-0.5950084960079052,LMR_seasonal_point
1218,7,0.10163333126492383,LMR_seasonal_point
1218,10,-0.048634983441141866,LMR_seasonal_point
1219,1,-0.2094283501872249,LMR_seasonal_point
1219,4,-1.0724496185070103,LMR_seasonal_point
1219,7,-0.20124005457855765,LMR_seasonal_point
1219,10,0.931886441134483,LMR_seasonal_point
1220,1,0.4678228273037936,LMR_seasonal_point
1220,4,0.540672806470341,LMR_seasonal_point
1220,7,0.1364477504860223,LMR_seasonal_point
1220,10,1.132925240553805,LMR_seasonal_point
1221,1,1.16068009414004,LMR_seasonal_point
1221,4,0.9644482524148411,LMR_seasonal_point
1221,7,0.11134970883854386,LMR_seasonal_point
1221,10,0.9627625292009347,LMR_seasonal_point
1222,1,0.90915324989487,LMR_seasonal_point
1222,4,0.4951391385282376,LMR_seasonal_point
1222,7,0.7004835641765867,LMR_seasonal_point
1222,10,1.3507997460365364,LMR_seasonal_point
1223,1,1.273606489150902,LMR_seasonal_point
1223,4,0.7725680622180213,LMR_seasonal_point
1223,7,0.2083860402352427,LMR_seasonal_point
1223,10,0.7803407907200796,LMR_seasonal_point
1224,1,0.7666559742114054,LMR_seasonal_point
1224,4,0.25797481251024146,LMR_seasonal_point
1224,7,0.4971997426062186,LMR_seasonal_point
1224,10,0.15001721836441695,LMR_seasonal_point
1225,1,0.07949670518584104,LMR_seasonal_point
1225,4,1.1592596745533146,LMR_seasonal_point
1225,7,0.5680224974810217,LMR_seasonal_point
1225,10,-0.005483038993309652,LMR_seasonal_point
1226,1,-0.08587953756096961,LMR_seasonal_point
1226,4,0.050785532686117296,LMR_seasonal_point
1226,7,-0.2778358931844357,LMR_seasonal_point
1226,10,-0.08090219274418409,LMR_seasonal_point
1227,1,-0.3417939775717871,LMR_seasonal_point
1227,4,-0.7295005929088415,LMR_seasonal_point
1227,7,-1.1891134830026244,LMR_seasonal_point
1227,10,-0.2969623580326296,LMR_seasonal_point
1228,1,-0.5865565605698102,LMR_seasonal_point
1228,4,0.1434901885177516,LMR_seasonal_point
1228,7,-0.47757195387834184,LMR_seasonal_point
1228,10,-1.376837873798301,LMR_seasonal_point
1229,1,-1.5250512978913147,LMR_seasonal_point
1229,4,-1.3530275054809295,LMR_seasonal_point
1229,7,-1.3116313849922316,LMR_seasonal_point
1229,10,-0.20010229897208032,LMR_seasonal_point
1230,1,-0.41239340251932777,LMR_seasonal_point
1230,4,-0.14046265966055826,LMR_seasonal_point
1230,7,0.2810391894751505,LMR_seasonal_point
1230,10,-0.49038294767062873,LMR_seasonal_point
1231,1,-0.5499371791904506,LMR_seasonal_point
1231,4,0.044628279744045346,LMR_seasonal_point
1231,7,-0.003865950603711088,LMR_seasonal_point
1231,10,-0.0174961556800613,LMR_seasonal_point
1232,1,-0.4588979097924393,LMR_seasonal_point
1232,4,-0.2237436337622496,LMR_seasonal_point
1232,7,-0.8059266686259735,LMR_seasonal_point
1232,10,-0.26153615556378806,LMR_seasonal_point
1233,1,-0.055597868188765054,LMR_seasonal_point
1233,4,-0.20542817701481297,LMR_seasonal_point
1233,7,-1.1984040491463372,LMR_seasonal_point
1233,10,-0.5804615826636811,LMR_seasonal_point
1234,1,-0.6272241291306744,LMR_seasonal_point
1234,4,0.17193572327830664,LMR_seasonal_point
1234,7,-0.22552271766623655,LMR_seasonal_point
1234,10,-1.0122940539250633,LMR_seasonal_point
1235,1,-0.7324122046263486,LMR_seasonal_point
1235,4,-0.5168246746150101,LMR_seasonal_point
1235,7,-1.089319490529503,LMR_seasonal_point
1235,10,-0.4440362613668982,LMR_seasonal_point
1236,1,-0.12695705728282874,LMR_seasonal_point
1236,4,0.13399691840973038,LMR_seasonal_point
1236,7,-0.06636247492423647,LMR_seasonal_point
1236,10,0.0675480394433271,LMR_seasonal_point
1237,1,0.06063721915457845,LMR_seasonal_point
1237,4,-0.27710765062279996,LMR_seasonal_point
1237,7,0.994630798751834,LMR_seasonal_point
1237,10,0.19504364934581042,LMR_seasonal_point
1238,1,-0.3522205735670356,LMR_seasonal_point
1238,4,0.24757422405221288,LMR_seasonal_point
1238,7,-0.5520457370329918,LMR_seasonal_point
1238,10,0.6473169828037565,LMR_seasonal_point
1239,1,0.35916758001450916,LMR_seasonal_point
1239,4,-0.5374132045379938,LMR_seasonal_point
1239,7,-0.33661249716513897,LMR_seasonal_point
1239,10,0.1736538838438823,LMR_seasonal_point
1240,1,-0.3693526754297437,LMR_seasonal_point
1240,4,-0.016605793289490023,LMR_seasonal_point
1240,7,-0.6377649573895037,LMR_seasonal_point
1240,10,0.4831186994985818,LMR_seasonal_point
1241,1,0.2498282497711745,LMR_seasonal_point
1241,4,0.9502635557511234,LMR_seasonal_point
1241,7,-0.4812992179137585,LMR_seasonal_point
1241,10,0.8383303469791159,LMR_seasonal_point
1242,1,0.19496969661871622,LMR_seasonal_point
1242,4,0.34163106940455157,LMR_seasonal_point
1242,7,-0.26678562467017214,LMR_seasonal_point
1242,10,0.0627628890906565,LMR_seasonal_point
1243,1,-0.06981568194654059,LMR_seasonal_point
1243,4,-0.4682507507976521,LMR_seasonal_point
1243,7,-0.11129165302277066,LMR_seasonal_point
1243,10,0.5555787810594556,LMR_seasonal_point
1244,1,0.13657366619949926,LMR_seasonal_point
1244,4,0.5446854941770978,LMR_seasonal_point
1244,7,-0.0013357843165703598,LMR_seasonal_point
1244,10,0.021827495754344117,LMR_seasonal_point
1245,1,-0.08436844621005207,LMR_seasonal_point
1245,4,-0.20408034859771074,LMR_seasonal_point
1245,7,-0.3816500396457493,LMR_seasonal_point
1245,10,0.08765050906702485,LMR_seasonal_point
1246,1,0.035846351308298025,LMR_seasonal_point
1246,4,-0.22535968016159647,LMR_seasonal_point
1246,7,-0.15827504947322246,LMR_seasonal_point
1246,10,-0.5254592600551492,LMR_seasonal_point
1247,1,-0.44802638178198584,LMR_seasonal_point
1247,4,-1.0179783123817363,LMR_seasonal_point
1247,7,-0.6224478201027536,LMR_seasonal_point
1247,10,0.045884832542973875,LMR_seasonal_point
1248,1,-0.02798511852271174,LMR_seasonal_point
1248,4,0.33084416387021487,LMR_seasonal_point
1248,7,-0.007072788553815962,LMR_seasonal_point
1248,10,0.5576181589936557,LMR_seasonal_point
1249,1,0.36842939852009504,LMR_seasonal_point
1249,4,0.6025947172653799,LMR_seasonal_point
1249,7,-0.09632956006215587,LMR_seasonal_point
1249,10,1.343671221031756,LMR_seasonal_point
1250,1,0.6382651483188884,LMR_seasonal_point
1250,4,0.8326466736873017,LMR_seasonal_point
1250,7,0.2687596736783644,LMR_seasonal_point
1250,10,1.0690243088671543,LMR_seasonal_point
1251,1,0.2643397952411928,LMR_seasonal_point
1251,4,0.4625837424256115,LMR_seasonal_point
1251,7,0.267635198740369,LMR_seasonal_point
1251,10,-0.8399806831304354,LMR_seasonal_point
1252,1,-0.9618583113237159,LMR_seasonal_point
1252,4,-0.31263830217716704,LMR_seasonal_point
1252,7,0.07164040713282749,LMR_seasonal_point
1252,10,0.3612759794477839,LMR_seasonal_point
1253,1,0.06935729183275252,LMR_seasonal_point
1253,4,0.2879556388998643,LMR_seasonal_point
1253,7,-0.14284943040553616,LMR_seasonal_point
1253,10,0.6951780607950591,LMR_seasonal_point
1254,1,0.8822560287634338,LMR_seasonal_point
1254,4,0.9551594953618789,LMR_seasonal_point
1254,7,-0.17802951899562774,LMR_seasonal_point
1254,10,0.17838822948786343,LMR_seasonal_point
1255,1,-0.07131798540992457,LMR_seasonal_point
1255,4,-0.4399229999823083,LMR_seasonal_point
1255,7,-0.740708775850034,LMR_seasonal_point
1255,10,-0.04983644143773042,LMR_seasonal_point
1256,1,-0.3288367267333542,LMR_seasonal_point
1256,4,-0.4730843663581724,LMR_seasonal_point
1256,7,-0.1013381134253658,LMR_seasonal_point
1256,10,0.5093546662491513,LMR_seasonal_point
1257,1,0.5478403456062759,LMR_seasonal_point
1257,4,-0.0626184328297239,LMR_seasonal_point
1257,7,-0.7862373328803035,LMR_seasonal_point
1257,10,0.7690547278937025,LMR_seasonal_point
1258,1,-0.7156735791949187,LMR_seasonal_point
1258,4,0.0607777124961868,LMR_seasonal_point
1258,7,1.320047094830418,LMR_seasonal_point
1258,10,0.3519224752045561,LMR_seasonal_point
1259,1,-0.9250425716968501,LMR_seasonal_point
1259,4,0.21149245855391544,LMR_seasonal_point
1259,7,0.38624650686622636,LMR_seasonal_point
1259,10,-0.015795850799014854,LMR_seasonal_point
1260,1,-0.8843400476023558,LMR_seasonal_point
1260,4,0.7527885720247873,LMR_seasonal_point
1260,7,-0.10485198233757298,LMR_seasonal_point
1260,10,0.1375542443103983,LMR_seasonal_point
1261,1,-0.6375001249297811,LMR_seasonal_point
1261,4,0.2195095232947624,LMR_seasonal_point
1261,7,0.006877636321804659,LMR_seasonal_point
1261,10,-0.2814777629625863,LMR_seasonal_point
1262,1,-0.4929918759326535,LMR_seasonal_point
1262,4,0.5249910642275695,LMR_seasonal_point
1262,7,-0.1077450061064869,LMR_seasonal_point
1262,10,0.18627990431276384,LMR_seasonal_point
1263,1,-0.5095632326168507,LMR_seasonal_point
1263,4,-0.25753632690361433,LMR_seasonal_point
1263,7,0.8427098664458165,LMR_seasonal_point
1263,10,0.30151015776462003,LMR_seasonal_point
1264,1,-0.2665499034339571,LMR_seasonal_point
1264,4,0.4969273627478477,LMR_seasonal_point
1264,7,0.15986537949926494,LMR_seasonal_point
1264,10,-0.7192388114052121,LMR_seasonal_point
1265,1,-0.8303908210751744,LMR_seasonal_point
1265,4,0.3428188486106757,LMR_seasonal_point
1265,7,-0.2453236549544222,LMR_seasonal_point
1265,10,-0.3667671568610338,LMR_seasonal_point
1266,1,-0.6666040590728497,LMR_seasonal_point
1266,4,-0.54414141765086,LMR_seasonal_point
1266,7,-0.928306961970864,LMR_seasonal_point
1266,10,-0.4573364492742815,LMR_seasonal_point
1267,1,-1.1430449543726864,LMR_seasonal_point
1267,4,-0.4795007850246351,LMR_seasonal_point
1267,7,-0.24806509750218303,LMR_seasonal_point
1267,10,-0.009154091563357808,LMR_seasonal_point
1268,1,-0.8267814756872626,LMR_seasonal_point
1268,4,0.730237108657377,LMR_seasonal_point
1268,7,0.14923409406631655,LMR_seasonal_point
1268,10,1.188034996293586,LMR_seasonal_point
1269,1,0.8746942854295778,LMR_seasonal_point
1269,4,0.980610091731593,LMR_seasonal_point
1269,7,-0.13217225759636586,LMR_seasonal_point
1269,10,0.8722841120969593,LMR_seasonal_point
1270,1,0.07261819965562546,LMR_seasonal_point
1270,4,0.7440397639059142,LMR_seasonal_point
1270,7,0.5933770766972382,LMR_seasonal_point
1270,10,0.4022426966378665,LMR_seasonal_point
1271,1,-0.997540456068072,LMR_seasonal_point
1271,4,0.15342077701167306,LMR_seasonal_point
1271,7,0.6039914178167916,LMR_seasonal_point
1271,10,0.4680864842284738,LMR_seasonal_point
1272,1,-0.3467765276852637,LMR_seasonal_point
1272,4,0.332532646457558,LMR_seasonal_point
1272,7,0.09180897857256645,LMR_seasonal_point
1272,10,-0.18615909342132614,LMR_seasonal_point
1273,1,-0.30511053595998183,LMR_seasonal_point
1273,4,0.5811052213806931,LMR_seasonal_point
1273,7,1.5632821654518145,LMR_seasonal_point
1273,10,0.18696378455393828,LMR_seasonal_point
1274,1,0.1169311995885467,LMR_seasonal_point
1274,4,0.40655648685621926,LMR_seasonal_point
1274,7,0.8846052860677747,LMR_seasonal_point
1274,10,0.591826204643865,LMR_seasonal_point
1275,1,0.5279053489182893,LMR_seasonal_point
1275,4,0.04956244217609326,LMR_seasonal_point
1275,7,0.5356328001086132,LMR_seasonal_point
1275,10,0.017690604962678685,LMR_seasonal_point
1276,1,-0.44091927803413,LMR_seasonal_point
1276,4,0.3692616057878248,LMR_seasonal_point
1276,7,0.17913399722905504,LMR_seasonal_point
1276,10,-0.6387562480053091,LMR_seasonal_point
1277,1,-0.7825723889794617,LMR_seasonal_point
1277,4,-0.28557352492227395,LMR_seasonal_point
1277,7,0.2361231793221054,LMR_seasonal_point
1277,10,-0.09092983353526868,LMR_seasonal_point
1278,1,-0.7320340364808894,LMR_seasonal_point
1278,4,-1.0307248332089616,LMR_seasonal_point
1278,7,1.0737726556955187,LMR_seasonal_point
1278,10,0.3469970276081924,LMR_seasonal_point
1279,1,-0.06653287545292297,LMR_seasonal_point
1279,4,0.6142459102098203,LMR_seasonal_point
1279,7,-0.19093506746382788,LMR_seasonal_point
1279,10,-0.2240319477851319,LMR_seasonal_point
1280,1,-0.23651840637528282,LMR_seasonal_point
1280,4,0.5965259890572081,LMR_seasonal_point
1280,7,0.7065494768028755,LMR_seasonal_point
1280,10,0.4610986973747443,LMR_seasonal_point
1281,1,0.5528159815472911,LMR_seasonal_point
1281,4,0.26130368285584404,LMR_seasonal_point
1281,7,0.8081560611089749,LMR_seasonal_point
1281,10,0.21944566594562676,LMR_seasonal_point
1282,1,-0.014802666786653429,LMR_seasonal_point
1282,4,0.27925137585784554,LMR_seasonal_point
1282,7,-0.09918600743176037,LMR_seasonal_point
1282,10,0.13258508701299337,LMR_seasonal_point
1283,1,0.26891016544995794,LMR_seasonal_point
1283,4,1.0408929248976917,LMR_seasonal_point
1283,7,0.28095411874067866,LMR_seasonal_point
1283,10,-0.516719249222272,LMR_seasonal_point
1284,1,-1.2217633101062324,LMR_seasonal_point
1284,4,0.12689144583936895,LMR_seasonal_point
1284,7,0.07367284074975261,LMR_seasonal_point
1284,10,-0.7404155906223009,LMR_seasonal_point
1285,1,-0.6587968222869959,LMR_seasonal_point
1285,4,0.5307658585399349,LMR_seasonal_point
1285,7,0.4159312961112177,LMR_seasonal_point
1285,10,0.09579341761255306,LMR_seasonal_point
1286,1,-0.06410969696929841,LMR_seasonal_point
1286,4,0.9347393266653387,LMR_seasonal_point
1286,7,0.8387629740172327,LMR_seasonal_point
1286,10,-0.8876130551417388,LMR_seasonal_point
1287,1,-0.9069294533972493,LMR_seasonal_point
1287,4,-0.1131056802371318,LMR_seasonal_point
1287,7,-0.005086212244368837,LMR_seasonal_point
1287,10,-0.8967938674617278,LMR_seasonal_point
1288,1,-1.2930928795524053,LMR_seasonal_point
1288,4,-0.1282212928922456,LMR_seasonal_point
1288,7,0.2537340380442563,LMR_seasonal_point
1288,10,-0.3391451067061061,LMR_seasonal_point
1289,1,-0.2449532443563131,LMR_seasonal_point
1289,4,-0.1423716622024489,LMR_seasonal_point
1289,7,0.05413924369884174,LMR_seasonal_point
1289,10,0.23276085354606393,LMR_seasonal_point
1290,1,-0.04633240953643181,LMR_seasonal_point
1290,4,-0.3973837287107551,LMR_seasonal_point
1290,7,-0.043732474118659825,LMR_seasonal_point
1290,10,-0.2585426155511518,LMR_seasonal_point
1291,1,-0.6613416045997534,LMR_seasonal_point
1291,4,-0.055092285830882104,LMR_seasonal_point
1291,7,-0.047846543604651626,LMR_seasonal_point
1291,10,-0.0757793891614692,LMR_seasonal_point
1292,1,0.011441982270451678,LMR_seasonal_point
1292,4,0.2841696360520844,LMR_seasonal_point
1292,7,0.16967606591129603,LMR_seasonal_point
1292,10,-0.36818054725653815,LMR_seasonal_point
1293,1,-0.8948566394313954,LMR_seasonal_point
1293,4,-1.1806055436123315,LMR_seasonal_point
1293,7,0.5753545116122906,LMR_seasonal_point
1293,10,0.47736504124886986,LMR_seasonal_point
1294,1,-0.36396543941593196,LMR_seasonal_point
1294,4,0.9432392308457193,LMR_seasonal_point
1294,7,0.6600215225050751,LMR_seasonal_point
1294,10,-0.0030766122372937466,LMR_seasonal_point
1295,1,-0.358893226654028,LMR_seasonal_point
1295,4,-0.03408675642465481,LMR_seasonal_point
1295,7,0.44000420278376484,LMR_seasonal_point
1295,10,0.4242584844276319,LMR_seasonal_point
1296,1,-0.5730585817262279,LMR_seasonal_point
1296,4,-0.15069862128547862,LMR_seasonal_point
1296,7,-0.1284707464557978,LMR_seasonal_point
1296,10,0.5816781629155728,LMR_seasonal_point
1297,1,0.34634893955603235,LMR_seasonal_point
1297,4,1.02079311204787,LMR_seasonal_point
1297,7,0.5522791709557334,LMR_seasonal_point
1297,10,-0.2596053621921307,LMR_seasonal_point
1298,1,-0.6686144723786948,LMR_seasonal_point
1298,4,-0.3833102659028914,LMR_seasonal_point
1298,7,0.46745970912170043,LMR_seasonal_point
1298,10,0.9226261519923337,LMR_seasonal_point
1299,1,0.47648547466713276,LMR_seasonal_point
1299,4,-0.06797045314538591,LMR_seasonal_point
1299,7,-0.18178935663960016,LMR_seasonal_point
1299,10,0.3737098051129644,LMR_seasonal_point
1300,1,0.1374582537061427,LMR_seasonal_point
1300,4,-0.8596556302730086,LMR_seasonal_point
1300,7,0.3346355475429146,LMR_seasonal_point
1300,10,0.4404644148238933,LMR_seasonal_point
1301,1,0.2919505142991851,LMR_seasonal_point
1301,4,0.38061534058852675,LMR_seasonal_point
1301,7,0.45301360037173444,LMR_seasonal_point
1301,10,0.1585761671528657,LMR_seasonal_point
1302,1,-0.11596840692160915,LMR_seasonal_point
1302,4,0.4410239616150915,LMR_seasonal_point
1302,7,0.09384966630704272,LMR_seasonal_point
1302,10,0.3123169193325448,LMR_seasonal_point
1303,1,-0.17975108901308873,LMR_seasonal_point
1303,4,-0.393869325352191,LMR_seasonal_point
1303,7,-0.6542310143351142,LMR_seasonal_point
1303,10,-0.9424390816809535,LMR_seasonal_point
1304,1,-1.2215441282295574,LMR_seasonal_point
1304,4,-0.6132869239584586,LMR_seasonal_point
1304,7,-0.5932869846156473,LMR_seasonal_point
1304,10,-0.03532657367226133,LMR_seasonal_point
1305,1,-0.1032917420327027,LMR_seasonal_point
1305,4,0.3705758134707602,LMR_seasonal_point
1305,7,-0.20654365459325463,LMR_seasonal_point
1305,10,0.41454413015119207,LMR_seasonal_point
1306,1,0.1079428393633026,LMR_seasonal_point
1306,4,0.08220319299225784,LMR_seasonal_point
1306,7,0.02251702329915284,LMR_seasonal_point
1306,10,-0.16637346384237,LMR_seasonal_point
1307,1,0.44282670782674116,LMR_seasonal_point
1307,4,0.24768616221281736,LMR_seasonal_point
1307,7,-0.23293916400756537,LMR_seasonal_point
1307,10,1.0093389500270802,LMR_seasonal_point
1308,1,1.0712233892864238,LMR_seasonal_point
1308,4,1.0766527827937162,LMR_seasonal_point
1308,7,0.25924779527450315,LMR_seasonal_point
1308,10,0.0448583560300419,LMR_seasonal_point
1309,1,0.05081681955360953,LMR_seasonal_point
1309,4,0.04923248667431446,LMR_seasonal_point
1309,7,-0.5728961327478185,LMR_seasonal_point
1309,10,-0.5976578565194272,LMR_seasonal_point
1310,1,-0.21661399104200696,LMR_seasonal_point
1310,4,0.06120992134413411,LMR_seasonal_point
1310,7,-0.4869117786481133,LMR_seasonal_point
1310,10,-0.25618639869774135,LMR_seasonal_point
1311,1,-0.09333121339486694,LMR_seasonal_point
1311,4,-0.39420689336340975,LMR_seasonal_point
1311,7,-0.5170399153840796,LMR_seasonal_point
1311,10,0.05096918390572891,LMR_seasonal_point
1312,1,0.41370937517645495,LMR_seasonal_point
1312,4,0.7391341784661047,LMR_seasonal_point
1312,7,-0.0552772954218666,LMR_seasonal_point
1312,10,-0.4341526021724592,LMR_seasonal_point
1313,1,-0.49771388054018484,LMR_seasonal_point
1313,4,-0.5213312977347345,LMR_seasonal_point
1313,7,-0.3189462547187113,LMR_seasonal_point
1313,10,-0.3530264738522999,LMR_seasonal_point
1314,1,-0.21902919050711356,LMR_seasonal_point
1314,4,0.2386405802743432,LMR_seasonal_point
1314,7,-0.03345740045509199,LMR_seasonal_point
1314,10,0.0830019053336061,LMR_seasonal_point
1315,1,-0.13999498950797956,LMR_seasonal_point
1315,4,-0.055658786280884665,LMR_seasonal_point
1315,7,0.22454563397727031,LMR_seasonal_point
1315,10,1.1239030306793318,LMR_seasonal_point
1316,1,0.3100201768086265,LMR_seasonal_point
1316,4,0.12089890848521541,LMR_seasonal_point
1316,7,0.4785334451454449,LMR_seasonal_point
1316,10,-0.8101537677501199,LMR_seasonal_point
1317,1,-1.2173206469377211,LMR_seasonal_point
1317,4,-0.6542818611529245,LMR_seasonal_point
1317,7,0.8321533895863155,LMR_seasonal_point
1317,10,0.3813881214852359,LMR_seasonal_point
1318,1,-0.3005034899653334,LMR_seasonal_point
1318,4,-0.5490645931164424,LMR_seasonal_point
1318,7,0.22077862267526122,LMR_seasonal_point
1318,10,-0.5929276589628703,LMR_seasonal_point
1319,1,-1.4831866250519083,LMR_seasonal_point
1319,4,0.18214560741452737,LMR_seasonal_point
1319,7,0.8268809516392587,LMR_seasonal_point
1319,10,-0.5404016989952245,LMR_seasonal_point
1320,1,-0.8912785708854255,LMR_seasonal_point
1320,4,0.030168921691923145,LMR_seasonal_point
1320,7,0.6273523753396475,LMR_seasonal_point
1320,10,-0.09970996122471326,LMR_seasonal_point
1321,1,-0.22314415398192478,LMR_seasonal_point
1321,4,0.37538813108723634,LMR_seasonal_point
1321,7,0.30837922831083686,LMR_seasonal_point
1321,10,-0.9194691084487775,LMR_seasonal_point
1322,1,-1.4554399717417792,LMR_seasonal_point
1322,4,-1.160209673046718,LMR_seasonal_point
1322,7,0.1422968918415094,LMR_seasonal_point
1322,10,-0.21660110797305826,LMR_seasonal_point
1323,1,-0.3622120143898486,LMR_seasonal_point
1323,4,-0.7050923841689486,LMR_seasonal_point
1323,7,-0.20802196003321272,LMR_seasonal_point
1323,10,0.8236845320063805,LMR_seasonal_point
1324,1,0.450372822120913,LMR_seasonal_point
1324,4,-0.5411885749028092,LMR_seasonal_point
1324,7,-0.6377440888548058,LMR_seasonal_point
1324,10,0.22684994975026368,LMR_seasonal_point
1325,1,0.43444933262219554,LMR_seasonal_point
1325,4,-0.47319181001487876,LMR_seasonal_point
1325,7,-0.9040886211329006,LMR_seasonal_point
1325,10,0.4281481308662281,LMR_seasonal_point
1326,1,0.8787609149106693,LMR_seasonal_point
1326,4,0.046191859974613975,LMR_seasonal_point
1326,7,-0.29850217842042426,LMR_seasonal_point
1326,10,1.077650768726412,LMR_seasonal_point
1327,1,0.888737900860435,LMR_seasonal_point
1327,4,-0.4114632417778116,LMR_seasonal_point
1327,7,-0.16508516220571967,LMR_seasonal_point
1327,10,0.4719362973558622,LMR_seasonal_point
1328,1,0.04389088593104484,LMR_seasonal_point
1328,4,-0.5840708593419509,LMR_seasonal_point
1328,7,0.3273188752567318,LMR_seasonal_point
1328,10,-0.08979743686313546,LMR_seasonal_point
1329,1,-0.3762802368064787,LMR_seasonal_point
1329,4,0.04241551695094764,LMR_seasonal_point
1329,7,0.7908575686849808,LMR_seasonal_point
1329,10,0.46290488658202256,LMR_seasonal_point
1330,1,-0.16077363780646664,LMR_seasonal_point
1330,4,-0.23528666297714068,LMR_seasonal_point
1330,7,1.2406510673199338,LMR_seasonal_point
1330,10,0.13584208348943955,LMR_seasonal_point
1331,1,-0.2501750447566272,LMR_seasonal_point
1331,4,-0.5350339467536056,LMR_seasonal_point
1331,7,0.04275840831786493,LMR_seasonal_point
1331,10,-0.4389747332046229,LMR_seasonal_point
1332,1,-0.7913269310042091,LMR_seasonal_point
1332,4,-0.17411306282768085,LMR_seasonal_point
1332,7,0.4697624226884238,LMR_seasonal_point
1332,10,0.23662444767908836,LMR_seasonal_point
1333,1,-0.18589145740272645,LMR_seasonal_point
1333,4,-0.19499876093803098,LMR_seasonal_point
1333,7,0.3086085852793008,LMR_seasonal_point
1333,10,-0.06226641646563347,LMR_seasonal_point
1334,1,-0.7135405113806921,LMR_seasonal_point
1334,4,-1.313624624274604,LMR_seasonal_point
1334,7,-0.08843723901653405,LMR_seasonal_point
1334,10,0.058598849360200156,LMR_seasonal_point
1335,1,-0.15314090484699783,LMR_seasonal_point
1335,4,0.6472854604936819,LMR_seasonal_point
1335,7,0.4070859451066991,LMR_seasonal_point
1335,10,0.47393168720964096,LMR_seasonal_point
1336,1,-0.02938976195880527,LMR_seasonal_point
1336,4,-0.5418689366503029,LMR_seasonal_point
1336,7,0.5156667322962922,LMR_seasonal_point
1336,10,0.011923135568918442,LMR_seasonal_point
1337,1,-0.39747025792633583,LMR_seasonal_point
1337,4,-0.6317843240800192,LMR_seasonal_point
1337,7,0.5080073926394064,LMR_seasonal_point
1337,10,0.3494273996967949,LMR_seasonal_point
1338,1,0.19171338887383788,LMR_seasonal_point
1338,4,0.023035781310351805,LMR_seasonal_point
1338,7,0.3263584265712983,LMR_seasonal_point
1338,10,-0.07338882773592298,LMR_seasonal_point
1339,1,-0.27932484437646987,LMR_seasonal_point
1339,4,-0.3838017207146126,LMR_seasonal_point
1339,7,-0.11808609450795293,LMR_seasonal_point
1339,10,-0.2579874860561617,LMR_seasonal_point
1340,1,-0.8043444747460234,LMR_seasonal_point
1340,4,-0.4845501816768043,LMR_seasonal_point
1340,7,0.23222396765734488,LMR_seasonal_point
1340,10,0.5363447853216634,LMR_seasonal_point
1341,1,-0.8816995117954932,LMR_seasonal_point
1341,4,-0.9674643504903885,LMR_seasonal_point
1341,7,-0.6229300654738446,LMR_seasonal_point
1341,10,0.8787032254201733,LMR_seasonal_point
1342,1,0.3252803598708207,LMR_seasonal_point
1342,4,-0.49471333453530986,LMR_seasonal_point
1342,7,0.004940230780240834,LMR_seasonal_point
1342,10,0.6105441713928687,LMR_seasonal_point
1343,1,0.05415585460905198,LMR_seasonal_point
1343,4,-1.1504008169289435,LMR_seasonal_point
1343,7,-0.29003560836629916,LMR_seasonal_point
1343,10,-0.2409952402501782,LMR_seasonal_point
1344,1,-0.9894515993705771,LMR_seasonal_point
1344,4,-0.16852757211240477,LMR_seasonal_point
1344,7,0.7043579658394383,LMR_seasonal_point
1344,10,0.8395096588050712,LMR_seasonal_point
1345,1,-0.31809332325326456,LMR_seasonal_point
1345,4,-0.760860535963636,LMR_seasonal_point
1345,7,0.49017788512407207,LMR_seasonal_point
1345,10,1.6373591247600885,LMR_seasonal_point
1346,1,0.7504357275360587,LMR_seasonal_point
1346,4,0.24358391915524594,LMR_seasonal_point
1346,7,1.0277122388675495,LMR_seasonal_point
1346,10,1.0144373499332442,LMR_seasonal_point
1347,1,0.5282115929153581,LMR_seasonal_point
1347,4,-0.3638542359699529,LMR_seasonal_point
1347,7,0.5174921005174931,LMR_seasonal_point
1347,10,0.5570057079192565,LMR_seasonal_point
1348,1,-0.21623964660943878,LMR_seasonal_point
1348,4,0.008711543452395637,LMR_seasonal_point
1348,7,0.25555282409830044,LMR_seasonal_point
1348,10,0.533174009322228,LMR_seasonal_point
1349,1,-0.25448127969198886,LMR_seasonal_point
1349,4,0.26507787905448676,LMR_seasonal_point
1349,7,0.496217325171978,LMR_seasonal_point
1349,10,0.6889959797830684,LMR_seasonal_point
1350,1,0.13112535891713767,LMR_seasonal_point
1350,4,-0.9979634023353233,LMR_seasonal_point
1350,7,0.2007460303128499,LMR_seasonal_point
1350,10,1.3146765165031646,LMR_seasonal_point
1351,1,0.293597945529757,LMR_seasonal_point
1351,4,-0.08498658539588022,LMR_seasonal_point
1351,7,-0.12742149663557917,LMR_seasonal_point
1351,10,0.10475466632264226,LMR_seasonal_point
1352,1,-0.5791844941040084,LMR_seasonal_point
1352,4,-1.109837872518697,LMR_seasonal_point
1352,7,0.19602583162621207,LMR_seasonal_point
1352,10,-0.6962690122744456,LMR_seasonal_point
1353,1,-0.8018977553664498,LMR_seasonal_point
1353,4,-0.3313159482341359,LMR_seasonal_point
1353,7,-0.05554995186974193,LMR_seasonal_point
1353,10,-0.19163773115934724,LMR_seasonal_point
1354,1,-0.9038651035687072,LMR_seasonal_point
1354,4,-1.5558065235829006,LMR_seasonal_point
1354,7,-0.581260974451284,LMR_seasonal_point
1354,10,0.1592811465856927,LMR_seasonal_point
1355,1,-0.7105823548401609,LMR_seasonal_point
1355,4,-1.0668886227481305,LMR_seasonal_point
1355,7,-0.39382531987133707,LMR_seasonal_point
1355,10,-0.7210827336529699,LMR_seasonal_point
1356,1,-0.7567230104226333,LMR_seasonal_point
1356,4,-1.093157705038783,LMR_seasonal_point
1356,7,0.6133304238760554,LMR_seasonal_point
1356,10,0.01747124296548974,LMR_seasonal_point
1357,1,-0.3858649127631133,LMR_seasonal_point
1357,4,-0.21043999240668942,LMR_seasonal_point
1357,7,0.11390865612982386,LMR_seasonal_point
1357,10,0.46964670157203126,LMR_seasonal_point
1358,1,-0.07235111447863468,LMR_seasonal_point
1358,4,-0.1623188377537893,LMR_seasonal_point
1358,7,-0.07125873295915636,LMR_seasonal_point
1358,10,0.253596761227288,LMR_seasonal_point
1359,1,-0.3491061289624451,LMR_seasonal_point
1359,4,-1.073548143763007,LMR_seasonal_point
1359,7,0.2657335829559923,LMR_seasonal_point
1359,10,0.5670403605989858,LMR_seasonal_point
1360,1,-0.2714299752774985,LMR_seasonal_point
1360,4,-0.6975859547231357,LMR_seasonal_point
1360,7,0.5976373022671816,LMR_seasonal_point
1360,10,0.6298799584610235,LMR_seasonal_point
1361,1,0.2761190524939583,LMR_seasonal_point
1361,4,-0.5384971670534396,LMR_seasonal_point
1361,7,0.6850598981119911,LMR_seasonal_point
1361,10,0.9325794684532395,LMR_seasonal_point
1362,1,0.03322419012172512,LMR_seasonal_point
1362,4,-0.7795341514048076,LMR_seasonal_point
1362,7,-0.09813331398741143,LMR_seasonal_point
1362,10,-0.2788472214833695,LMR_seasonal_point
1363,1,-0.6777828223045114,LMR_seasonal_point
1363,4,-0.2618143019280059,LMR_seasonal_point
1363,7,0.7240284262218689,LMR_seasonal_point
1363,10,-0.6259140191139377,LMR_seasonal_point
1364,1,-0.5825065894104547,LMR_seasonal_point
1364,4,-1.4014162526490241,LMR_seasonal_point
1364,7,-0.4516922717176194,LMR_seasonal_point
1364,10,0.20405960408101015,LMR_seasonal_point
1365,1,0.05705354397208773,LMR_seasonal_point
1365,4,-0.5017789109573013,LMR_seasonal_point
1365,7,0.16258890899666006,LMR_seasonal_point
1365,10,0.24321580047960525,LMR_seasonal_point
1366,1,0.3907179910478406,LMR_seasonal_point
1366,4,-0.07929142601071548,LMR_seasonal_point
1366,7,0.6315624589363208,LMR_seasonal_point
1366,10,0.8018468879354902,LMR_seasonal_point
1367,1,0.2848879505073961,LMR_seasonal_point
1367,4,-0.05312929235969205,LMR_seasonal_point
1367,7,0.5057868396954978,LMR_seasonal_point
1367,10,0.13702905608580768,LMR_seasonal_point
1368,1,0.12940177782210974,LMR_seasonal_point
1368,4,-0.24433091058736217,LMR_seasonal_point
1368,7,0.4942377149407473,LMR_seasonal_point
1368,10,-0.0535700119423736,LMR_seasonal_point
1369,1,-0.663023240573606,LMR_seasonal_point
1369,4,0.5530917126078625,LMR_seasonal_point
1369,7,0.27627206201132837,LMR_seasonal_point
1369,10,0.8208399261618301,LMR_seasonal_point
1370,1,0.5540088661768369,LMR_seasonal_point
1370,4,0.10070088124126589,LMR_seasonal_point
1370,7,0.8455990488858321,LMR_seasonal_point
1370,10,0.1822277892228099,LMR_seasonal_point
1371,1,-0.15020863689031344,LMR_seasonal_point
1371,4,-1.0940156791454996,LMR_seasonal_point
1371,7,0.7088241809285583,LMR_seasonal_point
1371,10,0.09279186318025476,LMR_seasonal_point
1372,1,0.11404492196662379,LMR_seasonal_point
1372,4,-0.26204221016296186,LMR_seasonal_point
1372,7,0.1826600832028531,LMR_seasonal_point
1372,10,-0.13899762103151758,LMR_seasonal_point
1373,1,-0.22612128710005652,LMR_seasonal_point
1373,4,-0.5625513603351266,LMR_seasonal_point
1373,7,0.8110345269033468,LMR_seasonal_point
1373,10,-0.12862165909155882,LMR_seasonal_point
1374,1,0.3477381595444633,LMR_seasonal_point
1374,4,0.17142643826979517,LMR_seasonal_point
1374,7,0.6284687853255926,LMR_seasonal_point
1374,10,0.7857716235115889,LMR_seasonal_point
1375,1,0.27608779230493885,LMR_seasonal_point
1375,4,0.3413144877359269,LMR_seasonal_point
1375,7,0.8202835995247816,LMR_seasonal_point
1375,10,-0.3993923582414741,LMR_seasonal_point
1376,1,-0.3824618476560432,LMR_seasonal_point
1376,4,-0.41615497639633603,LMR_seasonal_point
1376,7,0.8150728519475591,LMR_seasonal_point
1376,10,-0.4108632471883116,LMR_seasonal_point
1377,1,-1.1129964738384346,LMR_seasonal_point
1377,4,-0.00990467566212111,LMR_seasonal_point
1377,7,1.0650402894818223,LMR_seasonal_point
1377,10,0.148199825238285,LMR_seasonal_point
1378,1,-0.7600596442570973,LMR_seasonal_point
1378,4,-1.0031124512272434,LMR_seasonal_point
1378,7,0.18584480865251152,LMR_seasonal_point
1378,10,-0.36894995446823253,LMR_seasonal_point
1379,1,-0.5198321348344522,LMR_seasonal_point
1379,4,-0.611665324024247,LMR_seasonal_point
1379,7,0.43579134799494046,LMR_seasonal_point
1379,10,-0.2978139257101631,LMR_seasonal_point
1380,1,-0.8172094975083889,LMR_seasonal_point
1380,4,-0.36960983638792555,LMR_seasonal_point
1380,7,0.9854264552019367,LMR_seasonal_point
1380,10,0.1055020471556309,LMR_seasonal_point
1381,1,-0.15808973911123814,LMR_seasonal_point
1381,4,-0.9196947205654461,LMR_seasonal_point
1381,7,0.13755013718281786,LMR_seasonal_point
1381,10,-1.3811688162168472,LMR_seasonal_point
1382,1,-1.3214958859188477,LMR_seasonal_point
1382,4,-0.6273108253332926,LMR_seasonal_point
1382,7,-0.5763158009900807,LMR_seasonal_point
1382,10,-0.2639367846915448,LMR_seasonal_point
1383,1,-0.47781103688156146,LMR_seasonal_point
1383,4,0.46367291871695404,LMR_seasonal_point
1383,7,-0.3482201556866358,LMR_seasonal_point
1383,10,0.21742437811936557,LMR_seasonal_point
1384,1,-0.034621579408490144,LMR_seasonal_point
1384,4,-0.443546136565624,LMR_seasonal_point
1384,7,-0.7280501511760016,LMR_seasonal_point
1384,10,-0.16912628256047685,LMR_seasonal_point
1385,1,-0.2866194886495105,LMR_seasonal_point
1385,4,-0.3803394786569022,LMR_seasonal_point
1385,7,-0.43919492014683437,LMR_seasonal_point
1385,10,-0.47389883460704096,LMR_seasonal_point
1386,1,-0.5412385011468314,LMR_seasonal_point
1386,4,-1.0190844476694978,LMR_seasonal_point
1386,7,-0.9895289765062868,LMR_seasonal_point
1386,10,0.5801830839383364,LMR_seasonal_point
1387,1,-0.034846084224949225,LMR_seasonal_point
1387,4,-0.03976855979116556,LMR_seasonal_point
1387,7,0.3402813145742729,LMR_seasonal_point
1387,10,-0.15203644726734328,LMR_seasonal_point
1388,1,-0.13508290123521344,LMR_seasonal_point
1388,4,-0.7122927085777853,LMR_seasonal_point
1388,7,-0.44059706654284847,LMR_seasonal_point
1388,10,0.13831509147697596,LMR_seasonal_point
1389,1,0.22319272400462872,LMR_seasonal_point
1389,4,-0.4964813320086635,LMR_seasonal_point
1389,7,-0.045203895128462845,LMR_seasonal_point
1389,10,-0.547027362706762,LMR_seasonal_point
1390,1,-0.45003866977909723,LMR_seasonal_point
1390,4,-1.3121620241228564,LMR_seasonal_point
1390,7,-1.0041161225677993,LMR_seasonal_point
1390,10,-0.2951334527899818,LMR_seasonal_point
1391,1,-0.5730276714733684,LMR_seasonal_point
1391,4,-0.07913972440991934,LMR_seasonal_point
1391,7,-0.04752778568174165,LMR_seasonal_point
1391,10,-0.49280321899608026,LMR_seasonal_point
1392,1,-0.6195361604415579,LMR_seasonal_point
1392,4,-0.697129228469928,LMR_seasonal_point
1392,7,0.04941454580614496,LMR_seasonal_point
1392,10,-0.3857919484019834,LMR_seasonal_point
1393,1,-0.5774905052866371,LMR_seasonal_point
1393,4,-1.010482660127614,LMR_seasonal_point
1393,7,-0.14056842048848373,LMR_seasonal_point
1393,10,-0.002781166553179032,LMR_seasonal_point
1394,1,-0.06247747276935911,LMR_seasonal_point
1394,4,-1.0223384698093128,LMR_seasonal_point
1394,7,-0.5333292294775375,LMR_seasonal_point
1394,10,0.2955129770931422,LMR_seasonal_point
1395,1,0.029961663251255433,LMR_seasonal_point
1395,4,-0.3322032946961814,LMR_seasonal_point
1395,7,0.05556565320683879,LMR_seasonal_point
1395,10,0.792180531759593,LMR_seasonal_point
1396,1,0.6594667880915035,LMR_seasonal_point
1396,4,0.2244053092829251,LMR_seasonal_point
1396,7,-0.5102790300763939,LMR_seasonal_point
1396,10,0.48116005319610977,LMR_seasonal_point
1397,1,0.14756069987933224,LMR_seasonal_point
1397,4,-0.23163000409975004,LMR_seasonal_point
1397,7,-0.3151004866090674,LMR_seasonal_point
1397,10,0.6974078169097432,LMR_seasonal_point
1398,1,0.16545089581488717,LMR_seasonal_point
1398,4,-0.3744542370559605,LMR_seasonal_point
1398,7,-0.4441332705199095,LMR_seasonal_point
1398,10,0.3201638322481759,LMR_seasonal_point
1399,1,-0.31106919583108883,LMR_seasonal_point
1399,4,-0.43241711766830737,LMR_seasonal_point
1399,7,0.04461740697399552,LMR_seasonal_point
1399,10,-0.4898230760988763,LMR_seasonal_point
1400,1,-0.7251764630080906,LMR_seasonal_point
1400,4,0.02538583555630347,LMR_seasonal_point
1400,7,-0.3471005244868073,LMR_seasonal_point
1400,10,0.019471974021462335,LMR_seasonal_point
1401,1,-0.6998311611826388,LMR_seasonal_point
1401,4,0.023342725808627757,LMR_seasonal_point
1401,7,-0.31048437171028365,LMR_seasonal_point
1401,10,-0.8152094045859993,LMR_seasonal_point
1402,1,-1.2919779608567756,LMR_seasonal_point
1402,4,-1.2938570370967981,LMR_seasonal_point
1402,7,-0.12137019287271233,LMR_seasonal_point
1402,10,-0.2458556281497269,LMR_seasonal_point
1403,1,-0.5421833603540386,LMR_seasonal_point
1403,4,-0.01912131199311143,LMR_seasonal_point
1403,7,0.04488408317890338,LMR_seasonal_point
1403,10,-0.30250119444808077,LMR_seasonal_point
1404,1,-0.8663087135597657,LMR_seasonal_point
1404,4,-0.8686083615748995,LMR_seasonal_point
1404,7,-0.0014158414942372355,LMR_seasonal_point
1404,10,-0.6140565149245761,LMR_seasonal_point
1405,1,-1.2745780926893464,LMR_seasonal_point
1405,4,-0.5453418670199108,LMR_seasonal_point
1405,7,-0.22764536628498333,LMR_seasonal_point
1405,10,-0.3687775121002087,LMR_seasonal_point
1406,1,-0.12401729361145397,LMR_seasonal_point
1406,4,-0.20044066299609464,LMR_seasonal_point
1406,7,-0.6875774204634341,LMR_seasonal_point
1406,10,-0.19646767328347514,LMR_seasonal_point
1407,1,-0.4266406880014739,LMR_seasonal_point
1407,4,1.1137988884031929,LMR_seasonal_point
1407,7,0.08294008469818093,LMR_seasonal_point
1407,10,-0.06646310637554803,LMR_seasonal_point
1408,1,0.3067817279545474,LMR_seasonal_point
1408,4,0.1365218973881795,LMR_seasonal_point
1408,7,-0.04908564546603594,LMR_seasonal_point
1408,10,-0.3862643585351774,LMR_seasonal_point
1409,1,-0.2790474831858438,LMR_seasonal_point
1409,4,-0.5168507953407471,LMR_seasonal_point
1409,7,-0.929305373128065,LMR_seasonal_point
1409,10,-0.5433737768728658,LMR_seasonal_point
1410,1,-0.5500520764825579,LMR_seasonal_point
1410,4,-0.5086734585727671,LMR_seasonal_point
1410,7,-0.34972922288567654,LMR_seasonal_point
1410,10,0.0583648297237693,LMR_seasonal_point
1411,1,-0.38685281052280784,LMR_seasonal_point
1411,4,-0.5143025958349529,LMR_seasonal_point
1411,7,-0.0805397334150616,LMR_seasonal_point
1411,10,-0.2108184174603417,LMR_seasonal_point
1412,1,-0.6575961359467402,LMR_seasonal_point
1412,4,-0.3542192847482809,LMR_seasonal_point
1412,7,-0.09926525216300752,LMR_seasonal_point
1412,10,0.14533084670993918,LMR_seasonal_point
1413,1,-0.5965998416353918,LMR_seasonal_point
1413,4,-0.7864510096220262,LMR_seasonal_point
1413,7,-1.1586131065928287,LMR_seasonal_point
1413,10,0.4137264413878394,LMR_seasonal_point
1414,1,-0.29973815463095244,LMR_seasonal_point
1414,4,-0.9559094461371841,LMR_seasonal_point
1414,7,0.26707867140489916,LMR_seasonal_point
1414,10,-0.7238933258664594,LMR_seasonal_point
1415,1,-1.0152787558884988,LMR_seasonal_point
1415,4,-1.1057338613464118,LMR_seasonal_point
1415,7,-0.38281317548872507,LMR_seasonal_point
1415,10,-0.11696507142217738,LMR_seasonal_point
1416,1,-0.6701913453663794,LMR_seasonal_point
1416,4,-1.2357203226404625,LMR_seasonal_point
1416,7,-0.18908140559589048,LMR_seasonal_point
1416,10,-0.4945215068816665,LMR_seasonal_point
1417,1,-0.5507592971019944,LMR_seasonal_point
1417,4,-0.887047543363752,LMR_seasonal_point
1417,7,-0.1347582078128421,LMR_seasonal_point
1417,10,0.7447850545803737,LMR_seasonal_point
1418,1,0.626280633928648,LMR_seasonal_point
1418,4,-0.19442521265054685,LMR_seasonal_point
1418,7,-0.6134969022411827,LMR_seasonal_point
1418,10,0.5205240878070446,LMR_seasonal_point
1419,1,0.467689400625293,LMR_seasonal_point
1419,4,0.7528589488011441,LMR_seasonal_point
1419,7,0.17514493110106924,LMR_seasonal_point
1419,10,-0.40684190907279094,LMR_seasonal_point
1420,1,-0.014861067471574646,LMR_seasonal_point
1420,4,-0.8870283245767242,LMR_seasonal_point
1420,7,-0.7373955292432595,LMR_seasonal_point
1420,10,-0.3529863846524026,LMR_seasonal_point
1421,1,-0.295486310706809,LMR_seasonal_point
1421,4,-0.725771325046428,LMR_seasonal_point
1421,7,-0.6188485762199206,LMR_seasonal_point
1421,10,-0.725690910451131,LMR_seasonal_point
1422,1,-0.9962505777138376,LMR_seasonal_point
1422,4,-0.7227525252948516,LMR_seasonal_point
1422,7,-0.3995888005137811,LMR_seasonal_point
1422,10,-0.17220020241569467,LMR_seasonal_point
1423,1,-0.6438998208641619,LMR_seasonal_point
1423,4,-1.130885886781011,LMR_seasonal_point
1423,7,0.21230567147369167,LMR_seasonal_point
1423,10,-0.3216386040424388,LMR_seasonal_point
1424,1,-0.41045068804104756,LMR_seasonal_point
1424,4,-0.4708500075310965,LMR_seasonal_point
1424,7,-0.4857982459909407,LMR_seasonal_point
1424,10,-0.30863784456038557,LMR_seasonal_point
1425,1,-0.30230261109305456,LMR_seasonal_point
1425,4,-0.1304737834822849,LMR_seasonal_point
1425,7,-0.7813527253360949,LMR_seasonal_point
1425,10,-0.6652653130648378,LMR_seasonal_point
1426,1,-1.095076364785132,LMR_seasonal_point
1426,4,-0.24785604080452206,LMR_seasonal_point
1426,7,-0.020736607719659322,LMR_seasonal_point
1426,10,0.061378254793434645,LMR_seasonal_point
1427,1,-0.011215566766583168,LMR_seasonal_point
1427,4,-0.34939416080699737,LMR_seasonal_point
1427,7,-0.15933358680410997,LMR_seasonal_point
1427,10,-0.9510115771774145,LMR_seasonal_point
1428,1,-1.3983360759794978,LMR_seasonal_point
1428,4,-0.7367669060590807,LMR_seasonal_point
1428,7,0.02563712968793988,LMR_seasonal_point
1428,10,-0.11680778693157473,LMR_seasonal_point
1429,1,-1.2447234782367178,LMR_seasonal_point
1429,4,-0.11401810599506773,LMR_seasonal_point
1429,7,0.009177828909126079,LMR_seasonal_point
1429,10,-0.2602578537840207,LMR_seasonal_point
1430,1,-0.47622964076655927,LMR_seasonal_point
1430,4,-0.639534952778513,LMR_seasonal_point
1430,7,-0.2355366775763713,LMR_seasonal_point
1430,10,-0.5987129218384042,LMR_seasonal_point
1431,1,-0.13120864609344007,LMR_seasonal_point
1431,4,0.21681905716166588,LMR_seasonal_point
1431,7,-0.8114476534598792,LMR_seasonal_point
1431,10,1.2181636733960208,LMR_seasonal_point
1432,1,0.5273165445138875,LMR_seasonal_point
1432,4,-0.0943667617190666,LMR_seasonal_point
1432,7,-0.6271151738089566,LMR_seasonal_point
1432,10,-0.2186429894455268,LMR_seasonal_point
1433,1,-1.0945035841325597,LMR_seasonal_point
1433,4,-0.881876114525571,LMR_seasonal_point
1433,7,0.10745968835955638,LMR_seasonal_point
1433,10,-0.5341126153619327,LMR_seasonal_point
1434,1,-1.0261696286112447,LMR_seasonal_point
1434,4,-0.5288144190016516,LMR_seasonal_point
1434,7,-0.4088983176272407,LMR_seasonal_point
1434,10,0.11191024008508137,LMR_seasonal_point
1435,1,0.24501652048056125,LMR_seasonal_point
1435,4,0.7608422723666489,LMR_seasonal_point
1435,7,0.40255922739727845,LMR_seasonal_point
1435,10,-0.5298513871592746,LMR_seasonal_point
1436,1,-1.0348728761128019,LMR_seasonal_point
1436,4,-0.2836440160421253,LMR_seasonal_point
1436,7,0.218376308474832,LMR_seasonal_point
1436,10,-0.14698236593917613,LMR_seasonal_point
1437,1,0.10960441684207581,LMR_seasonal_point
1437,4,-0.22584905592451615,LMR_seasonal_point
1437,7,0.3364486627968232,LMR_seasonal_point
1437,10,-0.5567877742506463,LMR_seasonal_point
1438,1,-0.42940457127536036,LMR_seasonal_point
1438,4,-0.014376202228510937,LMR_seasonal_point
1438,7,1.0475020347748965,LMR_seasonal_point
1438,10,-0.15176575530163905,LMR_seasonal_point
1439,1,0.22131365369794667,LMR_seasonal_point
1439,4,-0.24779686882685537,LMR_seasonal_point
1439,7,-0.024315770504703516,LMR_seasonal_point
1439,10,-0.6904588278603827,LMR_seasonal_point
1440,1,-0.5481454113798035,LMR_seasonal_point
1440,4,0.15603089538552006,LMR_seasonal_point
1440,7,0.7654747724945713,LMR_seasonal_point
1440,10,-0.36380205512635366,LMR_seasonal_point
1441,1,-1.5159894800152256,LMR_seasonal_point
1441,4,-1.4082043164229754,LMR_seasonal_point
1441,7,-0.06592205912831345,LMR_seasonal_point
1441,10,-0.7789250331797474,LMR_seasonal_point
1442,1,-1.0338313455797938,LMR_seasonal_point
1442,4,-0.4199603955562691,LMR_seasonal_point
1442,7,0.26041704057688286,LMR_seasonal_point
1442,10,0.2612947242582349,LMR_seasonal_point
1443,1,0.4257507068292031,LMR_seasonal_point
1443,4,0.18958195312649867,LMR_seasonal_point
1443,7,-0.30546937844197475,LMR_seasonal_point
1443,10,-0.8662508372054004,LMR_seasonal_point
1444,1,-0.6394309723426593,LMR_seasonal_point
1444,4,-0.013077879467852549,LMR_seasonal_point
1444,7,-0.25575948941339327,LMR_seasonal_point
1444,10,-0.18532511790757888,LMR_seasonal_point
1445,1,-0.46975787206312447,LMR_seasonal_point
1445,4,-0.4029493373662981,LMR_seasonal_point
1445,7,-0.8815275221438451,LMR_seasonal_point
1445,10,-0.5273064856931022,LMR_seasonal_point
1446,1,-0.5266708443602061,LMR_seasonal_point
1446,4,-0.32350421469692514,LMR_seasonal_point
1446,7,-0.055366144053370536,LMR_seasonal_point
1446,10,-0.26642523400233187,LMR_seasonal_point
1447,1,-0.6218963890432317,LMR_seasonal_point
1447,4,-0.9752182318567609,LMR_seasonal_point
1447,7,0.15007308657210142,LMR_seasonal_point
1447,10,-0.39102402860648244,LMR_seasonal_point
1448,1,-0.302184543542679,LMR_seasonal_point
1448,4,-0.1790113527769988,LMR_seasonal_point
1448,7,0.25871319171953083,LMR_seasonal_point
1448,10,-0.22313548785809423,LMR_seasonal_point
1449,1,-0.7200203501310045,LMR_seasonal_point
1449,4,-0.005192367399023318,LMR_seasonal_point
1449,7,0.20387503029675472,LMR_seasonal_point
1449,10,-1.084162832812516,LMR_seasonal_point
1450,1,-1.4877212466469985,LMR_seasonal_point
1450,4,0.1344690211599024,LMR_seasonal_point
1450,7,0.3682688422765572,LMR_seasonal_point
1450,10,-0.08881718144831902,LMR_seasonal_point
1451,1,-0.7072896075683267,LMR_seasonal_point
1451,4,0.29262602027359724,LMR_seasonal_point
1451,7,0.2609949693097978,LMR_seasonal_point
1451,10,-0.19865348641799208,LMR_seasonal_point
1452,1,-0.5526193567090141,LMR_seasonal_point
1452,4,0.43445346597774104,LMR_seasonal_point
1452,7,1.1172092147317343,LMR_seasonal_point
1452,10,0.175179744676817,LMR_seasonal_point
1453,1,-0.5989947285017301,LMR_seasonal_point
1453,4,-0.14640836942622415,LMR_seasonal_point
1453,7,1.3676785673318945,LMR_seasonal_point
1453,10,-0.16094118890906545,LMR_seasonal_point
1454,1,-1.0338159605975448,LMR_seasonal_point
1454,4,-0.6169265780076282,LMR_seasonal_point
1454,7,-0.05625144500414542,LMR_seasonal_point
1454,10,-1.1018713496921513,LMR_seasonal_point
1455,1,-1.9530887628748443,LMR_seasonal_point
1455,4,-0.7339573967931358,LMR_seasonal_point
1455,7,0.8108480618747405,LMR_seasonal_point
1455,10,-0.2675253834266552,LMR_seasonal_point
1456,1,-0.5529558193418236,LMR_seasonal_point
1456,4,0.25641440098921564,LMR_seasonal_point
1456,7,0.7863172477410545,LMR_seasonal_point
1456,10,0.7575676988628826,LMR_seasonal_point
1457,1,-0.1516931660782581,LMR_seasonal_point
1457,4,-0.584232580095758,LMR_seasonal_point
1457,7,0.9295422874035805,LMR_seasonal_point
1457,10,0.5203761191095307,LMR_seasonal_point
1458,1,-0.15401511804457435,LMR_seasonal_point
1458,4,0.1976995745045723,LMR_seasonal_point
1458,7,0.789965994946046,LMR_seasonal_point
1458,10,-0.5211798451029203,LMR_seasonal_point
1459,1,-0.9101504476086263,LMR_seasonal_point
1459,4,-0.7633953271093552,LMR_seasonal_point
1459,7,1.4683717158935714,LMR_seasonal_point
1459,10,0.2556195079230209,LMR_seasonal_point
1460,1,-0.9457598482801851,LMR_seasonal_point
1460,4,-0.023809095926834667,LMR_seasonal_point
1460,7,0.9504096157346031,LMR_seasonal_point
1460,10,-0.5706250953019929,LMR_seasonal_point
1461,1,-2.143067946576688,LMR_seasonal_point
1461,4,0.04053965763308501,LMR_seasonal_point
1461,7,0.9962249272990809,LMR_seasonal_point
1461,10,0.39040091168318847,LMR_seasonal_point
1462,1,-0.1480885493152848,LMR_seasonal_point
1462,4,0.05039208290793379,LMR_seasonal_point
1462,7,-0.19710374348924242,LMR_seasonal_point
1462,10,-0.8363765407579115,LMR_seasonal_point
1463,1,-1.3254279507083306,LMR_seasonal_point
1463,4,-0.8491995750309013,LMR_seasonal_point
1463,7,0.532106763701528,LMR_seasonal_point
1463,10,-0.4724265245492214,LMR_seasonal_point
1464,1,-0.9260418373966036,LMR_seasonal_point
1464,4,-0.09312626233953647,LMR_seasonal_point
1464,7,-0.03635002331077347,LMR_seasonal_point
1464,10,-0.4161015359150214,LMR_seasonal_point
1465,1,-0.8840532441630627,LMR_seasonal_point
1465,4,-0.6076558043681182,LMR_seasonal_point
1465,7,0.0030666519283098215,LMR_seasonal_point
1465,10,-0.21309430005982954,LMR_seasonal_point
1466,1,-1.934354309369139,LMR_seasonal_point
1466,4,-1.4136603977862015,LMR_seasonal_point
1466,7,0.6347802685908321,LMR_seasonal_point
1466,10,-1.5098557607215515,LMR_seasonal_point
1467,1,-2.142365498839137,LMR_seasonal_point
1467,4,-1.066242718633693,LMR_seasonal_point
1467,7,0.23226709789066874,LMR_seasonal_point
1467,10,-0.3614807973756088,LMR_seasonal_point
1468,1,-1.2785832335081104,LMR_seasonal_point
1468,4,-1.687953986962079,LMR_seasonal_point
1468,7,0.5840105481898354,LMR_seasonal_point
1468,10,-0.4670464407581921,LMR_seasonal_point
1469,1,-1.4002133195471846,LMR_seasonal_point
1469,4,0.25322107859953824,LMR_seasonal_point
1469,7,0.4493587383587821,LMR_seasonal_point
1469,10,0.37051543963080785,LMR_seasonal_point
1470,1,-0.8541389272315519,LMR_seasonal_point
1470,4,-0.453885026064181,LMR_seasonal_point
1470,7,1.0075687949453176,LMR_seasonal_point
1470,10,0.08130868080050499,LMR_seasonal_point
1471,1,-1.2341663033151353,LMR_seasonal_point
1471,4,-0.7186389807320344,LMR_seasonal_point
1471,7,0.442978711223841,LMR_seasonal_point
1471,10,0.08994298771508097,LMR_seasonal_point
1472,1,-0.9183481562658907,LMR_seasonal_point
1472,4,-0.25779624583325284,LMR_seasonal_point
1472,7,0.2426771125335459,LMR_seasonal_point
1472,10,-0.36687179350171406,LMR_seasonal_point
1473,1,-1.9691102103578353,LMR_seasonal_point
1473,4,-0.8784834499632931,LMR_seasonal_point
1473,7,-0.5996352981917873,LMR_seasonal_point
1473,10,-0.9966078018130017,LMR_seasonal_point
1474,1,-1.9239670785392011,LMR_seasonal_point
1474,4,-0.8997332530599732,LMR_seasonal_point
1474,7,-0.5072470273910706,LMR_seasonal_point
1474,10,0.16145526142477534,LMR_seasonal_point
1475,1,-0.6996001444694292,LMR_seasonal_point
1475,4,-0.11640723547485349,LMR_seasonal_point
1475,7,0.5166991524634691,LMR_seasonal_point
1475,10,0.15779917775271135,LMR_seasonal_point
1476,1,-0.8542148574588856,LMR_seasonal_point
1476,4,0.512219545557455,LMR_seasonal_point
1476,7,0.24871774108379,LMR_seasonal_point
1476,10,-0.9637085207291877,LMR_seasonal_point
1477,1,-1.6676856632310857,LMR_seasonal_point
1477,4,0.1798616278224307,LMR_seasonal_point
1477,7,0.30888947490335295,LMR_seasonal_point
1477,10,-0.1764677191808693,LMR_seasonal_point
1478,1,-0.6465803643614391,LMR_seasonal_point
1478,4,0.8419142353409197,LMR_seasonal_point
1478,7,0.07296083109772411,LMR_seasonal_point
1478,10,0.4562504986274962,LMR_seasonal_point
1479,1,-0.38893718151776835,LMR_seasonal_point
1479,4,0.715577651376726,LMR_seasonal_point
1479,7,-0.6678618036122715,LMR_seasonal_point
1479,10,-0.06679390479522457,LMR_seasonal_point
1480,1,-1.2881699707481986,LMR_seasonal_point
1480,4,0.20452568526910497,LMR_seasonal_point
1480,7,-1.0088384738534253,LMR_seasonal_point
1480,10,-0.1810843282713609,LMR_seasonal_point
1481,1,-0.9964230894954663,LMR_seasonal_point
1481,4,0.464925447803632,LMR_seasonal_point
1481,7,0.4475118700909544,LMR_seasonal_point
1481,10,-0.6978854322605192,LMR_seasonal_point
1482,1,-1.4557258113013707,LMR_seasonal_point
1482,4,-0.7273601529841005,LMR_seasonal_point
1482,7,-0.5152367255160284,LMR_seasonal_point
1482,10,-1.0374185324661909,LMR_seasonal_point
1483,1,-1.928085765755657,LMR_seasonal_point
1483,4,0.1536308573997769,LMR_seasonal_point
1483,7,-0.3836341233684155,LMR_seasonal_point
1483,10,-0.5939186554056015,LMR_seasonal_point
1484,1,-1.3968206474251241,LMR_seasonal_point
1484,4,0.29442643916339833,LMR_seasonal_point
1484,7,-0.7581442022643843,LMR_seasonal_point
1484,10,-0.45121573208854915,LMR_seasonal_point
1485,1,-0.9977955479721875,LMR_seasonal_point
1485,4,-0.3753516558772573,LMR_seasonal_point
1485,7,-1.1697015356045877,LMR_seasonal_point
1485,10,-0.5332996078293336,LMR_seasonal_point
1486,1,-1.2320203953335116,LMR_seasonal_point
1486,4,-0.5688287692832861,LMR_seasonal_point
1486,7,-1.4024472782240949,LMR_seasonal_point
1486,10,-0.22386512748104503,LMR_seasonal_point
1487,1,-0.5615342706567366,LMR_seasonal_point
1487,4,-0.5683656345323912,LMR_seasonal_point
1487,7,-0.3280423192248576,LMR_seasonal_point
1487,10,0.4064026790643863,LMR_seasonal_point
1488,1,-0.0872584065879477,LMR_seasonal_point
1488,4,-0.2625109099746878,LMR_seasonal_point
1488,7,-0.19213575739470323,LMR_seasonal_point
1488,10,-0.6356086233332404,LMR_seasonal_point
1489,1,-0.29986402587879635,LMR_seasonal_point
1489,4,0.3464701408757307,LMR_seasonal_point
1489,7,0.08883534145993138,LMR_seasonal_point
1489,10,-0.20405385440522106,LMR_seasonal_point
1490,1,-0.9533183895109184,LMR_seasonal_point
1490,4,-0.05593442589296527,LMR_seasonal_point
1490,7,0.19922957038781536,LMR_seasonal_point
1490,10,0.5190657557090262,LMR_seasonal_point
1491,1,0.16044853733040024,LMR_seasonal_point
1491,4,-0.4644254161664031,LMR_seasonal_point
1491,7,-0.04803632206382341,LMR_seasonal_point
1491,10,-0.3867546407100967,LMR_seasonal_point
1492,1,-1.2434763794291483,LMR_seasonal_point
1492,4,-0.6102940378314619,LMR_seasonal_point
1492,7,0.434407460474578,LMR_seasonal_point
1492,10,-0.42409728870443375,LMR_seasonal_point
1493,1,-0.3187675892148626,LMR_seasonal_point
1493,4,0.03580536283573704,LMR_seasonal_point
1493,7,-0.2753843978339614,LMR_seasonal_point
1493,10,-0.6036383107809373,LMR_seasonal_point
1494,1,-0.5312762367346655,LMR_seasonal_point
1494,4,0.1165816692815306,LMR_seasonal_point
1494,7,-1.2414907409618743,LMR_seasonal_point
1494,10,-0.4416284260752602,LMR_seasonal_point
1495,1,-0.2263108116537409,LMR_seasonal_point
1495,4,-0.1105298630259624,LMR_seasonal_point
1495,7,-0.003022905425677763,LMR_seasonal_point
1495,10,-0.41879499302954837,LMR_seasonal_point
1496,1,-0.532668335934958,LMR_seasonal_point
1496,4,0.4591677942732371,LMR_seasonal_point
1496,7,-0.3087434968563213,LMR_seasonal_point
1496,10,-0.16415417603315746,LMR_seasonal_point
1497,1,-0.6761927562452344,LMR_seasonal_point
1497,4,-0.13149672253877775,LMR_seasonal_point
1497,7,-0.09969491260853991,LMR_seasonal_point
1497,10,-0.20843647724374142,LMR_seasonal_point
1498,1,-0.8832657721630183,LMR_seasonal_point
1498,4,-1.0909021902296607,LMR_seasonal_point
1498,7,-0.41275905717873584,LMR_seasonal_point
1498,10,-0.4399822463752342,LMR_seasonal_point
1499,1,-0.49375539530844936,LMR_seasonal_point
1499,4,0.9293889958298036,LMR_seasonal_point
1499,7,-0.045155947859054746,LMR_seasonal_point
1499,10,-0.5758068782943494,LMR_seasonal_point
1500,1,-0.033633494212928106,LMR_seasonal_point
1500,4,-0.891945404926762,LMR_seasonal_point
1500,7,-0.6782221281860645,LMR_seasonal_point
1500,10,0.11491418739593774,LMR_seasonal_point
1501,1,-0.13528984926637094,LMR_seasonal_point
1501,4,-0.028402096982935277,LMR_seasonal_point
1501,7,-0.3550099342307811,LMR_seasonal_point
1501,10,-0.14960696370997084,LMR_seasonal_point
1502,1,0.041595379046891395,LMR_seasonal_point
1502,4,-0.4799213478084976,LMR_seasonal_point
1502,7,-0.6459561846155182,LMR_seasonal_point
1502,10,-0.2704838734997054,LMR_seasonal_point
1503,1,-0.2623490326311669,LMR_seasonal_point
1503,4,0.11412742773030285,LMR_seasonal_point
1503,7,-1.2702348700128994,LMR_seasonal_point
1503,10,0.20937539527986604,LMR_seasonal_point
1504,1,0.44725958433120094,LMR_seasonal_point
1504,4,0.21349747513532144,LMR_seasonal_point
1504,7,-1.141511238019869,LMR_seasonal_point
1504,10,-0.5626585346624153,LMR_seasonal_point
1505,1,-0.3483308976619881,LMR_seasonal_point
1505,4,-0.776551104560585,LMR_seasonal_point
1505,7,-0.6236455894952408,LMR_seasonal_point
1505,10,-0.14611892318049463,LMR_seasonal_point
1506,1,-0.39605193881618717,LMR_seasonal_point
1506,4,-0.4970547660784028,LMR_seasonal_point
1506,7,-1.1477171024023476,LMR_seasonal_point
1506,10,0.608939862142041,LMR_seasonal_point
1507,1,0.13571745236922356,LMR_seasonal_point
1507,4,0.3722156139763659,LMR_seasonal_point
1507,7,-0.030989701959226124,LMR_seasonal_point
1507,10,-0.19191117825901427,LMR_seasonal_point
1508,1,-0.3729968356660355,LMR_seasonal_point
1508,4,0.006777526880247048,LMR_seasonal_point
1508,7,-0.193127137070359,LMR_seasonal_point
1508,10,0.15861968857164305,LMR_seasonal_point
1509,1,0.12618011675171295,LMR_seasonal_point
1509,4,-0.6066640714835408,LMR_seasonal_point
1509,7,-0.420086708045053,LMR_seasonal_point
1509,10,-0.05641914708442425,LMR_seasonal_point
1510,1,-0.3155792934899416,LMR_seasonal_point
1510,4,-0.2315352740300689,LMR_seasonal_point
1510,7,-0.4120095535888092,LMR_seasonal_point
1510,10,-0.47694365448916043,LMR_seasonal_point
1511,1,-0.35081290211549676,LMR_seasonal_point
1511,4,0.015799284138888536,LMR_seasonal_point
1511,7,-0.26072446033779717,LMR_seasonal_point
1511,10,0.40998305079906994,LMR_seasonal_point
1512,1,0.11298426838804365,LMR_seasonal_point
1512,4,-0.9950929803283469,LMR_seasonal_point
1512,7,-0.46811495290163896,LMR_seasonal_point
1512,10,-0.3470691307098287,LMR_seasonal_point
1513,1,-0.46013153937878637,LMR_seasonal_point
1513,4,-0.11840785602442988,LMR_seasonal_point
1513,7,-0.04022401473371351,LMR_seasonal_point
1513,10,0.05089854986314207,LMR_seasonal_point
1514,1,0.21404571363817682,LMR_seasonal_point
1514,4,-0.1260332621753188,LMR_seasonal_point
1514,7,0.9287149070025281,LMR_seasonal_point
1514,10,0.20634373828058025,LMR_seasonal_point
1515,1,-0.4482771451521278,LMR_seasonal_point
1515,4,0.9546840932968924,LMR_seasonal_point
1515,7,0.7549813067839882,LMR_seasonal_point
1515,10,0.2796749526475759,LMR_seasonal_point
1516,1,-0.8000731026398235,LMR_seasonal_point
1516,4,0.09094559917342032,LMR_seasonal_point
1516,7,0.5997192274660399,LMR_seasonal_point
1516,10,0.31671174003173963,LMR_seasonal_point
1517,1,0.13845233458653727,LMR_seasonal_point
1517,4,0.1210590175198709,LMR_seasonal_point
1517,7,-0.3662689320421121,LMR_seasonal_point
1517,10,-0.018127591292143086,LMR_seasonal_point
1518,1,-0.2857419597789763,LMR_seasonal_point
1518,4,-0.07629650642416702,LMR_seasonal_point
1518,7,-0.16417213449955415,LMR_seasonal_point
1518,10,0.4038813324118986,LMR_seasonal_point
1519,1,-0.5122941810648126,LMR_seasonal_point
1519,4,0.45040561715867045,LMR_seasonal_point
1519,7,-0.14896998855817561,LMR_seasonal_point
1519,10,-0.36796594651399106,LMR_seasonal_point
1520,1,-0.6751551069229769,LMR_seasonal_point
1520,4,-0.05220283733138198,LMR_seasonal_point
1520,7,-0.5058455870428286,LMR_seasonal_point
1520,10,0.18418422543854543,LMR_seasonal_point
1521,1,-0.3016596651326954,LMR_seasonal_point
1521,4,0.030098692963904217,LMR_seasonal_point
1521,7,-0.39597104990371124,LMR_seasonal_point
1521,10,-0.46164512477074726,LMR_seasonal_point
1522,1,-0.7049721798859552,LMR_seasonal_point
1522,4,0.07618617665056038,LMR_seasonal_point
1522,7,-0.023567103359082908,LMR_seasonal_point
1522,10,-0.6597114562758865,LMR_seasonal_point
1523,1,-0.44497700895600556,LMR_seasonal_point
1523,4,0.47874591909275277,LMR_seasonal_point
1523,7,0.691713355981443,LMR_seasonal_point
1523,10,-0.26757234470605795,LMR_seasonal_point
1524,1,-0.2858391541733516,LMR_seasonal_point
1524,4,0.8685517673131837,LMR_seasonal_point
1524,7,0.9035918256515307,LMR_seasonal_point
1524,10,-0.463114573272412,LMR_seasonal_point
1525,1,-1.0432218693550914,LMR_seasonal_point
1525,4,-0.5069822568770442,LMR_seasonal_point
1525,7,-0.07401483024409378,LMR_seasonal_point
1525,10,-1.0902451257209966,LMR_seasonal_point
1526,1,-0.6721994565600258,LMR_seasonal_point
1526,4,-0.28479231838408037,LMR_seasonal_point
1526,7,0.4892269400203057,LMR_seasonal_point
1526,10,0.026562101937601418,LMR_seasonal_point
1527,1,-1.8776380324475412,LMR_seasonal_point
1527,4,-0.23582302964823643,LMR_seasonal_point
1527,7,0.4308756056083839,LMR_seasonal_point
1527,10,0.07389923426534703,LMR_seasonal_point
1528,1,-0.18503670207530631,LMR_seasonal_point
1528,4,0.3158103883255711,LMR_seasonal_point
1528,7,0.46411764272619765,LMR_seasonal_point
1528,10,-0.38383044392408294,LMR_seasonal_point
1529,1,-0.3505027998632292,LMR_seasonal_point
1529,4,-1.1089496797359009,LMR_seasonal_point
1529,7,0.3314784093553209,LMR_seasonal_point
1529,10,0.36668790520018857,LMR_seasonal_point
1530,1,0.8105410886260298,LMR_seasonal_point
1530,4,0.14129270917609382,LMR_seasonal_point
1530,7,0.1670504940807015,LMR_seasonal_point
1530,10,-0.16465976302792346,LMR_seasonal_point
1531,1,0.3794087598442791,LMR_seasonal_point
1531,4,-0.09608605526745317,LMR_seasonal_point
1531,7,0.671032106923269,LMR_seasonal_point
1531,10,-0.19638720577346414,LMR_seasonal_point
1532,1,0.24907770971977308,LMR_seasonal_point
1532,4,0.2351144290112924,LMR_seasonal_point
1532,7,0.4719934773791049,LMR_seasonal_point
1532,10,0.6356937629425059,LMR_seasonal_point
1533,1,-0.2445268278499998,LMR_seasonal_point
1533,4,0.45107016274189965,LMR_seasonal_point
1533,7,0.4743241143884753,LMR_seasonal_point
1533,10,-0.06460710365337607,LMR_seasonal_point
1534,1,-0.14557597210986256,LMR_seasonal_point
1534,4,-0.6130405983389201,LMR_seasonal_point
1534,7,-0.13038274039817382,LMR_seasonal_point
1534,10,-0.5666041892829718,LMR_seasonal_point
1535,1,-0.5423795459268722,LMR_seasonal_point
1535,4,-1.399377060496644,LMR_seasonal_point
1535,7,-0.013882794722640701,LMR_seasonal_point
1535,10,-0.9299666717898577,LMR_seasonal_point
1536,1,-1.02563698105992,LMR_seasonal_point
1536,4,-1.358138843341878,LMR_seasonal_point
1536,7,0.7924247783631886,LMR_seasonal_point
1536,10,0.20244976119245817,LMR_seasonal_point
1537,1,-0.04176378922251989,LMR_seasonal_point
1537,4,-0.9944439189586988,LMR_seasonal_point
1537,7,0.1520456894172727,LMR_seasonal_point
1537,10,-0.23525745067018494,LMR_seasonal_point
1538,1,-0.8926223863516555,LMR_seasonal_point
1538,4,-0.17343512273928496,LMR_seasonal_point
1538,7,0.6730701328234386,LMR_seasonal_point
1538,10,-0.5004284496371485,LMR_seasonal_point
1539,1,-0.24073492582602257,LMR_seasonal_point
1539,4,0.29124009791354966,LMR_seasonal_point
1539,7,-0.13370230186612814,LMR_seasonal_point
1539,10,-0.8174557691941481,LMR_seasonal_point
1540,1,-0.11988382594305419,LMR_seasonal_point
1540,4,-0.16889400930658893,LMR_seasonal_point
1540,7,-0.7612486870983111,LMR_seasonal_point
1540,10,-0.3279097039512707,LMR_seasonal_point
1541,1,1.1691125617584968,LMR_seasonal_point
1541,4,-0.46192864903281405,LMR_seasonal_point
1541,7,-0.385206463347631,LMR_seasonal_point
1541,10,-0.30149894764001006,LMR_seasonal_point
1542,1,-0.9899582808961608,LMR_seasonal_point
1542,4,0.19427251959196884,LMR_seasonal_point
1542,7,0.8038325650763962,LMR_seasonal_point
1542,10,0.9236582294312101,LMR_seasonal_point
1543,1,0.3224286828613905,LMR_seasonal_point
1543,4,-1.140283456191554,LMR_seasonal_point
1543,7,-0.3551630750792991,LMR_seasonal_point
1543,10,0.2505004056507111,LMR_seasonal_point
1544,1,-0.24068978743622327,LMR_seasonal_point
1544,4,-0.13664639436837145,LMR_seasonal_point
1544,7,-0.43718275273001017,LMR_seasonal_point
1544,10,-1.0213528186545626,LMR_seasonal_point
1545,1,-0.9923050098529119,LMR_seasonal_point
1545,4,-0.13732956404895857,LMR_seasonal_point
1545,7,-0.39352993400646763,LMR_seasonal_point
1545,10,-0.8525053157416403,LMR_seasonal_point
1546,1,-0.5304823018872269,LMR_seasonal_point
1546,4,0.11729629374300743,LMR_seasonal_point
1546,7,0.06545841073099365,LMR_seasonal_point
1546,10,-0.13525970452080488,LMR_seasonal_point
1547,1,-0.17023569717783693,LMR_seasonal_point
1547,4,-0.6861022025124732,LMR_seasonal_point
1547,7,-0.36324565616131466,LMR_seasonal_point
1547,10,-0.11696302388648244,LMR_seasonal_point
1548,1,-0.7217235282312632,LMR_seasonal_point
1548,4,-0.7863608593745818,LMR_seasonal_point
1548,7,-0.08840972208036862,LMR_seasonal_point
1548,10,-0.2951900769877335,LMR_seasonal_point
1549,1,-0.02492892261544377,LMR_seasonal_point
1549,4,0.6428283667543448,LMR_seasonal_point
1549,7,-0.05993747317543485,LMR_seasonal_point
1549,10,-0.2814830602484152,LMR_seasonal_point
1550,1,-0.9750963637518116,LMR_seasonal_point
1550,4,0.8433465203449723,LMR_seasonal_point
1550,7,-0.2993877420155896,LMR_seasonal_point
1550,10,0.2031979337248931,LMR_seasonal_point
1551,1,-0.30741629623858113,LMR_seasonal_point
1551,4,-0.7882909363336156,LMR_seasonal_point
1551,7,-0.40010570188294514,LMR_seasonal_point
1551,10,1.0816965207569296,LMR_seasonal_point
1552,1,0.17150902447551136,LMR_seasonal_point
1552,4,-0.08158179298301421,LMR_seasonal_point
1552,7,-0.4526936682296073,LMR_seasonal_point
1552,10,0.8889293324163668,LMR_seasonal_point
1553,1,0.1297835587407979,LMR_seasonal_point
1553,4,0.15636148363049648,LMR_seasonal_point
1553,7,-0.20004542553281057,LMR_seasonal_point
1553,10,0.12680382463750503,LMR_seasonal_point
1554,1,-0.7100473411211605,LMR_seasonal_point
1554,4,-0.21089251311964208,LMR_seasonal_point
1554,7,0.016328331189488288,LMR_seasonal_point
1554,10,0.32968667637876803,LMR_seasonal_point
1555,1,0.5214808469774251,LMR_seasonal_point
1555,4,0.21504847221496864,LMR_seasonal_point
1555,7,-0.251965024468688,LMR_seasonal_point
1555,10,-0.06907386591023262,LMR_seasonal_point
1556,1,0.03835211168884273,LMR_seasonal_point
1556,4,0.8960211204901057,LMR_seasonal_point
1556,7,-0.3900787500144969,LMR_seasonal_point
1556,10,0.4181859323872414,LMR_seasonal_point
1557,1,-0.17057139318834313,LMR_seasonal_point
1557,4,0.546157352896334,LMR_seasonal_point
1557,7,-0.713437300812415,LMR_seasonal_point
1557,10,-0.24490373590165776,LMR_seasonal_point
1558,1,-0.15259065880717937,LMR_seasonal_point
1558,4,-0.8588680296095165,LMR_seasonal_point
1558,7,-0.8909494875364009,LMR_seasonal_point
1558,10,-0.38136612942476966,LMR_seasonal_point
1559,1,-0.2716930950165294,LMR_seasonal_point
1559,4,0.022997016696405276,LMR_seasonal_point
1559,7,-0.237321175082148,LMR_seasonal_point
1559,10,-0.8337159440481893,LMR_seasonal_point
1560,1,-0.470511983950321,LMR_seasonal_point
1560,4,-0.18532201699510514,LMR_seasonal_point
1560,7,0.46928085781129525,LMR_seasonal_point
1560,10,-0.7306301904158992,LMR_seasonal_point
1561,1,-0.38471385492279275,LMR_seasonal_point
1561,4,-0.24053725432836465,LMR_seasonal_point
1561,7,0.09400907125298269,LMR_seasonal_point
1561,10,-0.10749846006485558,LMR_seasonal_point
1562,1,0.4858357390466877,LMR_seasonal_point
1562,4,1.0727084868521257,LMR_seasonal_point
1562,7,0.968562719387377,LMR_seasonal_point
1562,10,0.2192118433489934,LMR_seasonal_point
1563,1,-0.3114611011095244,LMR_seasonal_point
1563,4,0.29674957147995196,LMR_seasonal_point
1563,7,0.2121575502309317,LMR_seasonal_point
1563,10,0.1485659063886164,LMR_seasonal_point
1564,1,-0.0495850006934318,LMR_seasonal_point
1564,4,-0.5740504362648862,LMR_seasonal_point
1564,7,-0.38407110509254694,LMR_seasonal_point
1564,10,-0.299264045775783,LMR_seasonal_point
1565,1,0.6596095387848695,LMR_seasonal_point
1565,4,0.7572000699412315,LMR_seasonal_point
1565,7,-0.39057685958210997,LMR_seasonal_point
1565,10,-0.37614281581775233,LMR_seasonal_point
1566,1,-1.011676536448817,LMR_seasonal_point
1566,4,-0.4418333940959075,LMR_seasonal_point
1566,7,0.2984408278115354,LMR_seasonal_point
1566,10,0.430661437687076,LMR_seasonal_point
1567,1,-0.8747853018260704,LMR_seasonal_point
1567,4,0.36701996842441403,LMR_seasonal_point
1567,7,0.11267324805887924,LMR_seasonal_point
1567,10,-0.532929659410618,LMR_seasonal_point
1568,1,-1.9989743788205687,LMR_seasonal_point
1568,4,-0.6616202012200055,LMR_seasonal_point
1568,7,0.2546550109333825,LMR_seasonal_point
1568,10,0.3096431771024959,LMR_seasonal_point
1569,1,0.960359152131428,LMR_seasonal_point
1569,4,0.8567706097077066,LMR_seasonal_point
1569,7,0.7989034181586696,LMR_seasonal_point
1569,10,0.88554489096645,LMR_seasonal_point
1570,1,0.31678510469307597,LMR_seasonal_point
1570,4,0.7663942923477238,LMR_seasonal_point
1570,7,0.3716686895649536,LMR_seasonal_point
1570,10,-0.15032972288329877,LMR_seasonal_point
1571,1,-0.08721048742910131,LMR_seasonal_point
1571,4,-0.46661026240277403,LMR_seasonal_point
1571,7,-0.32986004611798536,LMR_seasonal_point
1571,10,-1.497375692602359,LMR_seasonal_point
1572,1,-0.7329362122834446,LMR_seasonal_point
1572,4,0.22442019404814392,LMR_seasonal_point
1572,7,-0.3506314417287899,LMR_seasonal_point
1572,10,-1.1953690226706448,LMR_seasonal_point
1573,1,1.1754724779044317,LMR_seasonal_point
1573,4,0.9316615580599562,LMR_seasonal_point
1573,7,0.13914026036633487,LMR_seasonal_point
1573,10,-0.42277245583325573,LMR_seasonal_point
1574,1,0.5028750975130961,LMR_seasonal_point
1574,4,0.7799546797802612,LMR_seasonal_point
1574,7,0.0923468608148432,LMR_seasonal_point
1574,10,0.34823256901642263,LMR_seasonal_point
1575,1,-1.012298280202773,LMR_seasonal_point
1575,4,-0.0536619278204698,LMR_seasonal_point
1575,7,-0.25353429519964266,LMR_seasonal_point
1575,10,-0.11397312183932179,LMR_seasonal_point
1576,1,0.08050012173942278,LMR_seasonal_point
1576,4,-0.7025497764464361,LMR_seasonal_point
1576,7,-0.15870069401843595,LMR_seasonal_point
1576,10,0.21186970511465236,LMR_seasonal_point
1577,1,-0.49021771348655463,LMR_seasonal_point
1577,4,-0.4795348353612653,LMR_seasonal_point
1577,7,0.32849569917244686,LMR_seasonal_point
1577,10,0.39932794729235527,LMR_seasonal_point
1578,1,0.5344713958601108,LMR_seasonal_point
1578,4,-0.35062014979051737,LMR_seasonal_point
1578,7,-0.3416299486199501,LMR_seasonal_point
1578,10,0.6134702850714465,LMR_seasonal_point
1579,1,0.5246761080294252,LMR_seasonal_point
1579,4,-0.7509227452001878,LMR_seasonal_point
1579,7,-0.0494564918301485,LMR_seasonal_point
1579,10,0.08727180636736537,LMR_seasonal_point
1580,1,-0.04635606435583317,LMR_seasonal_point
1580,4,-0.6142934507638494,LMR_seasonal_point
1580,7,0.49940844089776404,LMR_seasonal_point
1580,10,0.5553442205455931,LMR_seasonal_point
1581,1,-0.25781340947065895,LMR_seasonal_point
1581,4,-0.950671698230337,LMR_seasonal_point
1581,7,0.477521834888051,LMR_seasonal_point
1581,10,-0.20929625389307377,LMR_seasonal_point
1582,1,-0.30124837080701516,LMR_seasonal_point
1582,4,0.17533321473867633,LMR_seasonal_point
1582,7,-0.32804842139032253,LMR_seasonal_point
1582,10,-0.015209921440512975,LMR_seasonal_point
1583,1,0.815744492277526,LMR_seasonal_point
1583,4,-0.297844156257018,LMR_seasonal_point
1583,7,-0.2813345731765998,LMR_seasonal_point
1583,10,-0.521365802064983,LMR_seasonal_point
1584,1,-0.025000201064814265,LMR_seasonal_point
1584,4,-0.7190091225088941,LMR_seasonal_point
1584,7,-0.21650253199796043,LMR_seasonal_point
1584,10,-0.39391484223588247,LMR_seasonal_point
1585,1,0.30860549217982486,LMR_seasonal_point
1585,4,0.24789162984922836,LMR_seasonal_point
1585,7,0.574184806888701,LMR_seasonal_point
1585,10,0.5415328192870019,LMR_seasonal_point
1586,1,0.003933014741041296,LMR_seasonal_point
1586,4,0.5784589595385727,LMR_seasonal_point
1586,7,0.15124323818566093,LMR_seasonal_point
1586,10,0.7480998282532452,LMR_seasonal_point
1587,1,0.9949085926030763,LMR_seasonal_point
1587,4,1.9357467483586932,LMR_seasonal_point
1587,7,0.5903844435649204,LMR_seasonal_point
1587,10,0.28878328696661915,LMR_seasonal_point
1588,1,-0.46305272554266574,LMR_seasonal_point
1588,4,0.19635590482035392,LMR_seasonal_point
1588,7,-0.11303354973297314,LMR_seasonal_point
1588,10,-0.021507898998965685,LMR_seasonal_point
1589,1,0.4011562403796608,LMR_seasonal_point
1589,4,-0.006628873294311444,LMR_seasonal_point
1589,7,0.8502623093138042,LMR_seasonal_point
1589,10,1.0709737241059387,LMR_seasonal_point
1590,1,-0.522580349328948,LMR_seasonal_point
1590,4,0.07732699438865862,LMR_seasonal_point
1590,7,-0.397585929938875,LMR_seasonal_point
1590,10,-0.6029017264013737,LMR_seasonal_point
1591,1,0.05345500282266652,LMR_seasonal_point
1591,4,0.8878762514186511,LMR_seasonal_point
1591,7,0.1705035302075825,LMR_seasonal_point
1591,10,0.6020586335005274,LMR_seasonal_point
1592,1,0.04378624488317867,LMR_seasonal_point
1592,4,-0.40257274115220354,LMR_seasonal_point
1592,7,-0.23132099561773506,LMR_seasonal_point
1592,10,-0.4761211360827695,LMR_seasonal_point
1593,1,-0.15556199436688561,LMR_seasonal_point
1593,4,-0.41595720431935923,LMR_seasonal_point
1593,7,0.3935462257564134,LMR_seasonal_point
1593,10,0.38305322236844874,LMR_seasonal_point
1594,1,0.04780982713048798,LMR_seasonal_point
1594,4,-0.30945819079153736,LMR_seasonal_point
1594,7,0.7387188002464766,LMR_seasonal_point
1594,10,0.2418037441120962,LMR_seasonal_point
1595,1,0.2407362673020913,LMR_seasonal_point
1595,4,0.6657252784439427,LMR_seasonal_point
1595,7,0.7729904033598757,LMR_seasonal_point
1595,10,0.25720816674287134,LMR_seasonal_point
1596,1,-0.4955864750132528,LMR_seasonal_point
1596,4,-0.5080123852332477,LMR_seasonal_point
1596,7,0.6902505021512726,LMR_seasonal_point
1596,10,0.3258239978808316,LMR_seasonal_point
1597,1,1.4796166477176995,LMR_seasonal_point
1597,4,0.490283769458948,LMR_seasonal_point
1597,7,0.5233602372422502,LMR_seasonal_point
1597,10,-0.23061791248932528,LMR_seasonal_point
1598,1,-1.096902736482006,LMR_seasonal_point
1598,4,-0.303769702589733,LMR_seasonal_point
1598,7,0.2944240354430946,LMR_seasonal_point
1598,10,-0.09088643985608691,LMR_seasonal_point
1599,1,-0.3284046639693303,LMR_seasonal_point
1599,4,0.8857684798291194,LMR_seasonal_point
1599,7,-0.19170458754671493,LMR_seasonal_point
1599,10,0.12178723542672039,LMR_seasonal_point
1600,1,-0.14942695891601948,LMR_seasonal_point
1600,4,0.8151893898654767,LMR_seasonal_point
1600,7,0.14717525861753816,LMR_seasonal_point
1600,10,0.3054549743293099,LMR_seasonal_point
1601,1,0.9464344078568093,LMR_seasonal_point
1601,4,1.0265470890759905,LMR_seasonal_point
1601,7,1.0668906772819655,LMR_seasonal_point
1601,10,-0.15379369010097343,LMR_seasonal_point
1602,1,-1.6965857468582368,LMR_seasonal_point
1602,4,-0.1895188727699751,LMR_seasonal_point
1602,7,-0.2773156320117173,LMR_seasonal_point
1602,10,0.08772440958335684,LMR_seasonal_point
1603,1,-0.4865771667992723,LMR_seasonal_point
1603,4,0.0365960323479286,LMR_seasonal_point
1603,7,0.14140511722275076,LMR_seasonal_point
1603,10,0.6860965883645117,LMR_seasonal_point
1604,1,0.23187245815228852,LMR_seasonal_point
1604,4,0.5097505984326652,LMR_seasonal_point
1604,7,-0.0059502595327288466,LMR_seasonal_point
1604,10,-0.18796501180564817,LMR_seasonal_point
1605,1,-0.6845764697649452,LMR_seasonal_point
1605,4,-1.0430434708089842,LMR_seasonal_point
1605,7,0.0673641506258715,LMR_seasonal_point
1605,10,0.6758182583922613,LMR_seasonal_point
1606,1,-0.13305410229286047,LMR_seasonal_point
1606,4,-0.30678995606609993,LMR_seasonal_point
1606,7,-0.5851643304205856,LMR_seasonal_point
1606,10,-0.06060513085901803,LMR_seasonal_point
1607,1,-0.5267377415295749,LMR_seasonal_point
1607,4,-0.05151817517058693,LMR_seasonal_point
1607,7,-0.795737478943814,LMR_seasonal_point
1607,10,-0.8965055179821809,LMR_seasonal_point
1608,1,-0.25107252282970327,LMR_seasonal_point
1608,4,1.0209347240223439,LMR_seasonal_point
1608,7,-0.4160525048575252,LMR_seasonal_point
1608,10,-0.8773618546274927,LMR_seasonal_point
1609,1,-0.6982265453529455,LMR_seasonal_point
1609,4,0.7158103674590831,LMR_seasonal_point
1609,7,0.11242498878712304,LMR_seasonal_point
1609,10,-0.15304678762811696,LMR_seasonal_point
1610,1,-0.4303118602604139,LMR_seasonal_point
1610,4,-0.07233085361332414,LMR_seasonal_point
1610,7,-0.1400064760473616,LMR_seasonal_point
1610,10,-0.5541406239129657,LMR_seasonal_point
1611,1,0.09021412282567973,LMR_seasonal_point
1611,4,-0.3942717022252008,LMR_seasonal_point
1611,7,-1.069213924655851,LMR_seasonal_point
1611,10,-1.0188135828768559,LMR_seasonal_point
1612,1,0.22825446535048252,LMR_seasonal_point
1612,4,-0.26633261833888544,LMR_seasonal_point
1612,7,-0.9550284583679257,LMR_seasonal_point
1612,10,-0.26348636211396786,LMR_seasonal_point
1613,1,-0.6791763274746179,LMR_seasonal_point
1613,4,-0.1312371133832213,LMR_seasonal_point
1613,7,-0.9398318251279337,LMR_seasonal_point
1613,10,-0.5499782140025693,LMR_seasonal_point
1614,1,-0.5485379601693028,LMR_seasonal_point
1614,4,0.2904097869996429,LMR_seasonal_point
1614,7,-0.3031492424722041,LMR_seasonal_point
1614,10,0.2477310452587787,LMR_seasonal_point
1615,1,-0.25457177509681556,LMR_seasonal_point
1615,4,0.25553161917267014,LMR_seasonal_point
1615,7,-0.29487746214788757,LMR_seasonal_point
1615,10,-0.36157701194816005,LMR_seasonal_point
1616,1,0.5691032038033079,LMR_seasonal_point
1616,4,-0.5334124910780789,LMR_seasonal_point
1616,7,-0.1938082797788498,LMR_seasonal_point
1616,10,0.502581651250998,LMR_seasonal_point
1617,1,-1.0887180266486607,LMR_seasonal_point
1617,4,-0.7658507564868985,LMR_seasonal_point
1617,7,0.05253900064133796,LMR_seasonal_point
1617,10,0.953771131437014,LMR_seasonal_point
1618,1,0.1719914717600576,LMR_seasonal_point
1618,4,0.629926399835317,LMR_seasonal_point
1618,7,0.10872337776072478,LMR_seasonal_point
1618,10,1.017068209604631,LMR_seasonal_point
1619,1,1.0365152415370367,LMR_seasonal_point
1619,4,0.15253204559968947,LMR_seasonal_point
1619,7,0.23140570842180191,LMR_seasonal_point
1619,10,0.17334092990034317,LMR_seasonal_point
1620,1,-0.2585141799892156,LMR_seasonal_point
1620,4,0.08319400199142665,LMR_seasonal_point
1620,7,0.041196760821725714,LMR_seasonal_point
1620,10,0.4608003987736387,LMR_seasonal_point
1621,1,1.1765539346912002,LMR_seasonal_point
1621,4,-0.7595382826793599,LMR_seasonal_point
1621,7,-0.09440741142477932,LMR_seasonal_point
1621,10,0.7550403638357556,LMR_seasonal_point
1622,1,0.4867580772795596,LMR_seasonal_point
1622,4,0.11319241273604137,LMR_seasonal_point
1622,7,-0.48580222680463725,LMR_seasonal_point
1622,10,-0.6008171994885401,LMR_seasonal_point
1623,1,0.0788496835702579,LMR_seasonal_point
1623,4,0.9626329434806932,LMR_seasonal_point
1623,7,-0.23952435615851675,LMR_seasonal_point
1623,10,0.496428277826017,LMR_seasonal_point
1624,1,0.5477420322041415,LMR_seasonal_point
1624,4,0.0021881511509252993,LMR_seasonal_point
1624,7,-0.5622852598122323,LMR_seasonal_point
1624,10,-0.09320345606304736,LMR_seasonal_point
1625,1,-0.1192005162558828,LMR_seasonal_point
1625,4,-0.19880726318652142,LMR_seasonal_point
1625,7,-0.7095096277471171,LMR_seasonal_point
1625,10,-0.2124119514965882,LMR_seasonal_point
1626,1,-0.8940343626943129,LMR_seasonal_point
1626,4,-0.24097409732158914,LMR_seasonal_point
1626,7,-1.4003100208444446,LMR_seasonal_point
1626,10,-0.6963535360760333,LMR_seasonal_point
1627,1,0.5054601044328015,LMR_seasonal_point
1627,4,-0.49103538347070763,LMR_seasonal_point
1627,7,-0.17771800728916165,LMR_seasonal_point
1627,10,0.09371803039770937,LMR_seasonal_point
1628,1,-0.3432432377925033,LMR_seasonal_point
1628,4,-0.3580284055744085,LMR_seasonal_point
1628,7,0.2760935369829888,LMR_seasonal_point
1628,10,0.800651940523451,LMR_seasonal_point
1629,1,-0.2477209251955932,LMR_seasonal_point
1629,4,-0.44449985868689956,LMR_seasonal_point
1629,7,-0.41786616359555495,LMR_seasonal_point
1629,10,1.085959361083896,LMR_seasonal_point
1630,1,0.39360005823996935,LMR_seasonal_point
1630,4,0.45263092899463453,LMR_seasonal_point
1630,7,-1.1109214841751873,LMR_seasonal_point
1630,10,0.38095967872573994,LMR_seasonal_point
1631,1,-0.15024719286900307,LMR_seasonal_point
1631,4,-0.058200626938488986,LMR_seasonal_point
1631,7,-0.5457315426626042,LMR_seasonal_point
1631,10,0.6678434725552673,LMR_seasonal_point
1632,1,-0.38261624022508256,LMR_seasonal_point
1632,4,-0.517198342956072,LMR_seasonal_point
1632,7,-0.11662354673069808,LMR_seasonal_point
1632,10,-0.5497786923175485,LMR_seasonal_point
1633,1,-1.2271835770711599,LMR_seasonal_point
1633,4,-0.10228570609738313,LMR_seasonal_point
1633,7,-0.06746402139254831,LMR_seasonal_point
1633,10,-0.2697042743358727,LMR_seasonal_point
1634,1,-2.068430447184962,LMR_seasonal_point
1634,4,-1.4038699314177174,LMR_seasonal_point
1634,7,-0.03069422967943969,LMR_seasonal_point
1634,10,0.7999118825109574,LMR_seasonal_point
1635,1,-0.34573470992425825,LMR_seasonal_point
1635,4,-0.01805695126338791,LMR_seasonal_point
1635,7,-0.7818828118301023,LMR_seasonal_point
1635,10,-1.0484868731288173,LMR_seasonal_point
1636,1,-1.4600818564598326,LMR_seasonal_point
1636,4,-1.4666851660888636,LMR_seasonal_point
1636,7,-1.365851306126078,LMR_seasonal_point
1636,10,-1.3290830624551844,LMR_seasonal_point
1637,1,-0.19849106119129856,LMR_seasonal_point
1637,4,-0.625625470531936,LMR_seasonal_point
1637,7,-1.0166462665896714,LMR_seasonal_point
1637,10,-0.6558844778646097,LMR_seasonal_point
1638,1,-0.19075455625548532,LMR_seasonal_point
1638,4,-0.02794352319044774,LMR_seasonal_point
1638,7,-0.7261473548523606,LMR_seasonal_point
1638,10,-0.37331959075868304,LMR_seasonal_point
1639,1,-1.0620798951788988,LMR_seasonal_point
1639,4,0.15534983112568002,LMR_seasonal_point
1639,7,0.061798935533158905,LMR_seasonal_point
1639,10,-0.3118180136520323,LMR_seasonal_point
1640,1,-0.22295200072061439,LMR_seasonal_point
1640,4,-0.8252813242994689,LMR_seasonal_point
1640,7,-1.3888249066342482,LMR_seasonal_point
1640,10,-0.04992539704964866,LMR_seasonal_point
1641,1,-0.6302498154281764,LMR_seasonal_point
1641,4,-0.0749490202602161,LMR_seasonal_point
1641,7,0.2197187147489419,LMR_seasonal_point
1641,10,-0.39648763638261286,LMR_seasonal_point
1642,1,-1.1477965507366892,LMR_seasonal_point
1642,4,-0.17023758648394371,LMR_seasonal_point
1642,7,0.31357530534618483,LMR_seasonal_point
1642,10,0.7616257664173496,LMR_seasonal_point
1643,1,-0.1629031278698434,LMR_seasonal_point
1643,4,0.9949373437004502,LMR_seasonal_point
1643,7,-0.0005618774316079878,LMR_seasonal_point
1643,10,-0.18225957069559162,LMR_seasonal_point
1644,1,-0.7635809348000733,LMR_seasonal_point
1644,4,0.09829169500799431,LMR_seasonal_point
1644,7,-0.6233159373260297,LMR_seasonal_point
1644,10,0.028794377008059202,LMR_seasonal_point
1645,1,-1.3578252735608216,LMR_seasonal_point
1645,4,-0.7709086047389542,LMR_seasonal_point
1645,7,-0.7275069703521698,LMR_seasonal_point
1645,10,-0.0555480278841009,LMR_seasonal_point
1646,1,-0.8704139750714791,LMR_seasonal_point
1646,4,-0.3643564407651234,LMR_seasonal_point
1646,7,-0.9514411329026519,LMR_seasonal_point
1646,10,0.417836836915106,LMR_seasonal_point
1647,1,-0.9321268353167328,LMR_seasonal_point
1647,4,0.04844526326793955,LMR_seasonal_point
1647,7,-0.43264940440019484,LMR_seasonal_point
1647,10,-0.9454585551513025,LMR_seasonal_point
1648,1,-1.0931600259483019,LMR_seasonal_point
1648,4,-0.9705368188639659,LMR_seasonal_point
1648,7,-1.6429347417008229,LMR_seasonal_point
1648,10,-0.42800366429774506,LMR_seasonal_point
1649,1,-0.4754352116064253,LMR_seasonal_point
1649,4,-0.4463347139741497,LMR_seasonal_point
1649,7,-1.7742718712469836,LMR_seasonal_point
1649,10,-0.7166816636872997,LMR_seasonal_point
1650,1,-0.5495998999680387,LMR_seasonal_point
1650,4,0.21437499331144688,LMR_seasonal_point
1650,7,-1.3142004257144646,LMR_seasonal_point
1650,10,-1.1871806270564358,LMR_seasonal_point
1651,1,-1.9921355423924512,LMR_seasonal_point
1651,4,-0.4307821072099344,LMR_seasonal_point
1651,7,-1.5245516506348173,LMR_seasonal_point
1651,10,0.05617479910204462,LMR_seasonal_point
1652,1,-0.3442871819265142,LMR_seasonal_point
1652,4,-0.03620271031437877,LMR_seasonal_point
1652,7,-1.0932689056916853,LMR_seasonal_point
1652,10,-0.9259446416939526,LMR_seasonal_point
1653,1,-1.0649708734695476,LMR_seasonal_point
1653,4,0.3023155323980303,LMR_seasonal_point
1653,7,-1.0183337063591913,LMR_seasonal_point
1653,10,-0.3822755400602458,LMR_seasonal_point
1654,1,-0.8184854055854797,LMR_seasonal_point
1654,4,0.2364228370200067,LMR_seasonal_point
1654,7,-0.33370579834947556,LMR_seasonal_point
1654,10,-0.06396864879495257,LMR_seasonal_point
1655,1,-0.8852287569374097,LMR_seasonal_point
1655,4,-0.06437390229270123,LMR_seasonal_point
1655,7,-0.5580356760063849,LMR_seasonal_point
1655,10,-0.32844552985419884,LMR_seasonal_point
1656,1,-0.6918200060365535,LMR_seasonal_point
1656,4,-0.6453558393351436,LMR_seasonal_point
1656,7,-0.3268252992845533,LMR_seasonal_point
1656,10,0.4781222281984657,LMR_seasonal_point
1657,1,-0.3325341547360944,LMR_seasonal_point
1657,4,-0.3943617421455653,LMR_seasonal_point
1657,7,-0.2990271911173815,LMR_seasonal_point
1657,10,0.005775869318703497,LMR_seasonal_point
1658,1,0.6724098305708144,LMR_seasonal_point
1658,4,0.32386933006432866,LMR_seasonal_point
1658,7,-0.28312607774363574,LMR_seasonal_point
1658,10,-0.2611056422081643,LMR_seasonal_point
1659,1,-1.0602521229172135,LMR_seasonal_point
1659,4,-0.06587513055429473,LMR_seasonal_point
1659,7,-0.3360515449308301,LMR_seasonal_point
1659,10,0.2730406531285921,LMR_seasonal_point
1660,1,0.47611672803589866,LMR_seasonal_point
1660,4,-0.21330909747192195,LMR_seasonal_point
1660,7,-0.5429629608833298,LMR_seasonal_point
1660,10,0.2604807260930583,LMR_seasonal_point
1661,1,-0.8077075431307309,LMR_seasonal_point
1661,4,-0.3843238623912524,LMR_seasonal_point
1661,7,-0.7096547154046071,LMR_seasonal_point
1661,10,-0.12710512654781597,LMR_seasonal_point
1662,1,-2.575940682752908,LMR_seasonal_point
1662,4,-1.305458233129297,LMR_seasonal_point
1662,7,0.33908277239992224,LMR_seasonal_point
1662,10,0.35997555975660217,LMR_seasonal_point
1663,1,-1.123670851644476,LMR_seasonal_point
1663,4,0.13263632145144016,LMR_seasonal_point
1663,7,-0.04768463367026665,LMR_seasonal_point
1663,10,-0.032842381204621185,LMR_seasonal_point
1664,1,-0.04570817014835754,LMR_seasonal_point
1664,4,-0.18248992803460923,LMR_seasonal_point
1664,7,0.12514468490803365,LMR_seasonal_point
1664,10,0.7319488285302467,LMR_seasonal_point
1665,1,-0.2607257238782658,LMR_seasonal_point
1665,4,0.4979551430355465,LMR_seasonal_point
1665,7,-0.7399502554733491,LMR_seasonal_point
1665,10,0.11254378774798711,LMR_seasonal_point
1666,1,-0.5288825200723329,LMR_seasonal_point
1666,4,0.4881683900572642,LMR_seasonal_point
1666,7,-0.3279555231311151,LMR_seasonal_point
1666,10,0.7155168870820625,LMR_seasonal_point
1667,1,0.1382102171404181,LMR_seasonal_point
1667,4,0.49537938066496645,LMR_seasonal_point
1667,7,0.29520188413581594,LMR_seasonal_point
1667,10,-0.11800005023592802,LMR_seasonal_point
1668,1,-1.7641325028292378,LMR_seasonal_point
1668,4,-0.7638297041928817,LMR_seasonal_point
1668,7,-0.697988742117055,LMR_seasonal_point
1668,10,0.012302645535599926,LMR_seasonal_point
1669,1,-0.21074429109793125,LMR_seasonal_point
1669,4,-0.1348371045554806,LMR_seasonal_point
1669,7,-1.0038492554245306,LMR_seasonal_point
1669,10,0.5016210936636283,LMR_seasonal_point
1670,1,-0.11587386029724822,LMR_seasonal_point
1670,4,0.3746769821134131,LMR_seasonal_point
1670,7,-0.4987627997863089,LMR_seasonal_point
1670,10,-0.07766031328865614,LMR_seasonal_point
1671,1,-0.5400759833974119,LMR_seasonal_point
1671,4,-0.36349072806247884,LMR_seasonal_point
1671,7,-0.51340605145275,LMR_seasonal_point
1671,10,-0.206323959379835,LMR_seasonal_point
1672,1,-0.7067048740210647,LMR_seasonal_point
1672,4,-0.4319894322104606,LMR_seasonal_point
1672,7,-0.5643290341968813,LMR_seasonal_point
1672,10,0.27430187228769765,LMR_seasonal_point
1673,1,-0.3440565224382576,LMR_seasonal_point
1673,4,-1.3826929621901338,LMR_seasonal_point
1673,7,0.1724292395887596,LMR_seasonal_point
1673,10,0.3487282251723845,LMR_seasonal_point
1674,1,0.732753800023284,LMR_seasonal_point
1674,4,-0.6177315984053787,LMR_seasonal_point
1674,7,-0.3651707758970195,LMR_seasonal_point
1674,10,0.6781186607517127,LMR_seasonal_point
1675,1,-0.1205044727883936,LMR_seasonal_point
1675,4,0.5097377719949365,LMR_seasonal_point
1675,7,-0.33868843338039367,LMR_seasonal_point
1675,10,0.15031393013833577,LMR_seasonal_point
1676,1,-1.526178542629296,LMR_seasonal_point
1676,4,-0.12358518548468805,LMR_seasonal_point
1676,7,-0.4011774576041559,LMR_seasonal_point
1676,10,0.23072827651301184,LMR_seasonal_point
1677,1,-0.680717995828271,LMR_seasonal_point
1677,4,-0.23757037099137368,LMR_seasonal_point
1677,7,0.09824960885074022,LMR_seasonal_point
1677,10,0.6814885970486921,LMR_seasonal_point
1678,1,0.2406288302064495,LMR_seasonal_point
1678,4,-0.867969889264104,LMR_seasonal_point
1678,7,-0.8024066165793885,LMR_seasonal_point
1678,10,0.2102692811202189,LMR_seasonal_point
1679,1,-0.18403447806558476,LMR_seasonal_point
1679,4,0.03592711894213935,LMR_seasonal_point
1679,7,-0.16487122787484193,LMR_seasonal_point
1679,10,-0.4422187484533344,LMR_seasonal_point
1680,1,-0.5635384397654725,LMR_seasonal_point
1680,4,-0.993878822272037,LMR_seasonal_point
1680,7,-0.4459173640048846,LMR_seasonal_point
1680,10,-0.22481821746973135,LMR_seasonal_point
1681,1,-1.6801020551523176,LMR_seasonal_point
1681,4,-0.6717913384972566,LMR_seasonal_point
1681,7,-1.3173214248608218,LMR_seasonal_point
1681,10,-0.7687225891016113,LMR_seasonal_point
1682,1,-0.6005573949044454,LMR_seasonal_point
1682,4,-0.402772457613636,LMR_seasonal_point
1682,7,-1.0802959612927006,LMR_seasonal_point
1682,10,0.4814999301299446,LMR_seasonal_point
1683,1,-1.0671987552970013,LMR_seasonal_point
1683,4,-0.7679517718447146,LMR_seasonal_point
1683,7,-0.47055801983402146,LMR_seasonal_point
1683,10,1.0597976032178336,LMR_seasonal_point
1684,1,0.7230071046884143,LMR_seasonal_point
1684,4,0.24768261446269185,LMR_seasonal_point
1684,7,-0.2558946452169728,LMR_seasonal_point
1684,10,1.0356339632480045,LMR_seasonal_point
1685,1,0.6636360072569387,LMR_seasonal_point
1685,4,-0.9181424298957336,LMR_seasonal_point
1685,7,0.16418441280793558,LMR_seasonal_point
1685,10,-0.3820752670704015,LMR_seasonal_point
1686,1,-1.3897286736653212,LMR_seasonal_point
1686,4,-1.4110590318209404,LMR_seasonal_point
1686,7,-0.4274129037211054,LMR_seasonal_point
1686,10,0.7266175130592488,LMR_seasonal_point
1687,1,-0.8817841467537896,LMR_seasonal_point
1687,4,-0.0026249592425736934,LMR_seasonal_point
1687,7,0.20838920108983638,LMR_seasonal_point
1687,10,0.5480151500913961,LMR_seasonal_point
1688,1,-0.43260289846909816,LMR_seasonal_point
1688,4,-0.24162015031848844,LMR_seasonal_point
1688,7,-0.3589747309443042,LMR_seasonal_point
1688,10,-0.058268437021435526,LMR_seasonal_point
1689,1,-0.8626549330112984,LMR_seasonal_point
1689,4,-1.256248072709024,LMR_seasonal_point
1689,7,0.016939959469607052,LMR_seasonal_point
1689,10,1.3345785343349057,LMR_seasonal_point
1690,1,-1.4902253694923826,LMR_seasonal_point
1690,4,-0.11257032198341332,LMR_seasonal_point
1690,7,-0.14934943411591656,LMR_seasonal_point
1690,10,1.0417436438018155,LMR_seasonal_point
1691,1,0.15205478697340308,LMR_seasonal_point
1691,4,-0.9725226721908552,LMR_seasonal_point
1691,7,-0.7863397304870562,LMR_seasonal_point
1691,10,1.2297542887776305,LMR_seasonal_point
1692,1,0.6970444367760786,LMR_seasonal_point
1692,4,0.17943189186912467,LMR_seasonal_point
1692,7,-1.3320470338576023,LMR_seasonal_point
1692,10,-0.11866003949346182,LMR_seasonal_point
1693,1,-1.192880026795839,LMR_seasonal_point
1693,4,-0.44209435914032313,LMR_seasonal_point
1693,7,-0.8168727297979296,LMR_seasonal_point
1693,10,-0.752663379041011,LMR_seasonal_point
1694,1,-0.9484731319441623,LMR_seasonal_point
1694,4,-0.779171514290378,LMR_seasonal_point
1694,7,-0.9235986686632299,LMR_seasonal_point
1694,10,-0.5879417446749092,LMR_seasonal_point
1695,1,0.025223558926423167,LMR_seasonal_point
1695,4,0.20894755919592664,LMR_seasonal_point
1695,7,-0.12491973543863027,LMR_seasonal_point
1695,10,-0.3568488027333958,LMR_seasonal_point
1696,1,-0.7026145496713321,LMR_seasonal_point
1696,4,0.20306460055762562,LMR_seasonal_point
1696,7,0.18796649903619086,LMR_seasonal_point
1696,10,0.081702160538424,LMR_seasonal_point
1697,1,0.005943969313703862,LMR_seasonal_point
1697,4,-0.874110675111451,LMR_seasonal_point
1697,7,-0.1488104086331271,LMR_seasonal_point
1697,10,0.4069361703603379,LMR_seasonal_point
1698,1,-1.1326878210935813,LMR_seasonal_point
1698,4,0.24844348741411448,LMR_seasonal_point
1698,7,-0.14400065244760912,LMR_seasonal_point
1698,10,0.3687054413219104,LMR_seasonal_point
1699,1,-1.4150598068285998,LMR_seasonal_point
1699,4,-0.30331356037969215,LMR_seasonal_point
1699,7,0.7449961491299036,LMR_seasonal_point
1699,10,0.22067769640535356,LMR_seasonal_point
1700,1,-1.1118949952595032,LMR_seasonal_point
1700,4,-1.4493359842019546,LMR_seasonal_point
1700,7,-0.3606628765867771,LMR_seasonal_point
1700,10,-0.12945362500679042,LMR_seasonal_point
1701,1,-0.9346374752398795,LMR_seasonal_point
1701,4,-0.9892576551615492,LMR_seasonal_point
1701,7,0.06385768270134573,LMR_seasonal_point
1701,10,0.1325311849994526,LMR_seasonal_point
1702,1,-1.1760859281373266,LMR_seasonal_point
1702,4,-1.7015364117616256,LMR_seasonal_point
1702,7,-0.42843637319510397,LMR_seasonal_point
1702,10,0.04472543863518977,LMR_seasonal_point
1703,1,-1.1953825220630074,LMR_seasonal_point
1703,4,-1.4002490279283992,LMR_seasonal_point
1703,7,-1.4822149398810534,LMR_seasonal_point
1703,10,0.17329047444985313,LMR_seasonal_point
1704,1,-0.4697519356274482,LMR_seasonal_point
1704,4,0.1528051842831442,LMR_seasonal_point
1704,7,-1.0057635447834463,LMR_seasonal_point
1704,10,-1.1096852406277233,LMR_seasonal_point
1705,1,-2.1332097229752303,LMR_seasonal_point
1705,4,-0.2219767227466839,LMR_seasonal_point
1705,7,-0.5832423726276718,LMR_seasonal_point
1705,10,-0.919531977936411,LMR_seasonal_point
1706,1,-0.5053389841677793,LMR_seasonal_point
1706,4,-0.1733068423612505,LMR_seasonal_point
1706,7,-0.3818023870541497,LMR_seasonal_point
1706,10,-0.9333780550395251,LMR_seasonal_point
1707,1,-1.2507987432374037,LMR_seasonal_point
1707,4,-0.5082361262804774,LMR_seasonal_point
1707,7,-1.1819548963590454,LMR_seasonal_point
1707,10,-1.1169807041159583,LMR_seasonal_point
1708,1,-0.2403503612159832,LMR_seasonal_point
1708,4,-0.018180592009983815,LMR_seasonal_point
1708,7,-0.7409927445989851,LMR_seasonal_point
1708,10,-0.4967215346531748,LMR_seasonal_point
1709,1,-0.15084134154208462,LMR_seasonal_point
1709,4,-0.48859106846515754,LMR_seasonal_point
1709,7,-0.4135872055625742,LMR_seasonal_point
1709,10,0.7351753213919872,LMR_seasonal_point
1710,1,0.25925061773200775,LMR_seasonal_point
1710,4,0.42213298190621096,LMR_seasonal_point
1710,7,-0.47355495929249514,LMR_seasonal_point
1710,10,0.18162544531891464,LMR_seasonal_point
1711,1,-0.6192755297502918,LMR_seasonal_point
1711,4,-0.2585616727588277,LMR_seasonal_point
1711,7,-0.6935108000356942,LMR_seasonal_point
1711,10,0.43307974301187685,LMR_seasonal_point
1712,1,-1.135096626816766,LMR_seasonal_point
1712,4,-0.14448754628408145,LMR_seasonal_point
1712,7,-0.7084201373109301,LMR_seasonal_point
1712,10,-0.41057825567215567,LMR_seasonal_point
1713,1,-2.317195480865099,LMR_seasonal_point
1713,4,0.612938830884981,LMR_seasonal_point
1713,7,-0.8786193669447911,LMR_seasonal_point
1713,10,0.7963028551615843,LMR_seasonal_point
1714,1,-1.243613288887385,LMR_seasonal_point
1714,4,0.528374812211234,LMR_seasonal_point
1714,7,-0.5657623350192864,LMR_seasonal_point
1714,10,0.5253542501319668,LMR_seasonal_point
1715,1,-0.49343358259581027,LMR_seasonal_point
1715,4,0.5410309269156927,LMR_seasonal_point
1715,7,-1.0816363408152108,LMR_seasonal_point
1715,10,0.5848669443083181,LMR_seasonal_point
1716,1,0.042033055013492304,LMR_seasonal_point
1716,4,0.7609426688538904,LMR_seasonal_point
1716,7,-1.0706401870283249,LMR_seasonal_point
1716,10,0.0544943394170527,LMR_seasonal_point
1717,1,-0.36543170308867734,LMR_seasonal_point
1717,4,0.915349295898185,LMR_seasonal_point
1717,7,-0.3098130692128339,LMR_seasonal_point
1717,10,-0.2517469712762183,LMR_seasonal_point
1718,1,-0.622760202533736,LMR_seasonal_point
1718,4,0.7832940637625131,LMR_seasonal_point
1718,7,-0.36745680070569486,LMR_seasonal_point
1718,10,-0.07666113407957165,LMR_seasonal_point
1719,1,0.1882953413571008,LMR_seasonal_point
1719,4,0.5581580522520521,LMR_seasonal_point
1719,7,-0.424852975818761,LMR_seasonal_point
1719,10,-0.34922211424492466,LMR_seasonal_point
1720,1,-0.2182166614407437,LMR_seasonal_point
1720,4,0.23735702388837554,LMR_seasonal_point
1720,7,-0.392811423484725,LMR_seasonal_point
1720,10,-1.575798858676376,LMR_seasonal_point
1721,1,-0.755435444440327,LMR_seasonal_point
1721,4,-0.3937272667779361,LMR_seasonal_point
1721,7,-0.4858126397824445,LMR_seasonal_point
1721,10,-0.8588666236789121,LMR_seasonal_point
1722,1,-0.80597507597647,LMR_seasonal_point
1722,4,-0.3851118289694381,LMR_seasonal_point
1722,7,-0.8301034240638626,LMR_seasonal_point
1722,10,-0.8824272951806403,LMR_seasonal_point
1723,1,-1.842240883886141,LMR_seasonal_point
1723,4,-0.5050076774448562,LMR_seasonal_point
1723,7,-0.1231045721742467,LMR_seasonal_point
1723,10,0.046550508362830756,LMR_seasonal_point
1724,1,-1.287153646371205,LMR_seasonal_point
1724,4,-0.9051231427620704,LMR_seasonal_point
1724,7,-0.36177339156095945,LMR_seasonal_point
1724,10,-0.10369397550871212,LMR_seasonal_point
1725,1,-2.0052181425398246,LMR_seasonal_point
1725,4,-1.0481594554461675,LMR_seasonal_point
1725,7,-0.7330938744617633,LMR_seasonal_point
1725,10,-0.10777969233484858,LMR_seasonal_point
1726,1,-0.7679130412405477,LMR_seasonal_point
1726,4,-0.36848897226556077,LMR_seasonal_point
1726,7,-1.2012885521189816,LMR_seasonal_point
1726,10,-0.39206396585509073,LMR_seasonal_point
1727,1,-0.24313401266480644,LMR_seasonal_point
1727,4,-0.11635526059958945,LMR_seasonal_point
1727,7,-1.0076557413692395,LMR_seasonal_point
1727,10,-0.14197671395213923,LMR_seasonal_point
1728,1,-1.1604415598030364,LMR_seasonal_point
1728,4,1.177980962308996,LMR_seasonal_point
1728,7,0.31539178958665254,LMR_seasonal_point
1728,10,0.14759983279153976,LMR_seasonal_point
1729,1,0.4606005393125695,LMR_seasonal_point
1729,4,0.833508475771636,LMR_seasonal_point
1729,7,0.01649938579665025,LMR_seasonal_point
1729,10,1.1252064632173866,LMR_seasonal_point
1730,1,0.7512907429873834,LMR_seasonal_point
1730,4,0.72877279333122,LMR_seasonal_point
1730,7,-0.2731099581624109,LMR_seasonal_point
1730,10,0.7706536100427926,LMR_seasonal_point
1731,1,0.697797023766716,LMR_seasonal_point
1731,4,1.1358605750716948,LMR_seasonal_point
1731,7,-0.5434764748084435,LMR_seasonal_point
1731,10,0.8392587748263284,LMR_seasonal_point
1732,1,0.24635271024065805,LMR_seasonal_point
1732,4,0.41323917002960964,LMR_seasonal_point
1732,7,-0.3226575692867234,LMR_seasonal_point
1732,10,0.9829473776750726,LMR_seasonal_point
1733,1,-1.469927227050606,LMR_seasonal_point
1733,4,0.5578098345324417,LMR_seasonal_point
1733,7,-0.21385385241110721,LMR_seasonal_point
1733,10,0.17948354422993246,LMR_seasonal_point
1734,1,-0.9731326349594963,LMR_seasonal_point
1734,4,0.041453685702863174,LMR_seasonal_point
1734,7,-0.3523722038871774,LMR_seasonal_point
1734,10,-0.04837870205968142,LMR_seasonal_point
1735,1,-2.2912341451527007,LMR_seasonal_point
1735,4,-0.7678016086219354,LMR_seasonal_point
1735,7,-0.47346019937999284,LMR_seasonal_point
1735,10,0.48604211687732746,LMR_seasonal_point
1736,1,0.08707561058774738,LMR_seasonal_point
1736,4,0.12018857196140403,LMR_seasonal_point
1736,7,-0.583814660161712,LMR_seasonal_point
1736,10,0.07723495594291513,LMR_seasonal_point
1737,1,-1.9484260594593645,LMR_seasonal_point
1737,4,-0.4100693645173291,LMR_seasonal_point
1737,7,-0.5112302944318755,LMR_seasonal_point
1737,10,0.16593506008203213,LMR_seasonal_point
1738,1,-1.7789313156347428,LMR_seasonal_point
1738,4,0.010807635090478634,LMR_seasonal_point
1738,7,-0.10541289504244422,LMR_seasonal_point
1738,10,0.7792720195694073,LMR_seasonal_point
1739,1,-0.5130537692959455,LMR_seasonal_point
1739,4,0.4531450019708776,LMR_seasonal_point
1739,7,-0.0055095742297617545,LMR_seasonal_point
1739,10,1.0820116454957316,LMR_seasonal_point
1740,1,1.9274352046835395,LMR_seasonal_point
1740,4,1.8348103524984611,LMR_seasonal_point
1740,7,0.24167689322053232,LMR_seasonal_point
1740,10,0.7769829229596396,LMR_seasonal_point
1741,1,0.4509383969729581,LMR_seasonal_point
1741,4,1.3205487031771415,LMR_seasonal_point
1741,7,1.0125435865344876,LMR_seasonal_point
1741,10,0.5936941450270097,LMR_seasonal_point
1742,1,-0.15229653916448455,LMR_seasonal_point
1742,4,0.5192683941613506,LMR_seasonal_point
1742,7,0.08670630839220053,LMR_seasonal_point
1742,10,0.04106958278387682,LMR_seasonal_point
1743,1,-1.2810678330552951,LMR_seasonal_point
1743,4,-0.48241979973818505,LMR_seasonal_point
1743,7,0.8688821438049702,LMR_seasonal_point
1743,10,0.4314122078735783,LMR_seasonal_point
1744,1,-0.4084655659380688,LMR_seasonal_point
1744,4,-0.027362583448960642,LMR_seasonal_point
1744,7,0.028328764967069014,LMR_seasonal_point
1744,10,0.9335296201388483,LMR_seasonal_point
1745,1,-0.4107670581369415,LMR_seasonal_point
1745,4,0.1254261570068432,LMR_seasonal_point
1745,7,0.4373389605955711,LMR_seasonal_point
1745,10,-0.41310491074746425,LMR_seasonal_point
1746,1,-0.4917604448642007,LMR_seasonal_point
1746,4,0.2740656557432736,LMR_seasonal_point
1746,7,0.25945072853662043,LMR_seasonal_point
1746,10,0.05955827858035809,LMR_seasonal_point
1747,1,-0.3843389885801839,LMR_seasonal_point
1747,4,0.3977829327717075,LMR_seasonal_point
1747,7,0.1280128660406844,LMR_seasonal_point
1747,10,1.2326921272070597,LMR_seasonal_point
1748,1,0.3597524855282822,LMR_seasonal_point
1748,4,0.6984993621366928,LMR_seasonal_point
1748,7,-0.13618749723784407,LMR_seasonal_point
1748,10,0.16170891512165272,LMR_seasonal_point
1749,1,-0.1284676229676064,LMR_seasonal_point
1749,4,0.30813667864608674,LMR_seasonal_point
1749,7,-0.25297769511903234,LMR_seasonal_point
1749,10,0.12027126587720566,LMR_seasonal_point
1750,1,-1.0352550664215192,LMR_seasonal_point
1750,4,0.24857995023986054,LMR_seasonal_point
1750,7,0.560463366515534,LMR_seasonal_point
1750,10,0.3586072537043076,LMR_seasonal_point
1751,1,-0.0489468066171706,LMR_seasonal_point
1751,4,0.1092925968814667,LMR_seasonal_point
1751,7,0.21094250147076682,LMR_seasonal_point
1751,10,0.04527991035026693,LMR_seasonal_point
1752,1,-0.35014698344784856,LMR_seasonal_point
1752,4,-1.4016957994237913,LMR_seasonal_point
1752,7,-0.8046397484430233,LMR_seasonal_point
1752,10,0.6621269606056527,LMR_seasonal_point
1753,1,-0.5525569815237275,LMR_seasonal_point
1753,4,0.6202785062201946,LMR_seasonal_point
1753,7,-0.7850506675929424,LMR_seasonal_point
1753,10,-1.3905080514593928,LMR_seasonal_point
1754,1,-0.6595638531431608,LMR_seasonal_point
1754,4,-0.3456251755664098,LMR_seasonal_point
1754,7,-0.8875697287150649,LMR_seasonal_point
1754,10,-1.1907870516637087,LMR_seasonal_point
1755,1,-0.794077068252023,LMR_seasonal_point
1755,4,0.26185622121272273,LMR_seasonal_point
1755,7,-0.7900760519168711,LMR_seasonal_point
1755,10,-1.3882210940625517,LMR_seasonal_point
1756,1,-2.5958466102209012,LMR_seasonal_point
1756,4,0.1388046056206283,LMR_seasonal_point
1756,7,-0.5400928201016825,LMR_seasonal_point
1756,10,-0.6430033246959992,LMR_seasonal_point
1757,1,-1.0334408097913976,LMR_seasonal_point
1757,4,-0.553019077699172,LMR_seasonal_point
1757,7,-1.5333142994299531,LMR_seasonal_point
1757,10,-0.5573123481945556,LMR_seasonal_point
1758,1,-0.08874347322307541,LMR_seasonal_point
1758,4,0.7861009503051958,LMR_seasonal_point
1758,7,-0.8559073815096957,LMR_seasonal_point
1758,10,-0.3615949427685391,LMR_seasonal_point
1759,1,-1.2493375969418095,LMR_seasonal_point
1759,4,0.24894391379764527,LMR_seasonal_point
1759,7,-0.7046983445170251,LMR_seasonal_point
1759,10,0.11898963938675446,LMR_seasonal_point
1760,1,0.7722045375155348,LMR_seasonal_point
1760,4,-0.07866814167941094,LMR_seasonal_point
1760,7,-0.7086576368260611,LMR_seasonal_point
1760,10,-0.8368730093415649,LMR_seasonal_point
1761,1,-2.0286684116482374,LMR_seasonal_point
1761,4,-0.9737658835468898,LMR_seasonal_point
1761,7,-1.3647326084679832,LMR_seasonal_point
1761,10,-0.5468492855563301,LMR_seasonal_point
1762,1,-0.932234948102617,LMR_seasonal_point
1762,4,-0.5894545172011714,LMR_seasonal_point
1762,7,-1.3065208095574095,LMR_seasonal_point
1762,10,-0.38329264599718327,LMR_seasonal_point
1763,1,0.36369833119182576,LMR_seasonal_point
1763,4,0.3580402032953797,LMR_seasonal_point
1763,7,-0.5248909725320924,LMR_seasonal_point
1763,10,-0.678205701247163,LMR_seasonal_point
1764,1,-0.6333837165607487,LMR_seasonal_point
1764,4,0.8123065632745512,LMR_seasonal_point
1764,7,-0.6423754899850097,LMR_seasonal_point
1764,10,-0.9748460253288805,LMR_seasonal_point
1765,1,-1.312214265572261,LMR_seasonal_point
1765,4,0.7920217578113478,LMR_seasonal_point
1765,7,-0.3435904532239379,LMR_seasonal_point
1765,10,-0.08402330849341055,LMR_seasonal_point
1766,1,-0.5704737655287091,LMR_seasonal_point
1766,4,-0.5215501988083517,LMR_seasonal_point
1766,7,-1.0587435245275083,LMR_seasonal_point
1766,10,-0.5367792099362192,LMR_seasonal_point
1767,1,-0.21296087188738866,LMR_seasonal_point
1767,4,-0.26570328298632945,LMR_seasonal_point
1767,7,-1.3200983118270346,LMR_seasonal_point
1767,10,-0.7842058574030594,LMR_seasonal_point
1768,1,-0.12387834055442082,LMR_seasonal_point
1768,4,0.5002889344796899,LMR_seasonal_point
1768,7,-0.506383881994653,LMR_seasonal_point
1768,10,0.5059449335986128,LMR_seasonal_point
1769,1,-1.4857698146629175,LMR_seasonal_point
1769,4,0.15505211298712207,LMR_seasonal_point
1769,7,-0.07546654584435325,LMR_seasonal_point
1769,10,-0.44317020669203755,LMR_seasonal_point
1770,1,-1.1742081887380955,LMR_seasonal_point
1770,4,-0.17099908531881974,LMR_seasonal_point
1770,7,0.15466771100214186,LMR_seasonal_point
1770,10,0.06980198221326639,LMR_seasonal_point
1771,1,0.7889114591790298,LMR_seasonal_point
1771,4,0.4447909517962926,LMR_seasonal_point
1771,7,-0.4542646548587804,LMR_seasonal_point
1771,10,-0.11068443921876497,LMR_seasonal_point
1772,1,1.384117894443095,LMR_seasonal_point
1772,4,1.3843705970416242,LMR_seasonal_point
1772,7,-0.09379306814520244,LMR_seasonal_point
1772,10,-0.24747665032240201,LMR_seasonal_point
1773,1,-0.3364814630871805,LMR_seasonal_point
1773,4,-0.2046325775528865,LMR_seasonal_point
1773,7,-0.46743202006160645,LMR_seasonal_point
1773,10,-0.6254848309888205,LMR_seasonal_point
1774,1,0.2238656133275309,LMR_seasonal_point
1774,4,0.3182190159366849,LMR_seasonal_point
1774,7,-0.3908911504831625,LMR_seasonal_point
1774,10,-0.1979863181497593,LMR_seasonal_point
1775,1,-0.5303607444726001,LMR_seasonal_point
1775,4,0.7685123561914957,LMR_seasonal_point
1775,7,-0.5161060990519712,LMR_seasonal_point
1775,10,-0.39106047797216426,LMR_seasonal_point
1776,1,-0.8151330449426059,LMR_seasonal_point
1776,4,-0.1588560327088418,LMR_seasonal_point
1776,7,-0.41842881571334234,LMR_seasonal_point
1776,10,0.17634454543083444,LMR_seasonal_point
1777,1,-1.0689715074196564,LMR_seasonal_point
1777,4,-0.025947420044630132,LMR_seasonal_point
1777,7,-0.7329947320592792,LMR_seasonal_point
1777,10,-0.7972430810139065,LMR_seasonal_point
1778,1,-0.6499491298218233,LMR_seasonal_point
1778,4,-0.19366281820944437,LMR_seasonal_point
1778,7,-0.48930363945698907,LMR_seasonal_point
1778,10,-0.3556661281022794,LMR_seasonal_point
1779,1,-1.7222278861910976,LMR_seasonal_point
1779,4,-0.6048367719246892,LMR_seasonal_point
1779,7,-0.4759318465081652,LMR_seasonal_point
1779,10,0.06510999094787434,LMR_seasonal_point
1780,1,-0.29813166256970314,LMR_seasonal_point
1780,4,0.4642481860616956,LMR_seasonal_point
1780,7,-0.7949496806233246,LMR_seasonal_point
1780,10,-1.2831243704985904,LMR_seasonal_point
1781,1,-0.91391926258943,LMR_seasonal_point
1781,4,-0.63327754246577,LMR_seasonal_point
1781,7,-1.221764267564431,LMR_seasonal_point
1781,10,-0.7362765935222637,LMR_seasonal_point
1782,1,-0.12059395832356651,LMR_seasonal_point
1782,4,1.192715445790848,LMR_seasonal_point
1782,7,-0.7860079747600682,LMR_seasonal_point
1782,10,-0.8563985487772859,LMR_seasonal_point
1783,1,-0.4786193811429654,LMR_seasonal_point
1783,4,0.3283101901368568,LMR_seasonal_point
1783,7,-0.07494620954556908,LMR_seasonal_point
1783,10,-0.14914088746234028,LMR_seasonal_point
1784,1,-0.34618766410162594,LMR_seasonal_point
1784,4,0.795329720607109,LMR_seasonal_point
1784,7,-0.5125823352975922,LMR_seasonal_point
1784,10,-0.4270713692064674,LMR_seasonal_point
1785,1,0.30709960484203735,LMR_seasonal_point
1785,4,1.1803449127631631,LMR_seasonal_point
1785,7,-0.4326620324504017,LMR_seasonal_point
1785,10,0.20436382507623257,LMR_seasonal_point
1786,1,0.11046486821042534,LMR_seasonal_point
1786,4,-0.2527334484022172,LMR_seasonal_point
1786,7,-0.574804036737858,LMR_seasonal_point
1786,10,0.9434010376337268,LMR_seasonal_point
1787,1,-0.6955301973851226,LMR_seasonal_point
1787,4,-0.2103305141470767,LMR_seasonal_point
1787,7,-0.46702915642373344,LMR_seasonal_point
1787,10,-0.39038050029427895,LMR_seasonal_point
1788,1,0.37283565599700735,LMR_seasonal_point
1788,4,0.4717422431797795,LMR_seasonal_point
1788,7,0.4786250907635382,LMR_seasonal_point
1788,10,-0.6948390953975383,LMR_seasonal_point
1789,1,-0.1697383310193613,LMR_seasonal_point
1789,4,-0.5274767855445043,LMR_seasonal_point
1789,7,-0.6017683521828386,LMR_seasonal_point
1789,10,-0.13443480927579454,LMR_seasonal_point
1790,1,-1.4821608238829542,LMR_seasonal_point
1790,4,-0.43583629147376324,LMR_seasonal_point
1790,7,-0.32846283609316185,LMR_seasonal_point
1790,10,-0.8814882761542696,LMR_seasonal_point
1791,1,-2.116351384473299,LMR_seasonal_point
1791,4,-1.2559669112799439,LMR_seasonal_point
1791,7,-0.741256738157375,LMR_seasonal_point
1791,10,-0.03363998755979625,LMR_seasonal_point
1792,1,-0.6066526003371286,LMR_seasonal_point
1792,4,-0.006598520077803871,LMR_seasonal_point
1792,7,0.07647485877827334,LMR_seasonal_point
1792,10,-0.6334591436991234,LMR_seasonal_point
1793,1,-1.9662017145215223,LMR_seasonal_point
1793,4,-0.4425010027769628,LMR_seasonal_point
1793,7,-0.49219797751383854,LMR_seasonal_point
1793,10,-0.44983154048290186,LMR_seasonal_point
1794,1,-1.8581053992689167,LMR_seasonal_point
1794,4,0.1863753413205843,LMR_seasonal_point
1794,7,-0.21826100066600668,LMR_seasonal_point
1794,10,0.45747862525101546,LMR_seasonal_point
1795,1,0.050811123605597114,LMR_seasonal_point
1795,4,0.7430702927379491,LMR_seasonal_point
1795,7,0.09963316436129005,LMR_seasonal_point
1795,10,0.030783984575183332,LMR_seasonal_point
1796,1,-0.4310968641191507,LMR_seasonal_point
1796,4,0.20673493595263756,LMR_seasonal_point
1796,7,0.1950264410606679,LMR_seasonal_point
1796,10,1.1107769094291617,LMR_seasonal_point
1797,1,-0.9317436451438842,LMR_seasonal_point
1797,4,0.43295721534875053,LMR_seasonal_point
1797,7,0.4502251991443118,LMR_seasonal_point
1797,10,-0.21244242030124316,LMR_seasonal_point
1798,1,-0.9936471795205649,LMR_seasonal_point
1798,4,-0.014016997806228976,LMR_seasonal_point
1798,7,-0.5164447254108198,LMR_seasonal_point
1798,10,0.9083421233635607,LMR_seasonal_point
1799,1,0.7713767342639454,LMR_seasonal_point
1799,4,0.5128550665496407,LMR_seasonal_point
1799,7,0.04317506904427465,LMR_seasonal_point
1799,10,1.055909319204873,LMR_seasonal_point
1800,1,1.6483777251235452,LMR_seasonal_point
1800,4,0.868266068018785,LMR_seasonal_point
1800,7,-0.21155555543311377,LMR_seasonal_point
1800,10,-0.33563401219553124,LMR_seasonal_point
1801,1,-0.6769416757532534,LMR_seasonal_point
1801,4,-0.5814811796923366,LMR_seasonal_point
1801,7,-1.1271170529442687,LMR_seasonal_point
1801,10,-0.23146414476252708,LMR_seasonal_point
1802,1,-0.708142672951314,LMR_seasonal_point
1802,4,-0.026147376223116414,LMR_seasonal_point
1802,7,-0.6782886652658853,LMR_seasonal_point
1802,10,-0.5038951043797347,LMR_seasonal_point
1803,1,0.013201662076290616,LMR_seasonal_point
1803,4,-0.9710558002430777,LMR_seasonal_point
1803,7,-0.2633451805284871,LMR_seasonal_point
1803,10,0.6291949339639555,LMR_seasonal_point
1804,1,0.696800339052581,LMR_seasonal_point
1804,4,-0.487183553787374,LMR_seasonal_point
1804,7,-0.17951393025898282,LMR_seasonal_point
1804,10,1.5050447623883398,LMR_seasonal_point
1805,1,1.0163062752912104,LMR_seasonal_point
1805,4,0.8700493523091356,LMR_seasonal_point
1805,7,-0.21932464843994764,LMR_seasonal_point
1805,10,0.03054436280857875,LMR_seasonal_point
1806,1,0.14297897299979945,LMR_seasonal_point
1806,4,-0.17725737026064364,LMR_seasonal_point
1806,7,-0.7493050688393662,LMR_seasonal_point
1806,10,0.2923913107404891,LMR_seasonal_point
1807,1,-0.1287254607761616,LMR_seasonal_point
1807,4,-0.0383834251648163,LMR_seasonal_point
1807,7,-1.3514213286677603,LMR_seasonal_point
1807,10,0.463378935747164,LMR_seasonal_point
1808,1,0.3724489778568062,LMR_seasonal_point
1808,4,0.10800503787723152,LMR_seasonal_point
1808,7,-0.9430640529943167,LMR_seasonal_point
1808,10,0.6388747621481095,LMR_seasonal_point
1809,1,1.325147512142021,LMR_seasonal_point
1809,4,0.036021837596512396,LMR_seasonal_point
1809,7,-1.2835963925122282,LMR_seasonal_point
1809,10,-0.2758569261030822,LMR_seasonal_point
1810,1,-0.869707827500256,LMR_seasonal_point
1810,4,0.9030499991332196,LMR_seasonal_point
1810,7,-0.7734704622870548,LMR_seasonal_point
1810,10,0.06907086850693592,LMR_seasonal_point
1811,1,-1.8849050410448656,LMR_seasonal_point
1811,4,-0.9182439350684267,LMR_seasonal_point
1811,7,-0.7874070351994756,LMR_seasonal_point
1811,10,0.6411136777507903,LMR_seasonal_point
1812,1,-0.6238912278031759,LMR_seasonal_point
1812,4,0.4594159438916948,LMR_seasonal_point
1812,7,0.5411036138772263,LMR_seasonal_point
1812,10,-0.5011811418779933,LMR_seasonal_point
1813,1,-1.9996070249782747,LMR_seasonal_point
1813,4,-1.052124888513335,LMR_seasonal_point
1813,7,0.11763960320669994,LMR_seasonal_point
1813,10,0.7237306163736189,LMR_seasonal_point
1814,1,-0.15304430222954812,LMR_seasonal_point
1814,4,-0.7241447127239576,LMR_seasonal_point
1814,7,0.05965098230961194,LMR_seasonal_point
1814,10,1.0518349197235133,LMR_seasonal_point
1815,1,-0.5305351258947443,LMR_seasonal_point
1815,4,-0.2724289179122058,LMR_seasonal_point
1815,7,-0.6055967961002875,LMR_seasonal_point
1815,10,1.0248029506848528,LMR_seasonal_point
1816,1,-0.6390171327589504,LMR_seasonal_point
1816,4,-0.056293911699883514,LMR_seasonal_point
1816,7,-0.2028700238198054,LMR_seasonal_point
1816,10,0.8663974918003706,LMR_seasonal_point
1817,1,-2.4115420845534907,LMR_seasonal_point
1817,4,-0.8907262107145676,LMR_seasonal_point
1817,7,-0.6675162492108417,LMR_seasonal_point
1817,10,-0.21661215998469302,LMR_seasonal_point
1818,1,-1.5065955182238002,LMR_seasonal_point
1818,4,0.02185435861680643,LMR_seasonal_point
1818,7,-0.18419857736811912,LMR_seasonal_point
1818,10,-0.30757579010726743,LMR_seasonal_point
1819,1,-2.5137569495525387,LMR_seasonal_point
1819,4,-0.877402946071495,LMR_seasonal_point
1819,7,-0.635464842258996,LMR_seasonal_point
1819,10,0.4342049186219361,LMR_seasonal_point
1820,1,-0.04117951291129568,LMR_seasonal_point
1820,4,-0.8184281075351557,LMR_seasonal_point
1820,7,-0.14745572273853563,LMR_seasonal_point
1820,10,-0.027342197910209864,LMR_seasonal_point
1821,1,-1.0916377159759278,LMR_seasonal_point
1821,4,0.10024930880328248,LMR_seasonal_point
1821,7,0.07055085930549426,LMR_seasonal_point
1821,10,-0.054353163424750106,LMR_seasonal_point
1822,1,-3.2109593698137373,LMR_seasonal_point
1822,4,-1.6262423656712564,LMR_seasonal_point
1822,7,-0.605629549495523,LMR_seasonal_point
1822,10,-0.235455064311054,LMR_seasonal_point
1823,1,-0.8374736789547413,LMR_seasonal_point
1823,4,-0.5189602922401124,LMR_seasonal_point
1823,7,-0.5396330606199141,LMR_seasonal_point
1823,10,0.16546566310786073,LMR_seasonal_point
1824,1,-2.0136976412641427,LMR_seasonal_point
1824,4,0.6235284051908514,LMR_seasonal_point
1824,7,-0.04269465820976509,LMR_seasonal_point
1824,10,-0.0966382613178211,LMR_seasonal_point
1825,1,-1.4499028697977,LMR_seasonal_point
1825,4,-0.30735683331081276,LMR_seasonal_point
1825,7,0.2668861728740622,LMR_seasonal_point
1825,10,-0.22952260308692385,LMR_seasonal_point
1826,1,-1.280015553157419,LMR_seasonal_point
1826,4,-0.4425559993061623,LMR_seasonal_point
1826,7,-0.5584780721620201,LMR_seasonal_point
1826,10,0.6154457023957052,LMR_seasonal_point
1827,1,-0.0005567569129832917,LMR_seasonal_point
1827,4,0.6190561476270875,LMR_seasonal_point
1827,7,-0.1666873256619173,LMR_seasonal_point
1827,10,0.6593618987377481,LMR_seasonal_point
1828,1,1.2480785017566989,LMR_seasonal_point
1828,4,0.7294731501958217,LMR_seasonal_point
1828,7,-0.32258368234519685,LMR_seasonal_point
1828,10,0.07543313270586824,LMR_seasonal_point
1829,1,2.20285824337541,LMR_seasonal_point
1829,4,0.7084283425088047,LMR_seasonal_point
1829,7,-0.5760346363887043,LMR_seasonal_point
1829,10,0.5897364420654589,LMR_seasonal_point
1830,1,0.4225926970935354,LMR_seasonal_point
1830,4,0.30811271152791636,LMR_seasonal_point
1830,7,-0.6298979044881656,LMR_seasonal_point
1830,10,-0.30015464640589407,LMR_seasonal_point
1831,1,-0.32721652802548773,LMR_seasonal_point
1831,4,0.6368525603616977,LMR_seasonal_point
1831,7,-0.9035859178574316,LMR_seasonal_point
1831,10,-0.18726256859751095,LMR_seasonal_point
1832,1,-0.7713160266990721,LMR_seasonal_point
1832,4,0.44559212601182285,LMR_seasonal_point
1832,7,-0.056604036688047255,LMR_seasonal_point
1832,10,-1.2739759475134145,LMR_seasonal_point
1833,1,-1.2897188651154448,LMR_seasonal_point
1833,4,0.7558029851612508,LMR_seasonal_point
1833,7,-0.12827044373202473,LMR_seasonal_point
1833,10,-1.8010876927938342,LMR_seasonal_point
1834,1,-1.9094779828125792,LMR_seasonal_point
1834,4,-0.2655004079026085,LMR_seasonal_point
1834,7,-0.7101860204617436,LMR_seasonal_point
1834,10,-1.4115617918081007,LMR_seasonal_point
1835,1,-1.4614425977396457,LMR_seasonal_point
1835,4,0.22943068144320916,LMR_seasonal_point
1835,7,-0.49575432777142536,LMR_seasonal_point
1835,10,-0.4291731278206221,LMR_seasonal_point
1836,1,-1.0042306044007083,LMR_seasonal_point
1836,4,0.4640893302876095,LMR_seasonal_point
1836,7,-0.4076572726550266,LMR_seasonal_point
1836,10,-0.5246757099665553,LMR_seasonal_point
1837,1,-1.8294078561866978,LMR_seasonal_point
1837,4,-0.030798007951359452,LMR_seasonal_point
1837,7,-0.8062474970613959,LMR_seasonal_point
1837,10,-0.46938842499569555,LMR_seasonal_point
1838,1,0.1871207424819599,LMR_seasonal_point
1838,4,0.684675200703115,LMR_seasonal_point
1838,7,-0.11094353927538503,LMR_seasonal_point
1838,10,0.6211897943484621,LMR_seasonal_point
1839,1,-0.1860855989467483,LMR_seasonal_point
1839,4,-0.27989491078833206,LMR_seasonal_point
1839,7,-0.23832976055853117,LMR_seasonal_point
1839,10,0.3664216489012469,LMR_seasonal_point
1840,1,0.6706871562855734,LMR_seasonal_point
1840,4,0.6974171189510363,LMR_seasonal_point
1840,7,-0.449077093427677,LMR_seasonal_point
1840,10,-0.028145689325482726,LMR_seasonal_point
1841,1,0.549468919186362,LMR_seasonal_point
1841,4,0.13619784554930692,LMR_seasonal_point
1841,7,-0.5248190285013922,LMR_seasonal_point
1841,10,-0.7517685002878964,LMR_seasonal_point
1842,1,-1.297635711537731,LMR_seasonal_point
1842,4,0.627461685636754,LMR_seasonal_point
1842,7,-0.4092409818790834,LMR_seasonal_point
1842,10,0.3382271830510147,LMR_seasonal_point
1843,1,-1.2413463763072508,LMR_seasonal_point
1843,4,0.9402369197057197,LMR_seasonal_point
1843,7,-0.11450841104648513,LMR_seasonal_point
1843,10,-0.2534506031222615,LMR_seasonal_point
1844,1,-0.6189509036936262,LMR_seasonal_point
1844,4,0.5671915485883212,LMR_seasonal_point
1844,7,-0.3113044926680767,LMR_seasonal_point
1844,10,0.7764731218211476,LMR_seasonal_point
1845,1,0.2938200040028992,LMR_seasonal_point
1845,4,-0.6967306255569333,LMR_seasonal_point
1845,7,-0.8454615960906301,LMR_seasonal_point
1845,10,0.40140598936498006,LMR_seasonal_point
1846,1,-0.4841031153273895,LMR_seasonal_point
1846,4,-0.40710062551582116,LMR_seasonal_point
1846,7,-1.5104069482715134,LMR_seasonal_point
1846,10,0.6584238745550184,LMR_seasonal_point
1847,1,1.0337096000464223,LMR_seasonal_point
1847,4,0.5933266998269635,LMR_seasonal_point
1847,7,-0.965577241634776,LMR_seasonal_point
1847,10,-0.23727913608784673,LMR_seasonal_point
1848,1,-0.6694333492995423,LMR_seasonal_point
1848,4,-0.43730396260049553,LMR_seasonal_point
1848,7,-0.6289792193315498,LMR_seasonal_point
1848,10,-0.08413772323962587,LMR_seasonal_point
1849,1,-1.0201498102607482,LMR_seasonal_point
1849,4,-0.48365752862322686,LMR_seasonal_point
1849,7,-0.9358274025357679,LMR_seasonal_point
1849,10,0.4511800749359097,LMR_seasonal_point
1850,1,1.251217090624913,LMR_seasonal_point
1850,4,-0.896049593635102,LMR_seasonal_point
1850,7,-0.37028310187110625,LMR_seasonal_point
1850,10,0.7164564512238423,LMR_seasonal_point
1851,1,-0.2576160023322647,LMR_seasonal_point
1851,4,0.7243310946562723,LMR_seasonal_point
1851,7,-0.5193879775820792,LMR_seasonal_point
1851,10,0.6237687522215374,LMR_seasonal_point
1852,1,-0.12629215901667973,LMR_seasonal_point
1852,4,0.011027833706520968,LMR_seasonal_point
1852,7,-0.4424119476050802,LMR_seasonal_point
1852,10,1.2384185315007872,LMR_seasonal_point
1853,1,-0.14364591477756344,LMR_seasonal_point
1853,4,0.7357687688099929,LMR_seasonal_point
1853,7,-0.5033636628353566,LMR_seasonal_point
1853,10,0.35410165079748035,LMR_seasonal_point
1854,1,0.26376440827107667,LMR_seasonal_point
1854,4,-1.6320363851569137,LMR_seasonal_point
1854,7,0.0697304015477467,LMR_seasonal_point
1854,10,0.8432645197325408,LMR_seasonal_point
1855,1,0.24186557725316618,LMR_seasonal_point
1855,4,0.16169392392906018,LMR_seasonal_point
1855,7,0.0676786846728395,LMR_seasonal_point
1855,10,0.9539682050822688,LMR_seasonal_point
1856,1,1.0609411623086342,LMR_seasonal_point
1856,4,0.3967626941430937,LMR_seasonal_point
1856,7,-0.012314012197835233,LMR_seasonal_point
1856,10,0.17621540124799895,LMR_seasonal_point
1857,1,-1.4072080509657332,LMR_seasonal_point
1857,4,-0.11883318109489743,LMR_seasonal_point
1857,7,-0.45761144891280603,LMR_seasonal_point
1857,10,-0.09926336644420036,LMR_seasonal_point
1858,1,-1.5095463845470278,LMR_seasonal_point
1858,4,-0.9560063179253241,LMR_seasonal_point
1858,7,-0.5806424696199798,LMR_seasonal_point
1858,10,0.2888588723858978,LMR_seasonal_point
1859,1,-1.570681997025896,LMR_seasonal_point
1859,4,-0.31624547977708206,LMR_seasonal_point
1859,7,-0.15510793584013943,LMR_seasonal_point
1859,10,-0.5110589672949374,LMR_seasonal_point
1860,1,-0.894633584219302,LMR_seasonal_point
1860,4,-0.310416273316627,LMR_seasonal_point
1860,7,-0.25971905824805197,LMR_seasonal_point
1860,10,-0.42787496908104994,LMR_seasonal_point
1861,1,-0.7462152358506213,LMR_seasonal_point
1861,4,-0.5566607240966065,LMR_seasonal_point
1861,7,-1.3045485847019216,LMR_seasonal_point
1861,10,-0.3416874309689636,LMR_seasonal_point
1862,1,0.297476512391316,LMR_seasonal_point
1862,4,0.44973448308632713,LMR_seasonal_point
1862,7,-0.08541623314088048,LMR_seasonal_point
1862,10,-1.0547357115674325,LMR_seasonal_point
1863,1,-1.4738875759460628,LMR_seasonal_point
1863,4,-0.3739590534159053,LMR_seasonal_point
1863,7,-0.03721025936888411,LMR_seasonal_point
1863,10,-1.11421566153532,LMR_seasonal_point
1864,1,-2.0433928225418865,LMR_seasonal_point
1864,4,0.18027708434107348,LMR_seasonal_point
1864,7,-0.6641445811654109,LMR_seasonal_point
1864,10,-0.7312344195301167,LMR_seasonal_point
1865,1,-0.120117809585572,LMR_seasonal_point
1865,4,0.5487005601462043,LMR_seasonal_point
1865,7,-0.4066162056890914,LMR_seasonal_point
1865,10,-0.5220887170419226,LMR_seasonal_point
1866,1,-0.5624788379891377,LMR_seasonal_point
1866,4,-0.06407325409675657,LMR_seasonal_point
1866,7,-0.2391828187096482,LMR_seasonal_point
1866,10,-0.735010204513083,LMR_seasonal_point
1867,1,-0.06773141364688401,LMR_seasonal_point
1867,4,0.4027093402302058,LMR_seasonal_point
1867,7,0.438198838718953,LMR_seasonal_point
1867,10,-0.4457688955087816,LMR_seasonal_point
1868,1,-0.1787861524503297,LMR_seasonal_point
1868,4,0.06584138133392364,LMR_seasonal_point
1868,7,-1.105826204682561,LMR_seasonal_point
1868,10,0.029845692724521394,LMR_seasonal_point
1869,1,-1.0578933004748903,LMR_seasonal_point
1869,4,0.7102094748864347,LMR_seasonal_point
1869,7,0.43279968457108775,LMR_seasonal_point
1869,10,0.2250766167142923,LMR_seasonal_point
1870,1,-0.401106843299213,LMR_seasonal_point
1870,4,-0.24623793338216082,LMR_seasonal_point
1870,7,-0.6280222539721296,LMR_seasonal_point
1870,10,0.23901667387357212,LMR_seasonal_point
1871,1,1.4017424159152818,LMR_seasonal_point
1871,4,-0.20790520336592871,LMR_seasonal_point
1871,7,0.400428541886346,LMR_seasonal_point
1871,10,0.8684333478331635,LMR_seasonal_point
1872,1,-0.7734452945566749,LMR_seasonal_point
1872,4,-0.06070991422638261,LMR_seasonal_point
1872,7,0.5815480941509821,LMR_seasonal_point
1872,10,0.9662659407089138,LMR_seasonal_point
1873,1,-0.026837088730937764,LMR_seasonal_point
1873,4,0.27276350994408005,LMR_seasonal_point
1873,7,0.6758538015649295,LMR_seasonal_point
1873,10,-0.4602681854058128,LMR_seasonal_point
1874,1,-1.8490655169564403,LMR_seasonal_point
1874,4,-0.07418599762404887,LMR_seasonal_point
1874,7,1.0006424444121362,LMR_seasonal_point
1874,10,1.1061445097715477,LMR_seasonal_point
1875,1,0.8347440880105689,LMR_seasonal_point
1875,4,0.5673523525350334,LMR_seasonal_point
1875,7,0.31504213560952504,LMR_seasonal_point
1875,10,0.9927644053421251,LMR_seasonal_point
1876,1,1.016108960363567,LMR_seasonal_point
1876,4,0.7937479854225101,LMR_seasonal_point
1876,7,0.4236970602329326,LMR_seasonal_point
1876,10,0.2847018507760537,LMR_seasonal_point
1877,1,0.32209157839464647,LMR_seasonal_point
1877,4,1.3684102782678078,LMR_seasonal_point
1877,7,0.26432939319693,LMR_seasonal_point
1877,10,0.3268515003901866,LMR_seasonal_point
1878,1,-0.4980525796202847,LMR_seasonal_point
1878,4,0.44423728265207507,LMR_seasonal_point
1878,7,1.040764525972532,LMR_seasonal_point
1878,10,0.8809857275446822,LMR_seasonal_point
1879,1,-0.4955781605325382,LMR_seasonal_point
1879,4,0.30026340845278077,LMR_seasonal_point
1879,7,-0.42262079289980703,LMR_seasonal_point
1879,10,0.06231771572477082,LMR_seasonal_point
1880,1,-0.8472058778786639,LMR_seasonal_point
1880,4,-0.4095499138153478,LMR_seasonal_point
1880,7,-0.28340530999992164,LMR_seasonal_point
1880,10,0.07606360820832594,LMR_seasonal_point
1881,1,0.6836117375038748,LMR_seasonal_point
1881,4,0.8174655507230636,LMR_seasonal_point
1881,7,0.2716576569447092,LMR_seasonal_point
1881,10,-0.09420649401327102,LMR_seasonal_point
1882,1,-1.6078961579330686,LMR_seasonal_point
1882,4,-0.007571999923004863,LMR_seasonal_point
1882,7,-0.26002455539611663,LMR_seasonal_point
1882,10,-0.420098850746611,LMR_seasonal_point
1883,1,-0.3479065532485647,LMR_seasonal_point
1883,4,-0.338841189963886,LMR_seasonal_point
1883,7,0.4009505540485432,LMR_seasonal_point
1883,10,-0.232404581737573,LMR_seasonal_point
1884,1,-1.1013565681081112,LMR_seasonal_point
1884,4,-0.10554151031167308,LMR_seasonal_point
1884,7,0.5808776865994834,LMR_seasonal_point
1884,10,-0.6704794347180045,LMR_seasonal_point
1885,1,-1.7662001508323049,LMR_seasonal_point
1885,4,-0.4957803567076492,LMR_seasonal_point
1885,7,0.1906419774546117,LMR_seasonal_point
1885,10,-0.6027262893206392,LMR_seasonal_point
1886,1,-0.5205867699819813,LMR_seasonal_point
1886,4,-0.5236342636271859,LMR_seasonal_point
1886,7,0.06970276357038005,LMR_seasonal_point
1886,10,0.5181082153792429,LMR_seasonal_point
1887,1,-1.3644041047028743,LMR_seasonal_point
1887,4,-0.6660580338416132,LMR_seasonal_point
1887,7,-0.2532813905173111,LMR_seasonal_point
1887,10,-0.1605570536810998,LMR_seasonal_point
1888,1,0.1640869906254347,LMR_seasonal_point
1888,4,0.06588041792306437,LMR_seasonal_point
1888,7,0.44330173143164453,LMR_seasonal_point
1888,10,0.02270267180554003,LMR_seasonal_point
1889,1,0.009229880671835305,LMR_seasonal_point
1889,4,-0.680013861802125,LMR_seasonal_point
1889,7,0.1747461375776781,LMR_seasonal_point
1889,10,0.3997051165984612,LMR_seasonal_point
1890,1,-0.9902948888881661,LMR_seasonal_point
1890,4,-0.5560148434178879,LMR_seasonal_point
1890,7,0.28436466423963813,LMR_seasonal_point
1890,10,-0.23466287648083306,LMR_seasonal_point
1891,1,-0.8779969671898432,LMR_seasonal_point
1891,4,-0.08733686639264182,LMR_seasonal_point
1891,7,0.005976221513705221,LMR_seasonal_point
1891,10,0.2478142685673346,LMR_seasonal_point
1892,1,0.0048529751646325114,LMR_seasonal_point
1892,4,0.29353287596726985,LMR_seasonal_point
1892,7,-0.48245976268733526,LMR_seasonal_point
1892,10,-0.41122473229378265,LMR_seasonal_point
1893,1,1.210516506139792,LMR_seasonal_point
1893,4,-0.536955284442772,LMR_seasonal_point
1893,7,0.131618316616755,LMR_seasonal_point
1893,10,0.030776979933548,LMR_seasonal_point
1894,1,-1.6534224757826719,LMR_seasonal_point
1894,4,-0.7303281141842511,LMR_seasonal_point
1894,7,-0.49534108438115365,LMR_seasonal_point
1894,10,0.347106471310388,LMR_seasonal_point
1895,1,0.534948748116326,LMR_seasonal_point
1895,4,0.17009910021236235,LMR_seasonal_point
1895,7,-0.39824521731528717,LMR_seasonal_point
1895,10,-0.8816215603511054,LMR_seasonal_point
1896,1,-0.7957095739240566,LMR_seasonal_point
1896,4,-0.6806362721677237,LMR_seasonal_point
1896,7,-0.019288826056857583,LMR_seasonal_point
1896,10,0.5427556566961875,LMR_seasonal_point
1897,1,-0.7165573578868072,LMR_seasonal_point
1897,4,-0.4060470890613892,LMR_seasonal_point
1897,7,-0.34821292616715804,LMR_seasonal_point
1897,10,-0.45367013737976947,LMR_seasonal_point
1898,1,-1.203503617271629,LMR_seasonal_point
1898,4,-0.83586231397029,LMR_seasonal_point
1898,7,-0.4350342563767442,LMR_seasonal_point
1898,10,-0.4308636543956431,LMR_seasonal_point
1899,1,-0.642595654894244,LMR_seasonal_point
1899,4,0.7107506289975605,LMR_seasonal_point
1899,7,0.6128819196982244,LMR_seasonal_point
1899,10,-1.0484422383194412,LMR_seasonal_point
1900,1,-0.3632517455574509,LMR_seasonal_point
1900,4,-0.5801134940742907,LMR_seasonal_point
1900,7,0.12315954046199994,LMR_seasonal_point
1900,10,0.8245182931447962,LMR_seasonal_point
1901,1,-0.4238430968842847,LMR_seasonal_point
1901,4,-0.44970412241866553,LMR_seasonal_point
1901,7,-1.1796540021853037,LMR_seasonal_point
1901,10,0.012207466570961584,LMR_seasonal_point
1902,1,-0.5596961392131541,LMR_seasonal_point
1902,4,0.9745833947037154,LMR_seasonal_point
1902,7,0.28402641001937057,LMR_seasonal_point
1902,10,0.005992037939742456,LMR_seasonal_point
1903,1,-0.32990245485003955,LMR_seasonal_point
1903,4,-0.5854015980652058,LMR_seasonal_point
1903,7,0.46608590078939915,LMR_seasonal_point
1903,10,0.12729247801813923,LMR_seasonal_point
1904,1,-0.3502915728150827,LMR_seasonal_point
1904,4,0.043390592305729975,LMR_seasonal_point
1904,7,-0.8976807151520872,LMR_seasonal_point
1904,10,-0.6357767521658289,LMR_seasonal_point
1905,1,-0.9755550786146593,LMR_seasonal_point
1905,4,-1.1316417716376028,LMR_seasonal_point
1905,7,-0.5837321912583794,LMR_seasonal_point
1905,10,0.07055006809606437,LMR_seasonal_point
1906,1,-0.7562227245532593,LMR_seasonal_point
1906,4,-1.5842689199451265,LMR_seasonal_point
1906,7,-0.57645230403946,LMR_seasonal_point
1906,10,-0.7130112664575736,LMR_seasonal_point
1907,1,-0.7283665507204362,LMR_seasonal_point
1907,4,-1.2160369884330495,LMR_seasonal_point
1907,7,0.2275175541416511,LMR_seasonal_point
1907,10,-0.004364563289551482,LMR_seasonal_point
1908,1,-0.615784481841571,LMR_seasonal_point
1908,4,-0.1495085275098904,LMR_seasonal_point
1908,7,-0.7428702329036831,LMR_seasonal_point
1908,10,0.08468703091829421,LMR_seasonal_point
1909,1,-0.3920168236614282,LMR_seasonal_point
1909,4,-0.33575244120597536,LMR_seasonal_point
1909,7,-0.7141911792348952,LMR_seasonal_point
1909,10,0.06536634899672383,LMR_seasonal_point
1910,1,-1.7620862369513457,LMR_seasonal_point
1910,4,-1.078307715585554,LMR_seasonal_point
1910,7,-0.47206382519358236,LMR_seasonal_point
1910,10,0.3424621698185987,LMR_seasonal_point
1911,1,-1.5338935712555806,LMR_seasonal_point
1911,4,-0.547195857993205,LMR_seasonal_point
1911,7,0.22324743323592405,LMR_seasonal_point
1911,10,-0.29825497226265363,LMR_seasonal_point
1912,1,-0.5359802441185008,LMR_seasonal_point
1912,4,0.45821077672297306,LMR_seasonal_point
1912,7,0.22169671202204372,LMR_seasonal_point
1912,10,-0.38885956852002723,LMR_seasonal_point
1913,1,-1.9410497739125234,LMR_seasonal_point
1913,4,-0.6612298183627793,LMR_seasonal_point
1913,7,-0.21226292401156976,LMR_seasonal_point
1913,10,0.011488712067199786,LMR_seasonal_point
1914,1,-2.128435465782117,LMR_seasonal_point
1914,4,-0.6488951222468006,LMR_seasonal_point
1914,7,0.28624113034906173,LMR_seasonal_point
1914,10,-0.6478043740033815,LMR_seasonal_point
1915,1,-1.5885667807197579,LMR_seasonal_point
1915,4,-0.3621588179706682,LMR_seasonal_point
1915,7,-0.6344059275966181,LMR_seasonal_point
1915,10,0.18930632252729918,LMR_seasonal_point
1916,1,-0.033798057472723464,LMR_seasonal_point
1916,4,0.2982446399181781,LMR_seasonal_point
1916,7,-0.8485008343798869,LMR_seasonal_point
1916,10,-0.9546752610679708,LMR_seasonal_point
1917,1,0.7072692247835107,LMR_seasonal_point
1917,4,0.6721751181432927,LMR_seasonal_point
1917,7,-1.0447215937897352,LMR_seasonal_point
1917,10,-1.2666094589474661,LMR_seasonal_point
1918,1,-1.4937380008112933,LMR_seasonal_point
1918,4,0.03828034864653132,LMR_seasonal_point
1918,7,-0.4964668508121697,LMR_seasonal_point
1918,10,-1.2480941046069343,LMR_seasonal_point
1919,1,-0.8458232085078307,LMR_seasonal_point
1919,4,-0.17613074915572813,LMR_seasonal_point
1919,7,-0.4486114102666574,LMR_seasonal_point
1919,10,-0.3149472407588322,LMR_seasonal_point
1920,1,-0.6296560664521378,LMR_seasonal_point
1920,4,-1.1111714445817702,LMR_seasonal_point
1920,7,-1.0210289110122015,LMR_seasonal_point
1920,10,-0.4349601557517593,LMR_seasonal_point
1921,1,-1.040940134166548,LMR_seasonal_point
1921,4,0.22569353711991746,LMR_seasonal_point
1921,7,-0.9031942976997936,LMR_seasonal_point
1921,10,-0.7006444474374234,LMR_seasonal_point
1922,1,0.07475313782118137,LMR_seasonal_point
1922,4,0.03481921576877184,LMR_seasonal_point
1922,7,-0.8551956895216807,LMR_seasonal_point
1922,10,-0.0637956455256346,LMR_seasonal_point
1923,1,-0.09236602299191948,LMR_seasonal_point
1923,4,0.9048667098355951,LMR_seasonal_point
1923,7,-0.22586702994741037,LMR_seasonal_point
1923,10,-0.08508103343876616,LMR_seasonal_point
1924,1,-0.2786808547539791,LMR_seasonal_point
1924,4,-0.00021552105206304462,LMR_seasonal_point
1924,7,-0.2786690470469917,LMR_seasonal_point
1924,10,-0.44150892120180274,LMR_seasonal_point
1925,1,-1.7281922272817836,LMR_seasonal_point
1925,4,-0.022478014682334402,LMR_seasonal_point
1925,7,-0.16638232323269253,LMR_seasonal_point
1925,10,0.26084244632618114,LMR_seasonal_point
1926,1,0.23283041824471723,LMR_seasonal_point
1926,4,0.2535886663107425,LMR_seasonal_point
1926,7,0.00940701776548239,LMR_seasonal_point
1926,10,-0.23256670017771608,LMR_seasonal_point
1927,1,-0.04277916795093001,LMR_seasonal_point
1927,4,0.08872836780487522,LMR_seasonal_point
1927,7,0.6462509581456083,LMR_seasonal_point
1927,10,0.22109887455749092,LMR_seasonal_point
1928,1,0.2536910864850583,LMR_seasonal_point
1928,4,0.27154412946444273,LMR_seasonal_point
1928,7,-0.014949732313078418,LMR_seasonal_point
1928,10,0.515187111016274,LMR_seasonal_point
1929,1,1.2758121152189577,LMR_seasonal_point
1929,4,0.2058662128125411,LMR_seasonal_point
1929,7,0.2182540438429577,LMR_seasonal_point
1929,10,-0.2890246221529561,LMR_seasonal_point
1930,1,-1.5403657470424896,LMR_seasonal_point
1930,4,0.7370447636863886,LMR_seasonal_point
1930,7,0.25006172021603706,LMR_seasonal_point
1930,10,0.5617580746314926,LMR_seasonal_point
1931,1,0.7820671042092738,LMR_seasonal_point
1931,4,0.7712607676673782,LMR_seasonal_point
1931,7,0.8254840514164543,LMR_seasonal_point
1931,10,1.2639983044211536,LMR_seasonal_point
1932,1,0.7440067710472367,LMR_seasonal_point
1932,4,0.48851811678829193,LMR_seasonal_point
1932,7,0.31958243317972373,LMR_seasonal_point
1932,10,0.04506652974253625,LMR_seasonal_point
1933,1,-0.13102190333356173,LMR_seasonal_point
1933,4,0.3931780752747129,LMR_seasonal_point
1933,7,0.24408661205273058,LMR_seasonal_point
1933,10,0.40165874666016327,LMR_seasonal_point
1934,1,-0.6522926927394795,LMR_seasonal_point
1934,4,1.012989314481365,LMR_seasonal_point
1934,7,0.30133453743934246,LMR_seasonal_point
1934,10,-0.12323374124200875,LMR_seasonal_point
1935,1,0.6049932204896491,LMR_seasonal_point
1935,4,1.1151869203235083,LMR_seasonal_point
1935,7,0.2729359576144702,LMR_seasonal_point
1935,10,0.21214535671872656,LMR_seasonal_point
1936,1,0.19226200815999483,LMR_seasonal_point
1936,4,0.5493099499055043,LMR_seasonal_point
1936,7,0.21871950435593446,LMR_seasonal_point
1936,10,-0.5089032781257108,LMR_seasonal_point
1937,1,-0.6087792646975546,LMR_seasonal_point
1937,4,0.23714969246258327,LMR_seasonal_point
1937,7,-0.6028222906674654,LMR_seasonal_point
1937,10,0.07107359932115978,LMR_seasonal_point
1938,1,-0.3768555926742265,LMR_seasonal_point
1938,4,0.1548951911781652,LMR_seasonal_point
1938,7,-0.04349146010172267,LMR_seasonal_point
1938,10,0.1764619232353651,LMR_seasonal_point
1939,1,-0.3705119285783095,LMR_seasonal_point
1939,4,0.4900023405256007,LMR_seasonal_point
1939,7,-0.12088516720143527,LMR_seasonal_point
1939,10,1.99006630170584,LMR_seasonal_point
