site,range_m,dh_m,dhe_m,dRdt_myr,dRdt_err_myr,coherence,dt_days,vsr_per_year,vsr_err_per_year
x11n6,13.595951493116742,0.12961220352333236,2.0423004135765635e-06,0.13263169104723416,2.0898784999852545e-06,0.9756617235172733,356.9347337962963,-0.0001266442272784692,1.2750108068495297e-06
x11n6,15.115730986172467,0.12646691823165446,1.7471736772466235e-06,0.12941313217915554,1.7878763964129258e-06,0.961935538687035,356.9347337962963,-0.0001266442272784692,1.2750108068495297e-06
x11n6,17.324508964203297,0.12228817305774022,3.1804508649431317e-06,0.1251370376154832,3.2545436698336043e-06,0.9387293513532127,356.9347337962963,-0.0001266442272784692,1.2750108068495297e-06
x11n6,20.136315030984505,0.12094284260566993,1.9952664467151925e-06,0.12376036591308981,2.041748814724867e-06,0.9706918025327662,356.9347337962963,-0.0001266442272784692,1.2750108068495297e-06
x11n6,21.214653146544673,0.12016327174441675,1.6231242980355534e-06,0.12296263391865965,1.6609371230198764e-06,0.9748020423760868,356.9347337962963,-0.0001266442272784692,1.2750108068495297e-06
x11n6,22.29795949288337,0.11844917816073135,1.388306228734583e-06,0.12120860826029267,1.420648656554388e-06,0.9752967220219947,356.9347337962963,-0.0001266442272784692,1.2750108068495297e-06
x11n6,24.66489713834452,0.11451922920914472,1.3711317461511133e-06,0.11718710595565505,1.4030740717083182e-06,0.9769473116461863,356.9347337962963,-0.0001266442272784692,1.2750108068495297e-06
x11n6,26.248524800162482,0.1130436973471569,1.789751675568895e-06,0.11567719962947884,1.8314463054598975e-06,0.9824720238003312,356.9347337962963,-0.0001266442272784692,1.2750108068495297e-06
x11n6,27.578440322899766,0.11476001696485472,2.547451779708877e-06,0.11743350318026159,2.606798034594419e-06,0.9887541347594108,356.9347337962963,-0.0001266442272784692,1.2750108068495297e-06
x11n6,32.08138223030818,0.11188585848758607,1.780235694022187e-06,0.11449238738394492,1.8217086365506043e-06,0.9852958450519721,356.9347337962963,-0.0001266442272784692,1.2750108068495297e-06
x11n6,33.313338649315924,0.109806768007741,1.7913975396849148e-06,0.11236486174449063,1.8331305121550053e-06,0.9790143789171024,356.9347337962963,-0.0001266442272784692,1.2750108068495297e-06
x11n6,34.34656836643115,0.10907328222505501,1.4380560398300702e-06,0.11161428844142017,1.4715574552284812e-06,0.9770105958275911,356.9347337962963,-0.0001266442272784692,1.2750108068495297e-06
x11n6,37.96632919351066,0.10786617793882351,1.741987567884161e-06,0.11037906306602235,1.7825694697810097e-06,0.975886935841571,356.9347337962963,-0.0001266442272784692,1.2750108068495297e-06
x11n6,39.15565292408264,0.10808604542281955,1.6643892407594953e-06,0.11060405265354561,1.7031633871035548e-06,0.9698105802948779,356.9347337962963,-0.0001266442272784692,1.2750108068495297e-06
x11n6,40.55587962208969,0.1104301968345325,1.6293523313457245e-06,0.11300281416947247,1.6673102465944465e-06,0.9624804140085221,356.9347337962963,-0.0001266442272784692,1.2750108068495297e-06
x11n6,43.95131673415113,0.10474574912004089,1.284068567397751e-06,0.10718593973521531,1.3139826411785737e-06,0.9577253946986329,356.9347337962963,-0.0001266442272784692,1.2750108068495297e-06
x11n6,45.66515514049469,0.10455739619267555,1.3027667198868368e-06,0.10699319887755629,1.333116391833774e-06,0.964362349153051,356.9347337962963,-0.0001266442272784692,1.2750108068495297e-06
x11n6,46.8826928378473,0.10311082165027466,1.0834400157090778e-06,0.105512924469985,1.1086801823091359e-06,0.9713744212892725,356.9347337962963,-0.0001266442272784692,1.2750108068495297e-06
x11n6,49.46216775984806,0.10485158885386747,1.4540552194461319e-06,0.10729424514547617,1.4879293568717142e-06,0.9846051789105182,356.9347337962963,-0.0001266442272784692,1.2750108068495297e-06
x11n6,50.67007681926786,0.10426517174263836,1.7739887369207806e-06,0.10669416667287039,1.81531614833008e-06,0.9742650522754652,356.9347337962963,-0.0001266442272784692,1.2750108068495297e-06
x11n6,52.36736537630773,0.10310447177922513,1.657304094779121e-06,0.10550642667029997,1.6959131832867173e-06,0.9685677320452836,356.9347337962963,-0.0001266442272784692,1.2750108068495297e-06
x11n6,55.3939270421113,0.09826180727696017,1.3731573356604252e-06,0.10055094590035696,1.4051468500014455e-06,0.9519112396091182,356.9347337962963,-0.0001266442272784692,1.2750108068495297e-06
x11n6,56.86773710033732,0.09830619161581951,1.1649264752332787e-06,0.10059636423103033,1.1920649765673494e-06,0.9727026281794335,356.9347337962963,-0.0001266442272784692,1.2750108068495297e-06
x11n6,59.05426516277638,0.09582803972587704,1.4517747773171631e-06,0.09806048051869301,1.4855957888304453e-06,0.967220490737638,356.9347337962963,-0.0001266442272784692,1.2750108068495297e-06
x11n6,60.70633947747199,0.0948810193672948,1.7703642491757005e-06,0.09709139806966027,1.811607223354328e-06,0.9677440304917816,356.9347337962963,-0.0001266442272784692,1.2750108068495297e-06
x11n6,63.60531235381599,0.09645447853415891,1.3086759180129085e-06,0.0987015130466608,1.339163252537388e-06,0.9736161599236975,356.9347337962963,-0.0001266442272784692,1.2750108068495297e-06
x11n6,65.44775663590113,0.098745433795056,1.1330735203451683e-06,0.10104583913715613,1.1594699650111974e-06,0.9565661481388146,356.9347337962963,-0.0001266442272784692,1.2750108068495297e-06
x11n6,66.39505805356156,0.09809548884079708,1.101998689815299e-06,0.10038075285648457,1.1276712052482648e-06,0.952607505379251,356.9347337962963,-0.0001266442272784692,1.2750108068495297e-06
x11n6,68.80515194762884,0.095667129561832,1.296812877164655e-06,0.09789582173978305,1.3270238464791994e-06,0.9335170945204152,356.9347337962963,-0.0001266442272784692,1.2750108068495297e-06
x11n6,72.20416646390181,0.09492457910535108,1.3579834944023953e-06,0.09713597258936543,1.3896195140637264e-06,0.9754093926214651,356.9347337962963,-0.0001266442272784692,1.2750108068495297e-06
x11n6,73.06706484138788,0.09680520396629703,1.186689962015004e-06,0.09906040909111681,1.2143354725274363e-06,0.9684733618265765,356.9347337962963,-0.0001266442272784692,1.2750108068495297e-06
x11n6,74.39243483218512,0.09639032047144695,1.2510526177179487e-06,0.09863586033711275,1.2801975413305158e-06,0.9777016776880152,356.9347337962963,-0.0001266442272784692,1.2750108068495297e-06
x11n6,77.50794106166929,0.09608783414210013,1.440144408873557e-06,0.09832632718908076,1.4736944755879761e-06,0.9791392589158465,356.9347337962963,-0.0001266442272784692,1.2750108068495297e-06
x11n6,79.59760003878867,0.09355089604877985,1.1136738149867077e-06,0.09573028777108998,1.1396183178856432e-06,0.9898029591460517,356.9347337962963,-0.0001266442272784692,1.2750108068495297e-06
x11n6,80.43538058407057,0.09429486013228484,1.0543749604985037e-06,0.09649158348084087,1.0789380182368639e-06,0.9821985466455245,356.9347337962963,-0.0001266442272784692,1.2750108068495297e-06
x11n6,81.80631781015407,0.09337195418720902,1.45516835008554e-06,0.09554717722243698,1.4890684193600284e-06,0.9754405473770738,356.9347337962963,-0.0001266442272784692,1.2750108068495297e-06
x11n6,84.56856128653695,0.09371246385015138,1.8464938074432923e-06,0.09589561950785681,1.8895103202636556e-06,0.9608018970057374,356.9347337962963,-0.0001266442272784692,1.2750108068495297e-06
x11n6,87.76434916609298,0.0897585807990203,1.8397949808575859e-06,0.09184962552720428,1.8826554356621877e-06,0.9706312540299672,356.9347337962963,-0.0001266442272784692,1.2750108068495297e-06
x11n6,89.61144249121949,0.0898344193507935,1.5930100939616752e-06,0.09192723083823845,1.630121368775401e-06,0.9739118267892866,356.9347337962963,-0.0001266442272784692,1.2750108068495297e-06
x11n6,91.47672962397957,0.08792087292303073,1.2209730323904882e-06,0.08996910581827548,1.249417212321894e-06,0.9646631541079947,356.9347337962963,-0.0001266442272784692,1.2750108068495297e-06
x11n6,92.44081021107314,0.08887718460232208,1.1823137754087232e-06,0.09094769604160889,1.2098573368723722e-06,0.9622288758659266,356.9347337962963,-0.0001266442272784692,1.2750108068495297e-06
x11n6,95.08664764960027,0.08934615334282822,1.180790814085403e-06,0.09142759002852366,1.2082988961528983e-06,0.9668133142642833,356.9347337962963,-0.0001266442272784692,1.2750108068495297e-06
x11n6,96.80809227122509,0.0898665251506246,1.4588568994081148e-06,0.0919600845850946,1.4928428983123609e-06,0.9766625370934732,356.9347337962963,-0.0001266442272784692,1.2750108068495297e-06
x11n6,98.5998487373501,0.08513817999629253,1.3110508563084761e-06,0.08712158638333257,1.341593518158304e-06,0.9558680978716024,356.9347337962963,-0.0001266442272784692,1.2750108068495297e-06
x11n6,101.14188347986197,0.08035623778741705,1.313729654915673e-06,0.08222824251282945,1.3443347229182673e-06,0.9356870282461978,356.9347337962963,-0.0001266442272784692,1.2750108068495297e-06
x11n6,103.01330454781663,0.08209202442455237,1.1464744948746557e-06,0.08400446659298719,1.1731831329476321e-06,0.9469350688382111,356.9347337962963,-0.0001266442272784692,1.2750108068495297e-06
x11n6,105.25535260109311,0.08884920655893142,1.1300028936784194e-06,0.09091906621273302,1.156327804039354e-06,0.9542489755085057,356.9347337962963,-0.0001266442272784692,1.2750108068495297e-06
x11n6,106.30551700447857,0.08904228337477231,1.3694194528359616e-06,0.0911166410080908,1.401321888258119e-06,0.958347884618911,356.9347337962963,-0.0001266442272784692,1.2750108068495297e-06
x11n6,109.46974580488215,0.09011560391385627,1.24811792452768e-06,0.09221496596719704,1.2771944805850818e-06,0.9719556414838033,356.9347337962963,-0.0001266442272784692,1.2750108068495297e-06
x11n6,111.50522324817206,0.08823264190900604,1.2664110658858278e-06,0.0902881378746863,1.2959137848399507e-06,0.9824497979523685,356.9347337962963,-0.0001266442272784692,1.2750108068495297e-06
x11n6,113.05946454999808,0.08901257821204879,8.015474738853168e-07,0.09108624382435536,8.202205812889422e-07,0.9913196340581529,356.9347337962963,-0.0001266442272784692,1.2750108068495297e-06
x11n6,115.2487934627623,0.08866344211300821,8.310381823995875e-07,0.09072897413861121,8.503983148209907e-07,0.9894526875290302,356.9347337962963,-0.0001266442272784692,1.2750108068495297e-06
x11n6,116.54709431607742,0.08753371693003933,8.231131886664954e-07,0.0895729305149193,8.422886978884346e-07,0.988881135843853,356.9347337962963,-0.0001266442272784692,1.2750108068495297e-06
x11n6,117.92867895778573,0.08586767069753456,1.311469725109846e-06,0.08786807153425856,1.3420221450618086e-06,0.9664405926621645,356.9347337962963,-0.0001266442272784692,1.2750108068495297e-06
x11n6,120.51800297615516,0.08361575654624655,1.4485522727905167e-06,0.08556369606760152,1.482298211803298e-06,0.9536786299314024,356.9347337962963,-0.0001266442272784692,1.2750108068495297e-06
x11n6,123.04104386084207,0.08802804612203638,1.5577010874324132e-06,0.09007877575854853,1.593989792289003e-06,0.9330637883438223,356.9347337962963,-0.0001266442272784692,1.2750108068495297e-06
x11n6,123.7815446198419,0.08777563469194352,1.4759731559877135e-06,0.08982048407070728,1.5103579007028715e-06,0.9813278603930117,356.9347337962963,-0.0001266442272784692,1.2750108068495297e-06
x11n6,127.72467815781049,0.08529072864625606,1.9923607069579e-06,0.08727768885564333,2.038775381920884e-06,0.9757439828296538,356.9347337962963,-0.0001266442272784692,1.2750108068495297e-06
x11n6,130.08449163896634,0.08039084867895,1.7985921038020158e-06,0.08226365971080835,1.840492683148627e-06,0.9766315967756732,356.9347337962963,-0.0001266442272784692,1.2750108068495297e-06
x11n6,130.88777079188148,0.08202259728250985,1.429780053004902e-06,0.0839334220539441,1.463088668356039e-06,0.9733452144114846,356.9347337962963,-0.0001266442272784692,1.2750108068495297e-06
x11n6,132.8046863972359,0.08045824607398226,1.270362493952999e-06,0.08233262721720291,1.2999572666445485e-06,0.9568234786044513,356.9347337962963,-0.0001266442272784692,1.2750108068495297e-06
x11n6,134.88116690030958,0.07996880390769072,1.6008712370311083e-06,0.08183178284899971,1.6381656475587288e-06,0.9462484732259488,356.9347337962963,-0.0001266442272784692,1.2750108068495297e-06
x11n6,137.11157857803485,0.07508164895694475,1.4061032861979715e-06,0.07683077516679782,1.4388603199847462e-06,0.9643606794815575,356.9347337962963,-0.0001266442272784692,1.2750108068495297e-06
x11n6,139.04202171382582,0.0790734059523393,1.2572513092816549e-06,0.08091552541528425,1.2865406396038708e-06,0.950623885057307,356.9347337962963,-0.0001266442272784692,1.2750108068495297e-06
x11n6,140.32760168067762,0.0811394035462533,1.5551436130573338e-06,0.08302965315273146,1.591372738169437e-06,0.9452001019582436,356.9347337962963,-0.0001266442272784692,1.2750108068495297e-06
x11n6,142.96044546886634,0.0855337294970464,1.4449235756341403e-06,0.08752635073230401,1.4785849793524523e-06,0.9758908922914731,356.9347337962963,-0.0001266442272784692,1.2750108068495297e-06
x11n6,145.39080847054365,0.08057338472757877,1.8890292032754464e-06,0.0824504481778554,1.9330366343392164e-06,0.965768653691701,356.9347337962963,-0.0001266442272784692,1.2750108068495297e-06
x11n6,146.86932867914726,0.07906039019677623,1.449996162883165e-06,0.08090220644049899,1.4837757392233131e-06,0.972426356124767,356.9347337962963,-0.0001266442272784692,1.2750108068495297e-06
x11n6,149.1901250543948,0.07971793908850011,1.590576928168854e-06,0.08157507380240503,1.6276315191707523e-06,0.9498076474857808,356.9347337962963,-0.0001266442272784692,1.2750108068495297e-06
x11n6,150.21882054839435,0.08231391047777875,1.7709995236177745e-06,0.08423152177497795,1.8122572973538508e-06,0.9678622586722282,356.9347337962963,-0.0001266442272784692,1.2750108068495297e-06
x11n6,152.65194462920016,0.08334854754062258,1.990190965341898e-06,0.08529026207515668,2.0365550933072876e-06,0.963084630394909,356.9347337962963,-0.0001266442272784692,1.2750108068495297e-06
x11n6,155.00320223548988,0.07978474475772877,1.5242948199225016e-06,0.0816434357979616,1.559805281641298e-06,0.9508988338397691,356.9347337962963,-0.0001266442272784692,1.2750108068495297e-06
x11n6,155.99566173113993,0.07892950481748483,1.6708154181520297e-06,0.08076827191337206,1.7097392707886733e-06,0.947471790708637,356.9347337962963,-0.0001266442272784692,1.2750108068495297e-06
x11n6,159.7348571725916,0.07692938924958856,2.1170516253182656e-06,0.07872156101078158,2.166371139965309e-06,0.9535667889777937,356.9347337962963,-0.0001266442272784692,1.2750108068495297e-06
x11n6,161.79188662515443,0.0769282545697833,1.8279063074297396e-06,0.07872039989711113,1.8704897998795995e-06,0.9746416350821056,356.9347337962963,-0.0001266442272784692,1.2750108068495297e-06
x11n6,162.50754873955955,0.07818589362233672,1.6915123970651913e-06,0.08000733731297856,1.7309184131703347e-06,0.9775405474770852,356.9347337962963,-0.0001266442272784692,1.2750108068495297e-06
x11n6,163.92645975669984,0.08081535275081872,2.0021598167759758e-06,0.08269805316588336,2.0488027749486937e-06,0.9795214527688004,356.9347337962963,-0.0001266442272784692,1.2750108068495297e-06
x11n6,167.07897946142762,0.08125924706802438,1.552627160713122e-06,0.0831522885876787,1.5887976617431457e-06,0.9764722393470948,356.9347337962963,-0.0001266442272784692,1.2750108068495297e-06
x11n6,168.47935050408645,0.07974245709550193,1.8747766491986971e-06,0.081600162988773,1.918452048184865e-06,0.9736189167025383,356.9347337962963,-0.0001266442272784692,1.2750108068495297e-06
x11n6,170.45053739482645,0.0810015889073962,2.0678689318161927e-06,0.08288862793978236,2.1160426706382407e-06,0.975047886268487,356.9347337962963,-0.0001266442272784692,1.2750108068495297e-06
x11n6,172.61086904917175,0.07277656574679563,2.0293555890433932e-06,0.07447199199780687,2.076632108661963e-06,0.9600303889021852,356.9347337962963,-0.0001266442272784692,1.2750108068495297e-06
x11n6,174.9227646556102,0.0712911124964438,2.2407671265795854e-06,0.07295193315141664,2.292968757280651e-06,0.9582310334635615,356.9347337962963,-0.0001266442272784692,1.2750108068495297e-06
x11n6,177.5844858936322,0.07583967280180617,1.73919689308181e-06,0.0776064581786216,1.779713782522116e-06,0.9589302417737301,356.9347337962963,-0.0001266442272784692,1.2750108068495297e-06
x11n6,179.0925508110339,0.08212370814835665,1.4228331129730888e-06,0.08403688843099784,1.4559798901779314e-06,0.9597558779215214,356.9347337962963,-0.0001266442272784692,1.2750108068495297e-06
x11n6,181.13786897481148,0.08244713668597482,1.308660441497218e-06,0.08436785166371157,1.3391474154758167e-06,0.9682066215587829,356.9347337962963,-0.0001266442272784692,1.2750108068495297e-06
x11n6,182.3733584228902,0.08076749103575374,1.619451052579115e-06,0.08264907644893135,1.6571783044574616e-06,0.9556619087704474,356.9347337962963,-0.0001266442272784692,1.2750108068495297e-06
x11n6,184.7637968317361,0.07555035678919624,1.4898095833781003e-06,0.07731040216725542,1.5245166659499178e-06,0.9715222503428347,356.9347337962963,-0.0001266442272784692,1.2750108068495297e-06
x11n6,186.8357824875096,0.07355250799495736,2.3249663840877715e-06,0.07526601084580951,2.379129547736018e-06,0.9456646972552806,356.9347337962963,-0.0001266442272784692,1.2750108068495297e-06
x11n6,187.90144557893674,0.07453796211426977,2.488647380101333e-06,0.07627442242080709,2.5466237088060153e-06,0.9482507891362428,356.9347337962963,-0.0001266442272784692,1.2750108068495297e-06
x11n6,191.0572640499087,0.06980482713504078,3.5081502856102137e-06,0.07143102280884889,3.5898772814595334e-06,0.8481861821520527,356.9347337962963,-0.0001266442272784692,1.2750108068495297e-06
x11n6,193.16669507221994,0.0693749597767167,3.1184597540238425e-06,0.07099114112247461,3.1911083940831854e-06,0.9135644350477767,356.9347337962963,-0.0001266442272784692,1.2750108068495297e-06
x11n6,195.01053508369333,0.07118135403229288,3.152026747316902e-06,0.07283961771883112,3.2254573748335067e-06,0.8940581397379945,356.9347337962963,-0.0001266442272784692,1.2750108068495297e-06
x11n6,198.23953902836334,0.07441340721971618,2.3717060772093345e-06,0.07614696585542373,2.4269581037610358e-06,0.9762440238254695,356.9347337962963,-0.0001266442272784692,1.2750108068495297e-06
x11n6,199.0757383425883,0.0730803203848509,2.5596904309495765e-06,0.07478282300147436,2.619321801385399e-06,0.976601148398948,356.9347337962963,-0.0001266442272784692,1.2750108068495297e-06
x11n6,199.72189914243992,0.07171176722641018,2.5745218618955176e-06,0.07338238758908394,2.634498750110419e-06,0.9836202227593681,356.9347337962963,-0.0001266442272784692,1.2750108068495297e-06
x11n6,204.3779157825802,0.07228348427327863,3.216553908210409e-06,0.07396742353990815,3.291487781192906e-06,0.9805185342963787,356.9347337962963,-0.0001266442272784692,1.2750108068495297e-06
x11n6,205.2735139614578,0.07231828751341318,3.3874982014299555e-06,0.07400303756750347,3.466414447573524e-06,0.9813806919745296,356.9347337962963,-0.0001266442272784692,1.2750108068495297e-06
x11n6,206.19385531383642,0.07280348968246866,3.0822610592258334e-06,0.07449954316213314,3.15406640286437e-06,0.9810119564662381,356.9347337962963,-0.0001266442272784692,1.2750108068495297e-06
x11n6,209.40402098988966,0.06967331239973329,3.155584356660275e-06,0.07129644426402597,3.2290978633868244e-06,0.9650765193063162,356.9347337962963,-0.0001266442272784692,1.2750108068495297e-06
x11n6,210.8767396374726,0.06902005521136453,2.6242041846938442e-06,0.07062796858637488,2.685338488258304e-06,0.9729311648237269,356.9347337962963,-0.0001266442272784692,1.2750108068495297e-06
x11n6,212.62672140159523,0.06671506394840715,2.8662304079811145e-06,0.06826927950660698,2.933003032180571e-06,0.9728421414856978,356.9347337962963,-0.0001266442272784692,1.2750108068495297e-06
x11n6,215.24764857855016,0.06383620326637288,3.015676222347156e-06,0.06532335196145216,3.085930384239137e-06,0.9779303770933175,356.9347337962963,-0.0001266442272784692,1.2750108068495297e-06
x11n6,218.13338167270265,0.06850065502187055,2.7008245806859733e-06,0.07009646828323839,2.763743857605454e-06,0.9829212882096701,356.9347337962963,-0.0001266442272784692,1.2750108068495297e-06
x11n6,219.01636892217059,0.07077977628101983,2.5629985836774022e-06,0.07242868468328018,2.6227070219017304e-06,0.9644188114830141,356.9347337962963,-0.0001266442272784692,1.2750108068495297e-06
x11n6,219.83543239706512,0.07350028860189262,3.25459295803664e-06,0.07521257493299141,3.330413000941792e-06,0.9588667747074444,356.9347337962963,-0.0001266442272784692,1.2750108068495297e-06
x11n6,222.5224201947095,0.07619223171851368,5.205481991965942e-06,0.07796723042109244,5.326750572418763e-06,0.9256123011910339,356.9347337962963,-0.0001266442272784692,1.2750108068495297e-06
x11n6,224.91552781388316,0.07254779724462289,5.3989647835620954e-06,0.07423789403112852,5.5247408012733925e-06,0.9559571421826368,356.9347337962963,-0.0001266442272784692,1.2750108068495297e-06
x11n6,227.16118154700575,0.06656811547071231,3.976600062699213e-06,0.06811890766997684,4.069240215018712e-06,0.9600103541731663,356.9347337962963,-0.0001266442272784692,1.2750108068495297e-06
x11n6,229.85964421009183,0.0650638856240112,4.689112628822697e-06,0.06657963480161785,4.798351702737151e-06,0.9508029936588007,356.9347337962963,-0.0001266442272784692,1.2750108068495297e-06
x11n6,231.74319228456312,0.06575043917887716,3.3938778204679203e-06,0.06728218252861462,3.47294268826569e-06,0.9646350722412488,356.9347337962963,-0.0001266442272784692,1.2750108068495297e-06
x11n6,233.22401877857874,0.06884696850176807,3.4239868825759483e-06,0.07045084959319729,3.5037531807554283e-06,0.9634190023441783,356.9347337962963,-0.0001266442272784692,1.2750108068495297e-06
x11n6,234.28839227241434,0.06665838740516543,3.645064963149651e-06,0.06821128260840977,3.7299815673030604e-06,0.9694809012522115,356.9347337962963,-0.0001266442272784692,1.2750108068495297e-06
x11n6,236.11774979356122,0.06664733925728636,5.561191270375168e-06,0.0681999770793291,5.690746568429388e-06,0.9554527648907043,356.9347337962963,-0.0001266442272784692,1.2750108068495297e-06
x11n6,239.54241780936744,0.06251070037402225,3.871213332577468e-06,0.06396696972797815,3.961398361782498e-06,0.976827808913482,356.9347337962963,-0.0001266442272784692,1.2750108068495297e-06
x11n6,241.1906019569324,0.06445733898153082,4.027998475134437e-06,0.06595895785373528,4.121836021378873e-06,0.9668437628435924,356.9347337962963,-0.0001266442272784692,1.2750108068495297e-06
x11n6,242.5903697461989,0.06326518991492291,4.657659051919636e-06,0.06473903609956093,4.766165373203865e-06,0.9690354021369358,356.9347337962963,-0.0001266442272784692,1.2750108068495297e-06
x11n6,245.5479070115721,0.0647703100150419,4.795237735140657e-06,0.06627921996096736,4.906949133618608e-06,0.9476412775920908,356.9347337962963,-0.0001266442272784692,1.2750108068495297e-06
x11n6,247.28278542615686,0.0667601362034046,3.779522287553812e-06,0.06831540177933378,3.867571252723386e-06,0.9647856130121769,356.9347337962963,-0.0001266442272784692,1.2750108068495297e-06
x11n6,248.7988102709293,0.06676045809714755,2.965110693941324e-06,0.06831573117201675,3.034186865042234e-06,0.9687401882403852,356.9347337962963,-0.0001266442272784692,1.2750108068495297e-06
x11n6,250.54442244251956,0.06643835480762007,2.880093065012577e-06,0.0679861240607989,2.9471886381228367e-06,0.9835910876021545,356.9347337962963,-0.0001266442272784692,1.2750108068495297e-06
x11n6,252.19364608275382,0.06429327120346556,3.8096002775559937e-06,0.06579106790001468,3.898349949241519e-06,0.983138416861639,356.9347337962963,-0.0001266442272784692,1.2750108068495297e-06
x11n6,254.1705784374304,0.06413331217795243,5.751766280881243e-06,0.06562738241766536,5.885761275591703e-06,0.9776856903377417,356.9347337962963,-0.0001266442272784692,1.2750108068495297e-06
x11n6,257.34199345284344,0.06360716503530012,6.5773141021951295e-06,0.06508897798218267,6.730541324111672e-06,0.9786003938352991,356.9347337962963,-0.0001266442272784692,1.2750108068495297e-06
x11n6,259.8668086190346,0.06868017820244945,5.053319984627669e-06,0.07028017369349376,5.171043750084061e-06,0.9741229291038486,356.9347337962963,-0.0001266442272784692,1.2750108068495297e-06
x11n6,261.3858483698775,0.06715394026036273,3.480655745234415e-06,0.06871838002209017,3.5617422194400676e-06,0.9788763171773036,356.9347337962963,-0.0001266442272784692,1.2750108068495297e-06
x11n6,262.89556600017823,0.06880765823241672,2.976355997467991e-06,0.07041062353918492,3.0456941427717788e-06,0.9832323422326618,356.9347337962963,-0.0001266442272784692,1.2750108068495297e-06
x11n6,264.17171403476203,0.0661055173207341,3.7887985552774935e-06,0.06764553268491312,3.877063623359437e-06,0.9828780537794504,356.9347337962963,-0.0001266442272784692,1.2750108068495297e-06
x11n6,266.28618727367126,0.06690611868799316,5.1255685936868535e-06,0.06846478511877196,5.244975485945686e-06,0.974262431529903,356.9347337962963,-0.0001266442272784692,1.2750108068495297e-06
x11n6,268.49873773803967,0.06454691689586779,9.662705309447875e-06,0.06605062260393652,9.887810795936772e-06,0.9513467930761462,356.9347337962963,-0.0001266442272784692,1.2750108068495297e-06
x11n6,270.0624066056888,0.06348261471271477,9.600135510645256e-06,0.0649615260952776,9.823783351004222e-06,0.9657797031936751,356.9347337962963,-0.0001266442272784692,1.2750108068495297e-06
x11n6,273.9550631433615,0.05925552683535879,9.017140078349041e-06,0.06063596262101678,9.22720626986278e-06,0.9594103882782077,356.9347337962963,-0.0001266442272784692,1.2750108068495297e-06
x11n6,274.89440655162537,0.05849598140668679,8.185308051907808e-06,0.059858722578077235,8.375995617354372e-06,0.9606635855484664,356.9347337962963,-0.0001266442272784692,1.2750108068495297e-06
x11n6,277.9525241039189,0.06051404523187823,7.973529829785705e-06,0.061923799866329704,8.159283741747882e-06,0.9792039886211973,356.9347337962963,-0.0001266442272784692,1.2750108068495297e-06
x11n6,279.48424863896787,0.06403547125072989,7.709309268078625e-06,0.06552726215677636,7.888907812969296e-06,0.9668464683217953,356.9347337962963,-0.0001266442272784692,1.2750108068495297e-06
x11n6,280.4165800487036,0.0632246269018021,6.918993058724699e-06,0.06469752811745785,7.080180143357679e-06,0.9717603686087473,356.9347337962963,-0.0001266442272784692,1.2750108068495297e-06
x11n6,282.7359350293531,0.06730602504292275,8.70861583336523e-06,0.0688740078205934,8.911494544971784e-06,0.9553896141244745,356.9347337962963,-0.0001266442272784692,1.2750108068495297e-06
x11n6,284.83664957742775,0.06516517016493543,7.203997707199057e-06,0.0666832788997394,7.3718243516645924e-06,0.9693862133962984,356.9347337962963,-0.0001266442272784692,1.2750108068495297e-06
x11n6,286.45055826324136,0.06610837295335083,7.203458980251444e-06,0.06764845484326451,7.37127307436097e-06,0.970726978850432,356.9347337962963,-0.0001266442272784692,1.2750108068495297e-06
x11n6,289.04175734820564,0.06350898267866362,6.097096486698036e-06,0.06498850833783043,6.239136404801088e-06,0.9738649481417467,356.9347337962963,-0.0001266442272784692,1.2750108068495297e-06
x11n6,290.40201151551776,0.06586599645174795,7.562871887826572e-06,0.0674004318608305,7.73905898047213e-06,0.9709741947555285,356.9347337962963,-0.0001266442272784692,1.2750108068495297e-06
x11n6,293.30888208093825,0.06229856145746736,8.079179773038614e-06,0.06374988875508553,8.267394940012906e-06,0.9657945355245245,356.9347337962963,-0.0001266442272784692,1.2750108068495297e-06
x11n6,295.72266525338324,0.061648387611655864,6.583102905522356e-06,0.06308456825053026,6.736464985260536e-06,0.9628534188094832,356.9347337962963,-0.0001266442272784692,1.2750108068495297e-06
x11n6,296.9617463481723,0.05421861761402763,5.400259181405202e-06,0.05548171194464202,5.526065353824406e-06,0.9523164475342644,356.9347337962963,-0.0001266442272784692,1.2750108068495297e-06
x11n6,299.03171655225356,0.04960609110559715,5.712661138298769e-06,0.05076173053715671,5.845745127047302e-06,0.9460168302210531,356.9347337962963,-0.0001266442272784692,1.2750108068495297e-06
x11n6,301.34638881653615,0.0495695071155788,5.240512473187312e-06,0.05072429427475636,5.362597134982236e-06,0.9474858102162358,356.9347337962963,-0.0001266442272784692,1.2750108068495297e-06
x11n6,303.03804386981375,0.05469840481363758,4.778870206144292e-06,0.0559726764209587,4.8902003014095975e-06,0.952343690404708,356.9347337962963,-0.0001266442272784692,1.2750108068495297e-06
x11n6,304.58900209419926,0.060098984047515035,5.10123785187303e-06,0.06149906928330055,5.220077927355686e-06,0.9659339152457512,356.9347337962963,-0.0001266442272784692,1.2750108068495297e-06
x11n6,306.2032578915766,0.06052285861609725,7.616475802259044e-06,0.061932818569978294,7.793911668912457e-06,0.9900187071414893,356.9347337962963,-0.0001266442272784692,1.2750108068495297e-06
x11n6,307.38646171293703,0.06058424961073006,1.3226243386751217e-05,0.06199563974894047,1.3534366200874925e-05,0.9930452474283795,356.9347337962963,-0.0001266442272784692,1.2750108068495297e-06
x11n6,311.44217062830944,0.05691376143315774,1.1692772983560358e-05,0.05823964269984577,1.1965171578630311e-05,0.9834740495053025,356.9347337962963,-0.0001266442272784692,1.2750108068495297e-06
x11n6,313.9281915520433,0.054095828572524936,9.892719626341064e-06,0.05535606237018941,1.0123183600235451e-05,0.970450064054444,356.9347337962963,-0.0001266442272784692,1.2750108068495297e-06
x11n6,314.99838394896625,0.05609096528744002,8.861377238249575e-06,0.05739767843084049,9.067814728610314e-06,0.962106718646481,356.9347337962963,-0.0001266442272784692,1.2750108068495297e-06
x11n6,317.58599093464045,0.05849911730235138,8.851184978125386e-06,0.05986193152857446,9.057385026320581e-06,0.9645838967798527,356.9347337962963,-0.0001266442272784692,1.2750108068495297e-06
x11n6,319.0417377946627,0.061566233418097416,8.425052176104933e-06,0.06300050016649127,8.621324897673092e-06,0.9669339748132341,356.9347337962963,-0.0001266442272784692,1.2750108068495297e-06
x11n6,319.95653253559107,0.060472536722228194,8.680281585630626e-06,0.0618813243611066,8.882500213501173e-06,0.9699660277692157,356.9347337962963,-0.0001266442272784692,1.2750108068495297e-06
x11n6,323.1925384507053,0.05691632453895764,9.324449262742525e-06,0.05824226551658164,9.541674627721664e-06,0.9738677447320905,356.9347337962963,-0.0001266442272784692,1.2750108068495297e-06
x11n6,325.0676317540399,0.053984090310161555,9.744030557734962e-06,0.05524172101737639,9.971030623329112e-06,0.9752723592086706,356.9347337962963,-0.0001266442272784692,1.2750108068495297e-06
x11n6,325.65944085589985,0.054909481368869265,1.0789438676629028e-05,0.05618867028341752,1.1040792905539428e-05,0.9642912180825337,356.9347337962963,-0.0001266442272784692,1.2750108068495297e-06
x11n6,329.63183347764635,0.05654690842362428,9.543119854496978e-06,0.057864243364771355,9.765439439817245e-06,0.9722485053051501,356.9347337962963,-0.0001266442272784692,1.2750108068495297e-06
x11n6,331.6427589528838,0.05610453108150744,9.422247251087272e-06,0.05741156025800375,9.641750949414988e-06,0.9699423705562006,356.9347337962963,-0.0001266442272784692,1.2750108068495297e-06
x11n6,332.67692247224306,0.051702619358581864,7.705268200948942e-06,0.052907100185714616,7.884772603841795e-06,0.9614721059108894,356.9347337962963,-0.0001266442272784692,1.2750108068495297e-06
x11n6,334.79225813578125,0.0496837583428785,9.641989373815069e-06,0.050841207135344,9.866612255213637e-06,0.9466138494532647,356.9347337962963,-0.0001266442272784692,1.2750108068495297e-06
x11n6,337.74188864694406,0.056272433516106675,7.593395484056585e-06,0.05758337420164861,7.770293664203903e-06,0.9566636321402147,356.9347337962963,-0.0001266442272784692,1.2750108068495297e-06
x11n6,338.9190477704301,0.05889676275025521,7.878577479543942e-06,0.06026884065255386,8.062119351056792e-06,0.9645541786317379,356.9347337962963,-0.0001266442272784692,1.2750108068495297e-06
x11n6,340.38079212975714,0.05901996903801142,7.053764786559356e-06,0.06039491719356273,7.218091556651802e-06,0.9717586448564212,356.9347337962963,-0.0001266442272784692,1.2750108068495297e-06
x11n6,343.83369021602215,0.058336775472843654,7.281848217069263e-06,0.059695807731663345,7.4514884920178266e-06,0.9753142705885662,356.9347337962963,-0.0001266442272784692,1.2750108068495297e-06
x11n6,344.55176772499635,0.05908761498056957,7.842575840207388e-06,0.060464139037726156,8.025279005966753e-06,0.9896224126542492,356.9347337962963,-0.0001266442272784692,1.2750108068495297e-06
x11n6,345.4832275869196,0.05853458554376321,9.590529304872633e-06,0.05989822604953039,9.813953355976466e-06,0.9817652036021003,356.9347337962963,-0.0001266442272784692,1.2750108068495297e-06
x11n6,350.1337757417229,0.049345805045537844,1.3777165774036929e-05,0.05049538076944003,1.4098123053047642e-05,0.9562157648622265,356.9347337962963,-0.0001266442272784692,1.2750108068495297e-06
x11n6,351.75891825681913,0.047200008941852854,9.518194749817141e-06,0.04829959551050742,9.739933671893e-06,0.9518132636147717,356.9347337962963,-0.0001266442272784692,1.2750108068495297e-06
x11n6,353.1924887709001,0.04932538228493468,6.929529398906415e-06,0.0504744822336462,7.0909619415044745e-06,0.9639694902397522,356.9347337962963,-0.0001266442272784692,1.2750108068495297e-06
x11n6,354.8379929057195,0.05464104229766236,6.496876767174008e-06,0.05591397756938685,6.648230095097933e-06,0.9582412029035338,356.9347337962963,-0.0001266442272784692,1.2750108068495297e-06
x11n6,356.2183781970587,0.05861309778629937,9.049394680551036e-06,0.05997856733848631,9.260212285637646e-06,0.9749834288868245,356.9347337962963,-0.0001266442272784692,1.2750108068495297e-06
x11n6,358.11989354503066,0.05803562770881232,1.114909704024874e-05,0.05938764433259438,1.1408829985918022e-05,0.9648982231715685,356.9347337962963,-0.0001266442272784692,1.2750108068495297e-06
x11n6,361.1837211064876,0.05121973495058599,1.157951871510967e-05,0.052412966347450636,1.1849278902365239e-05,0.9781467711177056,356.9347337962963,-0.0001266442272784692,1.2750108068495297e-06
x11n6,363.0672728210401,0.05250085260262296,8.801484052584146e-06,0.05372392932779638,9.006526252054308e-06,0.9765236103402074,356.9347337962963,-0.0001266442272784692,1.2750108068495297e-06
x11n6,365.27869394131204,0.05775998222483436,8.242096793252035e-06,0.05910557732288608,8.434107327457139e-06,0.9689469188477686,356.9347337962963,-0.0001266442272784692,1.2750108068495297e-06
x11n6,366.3872460846072,0.058110629077209375,7.760372552387447e-06,0.05946439295695958,7.941160683950582e-06,0.9621289727435423,356.9347337962963,-0.0001266442272784692,1.2750108068495297e-06
x11n6,368.2643522677975,0.05806028686650853,1.0841916004278686e-05,0.05941287795794864,1.1094492761869399e-05,0.9433222812283033,356.9347337962963,-0.0001266442272784692,1.2750108068495297e-06
x11n6,371.35279394845327,0.05299110560107346,1.1124736779200437e-05,0.05422560341756495,1.1383902220403975e-05,0.9601317185294831,356.9347337962963,-0.0001266442272784692,1.2750108068495297e-06
x11n6,373.2745693220765,0.05033250622403587,9.581290678402696e-06,0.05150506845551454,9.804499503496897e-06,0.9634338454899312,356.9347337962963,-0.0001266442272784692,1.2750108068495297e-06
x11n6,374.04211322374493,0.049670997645157554,9.479320207482303e-06,0.050828149160310296,9.700153495733671e-06,0.960822981190226,356.9347337962963,-0.0001266442272784692,1.2750108068495297e-06
x11n6,376.0274491032171,0.0467711688223859,1.2725434949999112e-05,0.04786076499387662,1.3021890769923734e-05,0.9551147786223333,356.9347337962963,-0.0001266442272784692,1.2750108068495297e-06
x11n6,379.46503731193144,0.04899312660308361,1.1251415763788096e-05,0.05013448621671229,1.151353235930508e-05,0.9666136691406648,356.9347337962963,-0.0001266442272784692,1.2750108068495297e-06
x11n6,382.0542277923403,0.0507297525075303,7.825217598638691e-06,0.05191156911602226,8.007516381227115e-06,0.9870190777815387,356.9347337962963,-0.0001266442272784692,1.2750108068495297e-06
x11n6,383.69655282558335,0.05458590270565903,5.490154005407007e-06,0.05585755342773771,5.618054396519807e-06,0.974006358426773,356.9347337962963,-0.0001266442272784692,1.2750108068495297e-06
x11n6,385.22989554591095,0.05246790631025116,5.427577743673854e-06,0.05369021550801534,5.5540203380942176e-06,0.971053346889677,356.9347337962963,-0.0001266442272784692,1.2750108068495297e-06
x11n6,386.2748123320183,0.051467794193665525,6.4168759972091794e-06,0.05266680445833202,6.566365601500261e-06,0.9536703394719501,356.9347337962963,-0.0001266442272784692,1.2750108068495297e-06
x11n6,387.72481236238497,0.04757979256123783,8.595897670743167e-06,0.0486882266910737,8.796150463828913e-06,0.9624230980384172,356.9347337962963,-0.0001266442272784692,1.2750108068495297e-06
x11n6,390.45678441761345,0.044841748729928924,1.274607736607376e-05,0.0458863965112282,1.304301407835347e-05,0.940315751811013,356.9347337962963,-0.0001266442272784692,1.2750108068495297e-06
x11n6,392.9043182676324,0.04778840967806986,1.6699860149629095e-05,0.048901703819265945,1.70889054555646e-05,0.9590550526115342,356.9347337962963,-0.0001266442272784692,1.2750108068495297e-06
x11n6,395.773577375364,0.05230767432662535,1.1728825418544308e-05,0.05352625070863348,1.2002063902719462e-05,0.9418007515893042,356.9347337962963,-0.0001266442272784692,1.2750108068495297e-06
x11n6,396.6805231887612,0.05116638170911559,1.2569740641091283e-05,0.05235837017173022,1.2862569356387555e-05,0.9447118712977018,356.9347337962963,-0.0001266442272784692,1.2750108068495297e-06
x11n6,397.62875781493454,0.051831825138488656,1.3900615143350641e-05,0.0530393159849702,1.4224448338520045e-05,0.9458980879997531,356.9347337962963,-0.0001266442272784692,1.2750108068495297e-06
x11n6,402.9517566502411,0.048235487024503684,1.4592710854761182e-05,0.049359196423160716,1.4932667333920383e-05,0.9889724546792484,356.9347337962963,-0.0001266442272784692,1.2750108068495297e-06
x11n6,403.8576710014676,0.0514464008197991,8.409240998309998e-06,0.05264491269755659,8.605145377601795e-06,0.9779585610649996,356.9347337962963,-0.0001266442272784692,1.2750108068495297e-06
x11n6,404.52976810902476,0.052223743627480036,7.456795218792444e-06,0.05344036473296287,7.630511115285024e-06,0.9782125735142569,356.9347337962963,-0.0001266442272784692,1.2750108068495297e-06
x11n6,406.1693925909572,0.05226113952817826,9.455016412727168e-06,0.053478631820575086,9.675283511969696e-06,0.9679402750807933,356.9347337962963,-0.0001266442272784692,1.2750108068495297e-06
x11n6,408.6913010445933,0.050257419774723214,8.54876336751484e-06,0.05142823276816141,8.74791810473334e-06,0.9743727850650145,356.9347337962963,-0.0001266442272784692,1.2750108068495297e-06
x11n6,410.58822478136136,0.04602466829356803,9.048100693289224e-06,0.04709687374896815,9.258888153232962e-06,0.9707198748126679,356.9347337962963,-0.0001266442272784692,1.2750108068495297e-06
x11n6,413.56770045730724,0.049766703348456176,9.274946075005126e-06,0.050926084454413025,9.491018197822624e-06,0.9699849083264748,356.9347337962963,-0.0001266442272784692,1.2750108068495297e-06
x11n6,415.095776744422,0.04761828872360394,8.829943467117394e-06,0.048727619672403015,9.035648666249508e-06,0.9771535152969234,356.9347337962963,-0.0001266442272784692,1.2750108068495297e-06
x11n6,416.6966605894948,0.04825590138723606,7.9574312771912e-06,0.04938008636544427,8.142810152101383e-06,0.9812215953038727,356.9347337962963,-0.0001266442272784692,1.2750108068495297e-06
x11n6,419.57098511831373,0.04654285856391125,9.135623779439495e-06,0.047627135946288736,9.348450205310053e-06,0.9798445549157999,356.9347337962963,-0.0001266442272784692,1.2750108068495297e-06
x11n6,420.43425109650764,0.048722852241311364,1.109483969770765e-05,0.049857915456597776,1.1353308646897978e-05,0.9715442506062483,356.9347337962963,-0.0001266442272784692,1.2750108068495297e-06
x11n6,421.96712054878276,0.05043100561165831,1.6117256179258703e-05,0.051605862516508415,1.649272895597174e-05,0.9637659141604733,356.9347337962963,-0.0001266442272784692,1.2750108068495297e-06
x11n6,425.91443205442295,0.04738077553112809,1.9359988273249425e-05,0.04848457329630751,1.9811004778369165e-05,0.9494072047691566,356.9347337962963,-0.0001266442272784692,1.2750108068495297e-06
x11n6,427.8312573557217,0.046026288747491845,1.171839827082727e-05,0.04709853195350706,1.1991393840820073e-05,0.9669986374473997,356.9347337962963,-0.0001266442272784692,1.2750108068495297e-06
x11n6,428.788848758363,0.04554802981059456,1.0507691854076878e-05,0.046609131342802056,1.07524824185138e-05,0.964037531123818,356.9347337962963,-0.0001266442272784692,1.2750108068495297e-06
x11n6,430.89497492660485,0.04861587730286403,1.0040541072444961e-05,0.0497484483956247,1.0274448742227102e-05,0.9702096122671842,356.9347337962963,-0.0001266442272784692,1.2750108068495297e-06
x11n6,433.49720165969853,0.04527797141890923,8.20487875793677e-06,0.046332781584082966,8.396022248836971e-06,0.9477555984459877,356.9347337962963,-0.0001266442272784692,1.2750108068495297e-06
x11n6,434.7576256618191,0.04653019177688794,8.056113792110793e-06,0.04761417406972644,8.243791606584743e-06,0.9554068811893839,356.9347337962963,-0.0001266442272784692,1.2750108068495297e-06
x11n6,436.62356960026585,0.043884709734428026,8.197698589551151e-06,0.04490706202789323,8.388674808942416e-06,0.9562696323582409,356.9347337962963,-0.0001266442272784692,1.2750108068495297e-06
x11n6,439.17046398156236,0.046141691587404825,8.294686321521993e-06,0.04721662325504531,8.487921998269097e-06,0.9748820943233631,356.9347337962963,-0.0001266442272784692,1.2750108068495297e-06
x11n6,440.55462779543916,0.04489672188896064,9.669836131101073e-06,0.04594265034262976,9.895107739501578e-06,0.9588212163567341,356.9347337962963,-0.0001266442272784692,1.2750108068495297e-06
x11n6,442.8797109581856,0.04633445101394327,1.0073859971305535e-05,0.047413873267097506,1.0308543848857352e-05,0.9585772385095465,356.9347337962963,-0.0001266442272784692,1.2750108068495297e-06
x11n6,445.6513064558594,0.045715588339481805,1.013824702157741e-05,0.046780593368996995,1.0374430880533074e-05,0.9590496362697437,356.9347337962963,-0.0001266442272784692,1.2750108068495297e-06
x11n6,446.8161672533726,0.0452400818223624,9.949187388815454e-06,0.04629400929932509,1.0180966853841535e-05,0.9728827694272949,356.9347337962963,-0.0001266442272784692,1.2750108068495297e-06
x11n6,449.310679001914,0.04387035961961364,1.1871322606713677e-05,0.044892377608194964,1.2147880751153623e-05,0.9730329402130934,356.9347337962963,-0.0001266442272784692,1.2750108068495297e-06
x11n6,451.8357687026935,0.042762450172016825,1.0804511213019723e-05,0.04375865794625341,1.1056216576579084e-05,0.9612210289728753,356.9347337962963,-0.0001266442272784692,1.2750108068495297e-06
x11n6,452.94638956332085,0.041493894626391956,9.640780398558763e-06,0.04246054972318562,9.865375115281444e-06,0.9568238709836737,356.9347337962963,-0.0001266442272784692,1.2750108068495297e-06
x11n6,454.0376140800918,0.04025624076698975,1.0902262896010991e-05,0.041194063081948167,1.115624551417454e-05,0.9397361683546599,356.9347337962963,-0.0001266442272784692,1.2750108068495297e-06
x11n6,457.30780502126765,0.03839241542692198,1.3509535277939886e-05,0.039286817468109234,1.3824257750952296e-05,0.9553672563429173,356.9347337962963,-0.0001266442272784692,1.2750108068495297e-06
x11n6,460.1007166541646,0.045070560303343325,1.0700300735447022e-05,0.046120538552549696,1.0949578378249103e-05,0.9685377494569467,356.9347337962963,-0.0001266442272784692,1.2750108068495297e-06
x11n6,461.223422404055,0.045992773995934676,7.971985389444077e-06,0.04706423643153288,8.157703321627991e-06,0.976262022476156,356.9347337962963,-0.0001266442272784692,1.2750108068495297e-06
x11n6,462.750719294283,0.0480043833662223,8.684569718380831e-06,0.04912270889982697,8.886888243969248e-06,0.9750623086622404,356.9347337962963,-0.0001266442272784692,1.2750108068495297e-06
x11n6,464.95387180142905,0.04223651738509635,9.9650986611701e-06,0.04322047286020254,1.0197248800307555e-05,0.9537132988810826,356.9347337962963,-0.0001266442272784692,1.2750108068495297e-06
x11n6,466.6495078665289,0.04105800715803603,1.2495875590258018e-05,0.042014507680362564,1.2786983521605093e-05,0.9482161329055439,356.9347337962963,-0.0001266442272784692,1.2750108068495297e-06
x11n6,468.46212262100113,0.03841745045901954,1.4955121278850183e-05,0.03931243572435564,1.5303520587652904e-05,0.9505166602251259,356.9347337962963,-0.0001266442272784692,1.2750108068495297e-06
x11n6,471.1373847457412,0.042985685543480534,1.4523128441155389e-05,0.04398709388063252,1.4861463906057797e-05,0.9633600043397247,356.9347337962963,-0.0001266442272784692,1.2750108068495297e-06
x11n6,474.2638845956566,0.04336347133973803,1.185975339162611e-05,0.044373680696142045,1.2136042015915417e-05,0.9892439721036843,356.9347337962963,-0.0001266442272784692,1.2750108068495297e-06
x11n6,475.2374063395237,0.04435897643416935,1.0841031368636292e-05,0.0453923773970032,1.109358751747094e-05,0.990339729565509,356.9347337962963,-0.0001266442272784692,1.2750108068495297e-06
x11n6,476.5369882908486,0.04243753713081528,8.470211481069873e-06,0.04342617562648401,8.66753624831138e-06,0.9820721472266741,356.9347337962963,-0.0001266442272784692,1.2750108068495297e-06
x11n6,479.49528073624566,0.04222512899103398,8.608367725466316e-06,0.043208819158454204,8.808911024952198e-06,0.96507054106817,356.9347337962963,-0.0001266442272784692,1.2750108068495297e-06
x11n6,480.7450294483452,0.03926853066354419,7.68929801199859e-06,0.040183342966686485,7.868430368240131e-06,0.9615765478456029,356.9347337962963,-0.0001266442272784692,1.2750108068495297e-06
x11n6,482.37913911271346,0.03901406645377531,8.529818755425604e-06,0.039922950676954526,8.728532152875981e-06,0.9532020152467765,356.9347337962963,-0.0001266442272784692,1.2750108068495297e-06
x11n6,484.4391075456564,0.035423207442395646,1.0336330016355466e-05,0.0362484378606845,1.057712848038049e-05,0.9606845228037486,356.9347337962963,-0.0001266442272784692,1.2750108068495297e-06
x11n6,486.8630081125113,0.040260832716468714,1.0817943500392548e-05,0.041198762006957095,1.1069961786832912e-05,0.9645538679697269,356.9347337962963,-0.0001266442272784692,1.2750108068495297e-06
x11n6,488.8377579739938,0.04194902382211705,1.2815561335091257e-05,0.04292628175483895,1.311411676823101e-05,0.9790991228626837,356.9347337962963,-0.0001266442272784692,1.2750108068495297e-06
x11n6,490.98515421799954,0.04029372060133454,9.715108898020171e-06,0.04123241605855214,9.94143519534015e-06,0.9879257809149219,356.9347337962963,-0.0001266442272784692,1.2750108068495297e-06
x11n6,493.53495525072725,0.0403458896060056,9.23475761495724e-06,0.04128580040911237,9.449893494501184e-06,0.9876194594059229,356.9347337962963,-0.0001266442272784692,1.2750108068495297e-06
x11n6,495.83993202920306,0.039143704268521026,9.388129929896978e-06,0.040055608575871406,9.606838820151977e-06,0.9899182259233608,356.9347337962963,-0.0001266442272784692,1.2750108068495297e-06
x11n6,496.96621132150625,0.038556599245751846,9.563968360329984e-06,0.03945482616591737,9.786773639138545e-06,0.9719325968189473,356.9347337962963,-0.0001266442272784692,1.2750108068495297e-06
x11n6,498.1535505504404,0.037084391719538326,1.1670618355653131e-05,0.03794832162030941,1.194250082939543e-05,0.9707248972349464,356.9347337962963,-0.0001266442272784692,1.2750108068495297e-06
x11n6,501.60538833994514,0.03468449058798044,1.2769038676924015e-05,0.03549251162115764,1.3066510303276322e-05,0.9616259600192844,356.9347337962963,-0.0001266442272784692,1.2750108068495297e-06
x11n6,503.39431859798896,0.03170754488191519,1.3997605518581826e-05,0.03244621403174771,1.4323698232685312e-05,0.9646940792105648,356.9347337962963,-0.0001266442272784692,1.2750108068495297e-06
x11n6,504.7481446014878,0.034068495476467016,1.1703473208692244e-05,0.03486216608967266,1.1976121079643714e-05,0.9617859283961198,356.9347337962963,-0.0001266442272784692,1.2750108068495297e-06
x11n6,506.9794655498915,0.031276131241288946,1.2763925287523547e-05,0.0320047500403821,1.3061277790713991e-05,0.9373031774713917,356.9347337962963,-0.0001266442272784692,1.2750108068495297e-06
x11n6,508.4157456256173,0.03336747713896193,1.3870924619750787e-05,0.03414481660381438,1.4194066134946e-05,0.9468826371479537,356.9347337962963,-0.0001266442272784692,1.2750108068495297e-06
x11n6,512.121811586418,0.03491582613703818,1.3439600187850482e-05,0.03572923643746975,1.3752693430541459e-05,0.9602024620724009,356.9347337962963,-0.0001266442272784692,1.2750108068495297e-06
x11n6,513.4038856810162,0.03836991187519312,1.2084872063626803e-05,0.0392637896664113,1.2366405124805735e-05,0.9711411430933682,356.9347337962963,-0.0001266442272784692,1.2750108068495297e-06
x11n6,514.3652181352302,0.039285683613910154,1.164035287862738e-05,0.04020089551769359,1.1911530278095806e-05,0.978557419168909,356.9347337962963,-0.0001266442272784692,1.2750108068495297e-06
x11n6,516.4121065696303,0.03672731103212895,1.601687197937841e-05,0.03758292226651408,1.6390006173528262e-05,0.9690396091513647,356.9347337962963,-0.0001266442272784692,1.2750108068495297e-06
x11n6,518.8136563879375,0.03560403340426996,1.5494933704202786e-05,0.03643347640224679,1.5855908656650868e-05,0.9641700594833676,356.9347337962963,-0.0001266442272784692,1.2750108068495297e-06
x11n6,520.6795165837541,0.033591644427939965,1.4882023214987464e-05,0.03437420616595757,1.5228719607815804e-05,0.9690568335833748,356.9347337962963,-0.0001266442272784692,1.2750108068495297e-06
x11n6,523.5362428504693,0.03454664820812858,1.2263247190359598e-05,0.03535145802095065,1.2548935735783864e-05,0.963908079160517,356.9347337962963,-0.0001266442272784692,1.2750108068495297e-06
x11n6,524.7984707516553,0.03369058269810964,1.3165918830363474e-05,0.03447544933384747,1.3472636304245707e-05,0.9629091977286085,356.9347337962963,-0.0001266442272784692,1.2750108068495297e-06
x11n6,526.9106478318338,0.035707123422847264,1.3250628792233417e-05,0.03653896803900874,1.3559319696595677e-05,0.9676061342384333,356.9347337962963,-0.0001266442272784692,1.2750108068495297e-06
x11n6,529.9970563618466,0.03749211562738448,1.2955760221765514e-05,0.03836554399527109,1.3257581773200229e-05,0.9772939083292457,356.9347337962963,-0.0001266442272784692,1.2750108068495297e-06
x11n6,531.3230363370441,0.033258995931547304,1.0581445326225536e-05,0.03403380818334834,1.0827954075238784e-05,0.9551018050648107,356.9347337962963,-0.0001266442272784692,1.2750108068495297e-06
x11n6,532.9453171097845,0.03598102158541827,9.07398326859123e-06,0.03681924702114936,9.285373697322524e-06,0.9538377429040986,356.9347337962963,-0.0001266442272784692,1.2750108068495297e-06
x11n6,534.2463971335702,0.03431475045997619,1.2891663900922001e-05,0.0351141579083732,1.3191992243879012e-05,0.9334687458291241,356.9347337962963,-0.0001266442272784692,1.2750108068495297e-06
x11n6,536.6672458126449,0.04252237762158348,1.3280978263662373e-05,0.043512992588575376,1.3590376199059103e-05,0.9615157141209838,356.9347337962963,-0.0001266442272784692,1.2750108068495297e-06
x11n6,539.3907781697937,0.039294549815109665,1.4816096918910065e-05,0.04020996826876402,1.5161257471569873e-05,0.9579818747416978,356.9347337962963,-0.0001266442272784692,1.2750108068495297e-06
x11n6,540.6247756189733,0.037998276188785325,1.2298134903850265e-05,0.03888349623568591,1.2584636204653722e-05,0.9676953292842126,356.9347337962963,-0.0001266442272784692,1.2750108068495297e-06
x11n6,542.7777992655488,0.03206780798762215,1.6070434384952697e-05,0.03281486994247946,1.6444816386106717e-05,0.9383378379447171,356.9347337962963,-0.0001266442272784692,1.2750108068495297e-06
x11n6,545.620980442268,0.035307594442880556,1.3747648083437978e-05,0.03613013150359854,1.40679177088476e-05,0.9563429985800311,356.9347337962963,-0.0001266442272784692,1.2750108068495297e-06
x11n6,547.3115450857354,0.03615094740880702,1.524995631824588e-05,0.036993131491098875,1.5605224198825517e-05,0.9666255830526427,356.9347337962963,-0.0001266442272784692,1.2750108068495297e-06
x11n6,549.6960593046117,0.03589066038562515,1.0673863619908254e-05,0.036726780737822415,1.0922525375175306e-05,0.9816372176595742,356.9347337962963,-0.0001266442272784692,1.2750108068495297e-06
x11n6,550.8816664635402,0.03419424383950015,1.2873764657412527e-05,0.03499084392696059,1.3173676013843617e-05,0.9664215276330231,356.9347337962963,-0.0001266442272784692,1.2750108068495297e-06
x11n6,552.2326009913032,0.03202034323511686,1.0979876514158302e-05,0.03276629943585443,1.1235667244099216e-05,0.9651798112030873,356.9347337962963,-0.0001266442272784692,1.2750108068495297e-06
x11n6,555.4565920275867,0.032233506224702085,1.2368147432080466e-05,0.03298442833891164,1.2656279767229157e-05,0.9551890887707987,356.9347337962963,-0.0001266442272784692,1.2750108068495297e-06
x11n6,556.602784660503,0.032829639253837896,1.1944111270669222e-05,0.033594449074568364,1.2222365123203937e-05,0.9611309499265178,356.9347337962963,-0.0001266442272784692,1.2750108068495297e-06
x11n6,558.6009060967011,0.03658774026690692,1.4335557668160742e-05,0.03744010001591619,1.4669523424088917e-05,0.960100981640101,356.9347337962963,-0.0001266442272784692,1.2750108068495297e-06
x11n6,561.3541524529417,0.03385206277990618,2.0933106310245913e-05,0.03464069130749592,2.1420770678431115e-05,0.95726032670079,356.9347337962963,-0.0001266442272784692,1.2750108068495297e-06
x11n6,563.469711322152,0.031692666173550904,1.462832289246431e-05,0.032430988704214424,1.4969109001092205e-05,0.9725489843977201,356.9347337962963,-0.0001266442272784692,1.2750108068495297e-06
x11n6,564.9986644078489,0.03301743737161074,1.2914347894357797e-05,0.033786622197612415,1.3215204690911845e-05,0.9599714813449323,356.9347337962963,-0.0001266442272784692,1.2750108068495297e-06
x11n6,567.0878247810946,0.034743904609486266,9.634780794353068e-06,0.03555330977079187,9.859235742369138e-06,0.9676643003355105,356.9347337962963,-0.0001266442272784692,1.2750108068495297e-06
x11n6,569.1954243180977,0.03517780709140833,9.551665753356045e-06,0.03599732058429954,9.77418442668102e-06,0.9728595667827822,356.9347337962963,-0.0001266442272784692,1.2750108068495297e-06
x11n6,570.3951589665871,0.03436656127083737,1.0104279108457668e-05,0.03516717572052551,1.0339671639999016e-05,0.9767090844084734,356.9347337962963,-0.0001266442272784692,1.2750108068495297e-06
x11n6,572.5379492391728,0.031998605231031055,1.6338691947192058e-05,0.03274405501624333,1.671932336267864e-05,0.9735652056060711,356.9347337962963,-0.0001266442272784692,1.2750108068495297e-06
x11n6,574.8749690287729,0.03139497126573884,1.643351428187247e-05,0.03212635860021224,1.6816354708924105e-05,0.9717765684335689,356.9347337962963,-0.0001266442272784692,1.2750108068495297e-06
x11n6,577.666296179526,0.032329501180171374,1.4245608681096465e-05,0.03308265962369651,1.4577478956530943e-05,0.9704945021816767,356.9347337962963,-0.0001266442272784692,1.2750108068495297e-06
x11n6,579.2988509585838,0.030723189503799122,1.270944363422051e-05,0.03143892679457431,1.3005526915316443e-05,0.9605403688716307,356.9347337962963,-0.0001266442272784692,1.2750108068495297e-06
x11n6,581.0568512974598,0.0283167213163336,1.1651254105940544e-05,0.02897639675127119,1.1922685463901865e-05,0.9471575420515534,356.9347337962963,-0.0001266442272784692,1.2750108068495297e-06
x11n6,582.4563304521567,0.0240747215031182,1.5350135735698618e-05,0.02463557394790354,1.570773742816423e-05,0.943985946472987,356.9347337962963,-0.0001266442272784692,1.2750108068495297e-06
x11n6,583.5360142692606,0.02300515443765405,1.8946659105057954e-05,0.023541089904544142,1.9388046561116783e-05,0.945877779015486,356.9347337962963,-0.0001266442272784692,1.2750108068495297e-06
x11n6,586.699659239308,0.0217098595687266,2.1099327743629727e-05,0.022215619430309613,2.1590864459716312e-05,0.9094729682049278,356.9347337962963,-0.0001266442272784692,1.2750108068495297e-06
x11n6,590.8059229377495,0.030737282117778694,1.5198104767557264e-05,0.03145334771461561,1.555216469775767e-05,0.9824156927641042,356.9347337962963,-0.0001266442272784692,1.2750108068495297e-06
x11n6,591.3810131250135,0.03066561345168337,1.3985729784995853e-05,0.031380009432255405,1.4311545838195309e-05,0.9803130528603101,356.9347337962963,-0.0001266442272784692,1.2750108068495297e-06
x11n6,591.7202668695294,0.030714970209062123,1.4036195805812552e-05,0.03143051602050713,1.4363187531642323e-05,0.9811486542488591,356.9347337962963,-0.0001266442272784692,1.2750108068495297e-06
x11n6,594.4506816963839,0.03101901932809995,2.1995288190383137e-05,0.031741648365480726,2.2507697488814135e-05,0.9647157005018925,356.9347337962963,-0.0001266442272784692,1.2750108068495297e-06
x11n6,597.4201604110992,0.032074289356595426,1.8596070558680033e-05,0.03282150230350611,1.9029290591355615e-05,0.9830617799238434,356.9347337962963,-0.0001266442272784692,1.2750108068495297e-06
x11n6,600.4285733673348,0.028414650574310273,1.6531912156348468e-05,0.02907660740069595,1.6917044891888673e-05,0.9844314972688536,356.9347337962963,-0.0001266442272784692,1.2750108068495297e-06
x11n6,601.1494655570602,0.0280695588344318,1.6491566502027334e-05,0.028723476292803977,1.6875759332245702e-05,0.9588264464642061,356.9347337962963,-0.0001266442272784692,1.2750108068495297e-06
x11n6,602.4666241219896,0.025233659387773312,1.4003946364894432e-05,0.025821510821763115,1.4330186797390258e-05,0.9638008141963631,356.9347337962963,-0.0001266442272784692,1.2750108068495297e-06
x11n6,605.3365583988924,0.02268164850755533,1.437303780751461e-05,0.02321004747638978,1.4707876712807559e-05,0.9430994471155056,356.9347337962963,-0.0001266442272784692,1.2750108068495297e-06
x11n6,606.8771201154148,0.02217169855886448,1.2380663313286905e-05,0.02268821756990152,1.2669087222424204e-05,0.9729656887805803,356.9347337962963,-0.0001266442272784692,1.2750108068495297e-06
x11n6,608.9675766027863,0.025098229161954175,1.3667733824816249e-05,0.025682925569903963,1.3986141741989066e-05,0.9785099031985315,356.9347337962963,-0.0001266442272784692,1.2750108068495297e-06
x11n6,610.743071492272,0.026036381376162206,1.4224560955056196e-05,0.026642933279422756,1.4555940895904444e-05,0.9682445151656218,356.9347337962963,-0.0001266442272784692,1.2750108068495297e-06
x11n6,612.5823987228605,0.028132823674563944,1.801621416921363e-05,0.028788214970972104,1.8435925681193985e-05,0.9456369177167477,356.9347337962963,-0.0001266442272784692,1.2750108068495297e-06
x11n6,615.5908104920233,0.026650040455510886,1.8569070420395407e-05,0.02727088835778737,1.9001661449177236e-05,0.9710151360063373,356.9347337962963,-0.0001266442272784692,1.2750108068495297e-06
x11n6,617.1599148987259,0.025979001814919363,1.9569301359625675e-05,0.02658421698549125,2.002519408963568e-05,0.9597509904155935,356.9347337962963,-0.0001266442272784692,1.2750108068495297e-06
x11n6,619.6061392182244,0.028462926642619752,1.2680714699288931e-05,0.029126008123798734,1.2976128701889145e-05,0.974195216608391,356.9347337962963,-0.0001266442272784692,1.2750108068495297e-06
x11n6,620.8023080443947,0.02933330868512869,1.5282647661819436e-05,0.030016666865931182,1.5638677130439215e-05,0.9654224726451853,356.9347337962963,-0.0001266442272784692,1.2750108068495297e-06
x11n6,621.3250513971543,0.02966855873500654,1.5718054353240385e-05,0.030359727008651187,1.608422719599339e-05,0.9754643091756997,356.9347337962963,-0.0001266442272784692,1.2750108068495297e-06
x11n6,625.7858814658176,0.025445653118796707,1.9327533139367685e-05,0.02603844322683548,1.9777793559264132e-05,0.9654168294509805,356.9347337962963,-0.0001266442272784692,1.2750108068495297e-06
x11n6,627.105426251724,0.023297747461251486,1.9037622810149015e-05,0.023840499269198335,1.9481129385898617e-05,0.9669482125947415,356.9347337962963,-0.0001266442272784692,1.2750108068495297e-06
x11n6,628.2387452329164,0.024607821961902945,1.758073011782167e-05,0.02518109368620464,1.799029645346607e-05,0.970291706215964,356.9347337962963,-0.0001266442272784692,1.2750108068495297e-06
x11n6,630.965969300598,0.022163467655739885,1.717073028920455e-05,0.022679794917014016,1.7570745137152124e-05,0.9565484370167986,356.9347337962963,-0.0001266442272784692,1.2750108068495297e-06
x11n6,633.7664205227975,0.029261858468152366,2.0538438615178505e-05,0.029943552121750816,2.101690867797464e-05,0.9699518582061019,356.9347337962963,-0.0001266442272784692,1.2750108068495297e-06
x11n6,635.2548199815429,0.028847519595316742,1.8501821186650544e-05,0.029519560677450582,1.893284555568302e-05,0.9706474180979947,356.9347337962963,-0.0001266442272784692,1.2750108068495297e-06
x11n6,636.3986063444597,0.02820176587561607,1.6610206318168725e-05,0.02885876327168374,1.6997163019650286e-05,0.9610459439763531,356.9347337962963,-0.0001266442272784692,1.2750108068495297e-06
x11n6,638.9358003835116,0.023784056754960026,1.605763178702177e-05,0.024338137780412588,1.6431715534742276e-05,0.9633824411337952,356.9347337962963,-0.0001266442272784692,1.2750108068495297e-06
x11n6,640.45838030402,0.021085906123183756,1.9500221574806554e-05,0.021577130164889494,1.995450499996142e-05,0.9601453468311085,356.9347337962963,-0.0001266442272784692,1.2750108068495297e-06
x11n6,642.9186250168325,0.019786928163492215,1.9438878921457105e-05,0.02024789079742545,1.9891733288456672e-05,0.9818720362502639,356.9347337962963,-0.0001266442272784692,1.2750108068495297e-06
x11n6,645.69648935784,0.017720891089717153,1.841446835518692e-05,0.018133722660381647,1.8843457724600443e-05,0.9872138100148192,356.9347337962963,-0.0001266442272784692,1.2750108068495297e-06
x11n6,647.2301171153825,0.01879301486004228,1.5496491183339528e-05,0.019230822970419666,1.585750241932183e-05,0.9844600307383665,356.9347337962963,-0.0001266442272784692,1.2750108068495297e-06
x11n6,648.7630344488095,0.017677861847071905,1.840420765056708e-05,0.018089690994679018,1.8832957983310103e-05,0.9805526533626336,356.9347337962963,-0.0001266442272784692,1.2750108068495297e-06
x11n6,650.7963680349594,0.017790893380487848,1.8290706399951018e-05,0.01820535574700243,1.8716812571103806e-05,0.9678646071057276,356.9347337962963,-0.0001266442272784692,1.2750108068495297e-06
x11n6,653.0101240056512,0.015472612058245046,2.015624822001408e-05,0.015833066998459322,2.0625814652607325e-05,0.9692093288498644,356.9347337962963,-0.0001266442272784692,1.2750108068495297e-06
x11n6,655.1564525925236,0.018960635369007172,1.9885397680907533e-05,0.01940234842060005,2.0348654292346264e-05,0.9795734018603347,356.9347337962963,-0.0001266442272784692,1.2750108068495297e-06
x11n6,657.689818084063,0.020748405554776174,1.5568070119767086e-05,0.021231767074837236,1.5930748881643108e-05,0.9908545982519057,356.9347337962963,-0.0001266442272784692,1.2750108068495297e-06
x11n6,658.7056126474242,0.02219352387094352,1.4607482897836524e-05,0.0227105513314609,1.4947783511255897e-05,0.9897847125340801,356.9347337962963,-0.0001266442272784692,1.2750108068495297e-06
x11n6,661.2364619845781,0.02071070625155718,1.17139245049222e-05,0.021193189516541675,1.1986815852627535e-05,0.9921054572330064,356.9347337962963,-0.0001266442272784692,1.2750108068495297e-06
x11n6,663.0938659782234,0.02157052613801984,1.2192452136095034e-05,0.022073040043248095,1.2476491417196229e-05,0.988712078770569,356.9347337962963,-0.0001266442272784692,1.2750108068495297e-06
x11n6,664.6059215046466,0.020716598989924832,1.059794793313221e-05,0.021199219534035047,1.084484113217649e-05,0.9908284541051383,356.9347337962963,-0.0001266442272784692,1.2750108068495297e-06
x11n6,666.3182853236627,0.021913719868494157,1.7475447166935687e-05,0.0224242289250992,1.7882560797140024e-05,0.9870284060322547,356.9347337962963,-0.0001266442272784692,1.2750108068495297e-06
x11n6,668.8389872677351,0.020167008142270824,1.8327544350274437e-05,0.02063682524146898,1.8754508710150075e-05,0.9935129326586273,356.9347337962963,-0.0001266442272784692,1.2750108068495297e-06
x11n6,671.6223430293339,0.021560007689391085,1.9236334765741102e-05,0.022062276553461622,1.9684470599033202e-05,0.9815233413617815,356.9347337962963,-0.0001266442272784692,1.2750108068495297e-06
x11n6,673.6985553398347,0.022107724583741526,1.4015251854586295e-05,0.022622753236506064,1.4341755663401233e-05,0.9852590976703878,356.9347337962963,-0.0001266442272784692,1.2750108068495297e-06
x11n6,674.626747634469,0.022771562176352903,1.7510491369559553e-05,0.023302055802895363,1.7918421400764195e-05,0.967552449511876,356.9347337962963,-0.0001266442272784692,1.2750108068495297e-06
x11n6,675.3378305630382,0.021643895976778363,2.18095987220049e-05,0.022148119129336265,2.2317682138938278e-05,0.9588857777531559,356.9347337962963,-0.0001266442272784692,1.2750108068495297e-06
x11n6,680.0960838746724,0.019385373685066192,3.2966315913662664e-05,0.019836981576893252,3.373430979776009e-05,0.9282942718864778,356.9347337962963,-0.0001266442272784692,1.2750108068495297e-06
x11n6,682.1509863614491,0.016933036911101384,2.5270344474479564e-05,0.017327514377767056,2.5859050536032293e-05,0.9741255778667169,356.9347337962963,-0.0001266442272784692,1.2750108068495297e-06
x11n6,683.1571853382835,0.01569946342023129,1.8213247529144795e-05,0.016065203162637626,1.863754919356398e-05,0.9710328413779975,356.9347337962963,-0.0001266442272784692,1.2750108068495297e-06
x11n6,684.4275272429901,0.013544495510120288,2.1288542964738912e-05,0.013860032427930578,2.1784487699391197e-05,0.9690249255169308,356.9347337962963,-0.0001266442272784692,1.2750108068495297e-06
x11n6,686.6794156408869,0.014592434225124998,2.492566690800165e-05,0.014932384259831344,2.550634325025745e-05,0.9704119740416733,356.9347337962963,-0.0001266442272784692,1.2750108068495297e-06
x11n6,688.9876628547371,0.015212530545215198,1.7752710133676484e-05,0.01556692654296539,1.8166282971009135e-05,0.9682558435532526,356.9347337962963,-0.0001266442272784692,1.2750108068495297e-06
x11n6,691.0160854174057,0.020785775675746375,1.7673677608996937e-05,0.021270007782148607,1.8085409279249903e-05,0.9696649470540283,356.9347337962963,-0.0001266442272784692,1.2750108068495297e-06
x11n6,692.4280717508652,0.0201296351535663,2.5680422542894596e-05,0.020598581599615626,2.6278681914843614e-05,0.9418730308380255,356.9347337962963,-0.0001266442272784692,1.2750108068495297e-06
x11n6,694.3898882220687,0.019292092731431988,2.596823532906211e-05,0.01974152752020193,2.657319968012134e-05,0.9515164818682739,356.9347337962963,-0.0001266442272784692,1.2750108068495297e-06
x11n6,698.0705036168389,0.012117230313386906,2.466360892449101e-05,0.012399517202745515,2.5238180279791574e-05,0.9509446476469547,356.9347337962963,-0.0001266442272784692,1.2750108068495297e-06
x11n6,699.1937531061068,0.012635774677833831,1.9615277171327168e-05,0.012930141743259776,2.0072240968613712e-05,0.9526743695626788,356.9347337962963,-0.0001266442272784692,1.2750108068495297e-06
x11n6,702.2097801472794,0.01727188429316006,1.4373135699616802e-05,0.01767425565727381,1.4707976885435603e-05,0.9778858287789101,356.9347337962963,-0.0001266442272784692,1.2750108068495297e-06
x11n6,703.1356563963878,0.01829104470970956,1.579763161234193e-05,0.018717158762235148,1.616565831248268e-05,0.9765974878082817,356.9347337962963,-0.0001266442272784692,1.2750108068495297e-06
x11n6,704.0685477375696,0.018010723685638347,1.5070653237174192e-05,0.018430307289549825,1.5421744015586164e-05,0.9821669684789496,356.9347337962963,-0.0001266442272784692,1.2750108068495297e-06
x11n6,707.5694868971251,0.017418398292814788,2.1533864770665838e-05,0.01782418289412387,2.2035524600904812e-05,0.965585501692073,356.9347337962963,-0.0001266442272784692,1.2750108068495297e-06
x11n6,709.3265465078405,0.015545025768125614,1.825022389775036e-05,0.015907167681384095,1.8675386975529156e-05,0.9760927988112975,356.9347337962963,-0.0001266442272784692,1.2750108068495297e-06
x11n6,710.6301083251844,0.01544569765789412,1.85820197577365e-05,0.015805525591593088,1.901491245844027e-05,0.9755889361687634,356.9347337962963,-0.0001266442272784692,1.2750108068495297e-06
x11n6,712.3027017557233,0.012410745512825993,2.5461282907586042e-05,0.012699870226545966,2.6054437132204642e-05,0.9737026189172747,356.9347337962963,-0.0001266442272784692,1.2750108068495297e-06
x11n6,714.5349014234778,0.010181953602435718,2.9139590636486764e-05,0.010419155663937335,2.9818435899407076e-05,0.9668870838728434,356.9347337962963,-0.0001266442272784692,1.2750108068495297e-06
x11n6,717.7879802197824,0.013191044297864642,3.0666893357804745e-05,0.013498347102707925,3.138131915548088e-05,0.968728601590132,356.9347337962963,-0.0001266442272784692,1.2750108068495297e-06
x11n6,720.3842640664315,0.01917388641643089,1.785274631813688e-05,0.019620567432919445,1.826864963055371e-05,0.9884124293400073,356.9347337962963,-0.0001266442272784692,1.2750108068495297e-06
x11n6,720.7046503958064,0.018658935752476225,1.8336808218635286e-05,0.019093620312898386,1.8763988392563758e-05,0.9743063916344754,356.9347337962963,-0.0001266442272784692,1.2750108068495297e-06
x11n6,722.5137881394194,0.017326816189720845,1.7041967375614904e-05,0.017730467264940656,1.743898252136966e-05,0.9757568254597153,356.9347337962963,-0.0001266442272784692,1.2750108068495297e-06
x11n6,725.5228153159761,0.01289265134520303,3.2898068209117515e-05,0.013193002691979174,3.366447217276913e-05,0.9376829904901088,356.9347337962963,-0.0001266442272784692,1.2750108068495297e-06
x11n6,726.6270031566693,0.013178043886182702,2.4871675303044874e-05,0.013485043829259791,2.545109383952984e-05,0.9634837705695561,356.9347337962963,-0.0001266442272784692,1.2750108068495297e-06
x11n6,728.4531100471868,0.016230802190176724,3.4929990306818825e-05,0.016608920171230373,3.574373058029905e-05,0.9298775592741515,356.9347337962963,-0.0001266442272784692,1.2750108068495297e-06
x11n6,729.7943389638554,0.013800354321925919,4.289734965273732e-05,0.014121851808796269,4.3896700088605626e-05,0.9550210985620289,356.9347337962963,-0.0001266442272784692,1.2750108068495297e-06
x11n6,734.4130635313023,0.01710201486343578,4.62792683471287e-05,0.017500428894753686,4.73574050471525e-05,0.964447167750271,356.9347337962963,-0.0001266442272784692,1.2750108068495297e-06
x11n6,736.3947366844174,0.012177067077050307,3.0069505031441986e-05,0.01246074794287441,3.077001387878981e-05,0.9737966300062224,356.9347337962963,-0.0001266442272784692,1.2750108068495297e-06
x11n6,737.3383027662328,0.014160840041077979,2.065152979418304e-05,0.014490735519047433,2.113263446540944e-05,0.9737393600263766,356.9347337962963,-0.0001266442272784692,1.2750108068495297e-06
x11n6,737.9109860587561,0.013419549365612076,2.5606511566453446e-05,0.013732175497907988,2.620304908455555e-05,0.9702872554222051,356.9347337962963,-0.0001266442272784692,1.2750108068495297e-06
x11n6,740.1749891848692,0.016942332074222365,3.517759428947711e-05,0.01733702608399365,3.5997102824866176e-05,0.9780012303847204,356.9347337962963,-0.0001266442272784692,1.2750108068495297e-06
x11n6,743.6780368566988,0.01592404978918095,3.6410512959273066e-05,0.01629502156777406,3.7258743963999395e-05,0.9813145424470693,356.9347337962963,-0.0001266442272784692,1.2750108068495297e-06
x11n6,745.3318593935936,0.01400299210487313,2.518986958424662e-05,0.014329210306620996,2.5776700876908457e-05,0.976560276400865,356.9347337962963,-0.0001266442272784692,1.2750108068495297e-06
x11n6,746.7679665586313,0.014425314083441606,3.184931525310963e-05,0.014761370833649359,3.2591287131045245e-05,0.9478776907127063,356.9347337962963,-0.0001266442272784692,1.2750108068495297e-06
x11n6,748.8917518967141,0.012168390799291617,2.8841353729426698e-05,0.012451869539762288,2.951325116956833e-05,0.9562996142395872,356.9347337962963,-0.0001266442272784692,1.2750108068495297e-06
x11n6,752.025284599324,0.019152251533627648,2.6396249877370666e-05,0.01959842853693743,2.7011185392822865e-05,0.9565876842117517,356.9347337962963,-0.0001266442272784692,1.2750108068495297e-06
x11n6,752.8872421958497,0.017332755849154394,2.5863071501748268e-05,0.01773654529658815,2.6465585922508433e-05,0.969254016127212,356.9347337962963,-0.0001266442272784692,1.2750108068495297e-06
x11n6,754.2736194479694,0.019383262823035263,2.823905329076047e-05,0.019834821539542455,2.8896919346427832e-05,0.9706526259875576,356.9347337962963,-0.0001266442272784692,1.2750108068495297e-06
x11n6,757.6896894478002,0.009221723486689367,3.2358683582549436e-05,0.009436555718994702,3.3112521868693575e-05,0.9700887067723878,356.9347337962963,-0.0001266442272784692,1.2750108068495297e-06
x11n6,759.3116974989848,0.009025156990504709,2.7189384583760176e-05,0.009235409946579006,2.7822797220082286e-05,0.9701796052599841,356.9347337962963,-0.0001266442272784692,1.2750108068495297e-06
x11n6,760.5704418014233,0.006051506492908826,3.0694921936657734e-05,0.006192484331873346,3.1410000697109436e-05,0.9743789499285658,356.9347337962963,-0.0001266442272784692,1.2750108068495297e-06
x11n6,762.4059319892464,0.008006933909087717,3.614883887693532e-05,0.008193466013210493,3.6990973838191446e-05,0.9621942295248094,356.9347337962963,-0.0001266442272784692,1.2750108068495297e-06
x11n6,765.5650286759358,0.01802061626890545,3.432408696761841e-05,0.018440430333614154,3.5123711922296284e-05,0.9486213413324748,356.9347337962963,-0.0001266442272784692,1.2750108068495297e-06
x11n6,767.3237261862567,0.02007137743738086,3.111865437276805e-05,0.020538966692961916,3.184360454015156e-05,0.9702667753399213,356.9347337962963,-0.0001266442272784692,1.2750108068495297e-06
x11n6,768.7095336172013,0.01865611022422423,2.6289190111265253e-05,0.01909072896023269,2.6901631528019338e-05,0.9702251492319343,356.9347337962963,-0.0001266442272784692,1.2750108068495297e-06
x11n6,770.040706999132,0.012893725824614111,3.419849619953834e-05,0.01319410220280773,3.499519535134406e-05,0.9715070727874833,356.9347337962963,-0.0001266442272784692,1.2750108068495297e-06
x11n6,771.7178999250345,0.009638045842042905,4.1753767625016284e-05,0.009862576853658671,4.272647680665547e-05,0.966155255906831,356.9347337962963,-0.0001266442272784692,1.2750108068495297e-06
x11n6,774.5056874134136,0.0063365395142003286,5.684979102126557e-05,0.006484157573979664,5.817418201269127e-05,0.9658108940634236,356.9347337962963,-0.0001266442272784692,1.2750108068495297e-06
x11n6,777.2167476558308,0.00855824992224484,4.9604750246179704e-05,0.008757625661289351,5.0760358440647615e-05,0.9744516575205232,356.9347337962963,-0.0001266442272784692,1.2750108068495297e-06
x11n6,779.0345523264584,0.013902237953227958,4.447577866911734e-05,0.014226108953897499,4.551190069433269e-05,0.9668944325830274,356.9347337962963,-0.0001266442272784692,1.2750108068495297e-06
x11n6,781.4975690625199,0.01331353408723772,3.7725818448261626e-05,0.013623690453557187,3.860469123212726e-05,0.9612469847490566,356.9347337962963,-0.0001266442272784692,1.2750108068495297e-06
x11n6,783.394129698002,0.012011933919487705,3.9954607583149785e-05,0.012291767790233502,4.088540295457478e-05,0.9689354577889344,356.9347337962963,-0.0001266442272784692,1.2750108068495297e-06
x11n6,785.1885878906266,0.008550304587105971,3.083457578110871e-05,0.008749495229071095,3.155290796237667e-05,0.9686928093683163,356.9347337962963,-0.0001266442272784692,1.2750108068495297e-06
x11n6,787.0142756634709,0.0056263294896996335,2.9558827886260344e-05,0.005757402268633221,3.0247439834807742e-05,0.9706274157302486,356.9347337962963,-0.0001266442272784692,1.2750108068495297e-06
x11n6,789.1100658444865,0.004446273270567796,3.0296352151209834e-05,0.0045498550807938735,3.100214570192164e-05,0.9684107633653637,356.9347337962963,-0.0001266442272784692,1.2750108068495297e-06
x11n6,791.029562980435,0.006444341122480422,3.107954876716411e-05,0.006594470563151447,3.1803587917799e-05,0.9690251917071814,356.9347337962963,-0.0001266442272784692,1.2750108068495297e-06
x11n6,792.6261559997214,0.008862641705994885,3.53523949865654e-05,0.009069108653802357,3.6175975735138715e-05,0.9687115372478663,356.9347337962963,-0.0001266442272784692,1.2750108068495297e-06
x11n6,794.8825909520373,0.012748460103052557,3.7953239731369685e-05,0.013045452324338245,3.883741059449289e-05,0.9651783958195209,356.9347337962963,-0.0001266442272784692,1.2750108068495297e-06
x11n6,797.399426680457,0.008849865131455715,3.8926873859162054e-05,0.009056034432078967,3.983372681565145e-05,0.9472426680983599,356.9347337962963,-0.0001266442272784692,1.2750108068495297e-06
x11n6,798.9295680961187,0.010350782216950327,3.882500694815807e-05,0.010591917364082364,3.972948678036971e-05,0.9498228527994117,356.9347337962963,-0.0001266442272784692,1.2750108068495297e-06
x11n6,801.5575095353803,0.008295593619695793,3.62168265897735e-05,0.008488850433152574,3.706054541462513e-05,0.9714164248328201,356.9347337962963,-0.0001266442272784692,1.2750108068495297e-06
x11n6,803.8724434729507,0.0102802159162687,3.461397330806558e-05,0.010519707128194606,3.542035154804018e-05,0.9833284917784582,356.9347337962963,-0.0001266442272784692,1.2750108068495297e-06
x11n6,804.8764197725503,0.009351367486088212,3.514694528794493e-05,0.009569219946644378,3.596573981435004e-05,0.982027532729931,356.9347337962963,-0.0001266442272784692,1.2750108068495297e-06
x11n6,806.7994322848643,0.010524417693673157,3.7550058856089156e-05,0.010769597908641548,3.842483708804267e-05,0.9783661904489941,356.9347337962963,-0.0001266442272784692,1.2750108068495297e-06
x11n6,809.9202749499534,0.007874099297101608,3.2316217664199314e-05,0.008057536843437916,3.3069066650669784e-05,0.9762087173369884,356.9347337962963,-0.0001266442272784692,1.2750108068495297e-06
x11n6,811.1200837356547,0.006842010446877115,2.640763741655824e-05,0.007001404119858165,2.7022838219780952e-05,0.9773751013530921,356.9347337962963,-0.0001266442272784692,1.2750108068495297e-06
x11n6,813.0156073435913,0.004619461330135517,2.3012833807408595e-05,0.004727077785024196,2.3548948175363053e-05,0.9619194572403598,356.9347337962963,-0.0001266442272784692,1.2750108068495297e-06
x11n6,815.1983401895199,0.00723531389183842,2.192872575603387e-05,0.007403870088199874,2.2439584394614833e-05,0.9519606510259999,356.9347337962963,-0.0001266442272784692,1.2750108068495297e-06
x11n6,816.8911094647178,0.008387986242933548,2.0330679058397678e-05,0.008583395464617203,2.080430908782799e-05,0.9509088016799958,356.9347337962963,-0.0001266442272784692,1.2750108068495297e-06
x11n6,818.7832779425443,0.011692605816023431,2.1724212723070787e-05,0.01196500051670475,2.223030696034755e-05,0.9727656234265186,356.9347337962963,-0.0001266442272784692,1.2750108068495297e-06
x11n6,821.280792557707,0.011430106294530009,2.3726993025146883e-05,0.011696385722045427,2.4279744675621208e-05,0.9825949701937345,356.9347337962963,-0.0001266442272784692,1.2750108068495297e-06
x11n6,823.4290807422162,0.014050488407749176,1.9661053787599307e-05,0.014377813098624355,2.0119084011641687e-05,0.9833965103428857,356.9347337962963,-0.0001266442272784692,1.2750108068495297e-06
x11n6,825.065396000554,0.009716148862410472,1.8270711941207335e-05,0.009942499387074918,1.8696352315027137e-05,0.9660440860327731,356.9347337962963,-0.0001266442272784692,1.2750108068495297e-06
x11n6,826.3272976179356,0.00910891541678601,1.9754036452484343e-05,0.009321119636061635,2.021423283055333e-05,0.9458253253397352,356.9347337962963,-0.0001266442272784692,1.2750108068495297e-06
x11n6,828.2772284362359,0.0021820338213596126,3.358299046452634e-05,0.0022328671821175068,3.436535059703266e-05,0.931434327273624,356.9347337962963,-0.0001266442272784692,1.2750108068495297e-06
x11n6,831.6095786957949,0.007873614878173603,3.677389805420024e-05,0.008057041139330971,3.7630594594815e-05,0.9351485892296018,356.9347337962963,-0.0001266442272784692,1.2750108068495297e-06
x11n6,833.5139400193965,0.006607885327249464,3.01742819530241e-05,0.0067618247462441555,3.0877231717190794e-05,0.9619177029306092,356.9347337962963,-0.0001266442272784692,1.2750108068495297e-06
x11n6,834.526732989087,0.009260639932219315,2.745792678393304e-05,0.009476378774539431,2.8097595465604436e-05,0.9635627356522868,356.9347337962963,-0.0001266442272784692,1.2750108068495297e-06
x11n6,836.0934833959159,0.007496143762557683,3.913770988823622e-05,0.007670776335364322,4.004947454857813e-05,0.9575008506936619,356.9347337962963,-0.0001266442272784692,1.2750108068495297e-06
x11n6,840.1222118362317,0.008846114753498044,3.61092115465724e-05,0.009052196684111797,3.695042333681234e-05,0.9807087825213335,356.9347337962963,-0.0001266442272784692,1.2750108068495297e-06
x11n6,841.9771468468113,0.006512099220068729,2.8883356678899257e-05,0.006663807175144646,2.955623263324288e-05,0.972236040622922,356.9347337962963,-0.0001266442272784692,1.2750108068495297e-06
x11n6,842.6539126480658,0.008849390999431028,2.5394267249214195e-05,0.009055549254522345,2.5985860255530357e-05,0.9704537690533963,356.9347337962963,-0.0001266442272784692,1.2750108068495297e-06
x11n6,844.358205095139,0.00942693783729306,3.656479977088908e-05,0.009646550809023612,3.741662509073477e-05,0.9529737772922289,356.9347337962963,-0.0001266442272784692,1.2750108068495297e-06
x11n6,846.0890773021225,0.010741292238791411,6.117022882887677e-05,0.010991524832821613,6.259527012716596e-05,0.96178294063957,356.9347337962963,-0.0001266442272784692,1.2750108068495297e-06
x11n6,849.4423360611248,0.003875419775873493,5.139478697597585e-05,0.00396570279973263,5.259209644104959e-05,0.9716882905451084,356.9347337962963,-0.0001266442272784692,1.2750108068495297e-06
x11n6,851.99590201327,0.0033382405497266194,3.129201083775458e-05,0.00341600927379486,3.202099957302742e-05,0.9858356242898171,356.9347337962963,-0.0001266442272784692,1.2750108068495297e-06
x11n6,853.3926597924257,0.005088709552450335,2.1718054156592355e-05,0.00520725776464563,2.2224004921926344e-05,0.9855257965391155,356.9347337962963,-0.0001266442272784692,1.2750108068495297e-06
x11n6,854.25333054356,0.007083274168538996,2.4671678080350422e-05,0.007248288398672266,2.5246437417297653e-05,0.9714634111753871,356.9347337962963,-0.0001266442272784692,1.2750108068495297e-06
x11n6,856.6091304830812,0.0061850040704399655,3.6693167775869684e-05,0.006329091911849231,3.7547983597990394e-05,0.9536677001182148,356.9347337962963,-0.0001266442272784692,1.2750108068495297e-06
x11n6,859.9779272631577,0.0064693094394724865,3.0285375526897287e-05,0.006620020550075825,3.099091336264348e-05,0.9571708516253571,356.9347337962963,-0.0001266442272784692,1.2750108068495297e-06
x11n6,860.5655498816909,0.004479818482601589,3.0251828966386558e-05,0.004584181772861716,3.095658529068415e-05,0.9684766896732905,356.9347337962963,-0.0001266442272784692,1.2750108068495297e-06
x11n6,861.1507505952753,0.005107401348193195,3.764676037711168e-05,0.005226385010465803,3.852379139875885e-05,0.9673293241650752,356.9347337962963,-0.0001266442272784692,1.2750108068495297e-06
x11n0,13.32713240760337,-0.03792497342547073,3.473934321561036e-06,-0.039106008948793146,3.582117385881841e-06,0.8800303333616074,354.2191319444444,-9.095813002948984e-05,3.5226949659152026e-06
x11n0,14.862627868643088,-0.04225423281381666,2.641605312205222e-06,-0.04357008739343615,2.723868513218206e-06,0.9012430672569804,354.2191319444444,-9.095813002948984e-05,3.5226949659152026e-06
x11n0,16.428739767130075,-0.044699966159017085,2.3316451750789315e-06,-0.046091984218801764,2.404255793645696e-06,0.9386466047657277,354.2191319444444,-9.095813002948984e-05,3.5226949659152026e-06
x11n0,19.303842784286203,-0.04551351216546552,2.3604278580592774e-06,-0.04693086516016744,2.4339348087256046e-06,0.9337087120757959,354.2191319444444,-9.095813002948984e-05,3.5226949659152026e-06
x11n0,21.0999570077942,-0.0453744723887565,2.506302598628735e-06,-0.04678749549471715,2.584352288155685e-06,0.9390108349661157,354.2191319444444,-9.095813002948984e-05,3.5226949659152026e-06
x11n0,21.651951337227356,-0.047802063142822954,3.086145277818717e-06,-0.049290684743856394,3.182252061133948e-06,0.9069882759323691,354.2191319444444,-9.095813002948984e-05,3.5226949659152026e-06
x11n0,23.394838945285567,-0.04392427957583797,5.5881086718938744e-06,-0.04529214169490724,5.7621300159737165e-06,0.8646406680955958,354.2191319444444,-9.095813002948984e-05,3.5226949659152026e-06
x11n0,27.98020096242334,-0.053541549004002514,5.627294404563534e-06,-0.05520890604175237,5.802536045933268e-06,0.8240829082712744,354.2191319444444,-9.095813002948984e-05,3.5226949659152026e-06
x11n0,29.72757779246325,-0.05000839553453888,3.7597274531571684e-06,-0.05156572534273809,3.8768105063309625e-06,0.9355753716247355,354.2191319444444,-9.095813002948984e-05,3.5226949659152026e-06
x11n0,30.875045275800346,-0.04942043945786685,2.7881771026444637e-06,-0.050959459509987586,2.875004749604019e-06,0.9382129782150291,354.2191319444444,-9.095813002948984e-05,3.5226949659152026e-06
x11n0,33.26300479339624,-0.04682591629666943,2.2626911129328017e-06,-0.04828413935033007,2.3331544077306517e-06,0.9399510032669159,354.2191319444444,-9.095813002948984e-05,3.5226949659152026e-06
x11n0,35.29125969681088,-0.046852982456496606,1.925546679810085e-06,-0.048312048387379,1.9855108360181394e-06,0.9341829901394573,354.2191319444444,-9.095813002948984e-05,3.5226949659152026e-06
x11n0,36.971317577357375,-0.05084596417234859,1.7806070923010406e-06,-0.05242937701304927,1.8360576315933106e-06,0.9410377124518768,354.2191319444444,-9.095813002948984e-05,3.5226949659152026e-06
x11n0,38.37207866307592,-0.05481805170236161,2.220434101571444e-06,-0.056525160779367124,2.2895814552619054e-06,0.9512703660936711,354.2191319444444,-9.095813002948984e-05,3.5226949659152026e-06
x11n0,39.952065360353764,-0.057724857079503526,2.8635387471595876e-06,-0.059522488050124486,2.9527132587634458e-06,0.9449280845279905,354.2191319444444,-9.095813002948984e-05,3.5226949659152026e-06
x11n0,44.18899029042324,-0.054697929668272936,2.1637529583585903e-06,-0.05640129798090663,2.231135183755199e-06,0.9597911712881975,354.2191319444444,-9.095813002948984e-05,3.5226949659152026e-06
x11n0,45.21320002548353,-0.055429598239395736,1.7289037630057535e-06,-0.05715575171166817,1.7827441899352089e-06,0.9600900530203853,354.2191319444444,-9.095813002948984e-05,3.5226949659152026e-06
x11n0,46.727510702561446,-0.05916083023762632,1.211226238997962e-06,-0.06100317937564727,1.24894548006343e-06,0.9625256221478702,354.2191319444444,-9.095813002948984e-05,3.5226949659152026e-06
x11n0,49.99033782488019,-0.05876034858611433,1.892889702827768e-06,-0.06059022617797049,1.9518368761241213e-06,0.9605166710933506,354.2191319444444,-9.095813002948984e-05,3.5226949659152026e-06
x11n0,51.402752092688274,-0.06238431931564889,1.6618749272044248e-06,-0.06432705231069925,1.7136279845455035e-06,0.9447682024777934,354.2191319444444,-9.095813002948984e-05,3.5226949659152026e-06
x11n0,52.8995405659131,-0.06205848897206426,1.3354025204570621e-06,-0.06399107516474162,1.3769887807004205e-06,0.9417876133456973,354.2191319444444,-9.095813002948984e-05,3.5226949659152026e-06
x11n0,54.770333817175946,-0.06646959100754733,1.3906290460756883e-06,-0.06853954494844851,1.4339351358322683e-06,0.9465628162252868,354.2191319444444,-9.095813002948984e-05,3.5226949659152026e-06
x11n0,56.84001126789205,-0.06273200331305069,1.7162991733664625e-06,-0.06468556366313215,1.769747076141612e-06,0.9362646618110204,354.2191319444444,-9.095813002948984e-05,3.5226949659152026e-06
x11n0,59.38382913432089,-0.06341354940562713,1.8892513735164897e-06,-0.06538833403283817,1.948085244263782e-06,0.9367915174417234,354.2191319444444,-9.095813002948984e-05,3.5226949659152026e-06
x11n0,60.90045142831116,-0.059867835621769734,2.4388994439463707e-06,-0.0617322018740675,2.5148501070832216e-06,0.9093502294433647,354.2191319444444,-9.095813002948984e-05,3.5226949659152026e-06
x11n0,61.69728816803904,-0.0624816432591074,3.327705126746798e-06,-0.06442740705481792,3.4313344140171903e-06,0.9077284733103478,354.2191319444444,-9.095813002948984e-05,3.5226949659152026e-06
x11n0,66.20444092609566,-0.06494093161025961,2.461200489816382e-06,-0.066963281007553,2.537845638011515e-06,0.9298416121802291,354.2191319444444,-9.095813002948984e-05,3.5226949659152026e-06
x11n0,67.59948407358843,-0.06779095510398352,1.9627375827727033e-06,-0.06990205812941078,2.0238599145462493e-06,0.9412343363882819,354.2191319444444,-9.095813002948984e-05,3.5226949659152026e-06
x11n0,69.61124231339905,-0.0652071470338642,1.239071969010687e-06,-0.06723778674341715,1.2776583641793082e-06,0.9596877921539951,354.2191319444444,-9.095813002948984e-05,3.5226949659152026e-06
x11n0,71.42196129405338,-0.06317359620795426,1.62339734572994e-06,-0.06514090836452684,1.673952158577527e-06,0.9307078492947363,354.2191319444444,-9.095813002948984e-05,3.5226949659152026e-06
x11n0,72.7412097963957,-0.061349115900899046,1.2915949618603162e-06,-0.06325961124628865,1.3318169948354747e-06,0.9531411115814666,354.2191319444444,-9.095813002948984e-05,3.5226949659152026e-06
x11n0,75.03695275469723,-0.0634887294950103,1.3258943032376513e-06,-0.06546585533299061,1.3671844645972054e-06,0.9442465729525029,354.2191319444444,-9.095813002948984e-05,3.5226949659152026e-06
x11n0,76.99284577813856,-0.06951533701343696,1.3578260098881422e-06,-0.0716801396490918,1.4001105682496784e-06,0.9483159636407867,354.2191319444444,-9.095813002948984e-05,3.5226949659152026e-06
x11n0,79.93245571929543,-0.07753743201605882,1.3020567986496978e-06,-0.07995205365786755,1.3426046275258537e-06,0.970653175841275,354.2191319444444,-9.095813002948984e-05,3.5226949659152026e-06
x11n0,80.8251451855115,-0.07810139258809289,1.4494049423239344e-06,-0.08053357673315911,1.4945413938478264e-06,0.9535951181491663,354.2191319444444,-9.095813002948984e-05,3.5226949659152026e-06
x11n0,82.77674867961512,-0.07432334971905447,1.0280096961983626e-06,-0.0766378804438556,1.060023323628217e-06,0.9570326978838677,354.2191319444444,-9.095813002948984e-05,3.5226949659152026e-06
x11n0,84.99624500252098,-0.07024739683693501,1.6769622665333713e-06,-0.07243499681636248,1.729185164248496e-06,0.9183890525545989,354.2191319444444,-9.095813002948984e-05,3.5226949659152026e-06
x11n0,85.5434580090191,-0.0675473810707849,1.8520192651515006e-06,-0.06965089886780503,1.9096936771407357e-06,0.9352317504270861,354.2191319444444,-9.095813002948984e-05,3.5226949659152026e-06
x11n0,88.7424976552599,-0.07168424817685878,2.472706836703461e-06,-0.07391659367146818,2.5497103082720835e-06,0.8337596132001924,354.2191319444444,-9.095813002948984e-05,3.5226949659152026e-06
x11n0,92.17976255028375,-0.07227936976374048,2.136803667520547e-06,-0.07453024815821294,2.2033466551555094e-06,0.955538271331047,354.2191319444444,-9.095813002948984e-05,3.5226949659152026e-06
x11n0,93.93410121874676,-0.07311762261660666,1.975087318914972e-06,-0.0753946053509729,2.036594238356492e-06,0.9606981716232302,354.2191319444444,-9.095813002948984e-05,3.5226949659152026e-06
x11n0,95.20297466897016,-0.07580203974828423,1.8791278205149071e-06,-0.07816261890225394,1.937646429980854e-06,0.942159175961682,354.2191319444444,-9.095813002948984e-05,3.5226949659152026e-06
x11n0,96.47908907889484,-0.07598177861975224,1.654569196698944e-06,-0.07834795508791764,1.7060947436037201e-06,0.925754510448377,354.2191319444444,-9.095813002948984e-05,3.5226949659152026e-06
x11n0,99.21623488515847,-0.07620681562262757,1.53684678631347e-06,-0.07858000005073208,1.5847062964092923e-06,0.9476322529127673,354.2191319444444,-9.095813002948984e-05,3.5226949659152026e-06
x11n0,101.14967151203898,-0.07849697101039502,1.0203789604379435e-06,-0.08094147400836477,1.0521549563235108e-06,0.9684213244865723,354.2191319444444,-9.095813002948984e-05,3.5226949659152026e-06
x11n0,103.00773347736435,-0.07627353299055885,1.2044413030019175e-06,-0.07864879508871643,1.2419492518841346e-06,0.9536593507811871,354.2191319444444,-9.095813002948984e-05,3.5226949659152026e-06
x11n0,105.2155403521365,-0.0761688480517041,1.4798771522342693e-06,-0.07854085011774098,1.5259625500362373e-06,0.9352682779612795,354.2191319444444,-9.095813002948984e-05,3.5226949659152026e-06
x11n0,106.65584135072771,-0.07326250999899744,2.2421129548707108e-06,-0.0755440047245407,2.3119354176921423e-06,0.9081974335437891,354.2191319444444,-9.095813002948984e-05,3.5226949659152026e-06
x11n0,108.53997145028885,-0.07701803679636883,2.402452118286188e-06,-0.0794164837609216,2.477267761871361e-06,0.9134481250165745,354.2191319444444,-9.095813002948984e-05,3.5226949659152026e-06
x11n0,111.0392895638236,-0.08325452851271498,2.400681212673529e-06,-0.08584718835581821,2.47544170783675e-06,0.9199854459966534,354.2191319444444,-9.095813002948984e-05,3.5226949659152026e-06
x11n0,113.45785058264805,-0.07636874381257995,1.3381948674854567e-06,-0.07874697090590708,1.3798680852329636e-06,0.9644559658255183,354.2191319444444,-9.095813002948984e-05,3.5226949659152026e-06
x11n0,115.77023748692555,-0.07896028628148011,1.059220841623827e-06,-0.081419217550434,1.0922064267939681e-06,0.9719902458350572,354.2191319444444,-9.095813002948984e-05,3.5226949659152026e-06
x11n0,116.67760616977108,-0.0804632918296341,1.0483096815162728e-06,-0.08296902874625996,1.0809554782429758e-06,0.9503136608294688,354.2191319444444,-9.095813002948984e-05,3.5226949659152026e-06
x11n0,117.987328084676,-0.08481336594421558,1.569776901413123e-06,-0.08745457011617129,1.6186619003150534e-06,0.9537180910153055,354.2191319444444,-9.095813002948984e-05,3.5226949659152026e-06
x11n0,119.72555172107624,-0.09333145482881834,2.488318791766633e-06,-0.09623792393453343,2.5658084409605173e-06,0.9378488937011632,354.2191319444444,-9.095813002948984e-05,3.5226949659152026e-06
x11n0,122.90448070838544,-0.08315695144684926,1.9053643659657722e-06,-0.08574657260671452,1.964700017327546e-06,0.9009470065822748,354.2191319444444,-9.095813002948984e-05,3.5226949659152026e-06
x11n0,125.81014525384877,-0.08096935309034936,1.5596908817159992e-06,-0.08349084944651856,1.6082617881750008e-06,0.9564770040167062,354.2191319444444,-9.095813002948984e-05,3.5226949659152026e-06
x11n0,126.40328156114785,-0.07660309131772425,1.7998795812703702e-06,-0.07898861631276043,1.8559302922184054e-06,0.9480593966778733,354.2191319444444,-9.095813002948984e-05,3.5226949659152026e-06
x11n0,128.879652248374,-0.07585464691115781,1.2855653454589584e-06,-0.07821686432410369,1.3255996079357143e-06,0.9649602856002446,354.2191319444444,-9.095813002948984e-05,3.5226949659152026e-06
x11n0,131.4727819183965,-0.08113428798559433,1.7302618704169381e-06,-0.08366092063989972,1.784144590667976e-06,0.9244836603688197,354.2191319444444,-9.095813002948984e-05,3.5226949659152026e-06
x11n0,132.19707283876724,-0.08222202156641768,1.5092465232514519e-06,-0.08478252773157437,1.5562465234205672e-06,0.9467838571065617,354.2191319444444,-9.095813002948984e-05,3.5226949659152026e-06
x11n0,136.05498202339754,-0.089268880288212,1.6447547995749276e-06,-0.09204883526839894,1.6959747127350623e-06,0.9431587287116262,354.2191319444444,-9.095813002948984e-05,3.5226949659152026e-06
x11n0,137.04499793784487,-0.08352281327442497,1.8009450587227543e-06,-0.08612382787180559,1.857028950095373e-06,0.9222264926344828,354.2191319444444,-9.095813002948984e-05,3.5226949659152026e-06
x11n0,137.96515367833396,-0.08309647572726314,1.6116364734984366e-06,-0.08568421359053835,1.6618250367053227e-06,0.9255371259569898,354.2191319444444,-9.095813002948984e-05,3.5226949659152026e-06
x11n0,141.16139922661222,-0.07957838430042538,1.890329291033942e-06,-0.08205656398675007,1.9491967296064517e-06,0.8990257490290945,354.2191319444444,-9.095813002948984e-05,3.5226949659152026e-06
x11n0,142.99849565796796,-0.08299387294114163,1.5842624603846781e-06,-0.08557841561337895,1.6335985593975743e-06,0.8962631189774493,354.2191319444444,-9.095813002948984e-05,3.5226949659152026e-06
x11n0,144.8921846211468,-0.08631648223752757,1.6010487300519328e-06,-0.08900449550591084,1.6509075764523796e-06,0.8829798815990043,354.2191319444444,-9.095813002948984e-05,3.5226949659152026e-06
x11n0,147.3905706050978,-0.07928305538751046,1.1596867879499234e-06,-0.08175203812771462,1.1958010200452497e-06,0.9221225952523527,354.2191319444444,-9.095813002948984e-05,3.5226949659152026e-06
x11n0,148.3943117606551,-0.08128828253605637,1.228100389644109e-06,-0.08381971079120379,1.2663451148309612e-06,0.9477573297577659,354.2191319444444,-9.095813002948984e-05,3.5226949659152026e-06
x11n0,149.49258448974936,-0.07848768499986514,1.5240118586339738e-06,-0.08093189881877119,1.571471671534001e-06,0.9752800747670255,354.2191319444444,-9.095813002948984e-05,3.5226949659152026e-06
x11n0,153.31891696954494,-0.08134281425280308,2.2871355118606327e-06,-0.08387594070016552,2.358360038661368e-06,0.9549221719833884,354.2191319444444,-9.095813002948984e-05,3.5226949659152026e-06
x11n0,155.37490189116332,-0.08553201650514342,1.524229550700738e-06,-0.08819560043810222,1.5716961428293519e-06,0.948576132611689,354.2191319444444,-9.095813002948984e-05,3.5226949659152026e-06
x11n0,157.07279063599333,-0.08405503040838075,1.227335609938335e-06,-0.08667261897495762,1.2655565188395458e-06,0.9497378691257009,354.2191319444444,-9.095813002948984e-05,3.5226949659152026e-06
x11n0,158.71753294466123,-0.08619430420131768,1.2645707561150969e-06,-0.08887851267861212,1.3039512183759765e-06,0.9449210795499629,354.2191319444444,-9.095813002948984e-05,3.5226949659152026e-06
x11n0,160.11393596516572,-0.08653208757649822,1.3192874032459421e-06,-0.08922681508991169,1.3603718167068305e-06,0.9634681804141685,354.2191319444444,-9.095813002948984e-05,3.5226949659152026e-06
x11n0,162.52081878440114,-0.08811875517132302,1.6406966211857335e-06,-0.09086289368292415,1.6917901571225056e-06,0.9747528782402878,354.2191319444444,-9.095813002948984e-05,3.5226949659152026e-06
x11n0,164.7742972461989,-0.08496707869170479,1.7284348974848792e-06,-0.08761306968877268,1.782260723300984e-06,0.9513916370300366,354.2191319444444,-9.095813002948984e-05,3.5226949659152026e-06
x11n0,166.78055206586842,-0.0774237010514513,1.6703862059122316e-06,-0.07983478095552968,1.7224043161088535e-06,0.9640895554386708,354.2191319444444,-9.095813002948984e-05,3.5226949659152026e-06
x11n0,169.37606617999947,-0.07817301085027496,1.676356261636463e-06,-0.0806074252859417,1.728560287530571e-06,0.9439276525929731,354.2191319444444,-9.095813002948984e-05,3.5226949659152026e-06
x11n0,171.43358450795733,-0.08295549287924711,1.3662938043421544e-06,-0.08553884034388398,1.4088420614001193e-06,0.9625747971609839,354.2191319444444,-9.095813002948984e-05,3.5226949659152026e-06
x11n0,172.83189412331566,-0.08387191545871489,1.46730082690609e-06,-0.08648380157540522,1.5129945807430431e-06,0.9621939409037782,354.2191319444444,-9.095813002948984e-05,3.5226949659152026e-06
x11n0,173.92310619641265,-0.08430108027214515,1.8696303407868796e-06,-0.08692633116787792,1.9278531857491842e-06,0.9554158367824274,354.2191319444444,-9.095813002948984e-05,3.5226949659152026e-06
x11n0,176.20595322288796,-0.07451995884285839,2.77060015010334e-06,-0.07684061224457789,2.856880426729634e-06,0.9241794490583899,354.2191319444444,-9.095813002948984e-05,3.5226949659152026e-06
x11n0,178.54153992545383,-0.07919382138272191,2.4860256038597548e-06,-0.08166002525401662,2.5634438400469825e-06,0.9332744939852619,354.2191319444444,-9.095813002948984e-05,3.5226949659152026e-06
x11n0,181.02238646204356,-0.08200609223333859,2.2884461235348493e-06,-0.08455987406384557,2.3597114645749818e-06,0.9486035967961418,354.2191319444444,-9.095813002948984e-05,3.5226949659152026e-06
x11n0,183.47416222735922,-0.08429966011214048,1.999156472419457e-06,-0.08692486678214906,2.061412938208345e-06,0.9672896676196501,354.2191319444444,-9.095813002948984e-05,3.5226949659152026e-06
x11n0,184.69267404196333,-0.08612481593677623,2.0518541481113407e-06,-0.08880686045450881,2.1157516915692997e-06,0.9532851076808863,354.2191319444444,-9.095813002948984e-05,3.5226949659152026e-06
x11n0,187.44868610822147,-0.08554744484438072,1.9269388641447733e-06,-0.08821150923691694,1.986946374876398e-06,0.9764087208391374,354.2191319444444,-9.095813002948984e-05,3.5226949659152026e-06
x11n0,189.58387963350313,-0.09090121384009751,1.999227398160761e-06,-0.09373200191880927,2.0614860726742026e-06,0.9538075891797321,354.2191319444444,-9.095813002948984e-05,3.5226949659152026e-06
x11n0,190.68305714052022,-0.0915852550203303,1.817827572570346e-06,-0.09443734507661251,1.8744372085058757e-06,0.952673968292273,354.2191319444444,-9.095813002948984e-05,3.5226949659152026e-06
x11n0,192.83806432158605,-0.09318704544722044,1.4230560543592847e-06,-0.0960890174473567,1.4673719654878761e-06,0.9452244258482041,354.2191319444444,-9.095813002948984e-05,3.5226949659152026e-06
x11n0,195.16324642617363,-0.08687938094941215,1.4126804109447432e-06,-0.08958492365327611,1.4566732103518727e-06,0.9687376029117225,354.2191319444444,-9.095813002948984e-05,3.5226949659152026e-06
x11n0,196.1740301773333,-0.08511484901445995,1.8834195979196585e-06,-0.08776544178140937,1.942071859201688e-06,0.9471662128705347,354.2191319444444,-9.095813002948984e-05,3.5226949659152026e-06
x11n0,198.4076991964485,-0.09153422528591026,2.4375860995559664e-06,-0.09438472620649503,2.5134958633529015e-06,0.9285922131932851,354.2191319444444,-9.095813002948984e-05,3.5226949659152026e-06
x11n0,201.50147094618143,-0.0919291744674248,3.2840655577369033e-06,-0.09479197464549466,3.3863358491645044e-06,0.8851066851351963,354.2191319444444,-9.095813002948984e-05,3.5226949659152026e-06
x11n0,202.71044901683672,-0.08993966289833105,2.641122395309843e-06,-0.09274050696608807,2.723370557630463e-06,0.9566417069023782,354.2191319444444,-9.095813002948984e-05,3.5226949659152026e-06
x11n0,204.78660395986034,-0.08211978244782503,2.952058406718684e-06,-0.08467710474704787,3.0439895415448925e-06,0.945770242937955,354.2191319444444,-9.095813002948984e-05,3.5226949659152026e-06
x11n0,207.38566163498288,-0.09536495712482813,3.021492708898625e-06,-0.09833475227223616,3.115586122824983e-06,0.8638408061134756,354.2191319444444,-9.095813002948984e-05,3.5226949659152026e-06
x11n0,208.9715306918738,-0.09194141813509482,3.2056180813874232e-06,-0.09480459959771542,3.3054454111484644e-06,0.8488489094480363,354.2191319444444,-9.095813002948984e-05,3.5226949659152026e-06
x11n0,210.3950764190659,-0.09595699632439461,3.6109660262666456e-06,-0.09894522838191047,3.7234164452211146e-06,0.8495934126427502,354.2191319444444,-9.095813002948984e-05,3.5226949659152026e-06
x11n0,212.2855198333634,-0.07575017151282987,3.922399674158525e-06,-0.07810913541903351,4.0445485626990315e-06,0.9206470451158841,354.2191319444444,-9.095813002948984e-05,3.5226949659152026e-06
x11n0,214.64791419012303,-0.08189803544515067,4.531738937583632e-06,-0.08444845223953873,4.672863483873099e-06,0.876853889313024,354.2191319444444,-9.095813002948984e-05,3.5226949659152026e-06
x11n0,217.51643477666255,-0.08873409616548714,4.931205066128274e-06,-0.09149739723693798,5.084769533808917e-06,0.9197449566436293,354.2191319444444,-9.095813002948984e-05,3.5226949659152026e-06
x11n0,219.41595227164132,-0.09614295826850133,3.899244555803797e-06,-0.09913698143520301,4.020672362301163e-06,0.935659904829887,354.2191319444444,-9.095813002948984e-05,3.5226949659152026e-06
x11n0,220.60196918930896,-0.09579424774793643,3.7733095870664575e-06,-0.09877741159227227,3.89081560645962e-06,0.9153769886356226,354.2191319444444,-9.095813002948984e-05,3.5226949659152026e-06
x11n0,222.19475137147174,-0.09319411800271232,4.4051450191150604e-06,-0.09609631025189616,4.54232725770478e-06,0.8925479678932956,354.2191319444444,-9.095813002948984e-05,3.5226949659152026e-06
x11n0,224.9462277763515,-0.08906649170160116,3.6389845372790715e-06,-0.09184014402449626,3.75230749097325e-06,0.910790866875989,354.2191319444444,-9.095813002948984e-05,3.5226949659152026e-06
x11n0,227.12901634897258,-0.08881719600375171,3.770888937864977e-06,-0.09158308491777983,3.888319574932504e-06,0.9252028033111672,354.2191319444444,-9.095813002948984e-05,3.5226949659152026e-06
x11n0,228.17343512650072,-0.09119922927990667,5.482355673291533e-06,-0.09403929796685945,5.653083724409874e-06,0.8902667379299781,354.2191319444444,-9.095813002948984e-05,3.5226949659152026e-06
x11n0,230.90629041687507,-0.09160318741960703,4.385534177122171e-06,-0.09445583591531984,4.522105707280377e-06,0.9119843528457929,354.2191319444444,-9.095813002948984e-05,3.5226949659152026e-06
x11n0,233.4212792128059,-0.09385540125076652,7.279537790593939e-06,-0.09677818676439826,7.506232549944392e-06,0.8748279626103632,354.2191319444444,-9.095813002948984e-05,3.5226949659152026e-06
x11n0,234.34978387387505,-0.09444237885847388,5.683428395302088e-06,-0.09738344365732277,5.860418125889559e-06,0.9227622513690313,354.2191319444444,-9.095813002948984e-05,3.5226949659152026e-06
x11n0,236.95922423586316,-0.09232234932020641,6.81107739973027e-06,-0.09519739350073879,7.0231836620322865e-06,0.8551497657474579,354.2191319444444,-9.095813002948984e-05,3.5226949659152026e-06
x11n0,239.20264730028077,-0.08730016525556003,7.362371311809144e-06,-0.09001881175801184,7.591645620259856e-06,0.9345499615492812,354.2191319444444,-9.095813002948984e-05,3.5226949659152026e-06
x11n0,241.8402561212287,-0.08477036048503618,4.974230047730344e-06,-0.08741022540819615,5.129134372161637e-06,0.9430734961856642,354.2191319444444,-9.095813002948984e-05,3.5226949659152026e-06
x11n0,242.45967193687477,-0.08651050645885053,5.35881685781066e-06,-0.08920456190675484,5.525697741313214e-06,0.9276460834917528,354.2191319444444,-9.095813002948984e-05,3.5226949659152026e-06
x11n0,243.71013742070517,-0.08924428589395399,6.350884958507331e-06,-0.09202347497107839,6.548660199016628e-06,0.9242659760072641,354.2191319444444,-9.095813002948984e-05,3.5226949659152026e-06
x11n0,248.24470136111876,-0.09450368925053111,7.123713546159331e-06,-0.09744666333881197,7.345555725495883e-06,0.8997639386266723,354.2191319444444,-9.095813002948984e-05,3.5226949659152026e-06
x11n0,249.14462120545812,-0.09068304220755395,5.66371546070081e-06,-0.09350703612334503,5.840091303553362e-06,0.8937673031438778,354.2191319444444,-9.095813002948984e-05,3.5226949659152026e-06
x11n0,250.34183382614998,-0.0910004206819357,4.567511094484287e-06,-0.09383429819733745,4.709749634647173e-06,0.9135601154833715,354.2191319444444,-9.095813002948984e-05,3.5226949659152026e-06
x11n0,252.78640918033605,-0.08913089576410553,4.690213509659871e-06,-0.09190655371755997,4.836273170789515e-06,0.9562440751262663,354.2191319444444,-9.095813002948984e-05,3.5226949659152026e-06
x11n0,254.6218216318367,-0.0913318566676433,4.488824584801835e-06,-0.09417605555277778,4.628612719473366e-06,0.9703787927112613,354.2191319444444,-9.095813002948984e-05,3.5226949659152026e-06
x11n0,257.04665969531067,-0.09213670044941712,4.0188644630811925e-06,-0.09500596327029481,4.1440173970349765e-06,0.9499053214132173,354.2191319444444,-9.095813002948984e-05,3.5226949659152026e-06
x11n0,258.7277594587685,-0.09189393538910783,4.733644036705164e-06,-0.0947556381741002,4.88105618382502e-06,0.9154539429807168,354.2191319444444,-9.095813002948984e-05,3.5226949659152026e-06
x11n0,260.42358212666306,-0.09001029136642674,4.805133335721298e-06,-0.09281333490124317,4.954771757352364e-06,0.9085717234527635,354.2191319444444,-9.095813002948984e-05,3.5226949659152026e-06
x11n0,262.33178991326577,-0.08671281612048923,7.807821824362928e-06,-0.08941317176785384,8.050968070792504e-06,0.8588738019070783,354.2191319444444,-9.095813002948984e-05,3.5226949659152026e-06
x11n0,265.21329289674645,-0.08798404674585245,8.154927861146679e-06,-0.09072399025291167,8.408883464123515e-06,0.9333628040013978,354.2191319444444,-9.095813002948984e-05,3.5226949659152026e-06
x11n0,267.57001896749614,-0.09744703907265756,1.1159461972879682e-05,-0.10048167309853408,1.150698287588142e-05,0.8982279002419706,354.2191319444444,-9.095813002948984e-05,3.5226949659152026e-06
x11n0,268.8277145194964,-0.09630401454741844,8.838337163113867e-06,-0.099303053226841,9.11357506610809e-06,0.9196215686256466,354.2191319444444,-9.095813002948984e-05,3.5226949659152026e-06
x11n0,270.54369420401576,-0.09695601350265186,1.3112227213681845e-05,-0.09997535632095045,1.3520559896094026e-05,0.8674754840037876,354.2191319444444,-9.095813002948984e-05,3.5226949659152026e-06
x11n0,273.0843912867623,-0.0939714116060744,7.901077160019677e-06,-0.09689780984077927,8.147127505099881e-06,0.9475022840301545,354.2191319444444,-9.095813002948984e-05,3.5226949659152026e-06
x11n0,275.53981932980804,-0.09730825706645206,6.7333964723876155e-06,-0.10033856923091321,6.943083644407168e-06,0.9561717214331895,354.2191319444444,-9.095813002948984e-05,3.5226949659152026e-06
x11n0,276.9487095916586,-0.09408105257609152,5.839513492753772e-06,-0.09701086518050335,6.021363926674733e-06,0.9491239880364364,354.2191319444444,-9.095813002948984e-05,3.5226949659152026e-06
x11n0,278.6851563450248,-0.09306871540609261,7.1728314522937615e-06,-0.09596700244696785,7.3962032303811204e-06,0.9265148117947672,354.2191319444444,-9.095813002948984e-05,3.5226949659152026e-06
x11n0,281.3329444505065,-0.09178466491090674,6.562967603431223e-06,-0.09464296486381382,6.767347387461889e-06,0.9520959755269977,354.2191319444444,-9.095813002948984e-05,3.5226949659152026e-06
x11n0,283.5150456967149,-0.09093072719188112,5.48374806804938e-06,-0.09376243435671794,5.654519480244157e-06,0.9689896830607765,354.2191319444444,-9.095813002948984e-05,3.5226949659152026e-06
x11n0,284.8658344818338,-0.09438512164081753,4.938437806491687e-06,-0.09732440337162677,5.092227511595817e-06,0.9661119799351828,354.2191319444444,-9.095813002948984e-05,3.5226949659152026e-06
x11n0,286.8087146697148,-0.09420035781801213,4.801498722637026e-06,-0.09713388575077096,4.9510239574474215e-06,0.9707564135455905,354.2191319444444,-9.095813002948984e-05,3.5226949659152026e-06
x11n0,288.8878125970295,-0.09525919706303479,5.721230175940021e-06,-0.09822569869752389,5.899397105658983e-06,0.9660815829146165,354.2191319444444,-9.095813002948984e-05,3.5226949659152026e-06
x11n0,290.79428799570195,-0.09382779863173649,4.624053971202355e-06,-0.09674972456207345,4.768053333851408e-06,0.95186642790294,354.2191319444444,-9.095813002948984e-05,3.5226949659152026e-06
x11n0,293.0074352192771,-0.0912814202877093,4.848645842128574e-06,-0.09412404851501623,4.999639302699267e-06,0.9425579105690135,354.2191319444444,-9.095813002948984e-05,3.5226949659152026e-06
x11n0,294.0366832661149,-0.09262349620810974,5.752368341154154e-06,-0.09550791851445811,5.931504955909843e-06,0.9376264436382742,354.2191319444444,-9.095813002948984e-05,3.5226949659152026e-06
x11n0,296.09755100198777,-0.09239230562145453,8.781108110993925e-06,-0.09526952833685173,9.054563823061829e-06,0.9363819751485011,354.2191319444444,-9.095813002948984e-05,3.5226949659152026e-06
x11n0,299.26825930526326,-0.09708900538448431,6.994214991820376e-06,-0.10011248975180906,7.212024409124971e-06,0.9271214889922161,354.2191319444444,-9.095813002948984e-05,3.5226949659152026e-06
x11n0,302.17632333248997,-0.0967985625997245,9.005033532393428e-06,-0.09981300218163976,9.285462588233542e-06,0.9579348846411061,354.2191319444444,-9.095813002948984e-05,3.5226949659152026e-06
x11n0,303.5579415954932,-0.09567181124473478,7.433669399002108e-06,-0.09865116224896626,7.665164027366434e-06,0.9238992521291399,354.2191319444444,-9.095813002948984e-05,3.5226949659152026e-06
x11n0,304.43979497818486,-0.09638732702228575,7.514769830398095e-06,-0.09938896016608015,7.748790037076237e-06,0.9167865947719738,354.2191319444444,-9.095813002948984e-05,3.5226949659152026e-06
x11n0,306.08661711625416,-0.09630015024487024,1.0246991730916022e-05,-0.0992990685846282,1.0566097063057799e-05,0.8881594500730627,354.2191319444444,-9.095813002948984e-05,3.5226949659152026e-06
x11n0,308.69474766580424,-0.09189818022883901,7.532484270692048e-06,-0.09476001520394416,7.767056129260049e-06,0.918563052343538,354.2191319444444,-9.095813002948984e-05,3.5226949659152026e-06
x11n0,310.21561246048617,-0.09277830265923644,9.208168804720582e-06,-0.09566754585012356,9.494923770666595e-06,0.9291469821151903,354.2191319444444,-9.095813002948984e-05,3.5226949659152026e-06
x11n0,314.08746292168945,-0.0934004546863291,8.322469077429718e-06,-0.09630907254194335,8.581642142943208e-06,0.9752771634664068,354.2191319444444,-9.095813002948984e-05,3.5226949659152026e-06
x11n0,315.40889221803997,-0.09477942708224862,7.4011803181479635e-06,-0.09773098802359667,7.631663192115567e-06,0.9697891896308437,354.2191319444444,-9.095813002948984e-05,3.5226949659152026e-06
x11n0,316.87848583917986,-0.09450080163762939,5.473563690064816e-06,-0.09744368580169654,5.644017946805116e-06,0.9793183089580856,354.2191319444444,-9.095813002948984e-05,3.5226949659152026e-06
x11n0,319.58359363930737,-0.09959184886654407,5.350879368936193e-06,-0.10269327520177653,5.517513068183095e-06,0.975657929817069,354.2191319444444,-9.095813002948984e-05,3.5226949659152026e-06
x11n0,320.7840729699314,-0.09924907985333424,5.369669010364166e-06,-0.1023398318928631,5.53688784473425e-06,0.9818275154779549,354.2191319444444,-9.095813002948984e-05,3.5226949659152026e-06
x11n0,322.0546107014883,-0.09968374529271733,7.235787834553242e-06,-0.1027880334083012,7.461120160457845e-06,0.9702324149638017,354.2191319444444,-9.095813002948984e-05,3.5226949659152026e-06
x11n0,323.9798664275269,-0.09960960300071364,1.199122712229495e-05,-0.1027115822239575,1.2364650329235058e-05,0.9454154355765357,354.2191319444444,-9.095813002948984e-05,3.5226949659152026e-06
x11n0,327.71337316871006,-0.09254780046565009,1.128591685145616e-05,-0.09542986550308738,1.1637375732265312e-05,0.942417873989174,354.2191319444444,-9.095813002948984e-05,3.5226949659152026e-06
x11n0,329.44590015370056,-0.09038083371441166,8.797551649060664e-06,-0.09319541644454818,9.071519435385497e-06,0.944352571882321,354.2191319444444,-9.095813002948984e-05,3.5226949659152026e-06
x11n0,331.000219215234,-0.09173998587901333,7.147790217591585e-06,-0.09459689446578227,7.370382177394055e-06,0.9500847248820816,354.2191319444444,-9.095813002948984e-05,3.5226949659152026e-06
x11n0,333.08778633664537,-0.09583685658929622,7.364669077838495e-06,-0.09882134733120661,7.594014941864858e-06,0.922685102834744,354.2191319444444,-9.095813002948984e-05,3.5226949659152026e-06
x11n0,334.44527891092696,-0.10046255014548568,9.901558119309473e-06,-0.10359109130896324,1.020990617651054e-05,0.9030711310033256,354.2191319444444,-9.095813002948984e-05,3.5226949659152026e-06
x11n0,337.2938844637472,-0.10429163449464034,7.452994540338455e-06,-0.1075394185798575,7.685090980025241e-06,0.9204784656619867,354.2191319444444,-9.095813002948984e-05,3.5226949659152026e-06
x11n0,339.78461417105774,-0.10086706509552461,8.124725253341754e-06,-0.10400820340759741,8.377740305818676e-06,0.9203735792638222,354.2191319444444,-9.095813002948984e-05,3.5226949659152026e-06
x11n0,340.60878180730526,-0.10141522882531413,6.810067710831242e-06,-0.10457343770537958,7.022142530040501e-06,0.9349278605653518,354.2191319444444,-9.095813002948984e-05,3.5226949659152026e-06
x11n0,342.8971827119766,-0.09956611365533581,8.39861378454624e-06,-0.10266673856090616,8.660158100344038e-06,0.9190719535982754,354.2191319444444,-9.095813002948984e-05,3.5226949659152026e-06
x11n0,344.38303402109324,-0.10069059794682612,9.618631873168626e-06,-0.10382624083062336,9.918169220249374e-06,0.9156741952995764,354.2191319444444,-9.095813002948984e-05,3.5226949659152026e-06
x11n0,347.5611729389777,-0.10052046218075165,8.101776601099174e-06,-0.10365080680418448,8.354077001169968e-06,0.9547758924891201,354.2191319444444,-9.095813002948984e-05,3.5226949659152026e-06
x11n0,349.55685029699987,-0.09937567714202371,7.096149989164643e-06,-0.10247037159420558,7.3171338016516105e-06,0.9561900791862029,354.2191319444444,-9.095813002948984e-05,3.5226949659152026e-06
x11n0,350.31709040095075,-0.10214014595315202,6.6050280294506006e-06,-0.10532092974368178,6.810717632652336e-06,0.9482553422620441,354.2191319444444,-9.095813002948984e-05,3.5226949659152026e-06
x11n0,352.3865650698249,-0.10333435749740014,8.573501539181385e-06,-0.10655233066813843,8.840492098764275e-06,0.91765389288966,354.2191319444444,-9.095813002948984e-05,3.5226949659152026e-06
x11n0,355.06172315258783,-0.1048113894348813,9.37094239467394e-06,-0.10807535939954419,9.662766352754422e-06,0.9138135651536388,354.2191319444444,-9.095813002948984e-05,3.5226949659152026e-06
x11n0,356.76616716844785,-0.09824129324153372,1.0673590850275892e-05,-0.10130066142812977,1.1005981062238935e-05,0.9423598475257622,354.2191319444444,-9.095813002948984e-05,3.5226949659152026e-06
x11n0,358.97236289749213,-0.09712413997280596,9.486908202932217e-06,-0.10014871847924689,9.782343494829794e-06,0.9697803257842958,354.2191319444444,-9.095813002948984e-05,3.5226949659152026e-06
x11n0,361.5698483833558,-0.09609284533863893,9.267010496445065e-06,-0.09908530792019053,9.555597873119476e-06,0.9768535885442606,354.2191319444444,-9.095813002948984e-05,3.5226949659152026e-06
x11n0,362.5496647138761,-0.09608028634392399,9.577746702300533e-06,-0.09907235782120956,9.876010829262427e-06,0.9732131230022273,354.2191319444444,-9.095813002948984e-05,3.5226949659152026e-06
x11n0,365.00628545183673,-0.09628917025482867,9.679922623639373e-06,-0.09928774666268496,9.98136864848622e-06,0.9777716181081214,354.2191319444444,-9.095813002948984e-05,3.5226949659152026e-06
x11n0,367.9305534356781,-0.10125384744944413,8.87241084554445e-06,-0.10440703069282509,9.148709849594945e-06,0.9683834925844113,354.2191319444444,-9.095813002948984e-05,3.5226949659152026e-06
x11n0,369.14375678703465,-0.09847615884431933,6.928880232897613e-06,-0.10154284106689333,7.1446550364839645e-06,0.9603526594725111,354.2191319444444,-9.095813002948984e-05,3.5226949659152026e-06
x11n0,371.10566231835594,-0.10121216466057587,7.456549937399234e-06,-0.10436404984492294,7.688757097011416e-06,0.9527766767815865,354.2191319444444,-9.095813002948984e-05,3.5226949659152026e-06
x11n0,372.95885545274,-0.10267857938421333,8.348718247314896e-06,-0.1058761307279301,8.608708747866356e-06,0.9399616145334134,354.2191319444444,-9.095813002948984e-05,3.5226949659152026e-06
x11n0,375.00415430609183,-0.10755313243817212,8.887975991667775e-06,-0.11090248402845619,9.164759715649149e-06,0.9462740246883005,354.2191319444444,-9.095813002948984e-05,3.5226949659152026e-06
x11n0,376.96848987416547,-0.10498281879482248,7.562719671857706e-06,-0.10825212730413138,7.798233102155709e-06,0.9426473005756592,354.2191319444444,-9.095813002948984e-05,3.5226949659152026e-06
x11n0,378.39666711071663,-0.09968983760017973,9.828681922588731e-06,-0.10279431543854735,1.0134760515387905e-05,0.926760383283202,354.2191319444444,-9.095813002948984e-05,3.5226949659152026e-06
x11n0,381.327128242308,-0.0991730522372877,8.135810246692459e-06,-0.10226143667290824,8.389170501017675e-06,0.955092104790378,354.2191319444444,-9.095813002948984e-05,3.5226949659152026e-06
x11n0,383.1639899627902,-0.09563268320838436,9.301112702557088e-06,-0.09861081571206823,9.59076206855421e-06,0.9316492785677344,354.2191319444444,-9.095813002948984e-05,3.5226949659152026e-06
x11n0,384.333889559082,-0.09899590870843138,7.710280724943592e-06,-0.10207877665237348,7.950389408179498e-06,0.948748647581145,354.2191319444444,-9.095813002948984e-05,3.5226949659152026e-06
x11n0,386.80671265293574,-0.09962203597098543,1.2041611234576354e-05,-0.10272440237392187,1.2416603471657836e-05,0.9310085575302836,354.2191319444444,-9.095813002948984e-05,3.5226949659152026e-06
x11n0,389.4898771032892,-0.10754671038309879,8.45612515571532e-06,-0.11089586198180769,8.719460454240612e-06,0.9703902130146285,354.2191319444444,-9.095813002948984e-05,3.5226949659152026e-06
x11n0,391.3658219177254,-0.1118055032686291,7.473064105406326e-06,-0.1152872795003959,7.705785538788344e-06,0.9587615432610486,354.2191319444444,-9.095813002948984e-05,3.5226949659152026e-06
x11n0,392.53145598209,-0.11406313668895131,7.643532496853687e-06,-0.1176152187120532,7.881562549008996e-06,0.949347007992108,354.2191319444444,-9.095813002948984e-05,3.5226949659152026e-06
x11n0,394.4151711964836,-0.1150230043811104,1.1096635478376459e-05,-0.11860497799647293,1.1442199878443268e-05,0.9204883135081317,354.2191319444444,-9.095813002948984e-05,3.5226949659152026e-06
x11n0,396.71331362668036,-0.10806446020356252,1.4114177830978036e-05,-0.11142973523954587,1.4553712625475202e-05,0.9242414396220925,354.2191319444444,-9.095813002948984e-05,3.5226949659152026e-06
x11n0,400.4321563172568,-0.1048026145284155,8.767964208189715e-06,-0.10806631123049402,9.04101060115401e-06,0.9616435166238625,354.2191319444444,-9.095813002948984e-05,3.5226949659152026e-06
x11n0,401.44067061469804,-0.10838705906547666,8.167599599613993e-06,-0.11176238027107574,8.421949817851446e-06,0.9502327010460161,354.2191319444444,-9.095813002948984e-05,3.5226949659152026e-06
x11n0,402.0144318470814,-0.10841794129827485,8.14500904759845e-06,-0.11179422421882533,8.398655765160437e-06,0.9458190140914922,354.2191319444444,-9.095813002948984e-05,3.5226949659152026e-06
x11n0,405.4598052463836,-0.10976419136579518,1.0237483923550619e-05,-0.11318239835403528,1.0556293169572005e-05,0.9391659197490856,354.2191319444444,-9.095813002948984e-05,3.5226949659152026e-06
x11n0,407.17980997546795,-0.10350377815353348,1.138987378687261e-05,-0.10672702731513492,1.1744570028780086e-05,0.9313060059151885,354.2191319444444,-9.095813002948984e-05,3.5226949659152026e-06
x11n0,408.4366222146138,-0.10261060931058304,1.0457518637139679e-05,-0.10580604397327859,1.07831800649727e-05,0.9406885706480104,354.2191319444444,-9.095813002948984e-05,3.5226949659152026e-06
x11n0,410.66592550065826,-0.10080439646418318,1.3874972122036021e-05,-0.10394358318939574,1.4307057723715765e-05,0.9135789771040747,354.2191319444444,-9.095813002948984e-05,3.5226949659152026e-06
x11n0,413.2167061552701,-0.10246098032462427,1.3233548025392975e-05,-0.10565175533612498,1.364565880375111e-05,0.9390957439913861,354.2191319444444,-9.095813002948984e-05,3.5226949659152026e-06
x11n0,416.1349911235771,-0.10036393171533073,1.0304978374994701e-05,-0.1034894017660626,1.0625889490512168e-05,0.9339125832260242,354.2191319444444,-9.095813002948984e-05,3.5226949659152026e-06
x11n0,416.9658815535913,-0.09972006103359929,8.066816577107975e-06,-0.10282548007100495,8.318028274234495e-06,0.9349691896841413,354.2191319444444,-9.095813002948984e-05,3.5226949659152026e-06
x11n0,418.3090418604441,-0.09961203066256756,8.255586808765474e-06,-0.10271408548652064,8.51267706899162e-06,0.9451093415242994,354.2191319444444,-9.095813002948984e-05,3.5226949659152026e-06
x11n0,420.49581207067416,-0.10031638095925968,1.2258973117936102e-05,-0.10344037021443632,1.2640734301241596e-05,0.9574218671864343,354.2191319444444,-9.095813002948984e-05,3.5226949659152026e-06
x11n0,423.0426260481945,-0.10286495713013363,1.0614168448146967e-05,-0.10606831253167316,1.0944708165265673e-05,0.9606012906536783,354.2191319444444,-9.095813002948984e-05,3.5226949659152026e-06
x11n0,424.70033502567895,-0.0992703030367376,1.2202257015176495e-05,-0.10236171599521388,1.2582251981500055e-05,0.9579300548196076,354.2191319444444,-9.095813002948984e-05,3.5226949659152026e-06
x11n0,427.39258260914875,-0.10319009942106563,1.1643448342882073e-05,-0.10640358019807789,1.2006041243149678e-05,0.9613385999002524,354.2191319444444,-9.095813002948984e-05,3.5226949659152026e-06
x11n0,429.1102293571016,-0.10522826123583207,1.226488176750137e-05,-0.10850521315832182,1.2646826954232605e-05,0.9375059901242254,354.2191319444444,-9.095813002948984e-05,3.5226949659152026e-06
x11n0,430.77050365780565,-0.10953875225583797,1.1869122680637155e-05,-0.11294993876197465,1.2238743388323393e-05,0.9375382292949855,354.2191319444444,-9.095813002948984e-05,3.5226949659152026e-06
x11n0,432.6309333233692,-0.11174646326968822,1.598368927493221e-05,-0.11522640091516878,1.6481443211781756e-05,0.903700806148315,354.2191319444444,-9.095813002948984e-05,3.5226949659152026e-06
x11n0,435.45598938194115,-0.1077775600725839,1.461988870901862e-05,-0.11113390064624003,1.507517203166361e-05,0.9295539424844445,354.2191319444444,-9.095813002948984e-05,3.5226949659152026e-06
x11n0,437.76776548108694,-0.10566277434946975,1.228373322488948e-05,-0.10895325760438254,1.2666265471777408e-05,0.9456348918458946,354.2191319444444,-9.095813002948984e-05,3.5226949659152026e-06
x11n0,439.5364468743115,-0.10550964462155381,7.709812065887315e-06,-0.10879535920738104,7.94990615443946e-06,0.9652283563779893,354.2191319444444,-9.095813002948984e-05,3.5226949659152026e-06
x11n0,440.6044567168178,-0.10518552603690949,7.2960100763256255e-06,-0.10846114712687742,7.523217805174598e-06,0.942659398333523,354.2191319444444,-9.095813002948984e-05,3.5226949659152026e-06
x11n0,442.79832657308106,-0.10725260871101656,7.882057587912327e-06,-0.11059260158156232,8.127515637513634e-06,0.943167328670115,354.2191319444444,-9.095813002948984e-05,3.5226949659152026e-06
x11n0,444.37447897353337,-0.1062975489050487,1.1073869815842336e-05,-0.10960779990748315,1.1418725262052718e-05,0.9178369606347895,354.2191319444444,-9.095813002948984e-05,3.5226949659152026e-06
x11n0,446.8155276382426,-0.10592730088652594,1.0646474691921146e-05,-0.10922602185946216,1.097802046963993e-05,0.9387093290505027,354.2191319444444,-9.095813002948984e-05,3.5226949659152026e-06
x11n0,449.3436198889462,-0.10668385003082338,1.1330036867549756e-05,-0.11000613097846362,1.168286970598075e-05,0.9563043687350687,354.2191319444444,-9.095813002948984e-05,3.5226949659152026e-06
x11n0,450.89257260787815,-0.10710028405741222,9.801814419486511e-06,-0.11043553332998716,1.0107056321505953e-05,0.9692136400611329,354.2191319444444,-9.095813002948984e-05,3.5226949659152026e-06
x11n0,452.8892907168236,-0.10823330984278413,9.392736903974054e-06,-0.11160384308738333,9.685239572871496e-06,0.9722365799243794,354.2191319444444,-9.095813002948984e-05,3.5226949659152026e-06
x11n0,455.1023922552958,-0.10931565038473168,8.098994493083576e-06,-0.11271988919357824,8.351208254507079e-06,0.9803569630284852,354.2191319444444,-9.095813002948984e-05,3.5226949659152026e-06
x11n0,456.5201020873326,-0.1094051726287675,9.685364464296667e-06,-0.11281219928268774,9.98697995550164e-06,0.9708937542447688,354.2191319444444,-9.095813002948984e-05,3.5226949659152026e-06
x11n0,458.32716780222387,-0.11056447677898228,1.2584321463502614e-05,-0.11400760574913564,1.2976214439103846e-05,0.9587985239015608,354.2191319444444,-9.095813002948984e-05,3.5226949659152026e-06
x11n0,461.40638409136506,-0.10425301222916442,1.1893258763145157e-05,-0.10749959356423047,1.2263631101439438e-05,0.954262342737177,354.2191319444444,-9.095813002948984e-05,3.5226949659152026e-06
x11n0,463.6738242696529,-0.11212680991411639,1.2323159918944227e-05,-0.11561859207411265,1.270691996698902e-05,0.9627640912347935,354.2191319444444,-9.095813002948984e-05,3.5226949659152026e-06
x11n0,465.6775621801638,-0.10880435688623681,9.850905239987517e-06,-0.11219267331650207,1.015767589727411e-05,0.9455150836053139,354.2191319444444,-9.095813002948984e-05,3.5226949659152026e-06
x11n0,467.59025874553095,-0.10440371349241181,7.83713166947829e-06,-0.10765498787085348,8.081190664557047e-06,0.941657408525245,354.2191319444444,-9.095813002948984e-05,3.5226949659152026e-06
x11n0,468.46534551282633,-0.10327258815201558,9.505330226096703e-06,-0.10648863774088782,9.80133920498213e-06,0.919762145524308,354.2191319444444,-9.095813002948984e-05,3.5226949659152026e-06
x11n0,470.4013636579753,-0.1063112089107209,1.1503029648541861e-05,-0.10962188530440789,1.1861249718687904e-05,0.923022796103183,354.2191319444444,-9.095813002948984e-05,3.5226949659152026e-06
x11n0,473.55175452858293,-0.11628544948068094,1.269873818044652e-05,-0.11990673736245336,1.3094194249043405e-05,0.9315159061265056,354.2191319444444,-9.095813002948984e-05,3.5226949659152026e-06
x11n0,475.34012759300055,-0.11006601243529208,1.015741514162373e-05,-0.11349361854428472,1.0473730936306234e-05,0.9517208572306423,354.2191319444444,-9.095813002948984e-05,3.5226949659152026e-06
x11n0,476.7844828375704,-0.10661578225684776,1.1605346151956148e-05,-0.10993594348094443,1.1966752497905174e-05,0.9441699790608281,354.2191319444444,-9.095813002948984e-05,3.5226949659152026e-06
x11n0,478.9317003595928,-0.10718270413874521,9.502430139940595e-06,-0.11052052008533722,9.798348806178134e-06,0.9546046852676958,354.2191319444444,-9.095813002948984e-05,3.5226949659152026e-06
x11n0,481.7116302717709,-0.11304336047183831,8.970280491703195e-06,-0.11656368526930586,9.249627290342014e-06,0.9556481572273372,354.2191319444444,-9.095813002948984e-05,3.5226949659152026e-06
x11n0,482.6656148272817,-0.1173853649306289,9.154018298052827e-06,-0.12104090568331217,9.439086943186878e-06,0.9476720445311625,354.2191319444444,-9.095813002948984e-05,3.5226949659152026e-06
x11n0,484.38700160899793,-0.11899981361821323,1.2212834697106824e-05,-0.12270563051029486,1.259315906690745e-05,0.9326174141721479,354.2191319444444,-9.095813002948984e-05,3.5226949659152026e-06
x11n0,488.0178292185283,-0.10854518612939072,1.0746274201495272e-05,-0.11192543162795071,1.1080927872387637e-05,0.9460624967375942,354.2191319444444,-9.095813002948984e-05,3.5226949659152026e-06
x11n0,489.10873495836415,-0.1040782528118801,9.256439491122668e-06,-0.10731939189976163,9.544697672238707e-06,0.9636616354774717,354.2191319444444,-9.095813002948984e-05,3.5226949659152026e-06
x11n0,490.4915065788958,-0.10490446141987414,7.417127854273305e-06,-0.1081713297733973,7.64810735631925e-06,0.9763750665714063,354.2191319444444,-9.095813002948984e-05,3.5226949659152026e-06
x11n0,492.5359573452595,-0.1041115063189707,1.0496885264980463e-05,-0.10735368096652707,1.0823772623426323e-05,0.9687854909275753,354.2191319444444,-9.095813002948984e-05,3.5226949659152026e-06
x11n0,494.28049275473495,-0.10719843792830333,1.1325599288331426e-05,-0.11053674384661337,1.1678293934478524e-05,0.9774600519227291,354.2191319444444,-9.095813002948984e-05,3.5226949659152026e-06
x11n0,497.7058721326838,-0.10915890047626617,1.0320004736932603e-05,-0.11255825787865535,1.0641383793904789e-05,0.9508596803581099,354.2191319444444,-9.095813002948984e-05,3.5226949659152026e-06
x11n0,499.2170863071514,-0.10874747103315079,8.791612104677721e-06,-0.11213401596017686,9.065394925469951e-06,0.9400607180064839,354.2191319444444,-9.095813002948984e-05,3.5226949659152026e-06
x11n0,501.7177380468692,-0.10978460671750426,7.4707339198617826e-06,-0.11320344946770834,7.703382788080126e-06,0.9589705295737941,354.2191319444444,-9.095813002948984e-05,3.5226949659152026e-06
x11n0,502.88676304502894,-0.10682801047492615,8.89471034156078e-06,-0.11015478077589126,9.171703782404995e-06,0.9176343880664565,354.2191319444444,-9.095813002948984e-05,3.5226949659152026e-06
x11n0,503.9832457877347,-0.10797551940168086,9.084601587028599e-06,-0.11133802469949415,9.367508500875139e-06,0.9238619260430562,354.2191319444444,-9.095813002948984e-05,3.5226949659152026e-06
x11n0,506.9356027732671,-0.10858414894788934,1.3929677427797441e-05,-0.11196560780188715,1.4363466627491443e-05,0.867147288316287,354.2191319444444,-9.095813002948984e-05,3.5226949659152026e-06
x11n0,508.80916852848264,-0.11544991798751253,1.105998243533266e-05,-0.1190451862762528,1.1404405409527209e-05,0.9469345266181419,354.2191319444444,-9.095813002948984e-05,3.5226949659152026e-06
x11n0,510.11891745253905,-0.11845112269200148,1.1931532942568265e-05,-0.12213985259847311,1.2303097191138068e-05,0.944295561167443,354.2191319444444,-9.095813002948984e-05,3.5226949659152026e-06
x11n0,513.5120442201526,-0.11729112675120068,1.0644478537295715e-05,-0.12094373279813454,1.0975962152030331e-05,0.9677440898351287,354.2191319444444,-9.095813002948984e-05,3.5226949659152026e-06
x11n0,515.2278212677401,-0.11292076863074847,1.2701256038832457e-05,-0.11643727575067747,1.3096790516981886e-05,0.9456760961414609,354.2191319444444,-9.095813002948984e-05,3.5226949659152026e-06
x11n0,515.7402963609278,-0.11214903066117919,1.2923717828455874e-05,-0.1156415048056191,1.3326180070882936e-05,0.9490070548860097,354.2191319444444,-9.095813002948984e-05,3.5226949659152026e-06
x11n0,519.9109587290664,-0.10457036581443253,1.971668783945274e-05,-0.10782682997402823,2.0330692455340318e-05,0.954910060585157,354.2191319444444,-9.095813002948984e-05,3.5226949659152026e-06
x11n0,522.0991626136505,-0.10538074970463222,1.0803752142570023e-05,-0.10866245032652196,1.1140195755131038e-05,0.9692107947841205,354.2191319444444,-9.095813002948984e-05,3.5226949659152026e-06
x11n0,522.8472410305037,-0.10920126232325421,9.381012229702277e-06,-0.11260193893147552,9.673149776212974e-06,0.9499667866666808,354.2191319444444,-9.095813002948984e-05,3.5226949659152026e-06
x11n0,523.9806321068666,-0.11149630886822694,1.1049479911670395e-05,-0.11496845636363602,1.1393575822919097e-05,0.9299270423026285,354.2191319444444,-9.095813002948984e-05,3.5226949659152026e-06
x11n0,527.8409726395931,-0.11666817419089152,1.0276762164627573e-05,-0.12030138064339942,1.059679458877713e-05,0.9537799907433699,354.2191319444444,-9.095813002948984e-05,3.5226949659152026e-06
x11n0,528.8786660212131,-0.11493138422672926,1.1980548800118326e-05,-0.11851050466522169,1.2353639469506497e-05,0.911087930547394,354.2191319444444,-9.095813002948984e-05,3.5226949659152026e-06
x11n0,530.7295168697393,-0.1115477952747151,9.621429743132654e-06,-0.1150215461272142,9.921054219709318e-06,0.937815981561043,354.2191319444444,-9.095813002948984e-05,3.5226949659152026e-06
x11n0,533.1871270543602,-0.11119182906233448,1.1378586905817649e-05,-0.11465449464030465,1.1732931658817699e-05,0.8782384512377943,354.2191319444444,-9.095813002948984e-05,3.5226949659152026e-06
x11n0,535.1903596766067,-0.10994003365014073,1.016283421658907e-05,-0.11336371660752612,1.047931876867493e-05,0.9658077959121281,354.2191319444444,-9.095813002948984e-05,3.5226949659152026e-06
x11n0,537.1973980960098,-0.110912749477305,1.2207129394913324e-05,-0.11436672413544101,1.2587276093803383e-05,0.9581080195807921,354.2191319444444,-9.095813002948984e-05,3.5226949659152026e-06
x11n0,538.7702207245643,-0.10958489673597582,1.1007784513765135e-05,-0.11299752024431253,1.1350581973317305e-05,0.9856533554969154,354.2191319444444,-9.095813002948984e-05,3.5226949659152026e-06
x11n0,540.4520300349623,-0.10824726159651524,1.2184587519883315e-05,-0.11161822931780038,1.2564032233965788e-05,0.9478340987404702,354.2191319444444,-9.095813002948984e-05,3.5226949659152026e-06
x11n0,542.9237899605514,-0.1113057033325683,1.230716316227765e-05,-0.11477191511100193,1.2690425049449153e-05,0.9515143595732637,354.2191319444444,-9.095813002948984e-05,3.5226949659152026e-06
x11n0,545.0775086004544,-0.11363519899327199,1.8277981771214654e-05,-0.11717395445145594,1.8847183113144826e-05,0.9114694935471325,354.2191319444444,-9.095813002948984e-05,3.5226949659152026e-06
x11n0,547.202645640989,-0.11662832266492162,1.2217468883340178e-05,-0.12026028808642598,1.2597937568035952e-05,0.9484564686465311,354.2191319444444,-9.095813002948984e-05,3.5226949659152026e-06
x11n0,549.2385819673813,-0.11699940138446402,1.4104371751222173e-05,-0.12064292270463209,1.4543601170988915e-05,0.9108675950919246,354.2191319444444,-9.095813002948984e-05,3.5226949659152026e-06
x11n0,551.2230501446919,-0.11529730878744401,1.1649630565442681e-05,-0.11888782461704753,1.201241598857313e-05,0.9365146872661635,354.2191319444444,-9.095813002948984e-05,3.5226949659152026e-06
x11n0,552.952805212547,-0.11619323080129743,1.5365699461607442e-05,-0.1198116468673129,1.584420835075716e-05,0.9064492342209002,354.2191319444444,-9.095813002948984e-05,3.5226949659152026e-06
x11n0,554.6108224662936,-0.11928441032995825,1.4242307307191721e-05,-0.12299908995274296,1.4685832228756226e-05,0.9130257550870152,354.2191319444444,-9.095813002948984e-05,3.5226949659152026e-06
x11n0,557.0042264265898,-0.1234336388104979,1.4314913584074413e-05,-0.12727753108097317,1.4760699564368022e-05,0.8881492496145387,354.2191319444444,-9.095813002948984e-05,3.5226949659152026e-06
x11n0,559.8952071408951,-0.11868894294091434,1.2534533479006514e-05,-0.12238507889508388,1.2924875988700628e-05,0.9559355734922647,354.2191319444444,-9.095813002948984e-05,3.5226949659152026e-06
x11n0,561.005801846148,-0.11613331028369303,1.5244784193221075e-05,-0.11974986034286723,1.5719527615598428e-05,0.9348846029866901,354.2191319444444,-9.095813002948984e-05,3.5226949659152026e-06
x11n0,562.4405132163605,-0.11651732869160752,1.2768156288976078e-05,-0.12014583760903243,1.31657741323807e-05,0.9493675175349698,354.2191319444444,-9.095813002948984e-05,3.5226949659152026e-06
x11n0,566.0905799898079,-0.1157380308454302,1.0535746924623205e-05,-0.11934227136247262,1.0863844488281827e-05,0.9428646630429679,354.2191319444444,-9.095813002948984e-05,3.5226949659152026e-06
x11n0,566.9400946614616,-0.11827874223216958,9.090843245262637e-06,-0.12196210397544426,9.373944532880152e-06,0.9445113041900269,354.2191319444444,-9.095813002948984e-05,3.5226949659152026e-06
x11n0,568.1096869053192,-0.11816834499024244,9.076127079443952e-06,-0.1218482688124689,9.358770085537997e-06,0.9319225114069325,354.2191319444444,-9.095813002948984e-05,3.5226949659152026e-06
x11n0,570.831094037866,-0.11887110315503799,1.4464572950803229e-05,-0.12257291182732397,1.4915019528390387e-05,0.9250443350357036,354.2191319444444,-9.095813002948984e-05,3.5226949659152026e-06
x11n0,571.9515247323627,-0.11764152752841979,1.9772712554291053e-05,-0.12130504553462262,2.0388461856395436e-05,0.9384688746767396,354.2191319444444,-9.095813002948984e-05,3.5226949659152026e-06
x11n0,574.412865315484,-0.12339967750926537,1.790754483747834e-05,-0.1272425121783885,1.8465210266832253e-05,0.9270091603155279,354.2191319444444,-9.095813002948984e-05,3.5226949659152026e-06
x11n0,577.6642789573787,-0.12553767808304808,2.1710757179520662e-05,-0.1294470930131036,2.2386859840940597e-05,0.9114531836132457,354.2191319444444,-9.095813002948984e-05,3.5226949659152026e-06
x11n0,579.4493078432687,-0.11914589742958866,1.9354551198383683e-05,-0.12285626357128164,1.9957278384156783e-05,0.9483450806840226,354.2191319444444,-9.095813002948984e-05,3.5226949659152026e-06
x11n0,581.6839647484888,-0.11332050858044253,1.4707920544348514e-05,-0.11684946414892765,1.5165945298702406e-05,0.95634075280404,354.2191319444444,-9.095813002948984e-05,3.5226949659152026e-06
x11n0,583.501789226928,-0.11847603891219231,1.2166146417975377e-05,-0.12216554474382604,1.2545016850931846e-05,0.945586827754296,354.2191319444444,-9.095813002948984e-05,3.5226949659152026e-06
x11n0,584.2522581678329,-0.1185851988196389,1.401870685023728e-05,-0.12227810404003345,1.4455268547866685e-05,0.9298760288813569,354.2191319444444,-9.095813002948984e-05,3.5226949659152026e-06
x11n0,586.7257668721047,-0.12267807849904572,1.5261246619880162e-05,-0.1264984415884237,1.5736502704731036e-05,0.9396326214769305,354.2191319444444,-9.095813002948984e-05,3.5226949659152026e-06
x11n0,589.4239994100509,-0.115429603047174,2.5392112123014642e-05,-0.11902423870089764,2.6182857210506917e-05,0.9015404834431675,354.2191319444444,-9.095813002948984e-05,3.5226949659152026e-06
x11n0,591.637140086211,-0.11693015197477967,1.4624888229342888e-05,-0.12057151677365269,1.5080327243886099e-05,0.9515236314083555,354.2191319444444,-9.095813002948984e-05,3.5226949659152026e-06
x11n0,592.8924314641375,-0.11554101048683289,1.8968519969647192e-05,-0.11913911552054325,1.9559225615177277e-05,0.9515563996315899,354.2191319444444,-9.095813002948984e-05,3.5226949659152026e-06
x11n0,593.8102236295424,-0.1150731968650815,1.713370814418454e-05,-0.11865673354301783,1.7667275240923232e-05,0.9630829106653416,354.2191319444444,-9.095813002948984e-05,3.5226949659152026e-06
x11n0,597.8022959887103,-0.11740947543401134,1.748530922629229e-05,-0.12106576702073371,1.8029825661435238e-05,0.9431058204266597,354.2191319444444,-9.095813002948984e-05,3.5226949659152026e-06
x11n0,599.6515458656804,-0.1125597102383374,1.1962695530074524e-05,-0.1160649735062893,1.2335230224224623e-05,0.9568845640687682,354.2191319444444,-9.095813002948984e-05,3.5226949659152026e-06
x11n0,601.2805574959787,-0.11701621269871719,8.938573137987062e-06,-0.12066025754619544,9.216932526281009e-06,0.9470263506482347,354.2191319444444,-9.095813002948984e-05,3.5226949659152026e-06
x11n0,602.3296364396974,-0.11486097337082804,1.0599825405045048e-05,-0.11843790111900232,1.0929918460191815e-05,0.9417860490550821,354.2191319444444,-9.095813002948984e-05,3.5226949659152026e-06
x11n0,604.4449282930291,-0.119588027584203,1.28470020442986e-05,-0.12331216226338905,1.3247075252321527e-05,0.9333640282446007,354.2191319444444,-9.095813002948984e-05,3.5226949659152026e-06
x11n0,606.8940325525361,-0.11430780127123714,1.9025002440464526e-05,-0.11786750248393574,1.9617467027358442e-05,0.9096074597503124,354.2191319444444,-9.095813002948984e-05,3.5226949659152026e-06
x11n0,608.6458452225619,-0.1159205761685688,1.604849059872973e-05,-0.1195305013965489,1.654826253739841e-05,0.9211207763728126,354.2191319444444,-9.095813002948984e-05,3.5226949659152026e-06
x11n0,611.0453039993226,-0.1197233334829719,1.5419783286843687e-05,-0.12345168177283522,1.5899976420254422e-05,0.9143872044324652,354.2191319444444,-9.095813002948984e-05,3.5226949659152026e-06
x11n0,612.7148484308088,-0.11970937575024122,1.5441194698172847e-05,-0.12343728937722437,1.5922054612205957e-05,0.9310144714419941,354.2191319444444,-9.095813002948984e-05,3.5226949659152026e-06
x11n0,614.9321912150316,-0.12270713548369352,1.5032685821185074e-05,-0.12652840344730001,1.5500824210277286e-05,0.9547637844252901,354.2191319444444,-9.095813002948984e-05,3.5226949659152026e-06
x11n0,616.43226250745,-0.12346142621359091,1.8374849214338577e-05,-0.1273061838217893,1.8947067140884364e-05,0.9452583010802711,354.2191319444444,-9.095813002948984e-05,3.5226949659152026e-06
x11n0,619.0137166404294,-0.12380202891198021,1.5573989372273013e-05,-0.12765739335387694,1.6058984694013887e-05,0.9568773113144523,354.2191319444444,-9.095813002948984e-05,3.5226949659152026e-06
x11n0,621.3730903721049,-0.12148749468866801,1.4726846105658844e-05,-0.12527078137043,1.5185460227866885e-05,0.9430024020077906,354.2191319444444,-9.095813002948984e-05,3.5226949659152026e-06
x11n0,622.7050308308852,-0.1214272869959683,1.1662293163871328e-05,-0.12520869872786392,1.2025472917629093e-05,0.940880821815031,354.2191319444444,-9.095813002948984e-05,3.5226949659152026e-06
x11n0,624.8033831900609,-0.12443684149735255,1.1227767248145818e-05,-0.12831197487107068,1.157741527080601e-05,0.9449798864456266,354.2191319444444,-9.095813002948984e-05,3.5226949659152026e-06
x11n0,626.5986163487457,-0.12685027571601734,1.2871948347305419e-05,-0.1308005667309411,1.3272798417310452e-05,0.954350619339774,354.2191319444444,-9.095813002948984e-05,3.5226949659152026e-06
x11n0,629.2809547078532,-0.12374289655972465,1.3389398640175347e-05,-0.12759641953932663,1.3806362819756065e-05,0.9765141876519206,354.2191319444444,-9.095813002948984e-05,3.5226949659152026e-06
x11n0,631.0315818858094,-0.12146730878380822,1.424532315393341e-05,-0.12524996684889478,1.4688941993088705e-05,0.9474684783119104,354.2191319444444,-9.095813002948984e-05,3.5226949659152026e-06
x11n0,632.6278903840731,-0.12041057150191273,1.2861126652862175e-05,-0.1241603213232746,1.3261639720506872e-05,0.937748841063262,354.2191319444444,-9.095813002948984e-05,3.5226949659152026e-06
x11n0,634.9548753453422,-0.11703993389428739,1.2707916497344632e-05,-0.12068471745222722,1.3103658391278279e-05,0.915478256079627,354.2191319444444,-9.095813002948984e-05,3.5226949659152026e-06
x11n0,636.6742488480955,-0.11771574565858227,1.3125799848827418e-05,-0.12138157491882905,1.3534555201654478e-05,0.9422724851959481,354.2191319444444,-9.095813002948984e-05,3.5226949659152026e-06
x11n0,638.8887960820398,-0.11657552618047659,1.2629273527430791e-05,-0.12020584744727222,1.3022566371761007e-05,0.9573620992274606,354.2191319444444,-9.095813002948984e-05,3.5226949659152026e-06
x11n0,641.3988801832872,-0.12200619418577939,1.6315295865790796e-05,-0.12580563387904503,1.6823376485250718e-05,0.9543620064366383,354.2191319444444,-9.095813002948984e-05,3.5226949659152026e-06
x11n0,643.3966404380302,-0.12013733069922394,1.5191167684139952e-05,-0.12387857142841649,1.566424141512027e-05,0.9500999269019541,354.2191319444444,-9.095813002948984e-05,3.5226949659152026e-06
x11n0,645.2155841716103,-0.12141224808380663,1.3258272326437263e-05,-0.1251931914834164,1.367115305333287e-05,0.9609817367041594,354.2191319444444,-9.095813002948984e-05,3.5226949659152026e-06
x11n0,647.0773237833922,-0.12402107426972253,1.1317077772315687e-05,-0.12788326008353718,1.1669507046803478e-05,0.9442073709102409,354.2191319444444,-9.095813002948984e-05,3.5226949659152026e-06
x11n0,648.7457750981316,-0.1289646042963962,1.2435384831666173e-05,-0.1329807383940135,1.2822639716926525e-05,0.9473271583526442,354.2191319444444,-9.095813002948984e-05,3.5226949659152026e-06
x11n0,650.9940425921369,-0.13150209438705304,1.3001379547596146e-05,-0.13559724939533843,1.3406260282135988e-05,0.9565799510376445,354.2191319444444,-9.095813002948984e-05,3.5226949659152026e-06
x11n0,653.5369100146459,-0.12676309695282006,1.3857171027448342e-05,-0.13071067310186746,1.4288702278705047e-05,0.9593128254139207,354.2191319444444,-9.095813002948984e-05,3.5226949659152026e-06
x11n0,655.4253250133548,-0.12135313640529093,1.1588908922976793e-05,-0.1251322389864145,1.1949803391142497e-05,0.9529725806299295,354.2191319444444,-9.095813002948984e-05,3.5226949659152026e-06
x11n0,657.1619718115373,-0.11830935013895909,1.1064660832700438e-05,-0.12199366505429818,1.1409229498585302e-05,0.9422854702728203,354.2191319444444,-9.095813002948984e-05,3.5226949659152026e-06
x11n0,658.8595862528251,-0.12171167141998657,1.0498884312260515e-05,-0.12550193927165523,1.0825833923771765e-05,0.9427081885335449,354.2191319444444,-9.095813002948984e-05,3.5226949659152026e-06
x11n0,660.000770581263,-0.12512088666936794,1.5289853534986242e-05,-0.12901732214496608,1.5766000478284765e-05,0.9311350866770619,354.2191319444444,-9.095813002948984e-05,3.5226949659152026e-06
x11n0,662.1235051344161,-0.12618346942528372,1.7498249065048585e-05,-0.13011299518065947,1.8043168464461697e-05,0.9581017497199045,354.2191319444444,-9.095813002948984e-05,3.5226949659152026e-06
x11n0,665.6682154688355,-0.12437354160235284,1.6394438547812407e-05,-0.12824670373079733,1.6904983778594e-05,0.97324686003991,354.2191319444444,-9.095813002948984e-05,3.5226949659152026e-06
x11n0,667.141790710136,-0.12842078090882555,1.3251439197754343e-05,-0.132419979602641,1.3664107131680543e-05,0.9708269082051385,354.2191319444444,-9.095813002948984e-05,3.5226949659152026e-06
x11n0,667.9625525998463,-0.1317950996677893,1.7461002327543402e-05,-0.1358993792611123,1.8004761812627025e-05,0.9637611941274052,354.2191319444444,-9.095813002948984e-05,3.5226949659152026e-06
x11n0,669.3729718501248,-0.1342341991233092,2.7135701502305826e-05,-0.1384144356084029,2.7980744346896795e-05,0.9598231539076135,354.2191319444444,-9.095813002948984e-05,3.5226949659152026e-06
x11n0,674.3994846956103,-0.12306366238461691,3.031624803896992e-05,-0.12689603308336012,3.126033745114154e-05,0.9359296825223796,354.2191319444444,-9.095813002948984e-05,3.5226949659152026e-06
x11n0,675.1522467925547,-0.12182474933860357,2.392296955791489e-05,-0.1256185385912576,2.4667963537324844e-05,0.9660388089618007,354.2191319444444,-9.095813002948984e-05,3.5226949659152026e-06
x11n0,676.6457774572805,-0.12375785624458088,2.0347314537047558e-05,-0.1276118450892221,2.0980957730488227e-05,0.9632765921414684,354.2191319444444,-9.095813002948984e-05,3.5226949659152026e-06
x11n0,679.1374697637619,-0.13227880709316725,2.647795465062196e-05,-0.13639814999703917,2.730251435898295e-05,0.9572425151389299,354.2191319444444,-9.095813002948984e-05,3.5226949659152026e-06
x11n0,680.7771590919074,-0.13187937386308268,3.0277258070610324e-05,-0.13598627787006642,3.1220133281860316e-05,0.9495255043765628,354.2191319444444,-9.095813002948984e-05,3.5226949659152026e-06
x11n0,684.2124850261556,-0.13132525365927697,1.8566680657216016e-05,-0.13541490160552358,1.9144872477164092e-05,0.9646431348438714,354.2191319444444,-9.095813002948984e-05,3.5226949659152026e-06
x11n0,685.6743688894531,-0.1269202697785078,1.3927851126589908e-05,-0.13087274050423306,1.4361583452767396e-05,0.9540779151539689,354.2191319444444,-9.095813002948984e-05,3.5226949659152026e-06
x11n0,686.7528097676917,-0.12913392211518462,1.0994373947569597e-05,-0.13315532900116953,1.1336753783755574e-05,0.9601625253760796,354.2191319444444,-9.095813002948984e-05,3.5226949659152026e-06
x11n0,688.2899009134487,-0.1258628624431801,1.6484956592661515e-05,-0.1297824040588007,1.6998320679115575e-05,0.9307110635620309,354.2191319444444,-9.095813002948984e-05,3.5226949659152026e-06
x11n0,689.9613667203148,-0.12860998055719752,1.897983491848561e-05,-0.13261507118673618,1.9570892926992272e-05,0.9176331416504069,354.2191319444444,-9.095813002948984e-05,3.5226949659152026e-06
x11n0,694.1601149631222,-0.12486242518990498,2.3592460111220487e-05,-0.1287508118216653,2.432716157458935e-05,0.9406348429459755,354.2191319444444,-9.095813002948984e-05,3.5226949659152026e-06
x11n0,695.2305259307724,-0.12605098049111554,2.4147152480541324e-05,-0.12997638035994302,2.489912782266375e-05,0.9502466793954764,354.2191319444444,-9.095813002948984e-05,3.5226949659152026e-06
x11n0,696.050604992569,-0.12496001699544343,2.4238573182975168e-05,-0.1288514427694553,2.4993395490761362e-05,0.9597606884618135,354.2191319444444,-9.095813002948984e-05,3.5226949659152026e-06
x11n0,698.7422111841194,-0.11757415713485864,3.0798182049752815e-05,-0.12123557713489748,3.175727954591823e-05,0.9085606095070335,354.2191319444444,-9.095813002948984e-05,3.5226949659152026e-06
x11n0,701.851979085665,-0.12043892810012415,3.432879043787729e-05,-0.12418956098472335,3.539783590628082e-05,0.9807434619163478,354.2191319444444,-9.095813002948984e-05,3.5226949659152026e-06
x11n0,704.1498000485344,-0.12747676052045936,1.7970540472411907e-05,-0.13144656112872066,1.8530167671965e-05,0.9724154610633706,354.2191319444444,-9.095813002948984e-05,3.5226949659152026e-06
x11n0,704.7424035638328,-0.12766175372673882,1.7396466140583463e-05,-0.13163731527636555,1.793821588057157e-05,0.9464236320106827,354.2191319444444,-9.095813002948984e-05,3.5226949659152026e-06
x11n0,706.1288636795132,-0.12769828375225656,1.685647266923692e-05,-0.13167498289682159,1.738140627425065e-05,0.9426127656468182,354.2191319444444,-9.095813002948984e-05,3.5226949659152026e-06
x11n0,708.9832838424023,-0.12250461748185146,2.4672485201775666e-05,-0.12631957875799887,2.5440820123069866e-05,0.9338685474230478,354.2191319444444,-9.095813002948984e-05,3.5226949659152026e-06
x11n0,710.5468477655219,-0.12254596326024497,2.398423411287938e-05,-0.12636221210045934,2.4731135954291554e-05,0.9661496464992461,354.2191319444444,-9.095813002948984e-05,3.5226949659152026e-06
x11n0,712.2270727110201,-0.12061637915836812,2.9574917438245574e-05,-0.12437253811153133,3.049592080196677e-05,0.9489891495405149,354.2191319444444,-9.095813002948984e-05,3.5226949659152026e-06
x11n0,714.6277617081613,-0.11951626090936207,3.938061628193241e-05,-0.1232381606761745,4.060698251395341e-05,0.9356841335217042,354.2191319444444,-9.095813002948984e-05,3.5226949659152026e-06
x11n0,718.0620347503868,-0.11916984697427274,5.405267682734104e-05,-0.1228809589375309,5.5735951084321326e-05,0.9593531039836702,354.2191319444444,-9.095813002948984e-05,3.5226949659152026e-06
x11n0,719.3403096258085,-0.12458089413566599,3.976266626187968e-05,-0.12846051350548932,4.100093005261326e-05,0.9493097480924038,354.2191319444444,-9.095813002948984e-05,3.5226949659152026e-06
x11n0,722.0425997060912,-0.1277320766310317,2.1771382905193635e-05,-0.13170982813204324,2.2449373534598243e-05,0.9635629351331767,354.2191319444444,-9.095813002948984e-05,3.5226949659152026e-06
x11n0,722.880047808392,-0.13211182367025856,2.1464319103513805e-05,-0.1362259664820421,2.2132747346317858e-05,0.9482431573798276,354.2191319444444,-9.095813002948984e-05,3.5226949659152026e-06
x11n0,724.4117851508784,-0.13194131602710857,1.798007683383822e-05,-0.13605014899776716,1.8540001008724197e-05,0.9540338351668151,354.2191319444444,-9.095813002948984e-05,3.5226949659152026e-06
x11n0,727.2187970499874,-0.1366732774220883,2.082154276222692e-05,-0.14092947014010287,2.146995407096237e-05,0.929400168048905,354.2191319444444,-9.095813002948984e-05,3.5226949659152026e-06
x11n0,728.3584873881197,-0.13218413729053444,2.3146969973827243e-05,-0.13630053204732023,2.3867798265245565e-05,0.9228499200630924,354.2191319444444,-9.095813002948984e-05,3.5226949659152026e-06
x11n0,730.3940133420354,-0.12928041659123907,3.1559990130801405e-05,-0.13330638551549492,3.254281137215126e-05,0.901962834775352,354.2191319444444,-9.095813002948984e-05,3.5226949659152026e-06
x11n0,732.9943126896942,-0.12425523808510491,2.751969107444412e-05,-0.12812471608027826,2.8376691879300292e-05,0.9079226297172858,354.2191319444444,-9.095813002948984e-05,3.5226949659152026e-06
x11n0,735.3912338347478,-0.12385601847425799,2.818965979367409e-05,-0.1277130642249383,2.9067524340425304e-05,0.9668336828952587,354.2191319444444,-9.095813002948984e-05,3.5226949659152026e-06
x11n0,736.8906027477741,-0.12616029749214028,3.507779472062007e-05,-0.13008910164183737,3.617016520642351e-05,0.9565740369137726,354.2191319444444,-9.095813002948984e-05,3.5226949659152026e-06
x11n0,738.428112233809,-0.1265166403542931,3.783644947924487e-05,-0.130456541507908,3.901472824585227e-05,0.9502210405319779,354.2191319444444,-9.095813002948984e-05,3.5226949659152026e-06
x11n0,741.4074371333681,-0.13126321949076905,3.2678055945509226e-05,-0.13535093560819547,3.369569528494364e-05,0.9386555480102485,354.2191319444444,-9.095813002948984e-05,3.5226949659152026e-06
x11n0,743.9126440364488,-0.13257389495161007,3.221446934897576e-05,-0.13670242729483667,3.321767196798061e-05,0.9767804783008218,354.2191319444444,-9.095813002948984e-05,3.5226949659152026e-06
x11n0,745.7389047087736,-0.1281436134422089,2.1994098202071407e-05,-0.1321341807621718,2.2679024490316145e-05,0.9742166169583183,354.2191319444444,-9.095813002948984e-05,3.5226949659152026e-06
x11n0,747.0693149164131,-0.13104952569546807,1.8148606148656346e-05,-0.13513058709594764,1.8713778556818284e-05,0.9639856477926275,354.2191319444444,-9.095813002948984e-05,3.5226949659152026e-06
x11n0,748.8463978304176,-0.13161574891506278,2.0714011204193757e-05,-0.13571444328073837,2.1359073833195393e-05,0.9515935820704416,354.2191319444444,-9.095813002948984e-05,3.5226949659152026e-06
x11n0,751.208864017965,-0.1322912133256469,2.1974075728982564e-05,-0.13641094257655997,2.265837849004068e-05,0.9511728224533402,354.2191319444444,-9.095813002948984e-05,3.5226949659152026e-06
x11n0,753.6185247323455,-0.13348087656389954,1.850898707789515e-05,-0.13763765355455404,1.908538224090477e-05,0.9531818918830028,354.2191319444444,-9.095813002948984e-05,3.5226949659152026e-06
x11n0,754.3836720419977,-0.13352246182231162,2.257018429674234e-05,-0.13768053383476825,2.327305069359745e-05,0.9341681223068462,354.2191319444444,-9.095813002948984e-05,3.5226949659152026e-06
x11n0,756.1999626569761,-0.13711392248751395,2.609986755238203e-05,-0.14138383749531386,2.6912653111584846e-05,0.935452373441674,354.2191319444444,-9.095813002948984e-05,3.5226949659152026e-06
x11n0,758.9235805248369,-0.1307746820866798,4.153633143612984e-05,-0.13484718448141675,4.282982958533662e-05,0.8901128496038611,354.2191319444444,-9.095813002948984e-05,3.5226949659152026e-06
x11n0,761.1613926294863,-0.12945155830142052,2.387188544999276e-05,-0.1334828568125156,2.461528860044006e-05,0.9477375416160357,354.2191319444444,-9.095813002948984e-05,3.5226949659152026e-06
x11n0,763.6050390647297,-0.13126120387663703,2.666868545718403e-05,-0.13534885722508364,2.7499184783627668e-05,0.9262473947991519,354.2191319444444,-9.095813002948984e-05,3.5226949659152026e-06
x11n0,764.2488276699804,-0.13143148609478011,2.5397116874913696e-05,-0.1355244422643088,2.6188017817222582e-05,0.931695642988254,354.2191319444444,-9.095813002948984e-05,3.5226949659152026e-06
x11n0,766.2641753698981,-0.13127018553509687,3.6959932542034346e-05,-0.13535811858466762,3.8110915372847e-05,0.9133424755569418,354.2191319444444,-9.095813002948984e-05,3.5226949659152026e-06
x11n0,769.9290215406262,-0.13066071814190774,4.0141798201126554e-05,-0.1347296715435935,4.139186867879577e-05,0.9676622743803186,354.2191319444444,-9.095813002948984e-05,3.5226949659152026e-06
x11n0,771.5859774594059,-0.1277870626075177,2.758392249343825e-05,-0.13176652644701362,2.8442923552498807e-05,0.9649061262166396,354.2191319444444,-9.095813002948984e-05,3.5226949659152026e-06
x11n0,772.9987583811106,-0.12809308211452605,2.3413206566969412e-05,-0.1320820758198587,2.4142325829895654e-05,0.9723876474148729,354.2191319444444,-9.095813002948984e-05,3.5226949659152026e-06
x11n0,774.6752168134647,-0.12753543690958508,2.3887785020300596e-05,-0.13150706478082583,2.46316833051051e-05,0.9576151479255259,354.2191319444444,-9.095813002948984e-05,3.5226949659152026e-06
x11n0,777.7126584742297,-0.13142069253203442,2.324249141827448e-05,-0.1355133125752623,2.396629437806938e-05,0.9743775481298325,354.2191319444444,-9.095813002948984e-05,3.5226949659152026e-06
x11n0,779.7760477113574,-0.13314407262401776,1.8190286701064426e-05,-0.1372903610795075,1.8756757098613814e-05,0.9646499629301862,354.2191319444444,-9.095813002948984e-05,3.5226949659152026e-06
x11n0,781.0008412138553,-0.13422082299084093,1.618805415460518e-05,-0.13840064292488183,1.6692172293214488e-05,0.9512508957434399,354.2191319444444,-9.095813002948984e-05,3.5226949659152026e-06
x11n0,782.0052948562635,-0.1349475254935751,2.3948738770199426e-05,-0.13914997593709552,2.4694535238111473e-05,0.9270182348720298,354.2191319444444,-9.095813002948984e-05,3.5226949659152026e-06
x11n0,784.4070966557557,-0.13549490748276016,3.8004809771531124e-05,-0.139714404149802,3.9188331507821755e-05,0.9055790033122662,354.2191319444444,-9.095813002948984e-05,3.5226949659152026e-06
x11n0,788.024683297682,-0.13795843656180865,3.247924296495023e-05,-0.14225465089249792,3.349069099635382e-05,0.950373356801233,354.2191319444444,-9.095813002948984e-05,3.5226949659152026e-06
x11n0,788.791446445416,-0.1359749107723982,2.8837140443835247e-05,-0.14020935539813772,2.973516842326512e-05,0.9473991859885769,354.2191319444444,-9.095813002948984e-05,3.5226949659152026e-06
x11n0,791.1916826690893,-0.13315254168564394,2.4524193180718578e-05,-0.1372990938792916,2.528791008573288e-05,0.9603219282011011,354.2191319444444,-9.095813002948984e-05,3.5226949659152026e-06
x11n0,793.1275189155816,-0.12931418786736049,3.414990341902021e-05,-0.13334120847532668,3.521337810108301e-05,0.9509259091625457,354.2191319444444,-9.095813002948984e-05,3.5226949659152026e-06
x11n0,794.5659363634427,-0.13085965352103288,3.0412708024615112e-05,-0.13493480204240813,3.135980133261938e-05,0.9648730500812556,354.2191319444444,-9.095813002948984e-05,3.5226949659152026e-06
x11n0,797.7588956437897,-0.13001644545535948,3.1810074441948715e-05,-0.13406533532473938,3.280068365066184e-05,0.9632436517891793,354.2191319444444,-9.095813002948984e-05,3.5226949659152026e-06
x11n0,799.4126455339706,-0.13089474546876612,2.0336406395045294e-05,-0.13497098680137135,2.096970989403045e-05,0.9667771232686702,354.2191319444444,-9.095813002948984e-05,3.5226949659152026e-06
x11n0,800.858676154399,-0.13272964522909642,1.6975905114513188e-05,-0.13686302784890503,1.7504558009160323e-05,0.9569507022300898,354.2191319444444,-9.095813002948984e-05,3.5226949659152026e-06
x11n0,802.569777171472,-0.13262609557795846,1.7503460605773586e-05,-0.13675625352005802,1.804854229969007e-05,0.9532474989511447,354.2191319444444,-9.095813002948984e-05,3.5226949659152026e-06
x11n0,804.5366714338328,-0.13311074690288618,2.1755956046273582e-05,-0.13725599754985712,2.243346626219989e-05,0.9319505513575748,354.2191319444444,-9.095813002948984e-05,3.5226949659152026e-06
x11n0,807.7165820089042,-0.1349161785292196,2.097200996282857e-05,-0.13911765278541258,2.162510702590884e-05,0.9580487812267765,354.2191319444444,-9.095813002948984e-05,3.5226949659152026e-06
x11n0,809.441199837738,0.13589706111202066,1.8809890843442836e-05,0.14012908139290028,1.9395656561105888e-05,0.8846351756062666,354.2191319444444,-9.095813002948984e-05,3.5226949659152026e-06
x11n0,810.5341094006386,0.13397876018478241,1.7133312321862556e-05,0.13815104195209543,1.7666867092152975e-05,0.8880718637356431,354.2191319444444,-9.095813002948984e-05,3.5226949659152026e-06
x11n0,812.5835548348008,0.12905053870877534,1.9916492254689156e-05,0.13306934892148325,2.0536719053238895e-05,0.844675772563766,354.2191319444444,-9.095813002948984e-05,3.5226949659152026e-06
x11n0,814.9032926625582,0.13665126706956987,2.275409190713103e-05,0.1409067743551146,2.3462685438411305e-05,0.8829865654029907,354.2191319444444,-9.095813002948984e-05,3.5226949659152026e-06
x11n0,816.706808330352,0.13492412970523512,2.4277111142061806e-05,0.13912585157192003,2.5033133574582878e-05,0.8633430268179768,354.2191319444444,-9.095813002948984e-05,3.5226949659152026e-06
x11n0,819.2767641640996,0.13182321311949913,1.985388391066918e-05,0.135928368204145,2.047216099978829e-05,0.917253130511825,354.2191319444444,-9.095813002948984e-05,3.5226949659152026e-06
x11n0,820.5885812614077,0.1322928549761807,2.3504244522374578e-05,0.13641263535033588,2.423619883169882e-05,0.9064827706700955,354.2191319444444,-9.095813002948984e-05,3.5226949659152026e-06
x11n0,821.7688038632286,0.13308848470364748,2.564745724198134e-05,0.13723304207529735,2.644615412558494e-05,0.9034168113915815,354.2191319444444,-9.095813002948984e-05,3.5226949659152026e-06
x11n0,825.079923607029,0.13769973009079686,2.8261630901008922e-05,0.14198788794827655,2.914173672644112e-05,0.8397117840188056,354.2191319444444,-9.095813002948984e-05,3.5226949659152026e-06
x11n0,827.0757560901826,0.1360665106961889,2.830392005870229e-05,0.14030380786879026,2.9185342826322604e-05,0.8606823065877689,354.2191319444444,-9.095813002948984e-05,3.5226949659152026e-06
x11n0,829.3268897880927,0.13777626779513188,2.7240500049953776e-05,0.14206680914136655,2.8088806464598606e-05,0.8648198070873333,354.2191319444444,-9.095813002948984e-05,3.5226949659152026e-06
x11n0,831.8442043957751,0.13298408791422536,1.9920807677187598e-05,0.1371253942271218,2.0541168863893966e-05,0.9044172531725763,354.2191319444444,-9.095813002948984e-05,3.5226949659152026e-06
x11n0,832.9966829560145,0.13539488913534925,1.9996969050589165e-05,0.1396112710943081,2.0619702006590744e-05,0.856822742616541,354.2191319444444,-9.095813002948984e-05,3.5226949659152026e-06
x11n0,834.8500788028117,-0.13632027131610325,1.723758158981233e-05,-0.1405654709413491,1.7774383447663185e-05,0.9500400342947053,354.2191319444444,-9.095813002948984e-05,3.5226949659152026e-06
x11n0,837.0240628487325,-0.1313643853540329,2.047580159332295e-05,-0.13545525191475488,2.1113446049362962e-05,0.9526685634563621,354.2191319444444,-9.095813002948984e-05,3.5226949659152026e-06
x11n0,838.4982165147393,-0.13169974414788277,1.99269168451746e-05,-0.13580105423994626,2.0547468279724508e-05,0.9569868426482476,354.2191319444444,-9.095813002948984e-05,3.5226949659152026e-06
x11n0,839.9452224126094,-0.13397791071717668,2.8015355290432944e-05,-0.1381501660309071,2.8887791756644896e-05,0.9340048543432073,354.2191319444444,-9.095813002948984e-05,3.5226949659152026e-06
x11n0,842.8281638930397,0.13096288579816615,2.5200006994878478e-05,0.13504124911379004,2.5984769666035326e-05,0.9128042458563528,354.2191319444444,-9.095813002948984e-05,3.5226949659152026e-06
x11n0,845.2467259248116,0.13167241186873307,3.056185397921229e-05,0.1357728707962553,3.15135918961544e-05,0.8855799510197943,354.2191319444444,-9.095813002948984e-05,3.5226949659152026e-06
x11n0,846.6580402511304,0.13491824729858248,2.894080920350966e-05,0.13911978597908184,2.9842065569851255e-05,0.8889315778560773,354.2191319444444,-9.095813002948984e-05,3.5226949659152026e-06
x11n0,848.1861681212494,-0.13783298975452304,3.450512729946906e-05,-0.14212529750012315,3.557966413882952e-05,0.9651223581709436,354.2191319444444,-9.095813002948984e-05,3.5226949659152026e-06
x11n0,851.4207521360452,-0.13706414898704475,3.6362820663482275e-05,-0.14133251397998994,3.749520861402813e-05,0.9661654814941801,354.2191319444444,-9.095813002948984e-05,3.5226949659152026e-06
x11n0,853.4372771000857,-0.13814555041009557,3.163433355049817e-05,-0.14244759172184174,3.261946994757937e-05,0.9430611411836246,354.2191319444444,-9.095813002948984e-05,3.5226949659152026e-06
x11n0,854.0705464539406,-0.13595053183277298,3.550005234415629e-05,-0.14018421726500177,3.6605572509665366e-05,0.9480886990862472,354.2191319444444,-9.095813002948984e-05,3.5226949659152026e-06
x11n0,856.6065968288082,0.1282106079752627,3.957279399952743e-05,0.13220326159657952,4.0805144908418855e-05,0.8969882245552191,354.2191319444444,-9.095813002948984e-05,3.5226949659152026e-06
x11n0,859.4572215180685,0.1315115971745786,3.808424652428176e-05,0.13560704811265972,3.927024202965862e-05,0.8926800244828961,354.2191319444444,-9.095813002948984e-05,3.5226949659152026e-06
x11n0,860.3595098136191,0.13829887016146086,3.254182796156577e-05,0.1426056860598826,3.3555224975329896e-05,0.8443987649891059,354.2191319444444,-9.095813002948984e-05,3.5226949659152026e-06
x11n0,863.873595969823,0.13933800992421863,5.258014981279074e-05,0.14367718605555987,5.421756756530561e-05,0.8736427506431682,354.2191319444444,-9.095813002948984e-05,3.5226949659152026e-06
x11s2,13.200558400328289,0.08768903344932527,8.371385707616282e-06,0.09045360442744484,8.635310272223271e-06,0.9370600969894745,354.08671296296296,-8.685302976962052e-05,2.538301135782325e-06
x11s2,15.403159120320648,0.08092878680111033,7.112922362791314e-06,0.08348022757407847,7.337171370452623e-06,0.9414499927105323,354.08671296296296,-8.685302976962052e-05,2.538301135782325e-06
x11s2,17.872906789162514,0.07983477340108047,5.375407877381778e-06,0.0823517232283006,5.544878289231543e-06,0.9429337682160972,354.08671296296296,-8.685302976962052e-05,2.538301135782325e-06
x11s2,18.492772261975375,0.07884083129223822,5.0024333220787064e-06,0.08132644511996162,5.160144970140023e-06,0.9067481755066022,354.08671296296296,-8.685302976962052e-05,2.538301135782325e-06
x11s2,19.475038580385874,0.08120630512319413,5.32646552033575e-06,0.08376649521256992,5.494392927153211e-06,0.8831309907161242,354.08671296296296,-8.685302976962052e-05,2.538301135782325e-06
x11s2,22.73938457343998,0.0746249007488473,5.23662600358152e-06,0.07697759899103443,5.401721041162632e-06,0.8305763329641135,354.08671296296296,-8.685302976962052e-05,2.538301135782325e-06
x11s2,25.26385031317019,0.07595851522644304,3.984268539507995e-06,0.07835325831432792,4.109880520163751e-06,0.8964963347173509,354.08671296296296,-8.685302976962052e-05,2.538301135782325e-06
x11s2,26.20895336324809,0.07139102405543807,4.481347309468859e-06,0.07364176791060846,4.62263068581935e-06,0.9374984594958649,354.08671296296296,-8.685302976962052e-05,2.538301135782325e-06
x11s2,28.988554549560355,0.07637538549826306,5.6163972610867246e-06,0.0787832712496006,5.7934653419951935e-06,0.9552147235801759,354.08671296296296,-8.685302976962052e-05,2.538301135782325e-06
x11s2,31.55584592343908,0.06976353107374275,3.631679977161992e-06,0.07196296497956937,3.746175902955062e-06,0.9425425249701284,354.08671296296296,-8.685302976962052e-05,2.538301135782325e-06
x11s2,32.85285593053299,0.06733027899135266,3.022733723215135e-06,0.06945299979150557,3.118031408650487e-06,0.9524901377998785,354.08671296296296,-8.685302976962052e-05,2.538301135782325e-06
x11s2,34.67946445490966,0.06656724576146014,3.3323760160148526e-06,0.06866591042323719,3.4374357898505422e-06,0.934774364953044,354.08671296296296,-8.685302976962052e-05,2.538301135782325e-06
x11s2,37.01748229569557,0.07028394319662493,3.5743653562905113e-06,0.07249978412845,3.6870543248022606e-06,0.9306178867237206,354.08671296296296,-8.685302976962052e-05,2.538301135782325e-06
x11s2,39.236093155464836,0.07243952831133837,3.7456017868773314e-06,0.07472332834608192,3.863689324033023e-06,0.9382863742025972,354.08671296296296,-8.685302976962052e-05,2.538301135782325e-06
x11s2,41.1966835668764,0.07308123692988268,3.8026586914501267e-06,0.07538526810361194,3.922545060868856e-06,0.9202486839789138,354.08671296296296,-8.685302976962052e-05,2.538301135782325e-06
x11s2,43.412430287902374,0.07067834987565441,3.534492388053122e-06,0.07290662526154439,3.6459242820315514e-06,0.939431838958622,354.08671296296296,-8.685302976962052e-05,2.538301135782325e-06
x11s2,45.32452750542863,0.06837168509263596,3.0434896473243624e-06,0.07052723828893688,3.139441704499934e-06,0.951050659808339,354.08671296296296,-8.685302976962052e-05,2.538301135782325e-06
x11s2,47.90512660761022,0.06767595617206695,4.127048825008894e-06,0.0698095751320468,4.2571622378052105e-06,0.9810026478525709,354.08671296296296,-8.685302976962052e-05,2.538301135782325e-06
x11s2,50.16659237163554,0.06839110900979985,3.887045824907496e-06,0.07054727458367593,4.00959266634771e-06,0.9734447119349414,354.08671296296296,-8.685302976962052e-05,2.538301135782325e-06
x11s2,50.744637296215096,0.0697122617448408,4.202294346073929e-06,0.07191007928322472,4.334780023400794e-06,0.9487376112039969,354.08671296296296,-8.685302976962052e-05,2.538301135782325e-06
x11s2,52.526245020851796,0.07116848569779315,4.689654185785411e-06,0.07341221358915526,4.8375048502237584e-06,0.9326351959333521,354.08671296296296,-8.685302976962052e-05,2.538301135782325e-06
x11s2,54.71581520756631,0.07217419959771966,6.450171788057174e-06,0.07444963461767767,6.653526267262985e-06,0.8673358306022245,354.08671296296296,-8.685302976962052e-05,2.538301135782325e-06
x11s2,57.081240998846944,0.06574989653483437,3.180371245026435e-06,0.06782279263853713,3.2806387664916715e-06,0.92586522691082,354.08671296296296,-8.685302976962052e-05,2.538301135782325e-06
x11s2,60.12380810183718,0.05960206715041012,5.324233539374521e-06,0.06148114071979983,5.492090578558238e-06,0.9519069847593606,354.08671296296296,-8.685302976962052e-05,2.538301135782325e-06
x11s2,62.21582678109977,0.055448467291380685,3.942469930926796e-06,0.057196590373881626,4.0667641274120135e-06,0.9758371681640691,354.08671296296296,-8.685302976962052e-05,2.538301135782325e-06
x11s2,63.484977566699726,0.058186561879093976,3.957820584855054e-06,0.06002100883283377,4.082598741200198e-06,0.9291226956300435,354.08671296296296,-8.685302976962052e-05,2.538301135782325e-06
x11s2,64.05337995976312,0.05666891575570977,4.287325923640676e-06,0.05845551590053031,4.4224923903697936e-06,0.9024886031915085,354.08671296296296,-8.685302976962052e-05,2.538301135782325e-06
x11s2,66.23437476883159,0.05878904216473023,5.381362773668635e-06,0.06064248350633178,5.551020925453541e-06,0.8655890312103481,354.08671296296296,-8.685302976962052e-05,2.538301135782325e-06
x11s2,69.2760951595014,0.05402852013753957,3.63568443076612e-06,0.055731876565219975,3.7503066049141067e-06,0.9258287343509217,354.08671296296296,-8.685302976962052e-05,2.538301135782325e-06
x11s2,70.77698106025295,0.05460922388969774,4.06027209432881e-06,0.056330888156761835,4.188280238035138e-06,0.9532355423755609,354.08671296296296,-8.685302976962052e-05,2.538301135782325e-06
x11s2,73.88482250324594,0.05256057407636055,4.318220645830142e-06,0.05421765058831437,4.454361130050185e-06,0.9719397774564597,354.08671296296296,-8.685302976962052e-05,2.538301135782325e-06
x11s2,75.37492014587916,0.050517064081384074,3.476416843455041e-06,0.052109714881211945,3.5860177905200558e-06,0.9749174921632001,354.08671296296296,-8.685302976962052e-05,2.538301135782325e-06
x11s2,76.20311564356771,0.05096456335707043,3.3266142297957886e-06,0.052571322460543905,3.431492351874847e-06,0.9749490152325887,354.08671296296296,-8.685302976962052e-05,2.538301135782325e-06
x11s2,79.5264782204518,0.05296048625604118,4.679636498682796e-06,0.054630170793904885,4.8271713356346005e-06,0.9595321501306471,354.08671296296296,-8.685302976962052e-05,2.538301135782325e-06
x11s2,81.22365990475043,0.05302761068420468,4.384880481722127e-06,0.054699411453012256,4.523122549691747e-06,0.9346143615068003,354.08671296296296,-8.685302976962052e-05,2.538301135782325e-06
x11s2,83.01132406677853,0.053519864477958215,3.517851480979534e-06,0.05520718452550053,3.6287587373044783e-06,0.9224177680682913,354.08671296296296,-8.685302976962052e-05,2.538301135782325e-06
x11s2,84.76594285446518,0.05453037886495821,4.096703960987409e-06,0.05624955738598783,4.225860691663865e-06,0.8810718120296285,354.08671296296296,-8.685302976962052e-05,2.538301135782325e-06
x11s2,86.37695412497779,0.057561321323597335,4.709396785323217e-06,0.05937605632675361,4.857869874431651e-06,0.8935018017357166,354.08671296296296,-8.685302976962052e-05,2.538301135782325e-06
x11s2,88.58716464681446,0.062063148993945626,4.303287768807414e-06,0.06401981305751438,4.4389574644144135e-06,0.8794643852348281,354.08671296296296,-8.685302976962052e-05,2.538301135782325e-06
x11s2,91.86218496135008,0.05629636241842604,5.727609626633233e-06,0.058071217079192966,5.908183898294456e-06,0.9496735579792965,354.08671296296296,-8.685302976962052e-05,2.538301135782325e-06
x11s2,93.3653657414635,0.05621956744489031,5.350130841309992e-06,0.05799200099155948,5.5188043443835036e-06,0.9296865781664019,354.08671296296296,-8.685302976962052e-05,2.538301135782325e-06
x11s2,95.83079937469861,0.04660298878130148,5.126902694274898e-06,0.04807224058178884,5.288538486559303e-06,0.9463374423585692,354.08671296296296,-8.685302976962052e-05,2.538301135782325e-06
x11s2,96.94593749358302,0.043947454195477124,6.196553660952339e-06,0.04533298499279474,6.391912324876137e-06,0.9118592154928062,354.08671296296296,-8.685302976962052e-05,2.538301135782325e-06
x11s2,98.40775173671524,0.04581837780315164,5.7765528682017e-06,0.04726289318388407,5.958670172781554e-06,0.9221701435270079,354.08671296296296,-8.685302976962052e-05,2.538301135782325e-06
x11s2,101.60963296088417,0.046262683504236575,4.520277497613656e-06,0.047721206504831096,4.662788225482167e-06,0.9252643436913556,354.08671296296296,-8.685302976962052e-05,2.538301135782325e-06
x11s2,103.15747175467926,0.04688518185703705,3.589118570221337e-06,0.048363330354827566,3.702272663110249e-06,0.9540297226835533,354.08671296296296,-8.685302976962052e-05,2.538301135782325e-06
x11s2,105.01610790684451,0.04125725263595699,3.817000588146283e-06,0.042557969484891434,3.93733911434925e-06,0.9758123478598759,354.08671296296296,-8.685302976962052e-05,2.538301135782325e-06
x11s2,106.5429076138004,0.04383358378744251,4.692041279132247e-06,0.0452155245939376,4.839967201430434e-06,0.9634629281061659,354.08671296296296,-8.685302976962052e-05,2.538301135782325e-06
x11s2,107.84859385470722,0.04281168301359365,5.665567778014543e-06,0.044161406368136404,5.844186057148841e-06,0.963806791127631,354.08671296296296,-8.685302976962052e-05,2.538301135782325e-06
x11s2,111.65819934811859,0.04320103759993987,4.767494835184422e-06,0.04456303613128946,4.917799580729398e-06,0.9495048745548127,354.08671296296296,-8.685302976962052e-05,2.538301135782325e-06
x11s2,112.74274200722226,0.045765949246857944,5.554384599818413e-06,0.04720881171320128,5.72949760838916e-06,0.8996213995748242,354.08671296296296,-8.685302976962052e-05,2.538301135782325e-06
x11s2,114.18713493437987,0.04543496468264413,5.048709911129667e-06,0.04686739220308331,5.207880520591563e-06,0.9004155973792481,354.08671296296296,-8.685302976962052e-05,2.538301135782325e-06
x11s2,117.03409789235067,0.05023150067466305,5.12921932967276e-06,0.05181514852080812,5.290928158490194e-06,0.8917516358415845,354.08671296296296,-8.685302976962052e-05,2.538301135782325e-06
x11s2,118.59156641906041,0.04080512960100183,4.393242894521254e-06,0.0420915923730944,4.5317486041667154e-06,0.9680544320082037,354.08671296296296,-8.685302976962052e-05,2.538301135782325e-06
x11s2,120.77135663220129,0.03937486924021782,4.4297269551863775e-06,0.04061624021315328,4.56938289732171e-06,0.964796203337626,354.08671296296296,-8.685302976962052e-05,2.538301135782325e-06
x11s2,123.17579290860301,0.040032149770181366,4.68509804116771e-06,0.041294242817544416,4.832805064095978e-06,0.9429783519830391,354.08671296296296,-8.685302976962052e-05,2.538301135782325e-06
x11s2,125.20600677642148,0.044868750199196054,5.606080836889324e-06,0.046283326683231284,5.7828236720308805e-06,0.9424174207884215,354.08671296296296,-8.685302976962052e-05,2.538301135782325e-06
x11s2,127.1179087574953,0.04448693911240044,5.020812579174008e-06,0.045889478243437705,5.179103669826563e-06,0.9289614049664788,354.08671296296296,-8.685302976962052e-05,2.538301135782325e-06
x11s2,128.6568236153001,0.04450273062590801,7.163892246555947e-06,0.04590576761577923,7.3897481810571475e-06,0.9217532839516748,354.08671296296296,-8.685302976962052e-05,2.538301135782325e-06
x11s2,130.63118917326213,0.041876445136508816,5.736897118242425e-06,0.043196683259079875,5.917764196526691e-06,0.9341920108749936,354.08671296296296,-8.685302976962052e-05,2.538301135782325e-06
x11s2,133.24095692471178,0.04155344006843045,6.2126195434319376e-06,0.0428634948145647,6.40848471621658e-06,0.9294767237945797,354.08671296296296,-8.685302976962052e-05,2.538301135782325e-06
x11s2,134.29478280291664,0.04024001903418582,6.1576539189641355e-06,0.04150866557303925,6.3517861912454815e-06,0.9389292874294548,354.08671296296296,-8.685302976962052e-05,2.538301135782325e-06
x11s2,136.73891790338453,0.03854215076178326,7.656614872187189e-06,0.03975726863044936,7.898004866279434e-06,0.8894561533431934,354.08671296296296,-8.685302976962052e-05,2.538301135782325e-06
x11s2,138.88402824544053,0.04096307511524069,6.581953062672768e-06,0.042254517433436264,6.789462208350897e-06,0.90322664922421,354.08671296296296,-8.685302976962052e-05,2.538301135782325e-06
x11s2,140.82872025526495,0.045265361236953114,5.811032890181149e-06,0.0466924416718412,5.994237245950185e-06,0.9260107368216649,354.08671296296296,-8.685302976962052e-05,2.538301135782325e-06
x11s2,143.05053624649887,0.04508208284846489,5.236068097158786e-06,0.04650338506806425,5.401145545631612e-06,0.9454459966100864,354.08671296296296,-8.685302976962052e-05,2.538301135782325e-06
x11s2,144.5566198995938,0.04129220674759171,6.259610534492296e-06,0.04259402559433352,6.456957191620059e-06,0.9412889539259278,354.08671296296296,-8.685302976962052e-05,2.538301135782325e-06
x11s2,146.59870802946324,0.03826104562097784,4.773268338083722e-06,0.0394673010916507,4.92375510477695e-06,0.9418222630796421,354.08671296296296,-8.685302976962052e-05,2.538301135782325e-06
x11s2,149.26004577309243,0.04435038359044266,6.753941479470568e-06,0.04574861753737586,6.966872901651798e-06,0.9307917693668433,354.08671296296296,-8.685302976962052e-05,2.538301135782325e-06
x11s2,150.28915955661918,0.043194754498661544,7.300088477454458e-06,0.04455655494276164,7.530238268695325e-06,0.9482731143194888,354.08671296296296,-8.685302976962052e-05,2.538301135782325e-06
x11s2,153.71051977491604,0.04480887088911339,7.521271692071964e-06,0.04622155955894503,7.758394723545112e-06,0.9234037130394065,354.08671296296296,-8.685302976962052e-05,2.538301135782325e-06
x11s2,155.0561012948158,0.039257618125034664,7.666839557397796e-06,0.0404952925236388,7.908551905003152e-06,0.9066230723995601,354.08671296296296,-8.685302976962052e-05,2.538301135782325e-06
x11s2,156.3988725698955,0.03772202924648427,5.916755414817153e-06,0.03891129115516836,6.1032928831983965e-06,0.9254013023512868,354.08671296296296,-8.685302976962052e-05,2.538301135782325e-06
x11s2,159.5398968252169,0.03599609324658103,7.0390506776883276e-06,0.03713094159421041,7.2609707337269856e-06,0.9338983124143158,354.08671296296296,-8.685302976962052e-05,2.538301135782325e-06
x11s2,160.72678890662812,0.03820674439671809,6.5989217719988525e-06,0.039411287913424076,6.806965889947671e-06,0.9535629144331257,354.08671296296296,-8.685302976962052e-05,2.538301135782325e-06
x11s2,162.14288726670787,0.03917074651624408,6.710439180290232e-06,0.04040568211480632,6.921999106070319e-06,0.9247449183108699,354.08671296296296,-8.685302976962052e-05,2.538301135782325e-06
x11s2,165.11997591560288,0.04577192615480312,4.096224607883792e-06,0.047214977055042844,4.225366226001398e-06,0.9145550855325365,354.08671296296296,-8.685302976962052e-05,2.538301135782325e-06
x11s2,166.24895819657507,0.04977236216257771,4.795882047216472e-06,0.051341534755027785,4.947081756013369e-06,0.9115517982230604,354.08671296296296,-8.685302976962052e-05,2.538301135782325e-06
x11s2,168.0790529625002,0.052501249921034186,4.895982433009217e-06,0.05415645612114096,5.050338005322628e-06,0.9278995189398084,354.08671296296296,-8.685302976962052e-05,2.538301135782325e-06
x11s2,169.7492918439858,0.04578862950123054,1.0349883398574292e-05,0.04723220700764843,1.0676184033272873e-05,0.9005777417185739,354.08671296296296,-8.685302976962052e-05,2.538301135782325e-06
x11s2,172.6072028578267,0.035763065870155236,7.1328152411595525e-06,0.036890567566822303,7.357691411329614e-06,0.9296669637835547,354.08671296296296,-8.685302976962052e-05,2.538301135782325e-06
x11s2,176.11494634223882,0.0328911607417144,7.64198050097098e-06,0.033928119924024884,7.882909117438728e-06,0.9197824176326033,354.08671296296296,-8.685302976962052e-05,2.538301135782325e-06
x11s2,177.15899518927236,0.034858630678227094,6.035251739077964e-06,0.035957618258763105,6.225525039480376e-06,0.9408711893845663,354.08671296296296,-8.685302976962052e-05,2.538301135782325e-06
x11s2,179.16512222782262,0.0338856145330568,5.56861905190467e-06,0.03495392584667131,5.744180829854884e-06,0.9657020680729528,354.08671296296296,-8.685302976962052e-05,2.538301135782325e-06
x11s2,180.902224027965,0.038196243048915994,6.8149004965285704e-06,0.03940045548977107,7.029753772820675e-06,0.9368865238436893,354.08671296296296,-8.685302976962052e-05,2.538301135782325e-06
x11s2,182.79044547482786,0.03858203027807488,6.636401787314894e-06,0.03979840542771472,6.845627537202467e-06,0.9264503792283211,354.08671296296296,-8.685302976962052e-05,2.538301135782325e-06
x11s2,185.25410134322493,0.04207291106762556,6.483975452787995e-06,0.04339934316896443,6.688395659677107e-06,0.9027035100371361,354.08671296296296,-8.685302976962052e-05,2.538301135782325e-06
x11s2,186.70792224332186,0.04017293483360977,5.670873390299367e-06,0.04143946640977394,5.849658939400807e-06,0.9285209046780092,354.08671296296296,-8.685302976962052e-05,2.538301135782325e-06
x11s2,188.43058219234106,0.03657376031614226,6.356660706588594e-06,0.03772682076570394,6.557067063186689e-06,0.9438095968182606,354.08671296296296,-8.685302976962052e-05,2.538301135782325e-06
x11s2,191.07366564650377,0.039752644632562784,4.163127751661595e-06,0.041005925725211535,4.294378624293221e-06,0.8971691827508028,354.08671296296296,-8.685302976962052e-05,2.538301135782325e-06
x11s2,193.98575316228016,0.03940648586539576,5.578886480827542e-06,0.040648853615247955,5.754771959871308e-06,0.9117863251177651,354.08671296296296,-8.685302976962052e-05,2.538301135782325e-06
x11s2,195.00227162172988,0.03784132320253357,4.840369443304707e-06,0.0390343460901655,4.992971705639712e-06,0.9061880577195758,354.08671296296296,-8.685302976962052e-05,2.538301135782325e-06
x11s2,195.79521959993278,0.03462547011114031,6.37779389723028e-06,0.03571710684161383,6.57886651964549e-06,0.9218911432445607,354.08671296296296,-8.685302976962052e-05,2.538301135782325e-06
x11s2,197.84678989056408,0.02873430467183154,7.443809632710272e-06,0.029640210708737482,7.678490518879807e-06,0.9441679786888388,354.08671296296296,-8.685302976962052e-05,2.538301135782325e-06
x11s2,202.1649354089977,0.029479620971257812,8.097781807008666e-06,0.030409024585111095,8.353080465121233e-06,0.9437062097977755,354.08671296296296,-8.685302976962052e-05,2.538301135782325e-06
x11s2,203.64458457928833,0.025337585485988384,5.474827515880243e-06,0.02613640320280889,5.647432329335733e-06,0.9663151650243148,354.08671296296296,-8.685302976962052e-05,2.538301135782325e-06
x11s2,204.77619718085174,0.026787856201673878,5.0942459998889195e-06,0.027632396583841333,5.254852225008658e-06,0.9301199978873003,354.08671296296296,-8.685302976962052e-05,2.538301135782325e-06
x11s2,205.9414858421566,0.025776430676148494,6.910642435065835e-06,0.02658908385937661,7.128514166166453e-06,0.8768596086581502,354.08671296296296,-8.685302976962052e-05,2.538301135782325e-06
x11s2,208.55230558767573,0.030981329830595625,4.592913395314607e-06,0.03195807779945893,4.737714114152968e-06,0.8134206678712118,354.08671296296296,-8.685302976962052e-05,2.538301135782325e-06
x11s2,210.42743484948224,0.02303153672668991,7.594494108916602e-06,0.02375765167529289,7.833925622540754e-06,0.8033864646975828,354.08671296296296,-8.685302976962052e-05,2.538301135782325e-06
x11s2,211.90302890727594,0.030337223538595092,9.431191303541442e-06,0.03129366477705387,9.72852834491654e-06,0.8414025906900552,354.08671296296296,-8.685302976962052e-05,2.538301135782325e-06
x11s2,215.71771954992147,0.031164720893333303,8.996784750407311e-06,0.03214725062976488,9.280426262224615e-06,0.8246067312968258,354.08671296296296,-8.685302976962052e-05,2.538301135782325e-06
x11s2,217.09284468093907,0.03182052881221811,7.331859394035316e-06,0.03282373419608761,7.563010826535902e-06,0.8584962219204665,354.08671296296296,-8.685302976962052e-05,2.538301135782325e-06
x11s2,219.14018729384506,0.031618788516692475,6.345222949886287e-06,0.03261563363697839,6.545268708482669e-06,0.9051428864704533,354.08671296296296,-8.685302976962052e-05,2.538301135782325e-06
x11s2,221.08957103764982,0.036640109639473034,8.349707798551537e-06,0.03779526188325895,8.612948924011015e-06,0.936745116661992,354.08671296296296,-8.685302976962052e-05,2.538301135782325e-06
x11s2,222.7945214488342,0.0345795105862204,8.243838529219187e-06,0.03566969835136994,8.50374191564839e-06,0.9376257396817573,354.08671296296296,-8.685302976962052e-05,2.538301135782325e-06
x11s2,225.37852008786237,0.04075187778947953,7.96297127038501e-06,0.04203666169242649,8.214019758522675e-06,0.8930869378074333,354.08671296296296,-8.685302976962052e-05,2.538301135782325e-06
x11s2,227.02256189155403,0.03395396251141325,7.176919272546121e-06,0.035024428630822106,7.403185909920497e-06,0.8613078403616193,354.08671296296296,-8.685302976962052e-05,2.538301135782325e-06
x11s2,228.3400451685978,0.029267374072572076,8.634537844577075e-06,0.030190086181305264,8.906758803066571e-06,0.8515328715723547,354.08671296296296,-8.685302976962052e-05,2.538301135782325e-06
x11s2,229.87450834393724,0.018907268894323388,1.1018865196809049e-05,0.019503358106447682,1.136625681166262e-05,0.9235597910248038,354.08671296296296,-8.685302976962052e-05,2.538301135782325e-06
x11s2,232.6630052793363,0.02984655529834078,1.3679894553377307e-05,0.030787527245788655,1.4111180404963962e-05,0.894283367224894,354.08671296296296,-8.685302976962052e-05,2.538301135782325e-06
x11s2,234.88066583039992,0.034501976273069425,1.471669158003681e-05,0.03558971961497111,1.5180664517537803e-05,0.8396038779503617,354.08671296296296,-8.685302976962052e-05,2.538301135782325e-06
x11s2,237.9863922892071,0.03111710639349264,1.1323333648303831e-05,0.03209813498822817,1.1680324235932511e-05,0.8908966375666785,354.08671296296296,-8.685302976962052e-05,2.538301135782325e-06
x11s2,239.4602092200412,0.029186206234282794,1.1337176230219055e-05,0.03010635936566996,1.1694603232741589e-05,0.9038434702035296,354.08671296296296,-8.685302976962052e-05,2.538301135782325e-06
x11s2,240.7385199038832,0.029670839557343086,7.3644176258124215e-06,0.030606271716987946,7.5965955212483284e-06,0.9480816927165656,354.08671296296296,-8.685302976962052e-05,2.538301135782325e-06
x11s2,243.10004251140631,0.025819243228361342,8.057861437336858e-06,0.026633246162347236,8.31190152649172e-06,0.9520654028173501,354.08671296296296,-8.685302976962052e-05,2.538301135782325e-06
x11s2,244.94183722678397,0.02653246046552273,7.868551842458682e-06,0.027368948989751677,8.116623570562077e-06,0.9663415230574582,354.08671296296296,-8.685302976962052e-05,2.538301135782325e-06
x11s2,247.53437657775828,0.021881843302835432,7.667641294895518e-06,0.022571711882328187,7.909378918868183e-06,0.9599740142638985,354.08671296296296,-8.685302976962052e-05,2.538301135782325e-06
x11s2,249.36191353510358,0.02207514671217478,6.105526020951796e-06,0.022771109565653806,6.298014857693638e-06,0.9649749185027494,354.08671296296296,-8.685302976962052e-05,2.538301135782325e-06
x11s2,250.3987684919438,0.023663188891215724,6.040551934997339e-06,0.024409217929113845,6.230992334605211e-06,0.9553039768263488,354.08671296296296,-8.685302976962052e-05,2.538301135782325e-06
x11s2,252.05300598621437,0.02574885770921295,8.146104637191235e-06,0.026560641599883354,8.402926768521014e-06,0.9399946135766947,354.08671296296296,-8.685302976962052e-05,2.538301135782325e-06
x11s2,255.0812012933689,0.03289052708911574,1.0710220360312851e-05,0.03392746629426927,1.104788133355755e-05,0.9343821404074723,354.08671296296296,-8.685302976962052e-05,2.538301135782325e-06
x11s2,256.6598524368678,0.03095537238973043,1.2801711671731606e-05,0.03193130199870471,1.3205311063420374e-05,0.9211369980518251,354.08671296296296,-8.685302976962052e-05,2.538301135782325e-06
x11s2,258.05518869673926,0.030257074652768192,1.3236220286788724e-05,0.03121098903838152,1.3653518425740157e-05,0.9296327408555622,354.08671296296296,-8.685302976962052e-05,2.538301135782325e-06
x11s2,260.78719539378574,0.03266296744438864,1.2882315294856405e-05,0.033692732379683586,1.3288455875887292e-05,0.8970353483301718,354.08671296296296,-8.685302976962052e-05,2.538301135782325e-06
x11s2,262.511496707128,0.03574413409251711,1.3693389589714174e-05,0.036871038927285216,1.4125100899129908e-05,0.9195383141829903,354.08671296296296,-8.685302976962052e-05,2.538301135782325e-06
x11s2,266.08242078967817,0.029446973753440363,1.7158402926093583e-05,0.03037534809889663,1.769935566436014e-05,0.9222807894811422,354.08671296296296,-8.685302976962052e-05,2.538301135782325e-06
x11s2,267.79318829726395,0.022319949114618917,9.521441296972354e-06,0.023023629850147147,9.821623648676465e-06,0.9658694236635894,354.08671296296296,-8.685302976962052e-05,2.538301135782325e-06
x11s2,269.0172584106639,0.023403382478765392,7.73026399138219e-06,0.024141220603392646,7.973975920264699e-06,0.9625423727392977,354.08671296296296,-8.685302976962052e-05,2.538301135782325e-06
x11s2,270.2936227316157,0.02368617298479369,9.009162032756293e-06,0.0244329266419009,9.293193762987736e-06,0.9666073479483063,354.08671296296296,-8.685302976962052e-05,2.538301135782325e-06
x11s2,272.34272418658094,0.03223817207572373,1.4610848324035907e-05,0.03325454449314437,1.5071484342628575e-05,0.9070281388675843,354.08671296296296,-8.685302976962052e-05,2.538301135782325e-06
x11s2,275.2169229400166,0.026955598018575427,1.5984227434441053e-05,0.027805426794748168,1.6488161957775206e-05,0.8872667929391871,354.08671296296296,-8.685302976962052e-05,2.538301135782325e-06
x11s2,277.5337855264975,0.026947288189556214,1.1113898579249332e-05,0.027796854981861237,1.1464286310272878e-05,0.8882019104388142,354.08671296296296,-8.685302976962052e-05,2.538301135782325e-06
x11s2,279.53199227762576,0.029881776863554612,9.657373202865429e-06,0.030823859240815245,9.961841077938316e-06,0.913521595915308,354.08671296296296,-8.685302976962052e-05,2.538301135782325e-06
x11s2,280.87291141585956,0.03386141097712152,1.0782850641412938e-05,0.0349289592255536,1.1122801428552986e-05,0.9029778351284754,354.08671296296296,-8.685302976962052e-05,2.538301135782325e-06
x11s2,282.89247558407055,0.032634453101434965,1.0395357448117083e-05,0.033663319065423136,1.0723091742563964e-05,0.9088271800286425,354.08671296296296,-8.685302976962052e-05,2.538301135782325e-06
x11s2,285.51474833492506,0.03243094144360116,9.346054106792917e-06,0.03345339129829008,9.640707028911238e-06,0.8870042627900349,354.08671296296296,-8.685302976962052e-05,2.538301135782325e-06
x11s2,286.75602552982815,0.03125110955904057,7.946729781882392e-06,0.03223636286977396,8.197266224830488e-06,0.8935706162057299,354.08671296296296,-8.685302976962052e-05,2.538301135782325e-06
x11s2,288.6128861325494,0.029155163467160388,8.059723440253926e-06,0.03007433791364602,8.313822232749709e-06,0.8828640056873971,354.08671296296296,-8.685302976962052e-05,2.538301135782325e-06
x11s2,291.51842818012426,0.025884713990760467,8.354932655422463e-06,0.02670078102059192,8.618338504874235e-06,0.9563111363686592,354.08671296296296,-8.685302976962052e-05,2.538301135782325e-06
x11s2,292.4520767906476,0.02511179447001276,1.0135084906249233e-05,0.025903493676509542,1.045461359176937e-05,0.944443106651084,354.08671296296296,-8.685302976962052e-05,2.538301135782325e-06
x11s2,293.6186091931084,0.026199754894784637,1.3779283642186893e-05,0.02702575421495989,1.421370293223964e-05,0.922050498159813,354.08671296296296,-8.685302976962052e-05,2.538301135782325e-06
x11s2,297.1771893902358,0.031726720106286396,2.1862435612781556e-05,0.03272696798434573,2.255169232629102e-05,0.8580162947823642,354.08671296296296,-8.685302976962052e-05,2.538301135782325e-06
x11s2,299.2617450448298,0.03380553850436943,1.722259693944341e-05,0.034871325262104555,1.7765573521505423e-05,0.9283165613467949,354.08671296296296,-8.685302976962052e-05,2.538301135782325e-06
x11s2,301.15530881664455,0.03428538313900143,1.5152058310052192e-05,0.03536629795207858,1.56297570485946e-05,0.9298378121274926,354.08671296296296,-8.685302976962052e-05,2.538301135782325e-06
x11s2,303.873640404159,0.03032421924470009,1.2694924333728588e-05,0.03128025049696015,1.3095157042448448e-05,0.9455747249017703,354.08671296296296,-8.685302976962052e-05,2.538301135782325e-06
x11s2,305.0678198221572,0.02812564765533596,1.1959978825472798e-05,0.02901236457066942,1.2337040917039062e-05,0.9158544664285286,354.08671296296296,-8.685302976962052e-05,2.538301135782325e-06
x11s2,306.2610825468728,0.027460890200975384,1.2630183054918479e-05,0.028326649316986356,1.3028374666212077e-05,0.9181403743021878,354.08671296296296,-8.685302976962052e-05,2.538301135782325e-06
x11s2,309.78550954493534,0.03312788890875808,1.073760961052203e-05,0.034172311416806905,1.107613408428968e-05,0.9096917428326285,354.08671296296296,-8.685302976962052e-05,2.538301135782325e-06
x11s2,311.2246976865527,0.03317282502821449,9.736231496860936e-06,0.03421866423669702,1.0043185536307956e-05,0.9403469256041858,354.08671296296296,-8.685302976962052e-05,2.538301135782325e-06
x11s2,313.5773260046283,0.03218300964360926,8.55286818523059e-06,0.03319764295577458,8.822514345468344e-06,0.9511569384591109,354.08671296296296,-8.685302976962052e-05,2.538301135782325e-06
x11s2,315.0856078866613,0.0264684903914535,1.2910201778182972e-05,0.027302962132017675,1.3317221535998616e-05,0.9013947131848495,354.08671296296296,-8.685302976962052e-05,2.538301135782325e-06
x11s2,316.5806545096142,0.028444636176730063,1.2450660731489323e-05,0.02934140983888705,1.2843192544906787e-05,0.9104863180790839,354.08671296296296,-8.685302976962052e-05,2.538301135782325e-06
x11s2,318.9649862122825,0.02448037386810225,1.983705462836563e-05,0.02525216628577535,2.046245718282125e-05,0.8593650930855061,354.08671296296296,-8.685302976962052e-05,2.538301135782325e-06
x11s2,320.9758132222174,0.03407569273237673,1.2727452418649893e-05,0.03514999663882461,1.3128710639865559e-05,0.9297470726382694,354.08671296296296,-8.685302976962052e-05,2.538301135782325e-06
x11s2,323.585345838108,0.029888514613078117,1.3100232401389975e-05,0.030830809411277353,1.351324325210751e-05,0.8973218100991602,354.08671296296296,-8.685302976962052e-05,2.538301135782325e-06
x11s2,325.2064813871479,0.026595457703911037,8.778622435725816e-06,0.027433932341227325,9.055385947182488e-06,0.9114694036188203,354.08671296296296,-8.685302976962052e-05,2.538301135782325e-06
x11s2,327.5293741409513,0.022634828077091496,8.506134428421827e-06,0.023348435997434407,8.774307214137252e-06,0.9268365529425425,354.08671296296296,-8.685302976962052e-05,2.538301135782325e-06
x11s2,328.89750265867445,0.024073479965700206,6.971173600519886e-06,0.024832444244785094,7.190953696859617e-06,0.9371251950162676,354.08671296296296,-8.685302976962052e-05,2.538301135782325e-06
x11s2,330.98206142104647,0.024886302124038723,6.829181941142263e-06,0.0256708922363769,7.044485468346615e-06,0.9575953319468425,354.08671296296296,-8.685302976962052e-05,2.538301135782325e-06
x11s2,332.3856639118274,0.02471887488677143,8.479839717428344e-06,0.02549818652285222,8.747183510143946e-06,0.9687430221311969,354.08671296296296,-8.685302976962052e-05,2.538301135782325e-06
x11s2,334.8320443813826,0.024261958247552423,1.0219281827720007e-05,0.02502686467889419,1.0541464988450887e-05,0.9744997568379182,354.08671296296296,-8.685302976962052e-05,2.538301135782325e-06
x11s2,337.0232016784186,0.025146218133675496,1.9268603506398778e-05,0.025939002614553567,1.987608450997794e-05,0.9064796470999742,354.08671296296296,-8.685302976962052e-05,2.538301135782325e-06
x11s2,338.70999180192945,0.03168257402188718,1.655706676939729e-05,0.032681430106937435,1.707906119073979e-05,0.9110032615412736,354.08671296296296,-8.685302976962052e-05,2.538301135782325e-06
x11s2,340.7312879041232,0.0345883992484646,2.2578344494879166e-05,0.03567886724634916,2.3290171658085386e-05,0.8409719850817208,354.08671296296296,-8.685302976962052e-05,2.538301135782325e-06
x11s2,342.9750333306806,0.03056479363980754,1.4934582692683981e-05,0.03152840947778637,1.5405425080362717e-05,0.9299271509346569,354.08671296296296,-8.685302976962052e-05,2.538301135782325e-06
x11s2,346.0600184260215,0.028075532812687296,1.2748985528169783e-05,0.028960669758050627,1.3150922623439656e-05,0.9171887234575552,354.08671296296296,-8.685302976962052e-05,2.538301135782325e-06
x11s2,347.0145135453648,0.028763348331679376,1.0501999860470625e-05,0.029670170027658697,1.083309626881741e-05,0.9288234329255067,354.08671296296296,-8.685302976962052e-05,2.538301135782325e-06
x11s2,348.0611265979267,0.02899976835292197,1.4729671146740218e-05,0.029914043659731104,1.519405329086609e-05,0.9194061363977137,354.08671296296296,-8.685302976962052e-05,2.538301135782325e-06
x11s2,351.81393164452544,0.02624670905124624,1.8073057879372974e-05,0.02707418869448071,1.8642846932049254e-05,0.9511031476270285,354.08671296296296,-8.685302976962052e-05,2.538301135782325e-06
x11s2,354.08405497733065,0.02946911651245447,1.1421182041660642e-05,0.03039818895237635,1.1781257494270599e-05,0.9234063417714391,354.08671296296296,-8.685302976962052e-05,2.538301135782325e-06
x11s2,354.9997124643199,0.023389697241389864,8.792377602898398e-06,0.02412710391172245,9.06957477332551e-06,0.9384349933069589,354.08671296296296,-8.685302976962052e-05,2.538301135782325e-06
x11s2,355.9682545081425,0.0237677942524145,1.1086447342668102e-05,0.024517121182128173,1.1435969618925178e-05,0.9103358191737839,354.08671296296296,-8.685302976962052e-05,2.538301135782325e-06
x11s2,358.98028129414354,0.020954445966935475,1.0747130041124723e-05,0.021615076503093016,1.1085954665379933e-05,0.9115438948958778,354.08671296296296,-8.685302976962052e-05,2.538301135782325e-06
x11s2,361.1985597704128,0.02773317609708465,1.295788432547666e-05,0.028607519566879954,1.336640737031949e-05,0.8712402560037306,354.08671296296296,-8.685302976962052e-05,2.538301135782325e-06
x11s2,362.50475587182314,0.029253334619112996,1.1460095703175354e-05,0.030175604106185812,1.1821397986268486e-05,0.8886338972951238,354.08671296296296,-8.685302976962052e-05,2.538301135782325e-06
x11s2,365.17411465475226,0.030922005485818783,9.783016241286993e-06,0.03189688313686223,1.0091445262742269e-05,0.9084603997655041,354.08671296296296,-8.685302976962052e-05,2.538301135782325e-06
x11s2,366.9252459497508,0.027491523553978763,1.0552301091862473e-05,0.028358248447297847,1.0884983346454788e-05,0.8840851754098985,354.08671296296296,-8.685302976962052e-05,2.538301135782325e-06
x11s2,368.9446399395791,0.02306313570332137,1.147178186230945e-05,0.023790246872435597,1.1833452574784422e-05,0.921537771943653,354.08671296296296,-8.685302976962052e-05,2.538301135782325e-06
x11s2,370.8422680729968,0.019472953888416848,1.344073655450584e-05,0.020086877443741335,1.3864482475078801e-05,0.9315669909661657,354.08671296296296,-8.685302976962052e-05,2.538301135782325e-06
x11s2,373.46769935987385,0.02136446609310297,1.0022120721349677e-05,0.02203802332826333,1.0338087986531879e-05,0.9661976588330368,354.08671296296296,-8.685302976962052e-05,2.538301135782325e-06
x11s2,374.8380004312064,0.021009413986255165,1.0530170347602908e-05,0.021671777498418466,1.0862154886518615e-05,0.9105869956985521,354.08671296296296,-8.685302976962052e-05,2.538301135782325e-06
x11s2,376.3858344617761,0.025152548834318722,1.010847146774495e-05,0.025945532903110826,1.042716111174732e-05,0.8996323987722505,354.08671296296296,-8.685302976962052e-05,2.538301135782325e-06
x11s2,379.30331434400335,0.029204819437106906,1.393364145768091e-05,0.030125559386689156,1.437292718450659e-05,0.8517245000114229,354.08671296296296,-8.685302976962052e-05,2.538301135782325e-06
x11s2,381.13081484238734,0.027989362790968142,1.1941213605529384e-05,0.02887178305521574,1.2317684086258886e-05,0.8981553131706419,354.08671296296296,-8.685302976962052e-05,2.538301135782325e-06
x11s2,381.8383438350089,0.02416332102396654,1.4416465209416176e-05,0.024925117720887003,1.4870972914168725e-05,0.9160823733621575,354.08671296296296,-8.685302976962052e-05,2.538301135782325e-06
x11s2,385.069446178546,0.0214720516326246,1.0331526030492007e-05,0.022149000715642412,1.065724791269397e-05,0.9416693525702323,354.08671296296296,-8.685302976962052e-05,2.538301135782325e-06
x11s2,387.1299277820188,0.026435209859629574,1.2744581526677815e-05,0.027268632365314568,1.3146379777051884e-05,0.9257486131952837,354.08671296296296,-8.685302976962052e-05,2.538301135782325e-06
x11s2,388.1014445722737,0.026708061318810823,1.1536138552001951e-05,0.027550086008779513,1.1899838236967247e-05,0.9329764591470076,354.08671296296296,-8.685302976962052e-05,2.538301135782325e-06
x11s2,390.93635401286133,0.030609239504217515,1.4256052191534347e-05,0.03157425658636579,1.4705502557229727e-05,0.9236886685131569,354.08671296296296,-8.685302976962052e-05,2.538301135782325e-06
x11s2,393.2178022674079,0.020969272540259286,1.3799367586197593e-05,0.021630370513594586,1.4234420062483032e-05,0.9348211817836444,354.08671296296296,-8.685302976962052e-05,2.538301135782325e-06
x11s2,395.3915656137547,0.020872915921495854,1.322281248690532e-05,0.021530976061007418,1.3639687918330169e-05,0.9551131663570187,354.08671296296296,-8.685302976962052e-05,2.538301135782325e-06
x11s2,397.40999068980057,0.020037065224911596,1.2506823476262193e-05,0.02066877351075433,1.290112593177871e-05,0.9488949452059584,354.08671296296296,-8.685302976962052e-05,2.538301135782325e-06
x11s2,399.7004997266457,0.016173707161826492,1.0152021073069635e-05,0.01668361540997738,1.0472083704893325e-05,0.9546226585329152,354.08671296296296,-8.685302976962052e-05,2.538301135782325e-06
x11s2,400.79431862440725,0.016053705088929147,9.289868704028618e-06,0.016559830033341855,9.582750269709696e-06,0.9448552017345242,354.08671296296296,-8.685302976962052e-05,2.538301135782325e-06
x11s2,401.57696117719735,0.01767357440231473,1.06624196055454e-05,0.01823076894478294,1.0998573565037478e-05,0.9083394359916791,354.08671296296296,-8.685302976962052e-05,2.538301135782325e-06
x11s2,404.95474731945586,0.022337996091468606,1.0056833836524169e-05,0.02304224579379324,1.0373895501621579e-05,0.8862206802294421,354.08671296296296,-8.685302976962052e-05,2.538301135782325e-06
x11s2,407.0971448782824,0.022776095080443974,1.2464326887907313e-05,0.023494156723701504,1.2857289554054354e-05,0.8455524809928295,354.08671296296296,-8.685302976962052e-05,2.538301135782325e-06
x11s2,408.47519605052685,0.01752043297037324,1.1839937088925218e-05,0.018072799424976412,1.2213214626277935e-05,0.9160168002331323,354.08671296296296,-8.685302976962052e-05,2.538301135782325e-06
x11s2,411.83366508247,0.015458494868527455,1.019435243743934e-05,0.01594585462832727,1.0515749649618145e-05,0.9375836321185944,354.08671296296296,-8.685302976962052e-05,2.538301135782325e-06
x11s2,413.0946698718171,0.013456333152650794,1.1207956205998451e-05,0.013880570786963692,1.1561309290555422e-05,0.9535345207197483,354.08671296296296,-8.685302976962052e-05,2.538301135782325e-06
x11s2,414.83455553717084,0.012568326926110257,7.711321131624769e-06,0.012964568400062899,7.95443584922249e-06,0.9736544801638123,354.08671296296296,-8.685302976962052e-05,2.538301135782325e-06
x11s2,416.65133760814615,0.014543749483655007,1.2554821896679723e-05,0.01500227007800948,1.2950637597751151e-05,0.9485288827378084,354.08671296296296,-8.685302976962052e-05,2.538301135782325e-06
x11s2,417.3845376308912,0.015592139957357464,1.3923966401147651e-05,0.01608371314407527,1.4362947102596137e-05,0.9683090730543134,354.08671296296296,-8.685302976962052e-05,2.538301135782325e-06
x11s2,422.1132894526445,0.01891292351832678,2.112374455943153e-05,0.01950919100370597,2.178971257003759e-05,0.9539206502593205,354.08671296296296,-8.685302976962052e-05,2.538301135782325e-06
x11s2,423.7088014507484,0.016120424325526076,1.3369146758644368e-05,0.016628652726413586,1.3790635668686103e-05,0.9775106561026337,354.08671296296296,-8.685302976962052e-05,2.538301135782325e-06
x11s2,424.94765388732935,0.018019558534950592,1.1464778004926365e-05,0.018587660914514845,1.1826227906883824e-05,0.9795907007065217,354.08671296296296,-8.685302976962052e-05,2.538301135782325e-06
x11s2,426.77113499390185,0.020039260791950186,1.2600280719661319e-05,0.020671038297405412,1.2997529600433458e-05,0.9734129776378658,354.08671296296296,-8.685302976962052e-05,2.538301135782325e-06
x11s2,428.7364253785669,0.020012625897397517,1.3601302536480105e-05,0.020643563684890426,1.4030110618607122e-05,0.9647801807772532,354.08671296296296,-8.685302976962052e-05,2.538301135782325e-06
x11s2,431.2451448378748,0.021745662508918417,1.5292829531899076e-05,0.022431237718353016,1.5774966362859246e-05,0.9501863892414034,354.08671296296296,-8.685302976962052e-05,2.538301135782325e-06
x11s2,432.9850704950105,0.0287577493974144,1.411614637074819e-05,0.029664394575868457,1.4561185927513411e-05,0.9239231541041713,354.08671296296296,-8.685302976962052e-05,2.538301135782325e-06
x11s2,435.14451197148696,0.028494257394819884,1.4076055817925127e-05,0.029392595464452168,1.4519831440370721e-05,0.9137271231111893,354.08671296296296,-8.685302976962052e-05,2.538301135782325e-06
x11s2,437.1530978688403,0.01892286058851003,1.1163232550290991e-05,0.019519441359767235,1.1515175632756013e-05,0.940228279227064,354.08671296296296,-8.685302976962052e-05,2.538301135782325e-06
x11s2,438.9929379757767,0.017231441428461093,1.052402272622846e-05,0.017774696850609405,1.085581344916778e-05,0.9424520961959572,354.08671296296296,-8.685302976962052e-05,2.538301135782325e-06
x11s2,440.65060181883297,0.021672624880466618,1.0809532645742208e-05,0.022355897433571387,1.1150324636073867e-05,0.9409313818312333,354.08671296296296,-8.685302976962052e-05,2.538301135782325e-06
x11s2,443.0186219025876,0.027495327206853035,1.1880071256343536e-05,0.028362172017885125,1.2254614103052637e-05,0.9068289709620925,354.08671296296296,-8.685302976962052e-05,2.538301135782325e-06
x11s2,445.86565332718055,0.019825393751111114,1.1524936797879612e-05,0.020450428673246368,1.1888283325293359e-05,0.9429215976158102,354.08671296296296,-8.685302976962052e-05,2.538301135782325e-06
x11s2,447.1409128994421,0.016615237738916617,9.376412358012792e-06,0.01713906611563274,9.672022384308997e-06,0.948959992067686,354.08671296296296,-8.685302976962052e-05,2.538301135782325e-06
x11s2,448.1112593466199,0.015643055253679927,9.416129550513843e-06,0.016136233646260066,9.712991740203823e-06,0.955399127666325,354.08671296296296,-8.685302976962052e-05,2.538301135782325e-06
x11s2,449.641320241326,0.01755649221650428,1.7339708819895656e-05,0.01810999551047522,1.7886377586637505e-05,0.944167435905946,354.08671296296296,-8.685302976962052e-05,2.538301135782325e-06
x11s2,453.3382718703875,0.014904893440265235,1.4745479805979743e-05,0.015374799815282291,1.5210360349492831e-05,0.9556225579179346,354.08671296296296,-8.685302976962052e-05,2.538301135782325e-06
x11s2,455.76931689653225,0.018344630736736887,1.5734513319380517e-05,0.018922981663234563,1.6230575109167868e-05,0.924890334449814,354.08671296296296,-8.685302976962052e-05,2.538301135782325e-06
x11s2,456.5252971676857,0.015397266014453976,1.645165643173407e-05,0.01588269541299496,1.6970327582778854e-05,0.9106997242646122,354.08671296296296,-8.685302976962052e-05,2.538301135782325e-06
x11s2,459.6969407386741,0.018774000347231444,1.83796264764647e-05,0.019365888003664063,1.8959080713178074e-05,0.9252704652804172,354.08671296296296,-8.685302976962052e-05,2.538301135782325e-06
x11s2,461.70743281292414,0.011888716435574147,1.8298590090598577e-05,0.01226353183873257,1.8875489494264706e-05,0.9375334186965294,354.08671296296296,-8.685302976962052e-05,2.538301135782325e-06
x11s2,462.96146741557874,0.010292651351232893,1.4116176838215653e-05,0.010617147631944726,1.456121735552831e-05,0.9534124390018539,354.08671296296296,-8.685302976962052e-05,2.538301135782325e-06
x11s2,464.772018710156,0.003488451791829236,1.4187328804117325e-05,0.0035984321645497713,1.4634612528501955e-05,0.9519410610415507,354.08671296296296,-8.685302976962052e-05,2.538301135782325e-06
x11s2,466.75844952883324,0.0024499311486807706,1.1481569998129633e-05,0.0025271700950531017,1.1843549301030954e-05,0.9501073395270687,354.08671296296296,-8.685302976962052e-05,2.538301135782325e-06
x11s2,468.58915111776696,0.0039125171067782944,1.1897345253688065e-05,0.004035866980979455,1.2272432697479108e-05,0.9250831754301688,354.08671296296296,-8.685302976962052e-05,2.538301135782325e-06
x11s2,471.1343065039029,0.012777192767020235,1.4612088672623826e-05,0.013180019151529953,1.5072763795669743e-05,0.927950896977057,354.08671296296296,-8.685302976962052e-05,2.538301135782325e-06
x11s2,473.6177661903238,0.015196536738341706,1.1921850272009505e-05,0.01567563774769455,1.2297710285183569e-05,0.9708446389985704,354.08671296296296,-8.685302976962052e-05,2.538301135782325e-06
x11s2,474.6502798898506,0.009936533354808274,1.2305190568412779e-05,0.010249802308236695,1.2693136145955534e-05,0.9351495304107867,354.08671296296296,-8.685302976962052e-05,2.538301135782325e-06
x11s2,476.12241134360033,0.00397700630926958,1.8211092047972552e-05,0.004102389333690289,1.878523290202568e-05,0.9321691276075311,354.08671296296296,-8.685302976962052e-05,2.538301135782325e-06
x11s2,478.8107361025597,-0.0017201510953619157,2.5920269622211028e-05,-0.0017743822758089698,2.673745761395699e-05,0.911056151627559,354.08671296296296,-8.685302976962052e-05,2.538301135782325e-06
x11s2,481.25878279997943,0.00849158958327595,2.1208905938197077e-05,0.008759303813854091,2.187755883044604e-05,0.9667564323551804,354.08671296296296,-8.685302976962052e-05,2.538301135782325e-06
x11s2,482.5911729507213,0.010389016293874764,1.8953210051519906e-05,0.010716550670837138,1.9550747649889215e-05,0.975306437001055,354.08671296296296,-8.685302976962052e-05,2.538301135782325e-06
x11s2,484.91538978032986,0.010187403358626208,1.542311220261984e-05,0.01050858148729074,1.5909356453587492e-05,0.9595961579856732,354.08671296296296,-8.685302976962052e-05,2.538301135782325e-06
x11s2,486.6573032123047,0.01334112757175054,1.867790435371466e-05,0.013761733121263938,1.926676239305219e-05,0.9428703204558283,354.08671296296296,-8.685302976962052e-05,2.538301135782325e-06
x11s2,489.29359383615775,0.015453456883978754,1.667770726567007e-05,0.015940657811307466,1.720350511831592e-05,0.9566929164474122,354.08671296296296,-8.685302976962052e-05,2.538301135782325e-06
x11s2,491.76322702548254,0.020570708923355427,1.733879808081549e-05,0.021219241386901372,1.788543813469861e-05,0.9458075057508746,354.08671296296296,-8.685302976962052e-05,2.538301135782325e-06
x11s2,492.4267289212121,0.020395423403253867,1.824546501077646e-05,0.0210384296425652,1.882068954076558e-05,0.9461485935198277,354.08671296296296,-8.685302976962052e-05,2.538301135782325e-06
x11s2,494.44207793057734,0.02311391262478375,2.348082616618014e-05,0.02384262463721796,2.4221105856898887e-05,0.9348384845544303,354.08671296296296,-8.685302976962052e-05,2.538301135782325e-06
x11s2,497.6221806984289,0.01926560470443451,1.9093176215480557e-05,0.01987299116482448,1.9695126525218478e-05,0.9535754085950271,354.08671296296296,-8.685302976962052e-05,2.538301135782325e-06
x11s2,498.8690258621331,0.013671565763591563,1.675369856631749e-05,0.014102589033534665,1.728189219567675e-05,0.9280511669779026,354.08671296296296,-8.685302976962052e-05,2.538301135782325e-06
x11s2,501.09616931908556,0.013059194272112658,1.7297873319232632e-05,0.01347091131428044,1.7843223138707776e-05,0.9359503736417886,354.08671296296296,-8.685302976962052e-05,2.538301135782325e-06
x11s2,502.99020120658497,0.01889965920388676,2.0900045680191305e-05,0.019495508505403013,2.155896113924036e-05,0.8777805192947802,354.08671296296296,-8.685302976962052e-05,2.538301135782325e-06
x11s2,504.9850215557054,0.021059540908121642,2.0106455549974527e-05,0.02172348477107641,2.0740351503662204e-05,0.9109205863016874,354.08671296296296,-8.685302976962052e-05,2.538301135782325e-06
x11s2,508.37601379268295,0.021885731409910795,1.3414790574069428e-05,0.02257572256970302,1.383771849606615e-05,0.9618048202109194,354.08671296296296,-8.685302976962052e-05,2.538301135782325e-06
x11s2,509.2058084025575,0.015868868594859555,1.3273396341001983e-05,0.016369166201609824,1.3691866528914571e-05,0.9199480895429092,354.08671296296296,-8.685302976962052e-05,2.538301135782325e-06
x11s2,509.8775092381986,0.016676669845587536,1.3157039453284968e-05,0.017202434991504395,1.357184125916353e-05,0.9195834910993134,354.08671296296296,-8.685302976962052e-05,2.538301135782325e-06
x11s2,513.3889118415739,0.002111565698709231,1.742048657584125e-05,0.002178137002091401,1.7969702021808314e-05,0.870156268419087,354.08671296296296,-8.685302976962052e-05,2.538301135782325e-06
x11s2,515.0645987019795,0.008445762459951127,1.7477536788634666e-05,0.008712031899428593,1.802855085589313e-05,0.891719374133689,354.08671296296296,-8.685302976962052e-05,2.538301135782325e-06
x11s2,516.8434985173513,0.007026416412225474,1.5146583143710761e-05,0.007247938147946818,1.5624109266757566e-05,0.8963761137507121,354.08671296296296,-8.685302976962052e-05,2.538301135782325e-06
x11s2,519.393195451005,0.014635040220425855,1.694950603308887e-05,0.015096438936610624,1.7483872881819375e-05,0.9089673943515607,354.08671296296296,-8.685302976962052e-05,2.538301135782325e-06
x11s2,521.2882297865967,0.01331751038117929,1.2823981323082487e-05,0.013737371351843206,1.3228282809769863e-05,0.9361246983311861,354.08671296296296,-8.685302976962052e-05,2.538301135782325e-06
x11s2,523.1776740835086,0.015164479913962406,1.2459167888729954e-05,0.015642570268244217,1.285196790717932e-05,0.9482460292376264,354.08671296296296,-8.685302976962052e-05,2.538301135782325e-06
x11s2,524.7722574055565,0.013283027045294927,1.1307235291949651e-05,0.013701800860292225,1.1663718346914077e-05,0.9533475931682558,354.08671296296296,-8.685302976962052e-05,2.538301135782325e-06
x11s2,527.1279371055517,0.01580655516291742,1.0452977073198378e-05,0.016304888214936978,1.07825279407902e-05,0.9623826435637097,354.08671296296296,-8.685302976962052e-05,2.538301135782325e-06
x11s2,528.316593359882,0.014714809425236832,1.4681581159432846e-05,0.01517872302406876,1.5144447171175701e-05,0.9364544541550403,354.08671296296296,-8.685302976962052e-05,2.538301135782325e-06
x11s2,530.1799813155274,0.018547836482250946,1.4886598007768505e-05,0.01913259387355428,1.5355927582931314e-05,0.9367627254216827,354.08671296296296,-8.685302976962052e-05,2.538301135782325e-06
x11s2,533.6397522446729,0.02311173180702103,1.622462329761238e-05,0.023840375064842968,1.6736136778091352e-05,0.9314168991819437,354.08671296296296,-8.685302976962052e-05,2.538301135782325e-06
x11s2,534.3899122326275,0.02861292162675207,1.4121973192146952e-05,0.02951500082202842,1.456719645103204e-05,0.9586963202411625,354.08671296296296,-8.685302976962052e-05,2.538301135782325e-06
x11s2,537.1993509523276,0.01933884348078556,2.2465034271105592e-05,0.019948538939092472,2.317328910441095e-05,0.90866024738613,354.08671296296296,-8.685302976962052e-05,2.538301135782325e-06
x11s2,539.6594080856127,0.00832745068306028,1.8290094210077286e-05,0.008589990108739029,1.8866725764232494e-05,0.9129741198771378,354.08671296296296,-8.685302976962052e-05,2.538301135782325e-06
x11s2,541.3112365942752,0.002653419146781398,1.260508751567567e-05,0.002737073456532888,1.3002487940241099e-05,0.9613437921076499,354.08671296296296,-8.685302976962052e-05,2.538301135782325e-06
x11s2,542.6215887602737,0.00283614561921102,1.2272981845670605e-05,0.0029255607440010862,1.2659911979244684e-05,0.9659312907323258,354.08671296296296,-8.685302976962052e-05,2.538301135782325e-06
x11s2,545.4935805373391,0.00763483491645178,1.6707844474726906e-05,0.0078755382541725,1.723459246275734e-05,0.9730773199234303,354.08671296296296,-8.685302976962052e-05,2.538301135782325e-06
x11s2,547.5332692914016,0.009279375174419909,1.3998670053037984e-05,0.009571925910734153,1.4440005935514837e-05,0.9348234330075219,354.08671296296296,-8.685302976962052e-05,2.538301135782325e-06
x11s2,548.5361914357302,0.007437083455386717,1.3381680462544833e-05,0.007671552285454241,1.3803564522500858e-05,0.9406382319668058,354.08671296296296,-8.685302976962052e-05,2.538301135782325e-06
x11s2,550.0456738606047,0.005691980252806394,1.653006599176888e-05,0.005871431237678201,1.7051209159958254e-05,0.9292319527661996,354.08671296296296,-8.685302976962052e-05,2.538301135782325e-06
x11s2,552.7267811463773,0.002946725314053905,1.708269150859549e-05,0.0030396266833959615,1.7621257294020917e-05,0.9276251959667404,354.08671296296296,-8.685302976962052e-05,2.538301135782325e-06
x11s2,554.3545677298102,0.005480641301489465,2.383538838631943e-05,0.00565342940608566,2.4586846355383565e-05,0.9084604299713782,354.08671296296296,-8.685302976962052e-05,2.538301135782325e-06
x11s2,557.2390971473293,0.00342128559664156,2.1751682842060553e-05,0.0035291484216298137,2.243744785445715e-05,0.9169833752651554,354.08671296296296,-8.685302976962052e-05,2.538301135782325e-06
x11s2,559.6596325124034,0.0024444475575739195,1.6399927967762304e-05,0.0025215136228431806,1.691696827621921e-05,0.96772093113422,354.08671296296296,-8.685302976962052e-05,2.538301135782325e-06
x11s2,560.3410514407036,0.004159664231257261,1.6146232621992958e-05,0.004290805909527685,1.665527468069605e-05,0.9406079308500528,354.08671296296296,-8.685302976962052e-05,2.538301135782325e-06
x11s2,561.4500805337188,0.0040280892316701235,2.577938148503237e-05,0.004155082746698277,2.659212769837248e-05,0.917442513404525,354.08671296296296,-8.685302976962052e-05,2.538301135782325e-06
x11s2,565.8953054932279,0.00837719833417321,2.2279004975272986e-05,0.008641306153379479,2.2981394865470764e-05,0.9121281379457808,354.08671296296296,-8.685302976962052e-05,2.538301135782325e-06
x11s2,567.6809394313244,0.002968745994866053,1.5534159692311614e-05,0.0030623416099158905,1.6023904935993164e-05,0.9570587682659537,354.08671296296296,-8.685302976962052e-05,2.538301135782325e-06
x11s2,568.6359521979791,0.0005350829423982835,1.2235489560103021e-05,0.0005519524951262877,1.262123767489429e-05,0.9659743223045034,354.08671296296296,-8.685302976962052e-05,2.538301135782325e-06
x11s2,571.730592087052,0.001675130447938118,1.3251251697755797e-05,0.0017279422630393799,1.3669023731798615e-05,0.9662836889880256,354.08671296296296,-8.685302976962052e-05,2.538301135782325e-06
x11s2,573.1981648288098,0.0025938406348711067,1.4843076111529544e-05,0.0026756166136789454,1.531103357245501e-05,0.9293496608283512,354.08671296296296,-8.685302976962052e-05,2.538301135782325e-06
x11s2,573.8262057299747,0.003626935716877747,1.6756881538225287e-05,0.0037412820704406462,1.7285175517097074e-05,0.9213521168687727,354.08671296296296,-8.685302976962052e-05,2.538301135782325e-06
x11s2,576.084828109768,0.0035614303782816525,2.645328074430607e-05,0.0036737115459156947,2.7287272970529208e-05,0.8944894266982346,354.08671296296296,-8.685302976962052e-05,2.538301135782325e-06
x11s2,579.2425512882163,0.00534043883855781,2.1324503818516167e-05,0.005508806781990914,2.199680116358313e-05,0.9453511143128377,354.08671296296296,-8.685302976962052e-05,2.538301135782325e-06
x11s2,581.9956281012113,0.003295894439876166,1.9683170565676157e-05,0.003399804059551617,2.030372161935714e-05,0.9507050148607935,354.08671296296296,-8.685302976962052e-05,2.538301135782325e-06
x11s2,583.0656132109708,0.004896707533459033,1.783089234722879e-05,0.0050510859660045735,1.8393046650430343e-05,0.9501056646146494,354.08671296296296,-8.685302976962052e-05,2.538301135782325e-06
x11s2,584.7162375015093,0.0009735562617147893,1.3419274901347549e-05,0.0010042495568833196,1.3842344200670052e-05,0.9478603001244916,354.08671296296296,-8.685302976962052e-05,2.538301135782325e-06
x11s2,586.772900179234,0.005839172427710663,1.6390280439343586e-05,0.006023263938300908,1.6907016590301797e-05,0.9098665553825396,354.08671296296296,-8.685302976962052e-05,2.538301135782325e-06
x11s2,588.7198378344152,0.006457956230167869,1.4982923477463599e-05,0.006661556129375401,1.5455289904413887e-05,0.9166117343820592,354.08671296296296,-8.685302976962052e-05,2.538301135782325e-06
x11s2,591.2040170693956,0.013486262535728027,2.0080181078529576e-05,0.013911443753298646,2.0713248677309406e-05,0.9066534186333749,354.08671296296296,-8.685302976962052e-05,2.538301135782325e-06
x11s2,593.3522467918317,0.009110627434204741,1.5418819963541778e-05,0.009397858062782916,1.5904928893145747e-05,0.9349986870445979,354.08671296296296,-8.685302976962052e-05,2.538301135782325e-06
x11s2,595.9790709303418,0.0043392262853158,1.3046560768113118e-05,0.004476029014049377,1.345787951397023e-05,0.9444500518148015,354.08671296296296,-8.685302976962052e-05,2.538301135782325e-06
x11s2,596.7856646305097,0.004626021058161081,1.3717381393423255e-05,0.004771865561840697,1.4149849092111831e-05,0.9299368785030759,354.08671296296296,-8.685302976962052e-05,2.538301135782325e-06
x11s2,597.8744937778398,0.002193627241701365,1.7854075533726987e-05,0.002262785698245702,1.8416960732937447e-05,0.9322615066091706,354.08671296296296,-8.685302976962052e-05,2.538301135782325e-06
x11s2,601.5522753188263,0.008303185062910149,2.225574891737322e-05,0.0085649594667088,2.295740561414639e-05,0.8885095661748519,354.08671296296296,-8.685302976962052e-05,2.538301135782325e-06
x11s2,603.0319300432466,0.013296472221918317,2.1833614064222833e-05,0.013715669922818181,2.252196212115854e-05,0.942692835615026,354.08671296296296,-8.685302976962052e-05,2.538301135782325e-06
x11s2,605.5275841054553,0.010289657021811605,1.5439901950814877e-05,0.010614058900340048,1.5926675531948047e-05,0.9481881752740589,354.08671296296296,-8.685302976962052e-05,2.538301135782325e-06
x11s2,607.0885744802684,0.008222339774779269,1.8265068364678863e-05,0.008481565370266406,1.8840910929342796e-05,0.9273643099777398,354.08671296296296,-8.685302976962052e-05,2.538301135782325e-06
x11s2,608.1880003838274,0.003982222719633983,1.8120283766128636e-05,0.004107770201754088,1.8691561708701465e-05,0.9289828900253407,354.08671296296296,-8.685302976962052e-05,2.538301135782325e-06
x11s2,611.1916715014439,0.00892345529952062,2.0493991542182645e-05,0.009204784954726116,2.114010533788422e-05,0.9156110884859595,354.08671296296296,-8.685302976962052e-05,2.538301135782325e-06
x11s2,613.870124859291,0.006596135438690874,1.8020229155861262e-05,0.006804091711946968,1.8588352678081945e-05,0.9527933919197564,354.08671296296296,-8.685302976962052e-05,2.538301135782325e-06
x11s2,614.907328615829,0.007754849695999711,1.892235129879923e-05,0.007999336738061013,1.9518916013686573e-05,0.9362340136407284,354.08671296296296,-8.685302976962052e-05,2.538301135782325e-06
x11s2,617.3675960459709,0.00038189821778273394,1.4167380124921338e-05,0.0003939383177581529,1.461403492756527e-05,0.9583855416037294,354.08671296296296,-8.685302976962052e-05,2.538301135782325e-06
x11s2,619.6697840017231,0.0067098647706811424,1.5098595158714084e-05,0.006921406587057209,1.5574608365203348e-05,0.9416588594600559,354.08671296296296,-8.685302976962052e-05,2.538301135782325e-06
x11s2,620.8796208541314,0.008489944517091497,1.1666089519575251e-05,0.008757606883690169,1.203388616694736e-05,0.9620504804784236,354.08671296296296,-8.685302976962052e-05,2.538301135782325e-06
x11s2,622.8395947836541,0.012565863397999016,1.3156413582634959e-05,0.012962027204334028,1.3571195656697955e-05,0.9631200223946049,354.08671296296296,-8.685302976962052e-05,2.538301135782325e-06
x11s2,625.1065525024701,0.008022602519959034,1.3385631498268513e-05,0.008275531001699966,1.3807640122474656e-05,0.9583895747079572,354.08671296296296,-8.685302976962052e-05,2.538301135782325e-06
x11s2,627.132703018889,0.0030039401236740602,1.321724043024149e-05,0.003098645303549459,1.3633940191510844e-05,0.958617795128803,354.08671296296296,-8.685302976962052e-05,2.538301135782325e-06
x11s2,628.2078857387177,0.002410987503003787,1.7111145557181016e-05,0.002486998673582661,1.7650608413013487e-05,0.9576418632044096,354.08671296296296,-8.685302976962052e-05,2.538301135782325e-06
x11s2,631.2903500182267,0.004235577512734918,1.8174014601569705e-05,0.004369112508009437,1.874698651546879e-05,0.9525067808879557,354.08671296296296,-8.685302976962052e-05,2.538301135782325e-06
x11s2,633.4226748808571,0.0027311618567314646,2.122862056273765e-05,0.002817267159853893,2.1897894997689337e-05,0.9269804051566765,354.08671296296296,-8.685302976962052e-05,2.538301135782325e-06
x11s2,635.518420129856,0.006503445553028963,1.38446416456608e-05,0.006708479593506495,1.428112147660999e-05,0.9453440806553478,354.08671296296296,-8.685302976962052e-05,2.538301135782325e-06
x11s2,637.6266270691164,0.006826588819889573,1.1717781140320392e-05,0.007041810593795069,1.2087207468724468e-05,0.9279082306757445,354.08671296296296,-8.685302976962052e-05,2.538301135782325e-06
x11s2,638.3549801146927,0.007910832795013832,1.232812520816297e-05,0.008160237514139744,1.2716793845784654e-05,0.9181182795558279,354.08671296296296,-8.685302976962052e-05,2.538301135782325e-06
x11s2,640.6523489212169,-0.000506811882389486,1.2861159424527966e-05,-0.000522790133788845,1.3266633024719558e-05,0.9118565051743288,354.08671296296296,-8.685302976962052e-05,2.538301135782325e-06
x11s2,643.1103139686222,-0.000518258710257902,1.9956072624612294e-05,-0.0005345978456455061,2.058522745783476e-05,0.870887946777526,354.08671296296296,-8.685302976962052e-05,2.538301135782325e-06
x11s2,644.7479457080605,0.0004475731463182239,1.5772312073838912e-05,0.0004616837788822386,1.626956554444967e-05,0.9067585314743514,354.08671296296296,-8.685302976962052e-05,2.538301135782325e-06
x11s2,647.5283351395325,0.000340548795034784,1.3168282712102445e-05,0.0003512852723153874,1.358343898405052e-05,0.911802095131682,354.08671296296296,-8.685302976962052e-05,2.538301135782325e-06
x11s2,649.111973568153,-0.00671047087217739,1.1522182630091574e-05,-0.0069220317971071775,1.1885442326894512e-05,0.9592372091983945,354.08671296296296,-8.685302976962052e-05,2.538301135782325e-06
x11s2,650.6744515276818,-0.006464727815937231,1.1693539795019592e-05,-0.006668541202838235,1.2062201866856422e-05,0.9316699784137511,354.08671296296296,-8.685302976962052e-05,2.538301135782325e-06
x11s2,652.515515843507,-0.004547332249299528,1.5171591716802932e-05,-0.004690695931960549,1.564990628479724e-05,0.8900433784553524,354.08671296296296,-8.685302976962052e-05,2.538301135782325e-06
x11s2,654.6572889372434,-0.00040820480900320043,1.8443119303757292e-05,-0.00042107427652619746,1.9024575277982728e-05,0.882519249069396,354.08671296296296,-8.685302976962052e-05,2.538301135782325e-06
x11s2,657.4891273817077,-0.004660846418133047,2.071214123773456e-05,-0.00480778886046809,2.136513263595364e-05,0.9130952104536091,354.08671296296296,-8.685302976962052e-05,2.538301135782325e-06
x11s2,660.1802850224831,-0.005259585775196763,1.8334202068049306e-05,-0.005425404665188775,1.8912224210049535e-05,0.9620158134505041,354.08671296296296,-8.685302976962052e-05,2.538301135782325e-06
x11s2,661.4530058805053,-0.0029399327652967653,1.412540155987747e-05,-0.0030326199860455164,1.4570732904865885e-05,0.9451461649768632,354.08671296296296,-8.685302976962052e-05,2.538301135782325e-06
x11s2,662.609108977489,0.002860664874891505,1.3420146659932042e-05,0.0029508530179256204,1.3843243443175714e-05,0.9264869352163013,354.08671296296296,-8.685302976962052e-05,2.538301135782325e-06
x11s2,664.6791147353098,0.009075066963287524,1.6518824790593154e-05,0.00936117647737739,1.703961355758426e-05,0.9319185657912069,354.08671296296296,-8.685302976962052e-05,2.538301135782325e-06
x11s2,666.9326039068608,0.007485673041995943,1.6553008450909222e-05,0.007721673755306955,1.7074874925699333e-05,0.9139833431042435,354.08671296296296,-8.685302976962052e-05,2.538301135782325e-06
x11s2,669.7920804442034,-0.0018148804846741804,1.3979582348577675e-05,-0.0018720981973039507,1.4420316453252741e-05,0.9525432290990026,354.08671296296296,-8.685302976962052e-05,2.538301135782325e-06
x11s2,671.298960895333,-0.0059135456614703465,1.3553352186842104e-05,-0.006099981936000996,1.3980648538941026e-05,0.9324432681155325,354.08671296296296,-8.685302976962052e-05,2.538301135782325e-06
x11s2,672.4073964674353,-0.0013981951238066623,1.391341887722505e-05,-0.0014422760026688744,1.4352067047028696e-05,0.9192829654506338,354.08671296296296,-8.685302976962052e-05,2.538301135782325e-06
x11s2,674.9229285220036,0.0006145073630134029,1.433247475299665e-05,0.0006338809283818635,1.4784334491759351e-05,0.8980998950771624,354.08671296296296,-8.685302976962052e-05,2.538301135782325e-06
x11s2,676.7872245493387,0.007271778190652264,1.7814966376548658e-05,0.007501035443861899,1.8376618581886785e-05,0.9253804064356976,354.08671296296296,-8.685302976962052e-05,2.538301135782325e-06
x11s2,678.8675621491703,0.003933070446822582,1.5488681209304234e-05,0.004057068305898871,1.5976992653463707e-05,0.9293809678800685,354.08671296296296,-8.685302976962052e-05,2.538301135782325e-06
x11s2,681.113841044247,0.0033182448222194,1.8916176880177222e-05,0.0034228590820983684,1.9512546934251715e-05,0.9100195721758395,354.08671296296296,-8.685302976962052e-05,2.538301135782325e-06
x11s2,682.9403848030707,0.0007074127811711601,1.4896577890415328e-05,0.0007297153744082816,1.5366222101204112e-05,0.9217418756082203,354.08671296296296,-8.685302976962052e-05,2.538301135782325e-06
x11s2,685.0732664594876,-0.0064393277552737506,1.8134637839950385e-05,-0.006642340354803852,1.8706368323215525e-05,0.9457374373484628,354.08671296296296,-8.685302976962052e-05,2.538301135782325e-06
x11s2,686.8999499325233,-0.0008082903925869799,1.8598973616743458e-05,-0.0008337733529223812,1.9185343207798133e-05,0.9302717700037836,354.08671296296296,-8.685302976962052e-05,2.538301135782325e-06
x11s2,689.1064839108762,0.002670358579889421,2.3546830854941536e-05,0.0027545469389206683,2.428919147459508e-05,0.916552612037345,354.08671296296296,-8.685302976962052e-05,2.538301135782325e-06
x11s2,691.1602159417547,0.0026282727019551365,1.806034928164415e-05,0.002711134220078814,1.8629737670530766e-05,0.9325369103260231,354.08671296296296,-8.685302976962052e-05,2.538301135782325e-06
x11s2,692.698156343175,-0.0027863096204138035,1.9177337595747584e-05,-0.0028741535663400954,1.9781941260189192e-05,0.9451227228338558,354.08671296296296,-8.685302976962052e-05,2.538301135782325e-06
x11s2,694.3034840634268,-0.005676200806467528,1.9589077895558186e-05,-0.005855154312946847,2.0206662490893926e-05,0.9378195064980638,354.08671296296296,-8.685302976962052e-05,2.538301135782325e-06
x11s2,696.8604925913031,-0.00648006344932485,2.358851822646783e-05,-0.006684360322533397,2.433219312332278e-05,0.9368266581145219,354.08671296296296,-8.685302976962052e-05,2.538301135782325e-06
x11s2,698.0549348728593,-0.004602605378804907,3.158202620108762e-05,-0.004747711656676407,3.257771231634392e-05,0.9155462044016438,354.08671296296296,-8.685302976962052e-05,2.538301135782325e-06
x11s2,701.3657639133515,-0.0067907757656371715,2.4404308553514033e-05,-0.0070048684618629455,2.517370286103721e-05,0.9712034810115706,354.08671296296296,-8.685302976962052e-05,2.538301135782325e-06
x11s2,703.4312440184888,-0.007769595884483041,2.8573123274204672e-05,-0.008014547829430318,2.9473947747355558e-05,0.9201562231398303,354.08671296296296,-8.685302976962052e-05,2.538301135782325e-06
x11s2,704.6400327336106,-0.007007531387001501,2.5115113543303648e-05,-0.007228457734786617,2.5906917390179433e-05,0.9257495525902225,354.08671296296296,-8.685302976962052e-05,2.538301135782325e-06
x11s2,706.8469415065667,-0.008190898345926777,3.3361293432428076e-05,-0.008449132687909377,3.44130744817553e-05,0.8838132558734864,354.08671296296296,-8.685302976962052e-05,2.538301135782325e-06
x11s2,709.765257545719,-0.0042112735858568,3.184077757541463e-05,-0.004344042351555526,3.284462134176907e-05,0.9570894753738639,354.08671296296296,-8.685302976962052e-05,2.538301135782325e-06
x11s2,711.4064662206953,-0.0064040941394497685,2.7750551854593622e-05,-0.006605995929247688,2.8625443129662204e-05,0.9443303548377012,354.08671296296296,-8.685302976962052e-05,2.538301135782325e-06
x11s2,713.2579328597498,-0.0005969061446400334,2.032350022371443e-05,-0.0006157247966335771,2.0964238941911807e-05,0.9456165710537856,354.08671296296296,-8.685302976962052e-05,2.538301135782325e-06
x11s2,714.8530887869339,-0.001458870039663073,2.249530074386783e-05,-0.0015048638157813992,2.3204509787852872e-05,0.9290248642436428,354.08671296296296,-8.685302976962052e-05,2.538301135782325e-06
x11s2,716.6748313350485,-0.005540333263560897,2.2914708201904e-05,-0.005715003275842448,2.3637139899177425e-05,0.9111282087687463,354.08671296296296,-8.685302976962052e-05,2.538301135782325e-06
x11s2,719.1091597983132,-0.006614722563823346,2.9810186067260785e-05,-0.006823264833123491,3.075001140244958e-05,0.8891506712624336,354.08671296296296,-8.685302976962052e-05,2.538301135782325e-06
x11s2,721.5093416512259,0.004945594188036887,2.112559604183722e-05,0.0051015138694837665,2.179162242410418e-05,0.9069655616424317,354.08671296296296,-8.685302976962052e-05,2.538301135782325e-06
x11s2,723.4155534631872,0.008740154728952041,1.67533337947451e-05,0.009015705469534657,1.7281515923955904e-05,0.9485149361782796,354.08671296296296,-8.685302976962052e-05,2.538301135782325e-06
x11s2,725.1586722998779,0.006360056413256141,1.3614609807137871e-05,0.006560569826252672,1.4043837427407928e-05,0.952132923700595,354.08671296296296,-8.685302976962052e-05,2.538301135782325e-06
x11s2,726.7621957532915,0.004421848218156534,1.58926407441179e-05,0.004561255767455498,1.6393687815098094e-05,0.9027837788177516,354.08671296296296,-8.685302976962052e-05,2.538301135782325e-06
x11s2,728.3444732190709,0.003396164845286134,1.9356330458451536e-05,0.0035032356886842853,1.996657722846812e-05,0.8945523240499872,354.08671296296296,-8.685302976962052e-05,2.538301135782325e-06
x11s2,730.5655940860605,0.005228993809087631,2.5896903876878842e-05,0.005393848226575588,2.6713355217085994e-05,0.8737024971729512,354.08671296296296,-8.685302976962052e-05,2.538301135782325e-06
x11s2,732.8136035072365,-0.0002665176748882565,2.7095496891550496e-05,-0.00027492017403973564,2.7949736257609854e-05,0.9148391732646909,354.08671296296296,-8.685302976962052e-05,2.538301135782325e-06
x11s2,735.1532868992217,0.00253816082495639,2.346877111134133e-05,0.002618181387145953,2.4208670742508315e-05,0.9300311730017305,354.08671296296296,-8.685302976962052e-05,2.538301135782325e-06
x11s2,736.879779355484,-0.0029676774234612233,2.35470922604217e-05,-0.0030612393496747534,2.4289461121402303e-05,0.9305938729825888,354.08671296296296,-8.685302976962052e-05,2.538301135782325e-06
x11s2,738.7687505083026,-0.0025164016040899926,2.4618875620113848e-05,-0.0025957361636159675,2.5395034580659737e-05,0.9168583658589159,354.08671296296296,-8.685302976962052e-05,2.538301135782325e-06
x11s2,740.6145149243852,-0.004268593213877762,3.132237519465869e-05,-0.004403169094718143,3.230987529612767e-05,0.916708406162084,354.08671296296296,-8.685302976962052e-05,2.538301135782325e-06
x11s2,742.8882424332771,-0.004111830351319573,3.0646173880572875e-05,-0.004241463971500577,3.1612355392307734e-05,0.9310880698173821,354.08671296296296,-8.685302976962052e-05,2.538301135782325e-06
x11s2,745.2089760188252,-0.0017706343586864255,2.7965992180463437e-05,-0.0018264571242973002,2.8847675639787997e-05,0.9449329954875776,354.08671296296296,-8.685302976962052e-05,2.538301135782325e-06
x11s2,746.9334094206228,-0.0036445373385505368,2.2570391360563367e-05,-0.0037594386182031687,2.3281967785410983e-05,0.9514079461179945,354.08671296296296,-8.685302976962052e-05,2.538301135782325e-06
x11s2,749.2280050666416,0.0018404513798859394,2.472573500734836e-05,0.0018984752657851165,2.5505262922358314e-05,0.9626924245354173,354.08671296296296,-8.685302976962052e-05,2.538301135782325e-06
x11s2,750.8765072570135,-0.002101697754473074,2.354562311119486e-05,-0.0021679579513100367,2.428794565432755e-05,0.9822454164770817,354.08671296296296,-8.685302976962052e-05,2.538301135782325e-06
x11s2,752.9024173086099,-0.002522910175658278,2.1543417350779485e-05,-0.0026024499308325445,2.222261637983368e-05,0.9552393226325555,354.08671296296296,-8.685302976962052e-05,2.538301135782325e-06
x11s2,755.0967623262535,-0.009430625420769456,1.84930059936982e-05,-0.009727944621566013,1.9076034744926413e-05,0.9522878253249875,354.08671296296296,-8.685302976962052e-05,2.538301135782325e-06
x11s2,756.345514593823,-0.012176223599344884,2.1871613021864588e-05,-0.012560103236988474,2.2561159071426773e-05,0.9234144193707347,354.08671296296296,-8.685302976962052e-05,2.538301135782325e-06
x11s2,757.9744135168119,-0.01231002026150815,3.506413128932026e-05,-0.012698118104720163,3.616959768485817e-05,0.9224677700246671,354.08671296296296,-8.685302976962052e-05,2.538301135782325e-06
x11s2,761.8473427916431,-0.00635618920373917,3.7858505985703595e-05,-0.006556580695273273,3.905207059470941e-05,0.9097188172500716,354.08671296296296,-8.685302976962052e-05,2.538301135782325e-06
x11s2,763.7231170870334,-0.00048364795623000417,2.961023164132701e-05,-0.0004988959188408932,3.054375301601882e-05,0.9351865037497648,354.08671296296296,-8.685302976962052e-05,2.538301135782325e-06
x11s2,764.9011129109304,-0.0035161537897751395,2.7885813560446646e-05,-0.0036270075230123177,2.8764969229496355e-05,0.9351824700105121,354.08671296296296,-8.685302976962052e-05,2.538301135782325e-06
x11s2,767.4393009447821,-0.008570507485573163,2.6122040022957335e-05,-0.008840709759795567,2.694558922741377e-05,0.9412191262137363,354.08671296296296,-8.685302976962052e-05,2.538301135782325e-06
x11s2,768.4884973056429,-0.010247820721891026,3.130740201545104e-05,-0.010570903627954579,3.229443005770054e-05,0.9577721708413404,354.08671296296296,-8.685302976962052e-05,2.538301135782325e-06
x11s2,769.9739297420958,-0.005228437679074656,3.091962429259145e-05,-0.005393274563459174,3.189442687178805e-05,0.937440869962703,354.08671296296296,-8.685302976962052e-05,2.538301135782325e-06
x11s2,773.6074842012354,0.0019288995534381293,3.3015004576325235e-05,0.0019897119437152382,3.4055868181543765e-05,0.9206465503284399,354.08671296296296,-8.685302976962052e-05,2.538301135782325e-06
x11s2,774.5500792644698,0.0012000010203666327,3.375175297273796e-05,0.0012378334363954467,3.4815844034740765e-05,0.910810666863053,354.08671296296296,-8.685302976962052e-05,2.538301135782325e-06
x11s2,777.4230959413601,-0.0014846750504844044,2.9982393216489187e-05,-0.0015314823808318112,3.092764772415548e-05,0.9303167550717674,354.08671296296296,-8.685302976962052e-05,2.538301135782325e-06
x11s2,779.6330846273081,0.0023985030045982477,2.7350193439416483e-05,0.0024741205765638095,2.8212462620114688e-05,0.942965459891512,354.08671296296296,-8.685302976962052e-05,2.538301135782325e-06
x11s2,780.8512124420926,0.002029756358330164,2.246188581341621e-05,0.0020937484597385574,2.3170041385338343e-05,0.9270974393273923,354.08671296296296,-8.685302976962052e-05,2.538301135782325e-06
x11s2,782.6242748970587,-0.001456771881995376,2.9705895424046692e-05,-0.0015026995095251334,3.0642432789529606e-05,0.8939355243199645,354.08671296296296,-8.685302976962052e-05,2.538301135782325e-06
x11s2,785.1655268060144,-0.008878061889679299,2.8018506506113884e-05,-0.00915796042746328,2.890184558387689e-05,0.9081994814545019,354.08671296296296,-8.685302976962052e-05,2.538301135782325e-06
x11s2,787.2526710660017,-0.012121937779951228,3.1377619039203464e-05,-0.01250410594929695,3.2366860812616366e-05,0.9223978542530941,354.08671296296296,-8.685302976962052e-05,2.538301135782325e-06
x11s2,788.4483967924151,-0.01579971060336766,3.105244860037958e-05,-0.016297827867050352,3.20314387297413e-05,0.9410573482358332,354.08671296296296,-8.685302976962052e-05,2.538301135782325e-06
x11s2,790.8877735749555,-0.016499955653887358,3.9144687005326756e-05,-0.017020149533859334,4.0378801026038806e-05,0.9034638932295306,354.08671296296296,-8.685302976962052e-05,2.538301135782325e-06
x11s2,793.4455141385821,-0.015545856280642945,3.740885773706135e-05,-0.016035970282507493,3.858824629178009e-05,0.94145810657228,354.08671296296296,-8.685302976962052e-05,2.538301135782325e-06
x11s2,794.6134484391993,-0.01113203365068076,3.8874197486152825e-05,-0.011482993125857405,4.009978378743203e-05,0.9531332916505574,354.08671296296296,-8.685302976962052e-05,2.538301135782325e-06
x11s2,797.5037234245065,-0.00957517639218651,2.9354703603559978e-05,-0.009877052849514689,3.0280168949242015e-05,0.9651655704734129,354.08671296296296,-8.685302976962052e-05,2.538301135782325e-06
x11s2,798.7663885901725,-0.010515398701201488,3.276286803749028e-05,-0.010846917534619778,3.379578253744026e-05,0.9449465207789443,354.08671296296296,-8.685302976962052e-05,2.538301135782325e-06
x11s2,799.4696178596901,-0.010983391771226935,3.271444073329373e-05,-0.011329665015869305,3.374582846627566e-05,0.9249837582747704,354.08671296296296,-8.685302976962052e-05,2.538301135782325e-06
x11s2,802.5768295812152,-0.017060909311125694,3.793461229864769e-05,-0.01759878836950447,3.9130576310358044e-05,0.877698286864556,354.08671296296296,-8.685302976962052e-05,2.538301135782325e-06
x11s2,805.5418610298644,-0.007353196316046935,4.2952370661813225e-05,-0.007585020437400796,4.430652947394912e-05,0.879816308674536,354.08671296296296,-8.685302976962052e-05,2.538301135782325e-06
x11s2,808.3284101315601,-0.012987311122222036,2.4531797149993932e-05,-0.013396761905290062,2.5305210788783576e-05,0.9603234102879874,354.08671296296296,-8.685302976962052e-05,2.538301135782325e-06
x11s2,808.8473382842388,-0.015073692075823167,2.3399134271244714e-05,-0.01554892016315308,2.4136838462690602e-05,0.9460091684445584,354.08671296296296,-8.685302976962052e-05,2.538301135782325e-06
x11s2,810.701939739217,-0.016505281549774445,1.9662336391904498e-05,-0.017025643339194416,2.0282230606869202e-05,0.9719304293118869,354.08671296296296,-8.685302976962052e-05,2.538301135782325e-06
x11s2,812.9922872101877,-0.01531840394762513,2.8992283537785152e-05,-0.015801347062845913,2.990632287092814e-05,0.9322845157919609,354.08671296296296,-8.685302976962052e-05,2.538301135782325e-06
x11s2,814.2433466388321,-0.00960270566019374,2.9043883411418185e-05,-0.009905450032384105,2.9959549533083174e-05,0.9442694520049121,354.08671296296296,-8.685302976962052e-05,2.538301135782325e-06
x11s2,817.5438031083863,-0.013374637500677893,3.5496461370588795e-05,-0.013796299517269867,3.6615557830783926e-05,0.920919785934048,354.08671296296296,-8.685302976962052e-05,2.538301135782325e-06
x11s2,818.810538993277,-0.01193222494199662,3.641410820783023e-05,-0.012308412037251824,3.756213530752051e-05,0.9270658042001754,354.08671296296296,-8.685302976962052e-05,2.538301135782325e-06
x11s2,819.9411302293671,-0.012698119924086208,3.4431305785880174e-05,-0.01309845338014029,3.5516821100282774e-05,0.9323829245510579,354.08671296296296,-8.685302976962052e-05,2.538301135782325e-06
x11s2,822.5279368766667,-0.004922002561276007,3.8491999838572654e-05,-0.0050771784698233095,3.9705536599757236e-05,0.9072462595089331,354.08671296296296,-8.685302976962052e-05,2.538301135782325e-06
x11s2,824.2624737676581,-0.0074618337549346506,5.065585686937812e-05,-0.007697082887363125,5.225288338756628e-05,0.9011104989518793,354.08671296296296,-8.685302976962052e-05,2.538301135782325e-06
x11s2,827.0066151354523,-0.004095026379761725,8.112867527329885e-05,-0.004224130221357443,8.368641792744113e-05,0.8616246163657574,354.08671296296296,-8.685302976962052e-05,2.538301135782325e-06
x11s2,829.8032624545261,-0.004010716613601564,5.3309579759538894e-05,-0.004137162422333535,5.4990270163591985e-05,0.9283622378057239,354.08671296296296,-8.685302976962052e-05,2.538301135782325e-06
x11s2,831.3753648482458,-0.0012509133526577639,4.664857413850344e-05,-0.001290350881101938,4.8119263107934173e-05,0.9226551931406118,354.08671296296296,-8.685302976962052e-05,2.538301135782325e-06
x11s2,833.6919291289004,-0.008867874584353242,3.8819428527451136e-05,-0.00914745194709923,4.0043288128506e-05,0.9297494389312105,354.08671296296296,-8.685302976962052e-05,2.538301135782325e-06
x11s2,835.3996556537018,-0.011487927127364926,3.152195951454245e-05,-0.011850106851394144,3.2515751908179955e-05,0.9325140923567184,354.08671296296296,-8.685302976962052e-05,2.538301135782325e-06
x11s2,836.5514552252306,-0.013898451162622758,2.8645021902370235e-05,-0.014336627445489457,2.9548113122604243e-05,0.941084506332202,354.08671296296296,-8.685302976962052e-05,2.538301135782325e-06
x11s2,839.9431013828682,-0.01501918416123363,2.5013396877791694e-05,-0.015492693778273421,2.5801993904721992e-05,0.9540014113649118,354.08671296296296,-8.685302976962052e-05,2.538301135782325e-06
x11s2,840.8332525256126,-0.013564775202978841,2.8757518562146842e-05,-0.013992431688353865,2.966415646306052e-05,0.9211670297601718,354.08671296296296,-8.685302976962052e-05,2.538301135782325e-06
x11s2,841.6395969130787,-0.01347839260610859,2.9161946007633426e-05,-0.01390332570851395,3.008133428718132e-05,0.913456784756224,354.08671296296296,-8.685302976962052e-05,2.538301135782325e-06
x11s2,846.0459012598457,-0.013927485679158406,3.423795178374553e-05,-0.014366577332837404,3.5317371229123485e-05,0.9000198636612912,354.08671296296296,-8.685302976962052e-05,2.538301135782325e-06
x11s2,847.1390142885917,-0.01479795067717687,2.9029828508790493e-05,-0.015264485469140446,2.994505152172938e-05,0.9060189060546534,354.08671296296296,-8.685302976962052e-05,2.538301135782325e-06
x11s2,847.7883703679349,-0.014124633884478398,3.325878739802108e-05,-0.014569941026974832,3.430733674098028e-05,0.9082424003139619,354.08671296296296,-8.685302976962052e-05,2.538301135782325e-06
x11s2,850.586135630786,-0.01130644863270989,4.4799994330477224e-05,-0.011662906886679045,4.621240314916413e-05,0.8555708224994206,354.08671296296296,-8.685302976962052e-05,2.538301135782325e-06
x11s2,854.0791172083965,-0.011659448130868206,4.228432522554287e-05,-0.012027035395267876,4.361742257819483e-05,0.9240169330436313,354.08671296296296,-8.685302976962052e-05,2.538301135782325e-06
x11s2,855.4976079846218,-0.013947467949488564,2.5644979774581342e-05,-0.014387189583935494,2.6453488707003795e-05,0.9428640883649253,354.08671296296296,-8.685302976962052e-05,2.538301135782325e-06
x11s2,856.8882942168783,-0.017385525484159312,2.374024276615834e-05,-0.017933638712259156,2.4488701080535385e-05,0.9191561372073664,354.08671296296296,-8.685302976962052e-05,2.538301135782325e-06
x11s2,858.6418071613657,-0.021431392009065676,2.4539505945136806e-05,-0.022107059216678424,2.5313162619007232e-05,0.9281003055395054,354.08671296296296,-8.685302976962052e-05,2.538301135782325e-06
x11s2,861.1496473042229,-0.021944866964493093,2.673802449157857e-05,-0.02263672249011925,2.7580993830092095e-05,0.9355008186363426,354.08671296296296,-8.685302976962052e-05,2.538301135782325e-06
x11s2,863.1290430863065,-0.01820587349240884,2.455769164903556e-05,-0.0187798498211309,2.53319216633482e-05,0.955145807505463,354.08671296296296,-8.685302976962052e-05,2.538301135782325e-06
x5n2,13.251873397142843,0.13491832847150204,3.9189392796110705e-06,0.13925469466990517,4.044896634836452e-06,0.8781359971844531,353.87618055555555,-3.9968821009078784e-05,1.376534840530645e-06
x5n2,15.732144682577395,0.12977367087719274,2.3931830703670414e-06,0.13394468430590875,2.4701015905599615e-06,0.9273027948369486,353.87618055555555,-3.9968821009078784e-05,1.376534840530645e-06
x5n2,16.449353960537636,0.13102633779074918,2.1049104568758094e-06,0.13523761278009483,2.1725637005771613e-06,0.9489638460727694,353.87618055555555,-3.9968821009078784e-05,1.376534840530645e-06
x5n2,18.94972381402673,0.12753298197461302,1.4890559942836988e-06,0.1316319781486805,1.5369152596206933e-06,0.9550522998081971,353.87618055555555,-3.9968821009078784e-05,1.376534840530645e-06
x5n2,21.314561942049263,0.12772992064589847,1.7076939642486149e-06,0.1318352465618698,1.7625804016042992e-06,0.9569865197034441,353.87618055555555,-3.9968821009078784e-05,1.376534840530645e-06
x5n2,22.417053177662698,0.12428454275236739,1.7000657772298137e-06,0.1282791318958965,1.7547070395027781e-06,0.9453425931116896,353.87618055555555,-3.9968821009078784e-05,1.376534840530645e-06
x5n2,24.110774530497363,0.1244438773898574,2.6838124813052375e-06,0.12844358765624708,2.7700720270514084e-06,0.9273874609127306,353.87618055555555,-3.9968821009078784e-05,1.376534840530645e-06
x5n2,25.914700414201945,0.1269358513056142,3.689784240672356e-06,0.1310156552966891,3.8083763981791974e-06,0.8446789135289569,353.87618055555555,-3.9968821009078784e-05,1.376534840530645e-06
x5n2,27.53351036189755,0.1391781403759868,5.939107585887388e-06,0.14365141980599777,6.129994514860581e-06,0.8394738929577567,353.87618055555555,-3.9968821009078784e-05,1.376534840530645e-06
x5n2,31.435993563260812,-0.14178789248363327,4.127308846932197e-06,-0.14634505110896204,4.25996334078021e-06,0.7567465437012487,353.87618055555555,-3.9968821009078784e-05,1.376534840530645e-06
x5n2,33.591115526293855,-0.1383590047868038,2.5877108653806872e-06,-0.1428059566457495,2.6708816402857995e-06,0.7954888807203482,353.87618055555555,-3.9968821009078784e-05,1.376534840530645e-06
x5n2,35.718450349903335,0.13314059045842466,1.7452331564798425e-06,0.13741981895643632,1.8013261288271107e-06,0.9038917850753845,353.87618055555555,-3.9968821009078784e-05,1.376534840530645e-06
x5n2,37.46398869613168,0.12762871929767863,1.2267668289383001e-06,0.13173079253396866,1.2661959433558708e-06,0.9393237664602772,353.87618055555555,-3.9968821009078784e-05,1.376534840530645e-06
x5n2,38.86991467951953,0.12427946491592054,1.11217179037686e-06,0.12827389085435675,1.1479177428597088e-06,0.9745464020216094,353.87618055555555,-3.9968821009078784e-05,1.376534840530645e-06
x5n2,40.847263692863386,0.12285243673603821,1.0488950443582082e-06,0.12680099702498474,1.0826072394880804e-06,0.9820411413162207,353.87618055555555,-3.9968821009078784e-05,1.376534840530645e-06
x5n2,43.27359547420645,0.12229877564971375,9.968508816010539e-07,0.1262295408974134,1.028890342190252e-06,0.9856899196856876,353.87618055555555,-3.9968821009078784e-05,1.376534840530645e-06
x5n2,45.02103901058096,0.12315729446934492,8.795854520138406e-07,0.12711565309173517,9.078559224972161e-07,0.9334942313343397,353.87618055555555,-3.9968821009078784e-05,1.376534840530645e-06
x5n2,47.08055083734247,0.12863165487251269,9.475840836784319e-07,0.1327659631355419,9.780400761085182e-07,0.9305368771846657,353.87618055555555,-3.9968821009078784e-05,1.376534840530645e-06
x5n2,49.633357652421125,0.12943374319647033,1.1988943718824553e-06,0.13359383111994708,1.2374276467057122e-06,0.9244855428613339,353.87618055555555,-3.9968821009078784e-05,1.376534840530645e-06
x5n2,50.950468343275084,0.12427555295092571,1.3400082911410452e-06,0.12826985315616493,1.3830770626349888e-06,0.9049280287593262,353.87618055555555,-3.9968821009078784e-05,1.376534840530645e-06
x5n2,53.43193216221378,0.11969339796341791,1.092200138503944e-06,0.1235404246126564,1.127304188607115e-06,0.9294006297181304,353.87618055555555,-3.9968821009078784e-05,1.376534840530645e-06
x5n2,55.28140763319059,0.12263073650802242,1.2095278984026928e-06,0.1265721712019083,1.2484029419499961e-06,0.918718969888766,353.87618055555555,-3.9968821009078784e-05,1.376534840530645e-06
x5n2,56.95556080031689,0.12224195492120375,8.30362124877871e-07,0.12617089391231343,8.570505243825769e-07,0.9620530956726692,353.87618055555555,-3.9968821009078784e-05,1.376534840530645e-06
x5n2,58.74871900642244,0.12466660668314378,9.389773334614122e-07,0.1286734756194469,9.691566991266845e-07,0.9463469863286408,353.87618055555555,-3.9968821009078784e-05,1.376534840530645e-06
x5n2,61.70952215941639,0.12031778199838965,7.439506333416766e-07,0.12418487677220949,7.678617091476955e-07,0.9717338827145734,353.87618055555555,-3.9968821009078784e-05,1.376534840530645e-06
x5n2,63.69606670338571,0.12069773914757415,7.655047610301643e-07,0.12457704600078477,7.90108601057348e-07,0.9610398581742086,353.87618055555555,-3.9968821009078784e-05,1.376534840530645e-06
x5n2,64.62758831425927,0.11821599353466143,7.433473841283012e-07,0.12201553540774822,7.672390710971789e-07,0.9576961077516718,353.87618055555555,-3.9968821009078784e-05,1.376534840530645e-06
x5n2,67.94238938552985,0.11747709109164284,1.050969726947012e-06,0.12125288414117004,1.0847486037764903e-06,0.9539498888920775,353.87618055555555,-3.9968821009078784e-05,1.376534840530645e-06
x5n2,69.41512983378267,0.11811472146226412,9.204178844462265e-07,0.12191100838254679,9.500007368854441e-07,0.9256015443685145,353.87618055555555,-3.9968821009078784e-05,1.376534840530645e-06
x5n2,70.29915415292511,0.11917277522512354,8.569666491210356e-07,0.12300306870793434,8.845101360031175e-07,0.9281875638156484,353.87618055555555,-3.9968821009078784e-05,1.376534840530645e-06
x5n2,72.92957813431696,0.11807798498891534,8.843641632823993e-07,0.12187309117413343,9.127882247733989e-07,0.9194343359756193,353.87618055555555,-3.9968821009078784e-05,1.376534840530645e-06
x5n2,75.80344600637689,0.12066843493437802,8.221020649082766e-07,0.12454679993038499,8.485249805068691e-07,0.961238402893457,353.87618055555555,-3.9968821009078784e-05,1.376534840530645e-06
x5n2,76.6360830592341,0.12489885335590067,8.84051664398603e-07,0.1289131868571213,9.124656819644215e-07,0.9378670099507501,353.87618055555555,-3.9968821009078784e-05,1.376534840530645e-06
x5n2,78.21720933993679,0.1295869481886193,1.2096675989371954e-06,0.1337519602240155,1.2485471325540287e-06,0.9471265337682403,353.87618055555555,-3.9968821009078784e-05,1.376534840530645e-06
x5n2,81.50443158798083,0.1334368970195574,1.230466372400364e-06,0.1377256490105638,1.2700143926434082e-06,0.9267860744098415,353.87618055555555,-3.9968821009078784e-05,1.376534840530645e-06
x5n2,84.38736450981047,0.11944607805185711,1.123192508577331e-06,0.12328515567210277,1.1592926743863308e-06,0.9412923861209855,353.87618055555555,-3.9968821009078784e-05,1.376534840530645e-06
x5n2,85.63029523916676,0.11756122873055153,9.387898254224809e-07,0.12133972602061824,9.689631644527425e-07,0.9264812292807177,353.87618055555555,-3.9968821009078784e-05,1.376534840530645e-06
x5n2,86.57022718048069,0.11366885383346745,9.165540463535497e-07,0.11732224756550429,9.460127124269043e-07,0.9115010609591628,353.87618055555555,-3.9968821009078784e-05,1.376534840530645e-06
x5n2,88.6088202792256,0.11518244548130946,1.0444443802481982e-06,0.11888448707115959,1.078013528027679e-06,0.8914010703383259,353.87618055555555,-3.9968821009078784e-05,1.376534840530645e-06
x5n2,90.65979344922023,0.11623692803921024,1.089846256937472e-06,0.1199728614106492,1.1248746516973288e-06,0.8795833645220934,353.87618055555555,-3.9968821009078784e-05,1.376534840530645e-06
x5n2,92.28825282257503,0.11978205248843728,1.121516449668903e-06,0.1236319285539855,1.1575627458126072e-06,0.9196371695696813,353.87618055555555,-3.9968821009078784e-05,1.376534840530645e-06
x5n2,95.71584740487992,0.11643644990177833,1.236441727964573e-06,0.1201787960406336,1.276181800171095e-06,0.9472609339707354,353.87618055555555,-3.9968821009078784e-05,1.376534840530645e-06
x5n2,97.50324555201551,0.11991239169547042,1.129817032457596e-06,0.12376645695116137,1.1661301149381878e-06,0.9458259271904053,353.87618055555555,-3.9968821009078784e-05,1.376534840530645e-06
x5n2,99.26862663807283,0.12223798622807039,1.0429417290853168e-06,0.12616679766270236,1.07646258064156e-06,0.9451844215741594,353.87618055555555,-3.9968821009078784e-05,1.376534840530645e-06
x5n2,100.7951482241977,0.12636470007570919,1.1686469705605885e-06,0.13042614688051005,1.2062080734768285e-06,0.9381136430652686,353.87618055555555,-3.9968821009078784e-05,1.376534840530645e-06
x5n2,102.94865780770753,0.11896675063852255,9.33021488215555e-07,0.1227904223519748,9.630094289921583e-07,0.9328373827833452,353.87618055555555,-3.9968821009078784e-05,1.376534840530645e-06
x5n2,105.05258054302674,0.11290721091998629,8.939887463004641e-07,0.11653612493438441,9.227221483899286e-07,0.927458728519582,353.87618055555555,-3.9968821009078784e-05,1.376534840530645e-06
x5n2,106.66846688973496,0.11520610076305877,8.859395282129682e-07,0.11890890264964067,9.144142229968086e-07,0.923301697077083,353.87618055555555,-3.9968821009078784e-05,1.376534840530645e-06
x5n2,108.40953505345816,0.120380933539901,1.3420408837207859e-06,0.12425005804691637,1.3851749841130177e-06,0.8849961713301191,353.87618055555555,-3.9968821009078784e-05,1.376534840530645e-06
x5n2,111.55978996394555,0.11591586423705169,8.997178663647987e-07,0.11964147840104876,9.286354062424721e-07,0.9076125265907333,353.87618055555555,-3.9968821009078784e-05,1.376534840530645e-06
x5n2,113.36831634480988,0.10613165923495783,8.670780653637099e-07,0.10954280244211757,8.94946539992894e-07,0.9165786860082882,353.87618055555555,-3.9968821009078784e-05,1.376534840530645e-06
x5n2,114.66602768467142,0.106161999437113,7.060229357171511e-07,0.10957411779886121,7.287149897058563e-07,0.9581160950318073,353.87618055555555,-3.9968821009078784e-05,1.376534840530645e-06
x5n2,117.06632258232406,0.10668020102276687,8.459771835644121e-07,0.1101089747334617,8.731674616014237e-07,0.940351662988567,353.87618055555555,-3.9968821009078784e-05,1.376534840530645e-06
x5n2,118.67622945836723,0.11187003314562612,9.126529545715154e-07,0.11546561156586571,9.419862369202706e-07,0.97031162095553,353.87618055555555,-3.9968821009078784e-05,1.376534840530645e-06
x5n2,120.60772287004441,0.10875232526745336,9.287641596706707e-07,0.11224769845084659,9.58615267032521e-07,0.9603960463353818,353.87618055555555,-3.9968821009078784e-05,1.376534840530645e-06
x5n2,123.20756977499084,0.11574104797593213,7.885769480755107e-07,0.11946104342722916,8.139223437768579e-07,0.9328777035277954,353.87618055555555,-3.9968821009078784e-05,1.376534840530645e-06
x5n2,124.39932428707675,0.11212058517805466,1.0464037992863335e-06,0.1157242165098347,1.0800359241170552e-06,0.8699923407883118,353.87618055555555,-3.9968821009078784e-05,1.376534840530645e-06
x5n2,127.5296077438806,0.10879459186337516,8.803114236484513e-07,0.11229132352370738,9.086052273504709e-07,0.9305971123346904,353.87618055555555,-3.9968821009078784e-05,1.376534840530645e-06
x5n2,128.90428624497787,0.10303953266776984,1.1762954947050588e-06,0.1063512928386954,1.2141024263529729e-06,0.9392515547643273,353.87618055555555,-3.9968821009078784e-05,1.376534840530645e-06
x5n2,129.70341220274875,0.1074473735953446,1.0841455063379954e-06,0.11090080475065617,1.1189906751234044e-06,0.9638550886904568,353.87618055555555,-3.9968821009078784e-05,1.376534840530645e-06
x5n2,133.22739253108222,0.11767211197862511,1.37517971905053e-06,0.1214541731311734,1.4193789239916128e-06,0.8928680552693464,353.87618055555555,-3.9968821009078784e-05,1.376534840530645e-06
x5n2,134.98178296536014,0.1117661770604637,1.1576975555608513e-06,0.11535841747598372,1.1949067368839685e-06,0.9134862844400129,353.87618055555555,-3.9968821009078784e-05,1.376534840530645e-06
x5n2,136.67342827301275,0.10412034841775589,1.4860815703363067e-06,0.10746684673684885,1.5338452356787615e-06,0.9114138746120805,353.87618055555555,-3.9968821009078784e-05,1.376534840530645e-06
x5n2,137.68038596044764,0.10402548781203626,1.717302596268254e-06,0.10736893724719429,1.772497861546541e-06,0.9353989510300353,353.87618055555555,-3.9968821009078784e-05,1.376534840530645e-06
x5n2,141.74681633145488,0.1102529618413807,1.4354294935745774e-06,0.11379656649776197,1.4815651669604398e-06,0.9393416027052057,353.87618055555555,-3.9968821009078784e-05,1.376534840530645e-06
x5n2,143.40986723405663,0.11284174834130115,1.0305569450425498e-06,0.11646855834420809,1.0636797412752056e-06,0.955286775032837,353.87618055555555,-3.9968821009078784e-05,1.376534840530645e-06
x5n2,144.77483061457383,0.11373203210163507,9.936880853561822e-07,0.11738745642588025,1.0256258915379764e-06,0.9351999559533346,353.87618055555555,-3.9968821009078784e-05,1.376534840530645e-06
x5n2,147.51883744854305,0.11280720585994192,9.432438508564686e-07,0.11643290564416864,9.735603452723445e-07,0.9310753856467846,353.87618055555555,-3.9968821009078784e-05,1.376534840530645e-06
x5n2,148.6793445490264,0.11239621006323887,1.142601396657231e-06,0.11600870016498065,1.1793253772375209e-06,0.9032035086337118,353.87618055555555,-3.9968821009078784e-05,1.376534840530645e-06
x5n2,150.01640894458671,0.11153360301018993,1.1829849059136156e-06,0.11511836833865796,1.2210068397556766e-06,0.9224343780173233,353.87618055555555,-3.9968821009078784e-05,1.376534840530645e-06
x5n2,153.2255669639478,0.10995465834740026,1.1046970144503388e-06,0.11348867532801636,1.1402027225865845e-06,0.8877604869819417,353.87618055555555,-3.9968821009078784e-05,1.376534840530645e-06
x5n2,154.77079513049196,0.1066177980340062,9.671828110509048e-07,0.11004456607049644,9.982687198153581e-07,0.9413346888505595,353.87618055555555,-3.9968821009078784e-05,1.376534840530645e-06
x5n2,156.4113436555798,0.10269925947046672,1.1574825904047669e-06,0.10600008303101677,1.194684862602584e-06,0.944398409448886,353.87618055555555,-3.9968821009078784e-05,1.376534840530645e-06
x5n2,158.50869113599447,0.10787420440105078,1.172553081099313e-06,0.11134135418673133,1.210239729046382e-06,0.9291099076932329,353.87618055555555,-3.9968821009078784e-05,1.376534840530645e-06
x5n2,161.12386343257575,0.10936537296435027,1.0447711683358246e-06,0.11288044991476277,1.0783508193051482e-06,0.9147365942282,353.87618055555555,-3.9968821009078784e-05,1.376534840530645e-06
x5n2,163.1904357287278,0.11010723297175577,8.852274539183328e-07,0.11364615380384474,9.136792621534217e-07,0.9344363655293574,353.87618055555555,-3.9968821009078784e-05,1.376534840530645e-06
x5n2,164.2985549520626,0.10749256259027008,1.0750247817921216e-06,0.11094744615039835,1.1095768043306584e-06,0.9361806228431859,353.87618055555555,-3.9968821009078784e-05,1.376534840530645e-06
x5n2,167.46117557141608,0.11228788365788255,1.5288739247783567e-06,0.11589689207579452,1.5780129652937388e-06,0.9647370582802041,353.87618055555555,-3.9968821009078784e-05,1.376534840530645e-06
x5n2,169.83622700157068,0.10645051452848356,1.5508980143185397e-06,0.10987190596012615,1.6007449239464039e-06,0.9389527122154631,353.87618055555555,-3.9968821009078784e-05,1.376534840530645e-06
x5n2,170.47797206231826,0.10632500081423786,1.4306898692979046e-06,0.10974235815033495,1.4766732079584604e-06,0.9435724526779171,353.87618055555555,-3.9968821009078784e-05,1.376534840530645e-06
x5n2,172.8562763452183,0.10130966979416556,1.0884779081619361e-06,0.10456583100401627,1.1234623232679901e-06,0.9486867598617205,353.87618055555555,-3.9968821009078784e-05,1.376534840530645e-06
x5n2,175.02967159412353,0.10559507460539488,1.0928320011078801e-06,0.10898897162016119,1.12795635970189e-06,0.9425465535007885,353.87618055555555,-3.9968821009078784e-05,1.376534840530645e-06
x5n2,176.08561098107342,0.1045125161049675,1.0713191837554653e-06,0.10787161895839022,1.105752105870412e-06,0.954471610009435,353.87618055555555,-3.9968821009078784e-05,1.376534840530645e-06
x5n2,178.721309358347,0.10813435644508196,1.1013839753603072e-06,0.11160986769315953,1.1367832001826344e-06,0.9490327893281756,353.87618055555555,-3.9968821009078784e-05,1.376534840530645e-06
x5n2,180.7156780086631,0.11008271299036128,1.4742740629450562e-06,0.11362084573368789,1.5216582270253853e-06,0.9722236722854886,353.87618055555555,-3.9968821009078784e-05,1.376534840530645e-06
x5n2,182.6122169845236,0.1127029335956143,1.7228582353833109e-06,0.11632528199884198,1.7782320626549308e-06,0.9365855697815294,353.87618055555555,-3.9968821009078784e-05,1.376534840530645e-06
x5n2,184.76139673154518,0.11104528582303727,2.5975650866180106e-06,0.11461435630730986,2.6810525828490482e-06,0.9073059996633575,353.87618055555555,-3.9968821009078784e-05,1.376534840530645e-06
x5n2,185.88106479622812,0.11379173556266145,3.414539667727605e-06,0.11744907879646663,3.5242852787649386e-06,0.8628581352644571,353.87618055555555,-3.9968821009078784e-05,1.376534840530645e-06
x5n2,189.2310142423862,0.11005811022197552,2.239517430985643e-06,0.11359545221570996,2.3114970337459306e-06,0.9236827953168345,353.87618055555555,-3.9968821009078784e-05,1.376534840530645e-06
x5n2,191.49664527478006,0.1070012834180366,2.484610840107971e-06,0.11044037693376849,2.5644679105689796e-06,0.870868361530013,353.87618055555555,-3.9968821009078784e-05,1.376534840530645e-06
x5n2,193.23313584947516,0.09928958798208207,1.9597324980447187e-06,0.10248082239816675,2.022719624098747e-06,0.8645163616449999,353.87618055555555,-3.9968821009078784e-05,1.376534840530645e-06
x5n2,194.9520214742849,0.09376013828877897,1.7170305393779336e-06,0.09677365245723343,1.7722170605640234e-06,0.8742908524479932,353.87618055555555,-3.9968821009078784e-05,1.376534840530645e-06
x5n2,197.07488979595138,0.09922572519501956,1.9032876967606702e-06,0.10241490701799631,1.9644606487796603e-06,0.8822572598865546,353.87618055555555,-3.9968821009078784e-05,1.376534840530645e-06
x5n2,199.18545071210397,0.09809332914344872,1.5808416064496448e-06,0.10124611499252875,1.6316509233519476e-06,0.9102358994593797,353.87618055555555,-3.9968821009078784e-05,1.376534840530645e-06
x5n2,200.58533388118735,0.10492848550706219,1.8109780697598979e-06,0.1083009578980062,1.8691841280228782e-06,0.9049664049409015,353.87618055555555,-3.9968821009078784e-05,1.376534840530645e-06
x5n2,201.9507353785225,0.10044816283824899,2.200962757114496e-06,0.10367663463269076,2.271703186617456e-06,0.8905673459673838,353.87618055555555,-3.9968821009078784e-05,1.376534840530645e-06
x5n2,205.46773098901613,0.10658807103961583,1.8763236868665997e-06,0.11001388363042931,1.936629997396604e-06,0.9228649697556331,353.87618055555555,-3.9968821009078784e-05,1.376534840530645e-06
x5n2,206.76918139571788,0.1021940595047296,2.08084454754716e-06,0.1054786455971782,2.147724296669021e-06,0.9315773841883556,353.87618055555555,-3.9968821009078784e-05,1.376534840530645e-06
x5n2,208.2238305896422,0.10288310176616886,2.057125683451391e-06,0.10618983414226643,2.1232430922619347e-06,0.9339017062204915,353.87618055555555,-3.9968821009078784e-05,1.376534840530645e-06
x5n2,211.0330641456344,0.10564857123936063,2.058108320935566e-06,0.10904418767207322,2.1242573123785063e-06,0.8502907616876397,353.87618055555555,-3.9968821009078784e-05,1.376534840530645e-06
x5n2,212.92641611866347,0.10481599801285214,1.8325920749955982e-06,0.1081848549797603,1.891492821984551e-06,0.8785962420201162,353.87618055555555,-3.9968821009078784e-05,1.376534840530645e-06
x5n2,214.699793928257,0.10812186583556455,2.515148574574773e-06,0.11159697562701629,2.595987148446162e-06,0.8803952472224977,353.87618055555555,-3.9968821009078784e-05,1.376534840530645e-06
x5n2,216.06655793585435,0.10738522214014844,3.118740501317936e-06,0.11083665570571408,3.2189789273696087e-06,0.9289028577553992,353.87618055555555,-3.9968821009078784e-05,1.376534840530645e-06
x5n2,218.91866526785054,0.1005769473326052,3.74890981699949e-06,0.10380955834767423,3.8694023104618e-06,0.8870336596949525,353.87618055555555,-3.9968821009078784e-05,1.376534840530645e-06
x5n2,220.69822177878189,0.09453972554515365,4.041182871837044e-06,0.09757829617454673,4.171069218677616e-06,0.8859336131661519,353.87618055555555,-3.9968821009078784e-05,1.376534840530645e-06
x5n2,222.29814196868293,0.09317644777898937,4.084680246650428e-06,0.09617120174024547,4.2159646284948205e-06,0.8688995682215771,353.87618055555555,-3.9968821009078784e-05,1.376534840530645e-06
x5n2,224.71362962922146,0.10402613638858864,6.674976380135341e-06,0.10736960666943512,6.8895146291477576e-06,0.7948428155316944,353.87618055555555,-3.9968821009078784e-05,1.376534840530645e-06
x5n2,226.326903861626,0.10709777822691102,6.034729821621282e-06,0.11053997315097092,6.228690113832443e-06,0.8138998978298564,353.87618055555555,-3.9968821009078784e-05,1.376534840530645e-06
x5n2,228.9702444199354,0.10971750682506218,8.179650119696224e-06,0.11324390159558262,8.442549598926778e-06,0.7860967133890668,353.87618055555555,-3.9968821009078784e-05,1.376534840530645e-06
x5n2,230.73379092864784,0.11358039559886371,6.263633208709364e-06,0.11723094622349735,6.464950610378624e-06,0.8055659093508797,353.87618055555555,-3.9968821009078784e-05,1.376534840530645e-06
x5n2,233.18230237430438,0.11176072298881293,4.924775668378765e-06,0.11535278810678651,5.083061284462326e-06,0.8330038621077492,353.87618055555555,-3.9968821009078784e-05,1.376534840530645e-06
x5n2,234.85957987658298,0.11586431406750831,4.499086922992244e-06,0.11958827137424023,4.643690615296822e-06,0.8754693223303509,353.87618055555555,-3.9968821009078784e-05,1.376534840530645e-06
x5n2,236.71720374834993,0.11113426801191528,6.098892986878377e-06,0.11470619844383532,6.294915526555509e-06,0.8672252514757327,353.87618055555555,-3.9968821009078784e-05,1.376534840530645e-06
x5n2,239.4137581534386,0.11285620739779131,6.1245798704950025e-06,0.11648348212453924,6.321428003960016e-06,0.9008355425466421,353.87618055555555,-3.9968821009078784e-05,1.376534840530645e-06
x5n2,241.2731259578516,0.11370133123550766,5.8920892873225515e-06,0.11735576881318072,6.0814650164245866e-06,0.8941054916398443,353.87618055555555,-3.9968821009078784e-05,1.376534840530645e-06
x5n2,242.40061453620672,0.11241936552274667,5.503576323260097e-06,0.1160325998565958,5.680464983302737e-06,0.8818579361046337,353.87618055555555,-3.9968821009078784e-05,1.376534840530645e-06
x5n2,245.68708755706822,0.11273210599212964,6.750768896313963e-06,0.11635539201588381,6.967743167985217e-06,0.8931388168827367,353.87618055555555,-3.9968821009078784e-05,1.376534840530645e-06
x5n2,247.07815838458708,0.11116220741487567,6.865247410416116e-06,0.11473503583807663,7.08590109884727e-06,0.9171904415604896,353.87618055555555,-3.9968821009078784e-05,1.376534840530645e-06
x5n2,248.1067406537439,0.11074038030856398,7.45666556240477e-06,0.11429965092367389,7.696327829673658e-06,0.9133751977899297,353.87618055555555,-3.9968821009078784e-05,1.376534840530645e-06
x5n2,251.8267444483783,0.10201133694462243,4.929954677469018e-06,0.10529005021058176,5.088406750402546e-06,0.8992932373825606,353.87618055555555,-3.9968821009078784e-05,1.376534840530645e-06
x5n2,253.28854611688476,0.0966287885356345,4.381964675966804e-06,0.0997345030604559,4.5228039801497975e-06,0.9519696593136978,353.87618055555555,-3.9968821009078784e-05,1.376534840530645e-06
x5n2,254.74314109657047,0.10135882005780275,3.5280897055778492e-06,0.10461656099032193,3.6414848915212727e-06,0.9499095517077035,353.87618055555555,-3.9968821009078784e-05,1.376534840530645e-06
x5n2,257.2604296557146,0.10488324710167074,4.4058010943719425e-06,0.1082542654997123,4.547406517141152e-06,0.9422135232931973,353.87618055555555,-3.9968821009078784e-05,1.376534840530645e-06
x5n2,258.57559115654954,0.10581123820825372,4.867813836777408e-06,0.10921208286720878,5.024268661122339e-06,0.9159442080959707,353.87618055555555,-3.9968821009078784e-05,1.376534840530645e-06
x5n2,259.7292681294786,0.10269611189878947,6.5578217191049565e-06,0.10599683429426,6.768594538187779e-06,0.912633477074847,353.87618055555555,-3.9968821009078784e-05,1.376534840530645e-06
x5n2,263.87237967846517,0.09801983422112635,6.2145896744203556e-06,0.10117025789376584,6.414330783774476e-06,0.9246415849510492,353.87618055555555,-3.9968821009078784e-05,1.376534840530645e-06
x5n2,265.9814998452013,0.09667616044485573,3.6000609896597687e-06,0.09978339753483362,3.715769381281651e-06,0.976345148148296,353.87618055555555,-3.9968821009078784e-05,1.376534840530645e-06
x5n2,266.73164307758816,0.09625062185567478,3.2480906877615534e-06,0.09934418184799554,3.3524865161662335e-06,0.959752163489495,353.87618055555555,-3.9968821009078784e-05,1.376534840530645e-06
x5n2,268.7436427843506,0.09960787480484828,3.54614006877986e-06,0.10280933917438166,3.660115405587475e-06,0.9298561955564348,353.87618055555555,-3.9968821009078784e-05,1.376534840530645e-06
x5n2,270.70005902782685,0.1031034840604282,6.389873193984199e-06,0.10641729967230538,6.595248034040329e-06,0.8261493838215112,353.87618055555555,-3.9968821009078784e-05,1.376534840530645e-06
x5n2,271.69229322144616,0.10714295918419982,7.974853343375893e-06,0.11058660625474137,8.23117051589958e-06,0.83942202112697,353.87618055555555,-3.9968821009078784e-05,1.376534840530645e-06
x5n2,275.2341918480889,0.11340694293068179,1.0574737965858199e-05,0.11705191866941335,1.0914617186062173e-05,0.7644991062229441,353.87618055555555,-3.9968821009078784e-05,1.376534840530645e-06
x5n2,277.0504199197321,0.11340738277226885,9.950185031732648e-06,0.11705237264780609,1.0269990698822396e-05,0.8695707901628655,353.87618055555555,-3.9968821009078784e-05,1.376534840530645e-06
x5n2,278.7733731940704,0.11095605104166871,9.67691102501772e-06,0.1145222534598006,9.987933480967467e-06,0.8795055323271734,353.87618055555555,-3.9968821009078784e-05,1.376534840530645e-06
x5n2,281.5461836914111,0.10264124081952086,8.81138585110047e-06,0.10594019962144478,9.094589743400917e-06,0.8849338663643124,353.87618055555555,-3.9968821009078784e-05,1.376534840530645e-06
x5n2,283.91810786440624,0.1033709307455267,5.8767011767010934e-06,0.10669334227449144,6.065582321534912e-06,0.9211192230981807,353.87618055555555,-3.9968821009078784e-05,1.376534840530645e-06
x5n2,285.3429865549259,0.10438965393102195,4.4899047608678855e-06,0.10774480791119521,4.634213332280325e-06,0.9119280959819233,353.87618055555555,-3.9968821009078784e-05,1.376534840530645e-06
x5n2,287.23031806969595,0.10683448004821128,3.455518122507707e-06,0.11026821239098109,3.5665808087577588e-06,0.9211922817046901,353.87618055555555,-3.9968821009078784e-05,1.376534840530645e-06
x5n2,288.7655071514077,0.10486478791350662,4.164702650745915e-06,0.1082352130207736,4.29855900670358e-06,0.9119050368333227,353.87618055555555,-3.9968821009078784e-05,1.376534840530645e-06
x5n2,289.98510296492424,0.10362202303212115,5.344593085918136e-06,0.10695250483676011,5.516371917338285e-06,0.9054081117225036,353.87618055555555,-3.9968821009078784e-05,1.376534840530645e-06
x5n2,293.04103938527726,0.10040335621419776,6.1313903106499505e-06,0.10363038789348099,6.3284573362611876e-06,0.8295186039673905,353.87618055555555,-3.9968821009078784e-05,1.376534840530645e-06
x5n2,295.5916454261428,0.10678953202562123,6.964945225433231e-06,0.11022181970858794,7.188803268973086e-06,0.8768378701595952,353.87618055555555,-3.9968821009078784e-05,1.376534840530645e-06
x5n2,296.91504283663227,0.10307469984133259,5.760919118543333e-06,0.1063875903089677,5.946078949830913e-06,0.9251462436024729,353.87618055555555,-3.9968821009078784e-05,1.376534840530645e-06
x5n2,299.1332970300556,0.10323138367171912,4.526078530120665e-06,0.10654931006348421,4.671549750907981e-06,0.9444988776777891,353.87618055555555,-3.9968821009078784e-05,1.376534840530645e-06
x5n2,301.5768317466872,0.10448243135600972,5.263131654913343e-06,0.10784056726528224,5.432292260923463e-06,0.960684181866992,353.87618055555555,-3.9968821009078784e-05,1.376534840530645e-06
x5n2,302.4973636435098,0.10608135377815361,5.391550947608473e-06,0.10949088013395629,5.564839036417815e-06,0.9453036294590488,353.87618055555555,-3.9968821009078784e-05,1.376534840530645e-06
x5n2,304.81386484751175,0.1071683094523612,6.750122926437212e-06,0.11061277129764255,6.967076436200351e-06,0.9435069587181878,353.87618055555555,-3.9968821009078784e-05,1.376534840530645e-06
x5n2,307.95667659218236,0.10259335463176039,4.4878371486360075e-06,0.10589077433926825,4.632079265594888e-06,0.9327521138830448,353.87618055555555,-3.9968821009078784e-05,1.376534840530645e-06
x5n2,309.9138740533437,0.10067648482051841,3.2901747429124107e-06,0.10391229503767475,3.395923181272427e-06,0.9653422442029583,353.87618055555555,-3.9968821009078784e-05,1.376534840530645e-06
x5n2,310.52144205790677,0.09952386870278368,3.3899280903890316e-06,0.10272263305946054,3.498882668708502e-06,0.9538893082881368,353.87618055555555,-3.9968821009078784e-05,1.376534840530645e-06
x5n2,311.6504395946653,0.09972208740988645,4.564057288825437e-06,0.10292722264968282,4.71074917256767e-06,0.950686737372365,353.87618055555555,-3.9968821009078784e-05,1.376534840530645e-06
x5n2,315.7584427612082,0.10367997682318195,6.109616683682753e-06,0.10701232130180652,6.305983890217763e-06,0.9146831399430277,353.87618055555555,-3.9968821009078784e-05,1.376534840530645e-06
x5n2,317.29347736999654,0.10823399159897025,5.1100792433810104e-06,0.1117127051881855,5.27432064151573e-06,0.9377848031798098,353.87618055555555,-3.9968821009078784e-05,1.376534840530645e-06
x5n2,319.020748438835,0.10588173340504889,4.151200727954537e-06,0.1092848438272401,4.284623122994739e-06,0.9434889043705869,353.87618055555555,-3.9968821009078784e-05,1.376534840530645e-06
x5n2,320.5262059440876,0.10630240022050376,5.218683951863093e-06,0.10971903115825422,5.386415978678027e-06,0.9239506446787022,353.87618055555555,-3.9968821009078784e-05,1.376534840530645e-06
x5n2,322.95174581422475,0.10031917449293648,5.567291141680261e-06,0.10354350051484358,5.746227639018728e-06,0.9479651824632908,353.87618055555555,-3.9968821009078784e-05,1.376534840530645e-06
x5n2,325.3965471747284,0.09816968933833128,8.374984626326478e-06,0.10132492945564711,8.644162288525421e-06,0.8922513233837583,353.87618055555555,-3.9968821009078784e-05,1.376534840530645e-06
x5n2,326.7103789274579,0.10042921746598935,7.344457221944187e-06,0.10365708034337136,7.580513037367247e-06,0.9150452173553826,353.87618055555555,-3.9968821009078784e-05,1.376534840530645e-06
x5n2,328.6077351286428,0.10068447673030287,1.0882541595296426e-05,0.10392054381283726,1.1232313832035388e-05,0.8787188237069846,353.87618055555555,-3.9968821009078784e-05,1.376534840530645e-06
x5n2,331.88912896462375,0.10232250700044458,5.9154302794976534e-06,0.1056112214821565,6.105556203852269e-06,0.9720277542258503,353.87618055555555,-3.9968821009078784e-05,1.376534840530645e-06
x5n2,333.5401936034027,0.09775430191314174,5.385818693421876e-06,0.10089619119806702,5.558922543710204e-06,0.9564393109969167,353.87618055555555,-3.9968821009078784e-05,1.376534840530645e-06
x5n2,334.6061235117359,0.09825652288185013,4.684081935944701e-06,0.10141455388790041,4.8346314929077616e-06,0.9281404889004766,353.87618055555555,-3.9968821009078784e-05,1.376534840530645e-06
x5n2,336.89031112938693,0.09691147483402471,5.720935903763076e-06,0.10002627508739743,5.904810647523699e-06,0.8714279600054102,353.87618055555555,-3.9968821009078784e-05,1.376534840530645e-06
x5n2,338.4770700618359,0.09900011744901409,7.488259176823317e-06,0.10218204808666295,7.728936884197356e-06,0.8698360044430236,353.87618055555555,-3.9968821009078784e-05,1.376534840530645e-06
x5n2,340.94184760362054,0.10029820687624784,7.490609204132341e-06,0.10352185898479344,7.731362442971256e-06,0.9167250750654026,353.87618055555555,-3.9968821009078784e-05,1.376534840530645e-06
x5n2,343.99079436057957,0.09552069422803929,6.224602774525981e-06,0.09859079385342831,6.424665711680158e-06,0.9727620166526896,353.87618055555555,-3.9968821009078784e-05,1.376534840530645e-06
x5n2,344.9041000588598,0.09591429597878318,5.763675971056724e-06,0.09899704623027239,5.948924409446011e-06,0.9435626206569196,353.87618055555555,-3.9968821009078784e-05,1.376534840530645e-06
x5n2,346.22350316583294,0.09675038931590095,5.6454886168126745e-06,0.09986001217192703,5.826938433815018e-06,0.9083459286873433,353.87618055555555,-3.9968821009078784e-05,1.376534840530645e-06
x5n2,349.70001754819793,0.10597884600768302,5.829994576232491e-06,0.10938507769451093,6.01737453938248e-06,0.9013036532581286,353.87618055555555,-3.9968821009078784e-05,1.376534840530645e-06
x5n2,351.30105669845733,0.10989895880949693,4.78644960741578e-06,0.1134311855693464,4.940289330477142e-06,0.9177264501835762,353.87618055555555,-3.9968821009078784e-05,1.376534840530645e-06
x5n2,352.3270168730598,0.11238969570842301,4.570284516513396e-06,0.11600197643440134,4.717176547559274e-06,0.9350080781317721,353.87618055555555,-3.9968821009078784e-05,1.376534840530645e-06
x5n2,353.9544832410616,0.1142996910092809,7.088487278998483e-06,0.11797336027420409,7.31631604757793e-06,0.9139652864224358,353.87618055555555,-3.9968821009078784e-05,1.376534840530645e-06
x5n2,357.60033508373266,0.10781372836293815,6.095720464596288e-06,0.11127893440790937,6.291641037264611e-06,0.9442223488380734,353.87618055555555,-3.9968821009078784e-05,1.376534840530645e-06
x5n2,359.69189245072045,0.1050561484562856,5.5386429471212145e-06,0.10843272402063883,5.7166586721380976e-06,0.937825137592288,353.87618055555555,-3.9968821009078784e-05,1.376534840530645e-06
x5n2,360.3996039229953,0.10469158523485804,4.933858416510373e-06,0.10805644349105539,5.092435958253203e-06,0.913726878284403,353.87618055555555,-3.9968821009078784e-05,1.376534840530645e-06
x5n2,362.5075042300127,0.10208251736905227,7.186549456479991e-06,0.10536351842192672,7.417530009673064e-06,0.874839931492586,353.87618055555555,-3.9968821009078784e-05,1.376534840530645e-06
x5n2,364.6139053427277,0.10416462147747582,8.044992560864662e-06,0.10751254276260938,8.30356405520916e-06,0.8513597854015543,353.87618055555555,-3.9968821009078784e-05,1.376534840530645e-06
x5n2,366.70323008639485,0.10532717214005194,7.861081820867467e-06,0.10871245858864577,8.113742299818563e-06,0.8896439199843748,353.87618055555555,-3.9968821009078784e-05,1.376534840530645e-06
x5n2,369.4205027037729,0.1162223728394001,9.543525850615495e-06,0.11995783839688684,9.850261216974089e-06,0.9122926958794322,353.87618055555555,-3.9968821009078784e-05,1.376534840530645e-06
x5n2,371.1523635055826,0.10731847803406065,9.31653523552194e-06,0.1107677663989789,9.61597497020619e-06,0.9114854259926156,353.87618055555555,-3.9968821009078784e-05,1.376534840530645e-06
x5n2,373.84021355071417,0.10621228210244531,8.05520769663526e-06,0.10962601658301727,8.314107512342538e-06,0.9480101777827418,353.87618055555555,-3.9968821009078784e-05,1.376534840530645e-06
x5n2,375.9745412195505,0.1021657675883364,6.081483875368983e-06,0.10544944435948428,6.276946874444413e-06,0.9638709695501808,353.87618055555555,-3.9968821009078784e-05,1.376534840530645e-06
x5n2,377.00191542376865,0.10633559227928914,5.429498781869877e-06,0.10975329003222628,5.6040065397016424e-06,0.9236659467780232,353.87618055555555,-3.9968821009078784e-05,1.376534840530645e-06
x5n2,378.5423435379486,0.10527226293742686,6.498259588910419e-06,0.10865578456716368,6.7071180409016335e-06,0.9043930395986045,353.87618055555555,-3.9968821009078784e-05,1.376534840530645e-06
x5n2,381.3904931924337,0.09925289361843043,6.45903103551992e-06,0.10244294865288464,6.666628655310928e-06,0.8830417097334966,353.87618055555555,-3.9968821009078784e-05,1.376534840530645e-06
x5n2,383.63727649418587,0.09629139070792171,4.7571296513683e-06,0.09938626103868821,4.910027011240143e-06,0.9474620082245635,353.87618055555555,-3.9968821009078784e-05,1.376534840530645e-06
x5n2,384.65976568398344,0.0975938185963561,4.684659915346556e-06,0.10073054983909245,4.835228048957948e-06,0.9509349738898357,353.87618055555555,-3.9968821009078784e-05,1.376534840530645e-06
x5n2,385.9587403451592,0.10241496504739038,6.305495655984712e-06,0.10570665119317559,6.50815854498252e-06,0.948473368089469,353.87618055555555,-3.9968821009078784e-05,1.376534840530645e-06
x5n2,388.58232524326655,0.10392590178031554,8.51827729115475e-06,0.10726615045315553,8.792060476378474e-06,0.9357190838735,353.87618055555555,-3.9968821009078784e-05,1.376534840530645e-06
x5n2,391.81383977388595,0.10110463662077661,8.823699404184069e-06,0.10435420792595901,9.107299062396967e-06,0.952776048559318,353.87618055555555,-3.9968821009078784e-05,1.376534840530645e-06
x5n2,393.59091863341547,0.09886429115081868,7.162540834922762e-06,0.10204185623950898,7.392749734804009e-06,0.9635691569078162,353.87618055555555,-3.9968821009078784e-05,1.376534840530645e-06
x5n2,394.8960999264967,0.10063957470551982,5.814909053906335e-06,0.1038741986066517,6.00180415818028e-06,0.9634743609598976,353.87618055555555,-3.9968821009078784e-05,1.376534840530645e-06
x5n2,396.6327233513253,0.09699216188586239,6.0508359511104025e-06,0.1001095554755757,6.245313905201124e-06,0.9441252174772451,353.87618055555555,-3.9968821009078784e-05,1.376534840530645e-06
x5n2,398.4145317138788,0.09916682977646592,8.388334417451562e-06,0.10235411866091348,8.657941150953464e-06,0.9150636679748378,353.87618055555555,-3.9968821009078784e-05,1.376534840530645e-06
x5n2,400.9258909144146,0.09777622532230275,7.1233115371193265e-06,0.10091881924040512,7.352259580874433e-06,0.9139324359010716,353.87618055555555,-3.9968821009078784e-05,1.376534840530645e-06
x5n2,403.4002591101326,0.10351749976730953,6.314518222565779e-06,0.10684462212362439,6.517471102947176e-06,0.936706290137903,353.87618055555555,-3.9968821009078784e-05,1.376534840530645e-06
x5n2,404.1911006338064,0.10012103962380856,6.4644767650234586e-06,0.1033389974572053,6.672249414238656e-06,0.9302213341554015,353.87618055555555,-3.9968821009078784e-05,1.376534840530645e-06
x5n2,405.80061966772223,0.10086986310858509,8.62395782442599e-06,0.104111888634524,8.901137653363717e-06,0.9237854775046274,353.87618055555555,-3.9968821009078784e-05,1.376534840530645e-06
x5n2,410.6516613539669,0.0986879754219835,1.024006781298537e-05,0.10185987360406869,1.0569190508446017e-05,0.9532102914333501,353.87618055555555,-3.9968821009078784e-05,1.376534840530645e-06
x5n2,411.48207356255415,0.10133707176814931,1.0134767716081538e-05,0.10459411369595063,1.0460505995309969e-05,0.9295178757594826,353.87618055555555,-3.9968821009078784e-05,1.376534840530645e-06
x5n2,412.3643007232778,0.10332301733910879,9.319731839190486e-06,0.10664388889883145,9.619274314875569e-06,0.9205361313519744,353.87618055555555,-3.9968821009078784e-05,1.376534840530645e-06
x5n2,415.17778700720174,0.11572915116953342,1.124913915250182e-05,0.11944876424943793,1.1610694082322535e-05,0.8516379551772707,353.87618055555555,-3.9968821009078784e-05,1.376534840530645e-06
x5n2,418.118209155134,0.10344317385618726,8.581222199971608e-06,0.1067679073275203,8.857028477076525e-06,0.9103057184064,353.87618055555555,-3.9968821009078784e-05,1.376534840530645e-06
x5n2,419.690475739816,0.10269131388338905,6.51261627546099e-06,0.10599188206740412,6.72193616105418e-06,0.9120515921937875,353.87618055555555,-3.9968821009078784e-05,1.376534840530645e-06
x5n2,421.034359570301,0.09837892538945345,5.568511655035222e-06,0.10154089049476647,5.7474873804972295e-06,0.8960481709510388,353.87618055555555,-3.9968821009078784e-05,1.376534840530645e-06
x5n2,423.12680342182404,0.10076158791356493,5.648737561136702e-06,0.10400013340160884,5.830291801403896e-06,0.8913573433898377,353.87618055555555,-3.9968821009078784e-05,1.376534840530645e-06
x5n2,424.38211488526736,0.09780020090050155,7.308466103930528e-06,0.1009435654098799,7.543365140512897e-06,0.8908301415470647,353.87618055555555,-3.9968821009078784e-05,1.376534840530645e-06
x5n2,426.7703515696281,0.09748191758858855,5.640774782936737e-06,0.1006150522573594,5.822073094134672e-06,0.9532288980884897,353.87618055555555,-3.9968821009078784e-05,1.376534840530645e-06
x5n2,428.79231776395636,0.09533601364521202,8.709466144833107e-06,0.09840017751193914,8.989394268939448e-06,0.9112365617486397,353.87618055555555,-3.9968821009078784e-05,1.376534840530645e-06
x5n2,430.93297178546567,0.09458003080867809,6.4455885863392135e-06,0.09761989687646226,6.652754156734774e-06,0.9500056522956393,353.87618055555555,-3.9968821009078784e-05,1.376534840530645e-06
x5n2,432.94424942663875,0.09379594373379907,9.568517139394714e-06,0.09681060871343881,9.876055742653327e-06,0.931229859528701,353.87618055555555,-3.9968821009078784e-05,1.376534840530645e-06
x5n2,433.8938134503036,0.09516407080808752,1.0561276834219837e-05,0.09822270831590245,1.0900723404561557e-05,0.968198551588951,353.87618055555555,-3.9968821009078784e-05,1.376534840530645e-06
x5n2,437.1795458192728,0.10037803195881942,1.336619006384913e-05,0.10360424969943126,1.3795788439777348e-05,0.9378992115259289,353.87618055555555,-3.9968821009078784e-05,1.376534840530645e-06
x5n2,440.2808199780809,0.11020348454675356,8.857611802781788e-06,0.11374549896946948,9.14230142838942e-06,0.9563565692044391,353.87618055555555,-3.9968821009078784e-05,1.376534840530645e-06
x5n2,441.69761263981445,0.11269061806365276,6.210666819608802e-06,0.11631257063736551,6.410281845759856e-06,0.9501299248633044,353.87618055555555,-3.9968821009078784e-05,1.376534840530645e-06
x5n2,443.0089699398848,0.10529408468035129,5.481939393358166e-06,0.1086783076756437,5.658132627860579e-06,0.8807719710749518,353.87618055555555,-3.9968821009078784e-05,1.376534840530645e-06
x5n2,444.6480428205358,0.09999119733537151,6.229769914694321e-06,0.1032049819499248,6.429998927223299e-06,0.8662966547572055,353.87618055555555,-3.9968821009078784e-05,1.376534840530645e-06
x5n2,446.68311894265537,0.09054474346403021,7.433372992925794e-06,0.0934549126711994,7.672286621280258e-06,0.9302775169856687,353.87618055555555,-3.9968821009078784e-05,1.376534840530645e-06
x5n2,449.5267049717245,0.09306653781361843,6.889893549293189e-06,0.09605775919435637,7.111339381273396e-06,0.9610640967191519,353.87618055555555,-3.9968821009078784e-05,1.376534840530645e-06
x5n2,450.45333853596327,0.0927263490650295,8.872406900989791e-06,0.09570663654963064,9.157572051046163e-06,0.9525195540252858,353.87618055555555,-3.9968821009078784e-05,1.376534840530645e-06
x5n2,452.05487267692115,0.09692889762833755,8.918298607644421e-06,0.10004425786208652,9.204938748147078e-06,0.9396681773869435,353.87618055555555,-3.9968821009078784e-05,1.376534840530645e-06
x5n2,455.87432704291905,0.1004862041741135,8.543695785009016e-06,0.10371589864278237,8.818295937792393e-06,0.9255962226998152,353.87618055555555,-3.9968821009078784e-05,1.376534840530645e-06
x5n2,456.82467365321736,0.09873072661969143,6.8472225948016285e-06,0.10190399885414429,7.067296953485309e-06,0.9512125277202016,353.87618055555555,-3.9968821009078784e-05,1.376534840530645e-06
x5n2,458.6225914879924,0.09792580057755378,6.993874620014165e-06,0.10107320194538026,7.2186624738342255e-06,0.9404561277515991,353.87618055555555,-3.9968821009078784e-05,1.376534840530645e-06
x5n2,460.7862377769289,0.1002744821462482,9.337081371583703e-06,0.10349737172594838,9.637181472957456e-06,0.9270414411779198,353.87618055555555,-3.9968821009078784e-05,1.376534840530645e-06
x5n2,462.81422533567854,0.1031744700552667,9.579192538049392e-06,0.1064905672049606,9.88707425583073e-06,0.9239705465101297,353.87618055555555,-3.9968821009078784e-05,1.376534840530645e-06
x5n2,465.35510426413634,0.0994913052412681,9.111432151184215e-06,0.10268902298629909,9.404279734215043e-06,0.8927763262870851,353.87618055555555,-3.9968821009078784e-05,1.376534840530645e-06
x5n2,466.7349213237368,0.10223091298926094,1.0299282457016617e-05,0.10551668357759254,1.0630308351128896e-05,0.9053912427153519,353.87618055555555,-3.9968821009078784e-05,1.376534840530645e-06
x5n2,469.18618157484474,0.09722880608555615,1.025306629656259e-05,0.10035380557967273,1.0582606772064342e-05,0.9222217555997151,353.87618055555555,-3.9968821009078784e-05,1.376534840530645e-06
x5n2,471.88345799992766,0.0965585048504049,1.2373977336956421e-05,0.09966196041011474,1.2771685325720291e-05,0.9610213831122028,353.87618055555555,-3.9968821009078784e-05,1.376534840530645e-06
x5n2,474.0107052021607,0.09664155123278707,9.262584153302353e-06,0.09974767595931465,9.560289863766509e-06,0.9620189287149221,353.87618055555555,-3.9968821009078784e-05,1.376534840530645e-06
x5n2,475.69526981102416,0.09115500299712129,6.271390574789183e-06,0.09408478635784195,6.472957303443429e-06,0.9644701101306357,353.87618055555555,-3.9968821009078784e-05,1.376534840530645e-06
x5n2,477.1392568103796,0.0905642301233799,5.324408411445697e-06,0.0934750256449415,5.495538493795948e-06,0.9718677014953561,353.87618055555555,-3.9968821009078784e-05,1.376534840530645e-06
x5n2,478.6597598175768,0.08758869850334444,5.48249649697538e-06,0.09040385842901942,5.658707637164308e-06,0.9790292757244671,353.87618055555555,-3.9968821009078784e-05,1.376534840530645e-06
x5n2,480.7674063557694,0.09079657151717146,6.26561338325896e-06,0.0937148346480486,6.466994429075617e-06,0.9706448506782382,353.87618055555555,-3.9968821009078784e-05,1.376534840530645e-06
x5n2,483.6363616056979,0.09052530275431304,5.995314446515428e-06,0.09343484712394202,6.188007901950275e-06,0.9576704270873491,353.87618055555555,-3.9968821009078784e-05,1.376534840530645e-06
x5n2,484.87257725738505,0.09274214506465199,6.5365017400555975e-06,0.09572294024334932,6.746589320612656e-06,0.9516707749313373,353.87618055555555,-3.9968821009078784e-05,1.376534840530645e-06
x5n2,486.0399869675598,0.09592495631000825,7.071917489506272e-06,0.09900804919174283,7.299213693860512e-06,0.9278898303477605,353.87618055555555,-3.9968821009078784e-05,1.376534840530645e-06
x5n2,488.514566325374,0.10288270215526284,9.615113124379103e-06,0.10618942168759601,9.924149354065174e-06,0.8999748081547886,353.87618055555555,-3.9968821009078784e-05,1.376534840530645e-06
x5n2,490.45882874859825,0.10440382961847632,1.0684163011374677e-05,0.10775943921481837,1.102755922644519e-05,0.8805886876584221,353.87618055555555,-3.9968821009078784e-05,1.376534840530645e-06
x5n2,494.1351894603165,0.09367169652212833,1.0123449336485203e-05,0.0966823681124707,1.0448823835349185e-05,0.9502963078358855,353.87618055555555,-3.9968821009078784e-05,1.376534840530645e-06
x5n2,495.74497222972974,0.09291029683888054,7.114458348876189e-06,0.09589649652916815,7.343121845181882e-06,0.9041675006771172,353.87618055555555,-3.9968821009078784e-05,1.376534840530645e-06
x5n2,496.03260948923065,0.09405934794742911,7.388183691337361e-06,0.09708247891639323,7.625644905018759e-06,0.8869702384226282,353.87618055555555,-3.9968821009078784e-05,1.376534840530645e-06
x5n2,497.3211551354041,0.0985749323051321,1.3433790603058449e-05,0.10174319720509445,1.3865561705973001e-05,0.7932544989851885,353.87618055555555,-3.9968821009078784e-05,1.376534840530645e-06
x5n2,501.01785068952734,0.12090424453592098,1.720914848354042e-05,0.12479018861178295,1.7762262138540137e-05,0.7631684311674967,353.87618055555555,-3.9968821009078784e-05,1.376534840530645e-06
x5n2,503.15154357349445,0.11883517285266343,1.1809626694871717e-05,0.122654615567213,1.2189196072847059e-05,0.8782452307628861,353.87618055555555,-3.9968821009078784e-05,1.376534840530645e-06
x5n2,505.6111118363734,0.11059782290320315,1.1938879357668923e-05,0.11415251162702414,1.232260300352141e-05,0.9338904719890623,353.87618055555555,-3.9968821009078784e-05,1.376534840530645e-06
x5n2,507.69341115679435,0.10160448827803302,1.0511436679483988e-05,0.10487012515307015,1.0849281353591384e-05,0.9396102768880502,353.87618055555555,-3.9968821009078784e-05,1.376534840530645e-06
x5n2,509.3434463431247,0.09778901162678057,9.111020813226459e-06,0.10093201650534449,9.403855175577514e-06,0.9489588038175738,353.87618055555555,-3.9968821009078784e-05,1.376534840530645e-06
x5n2,510.6362821921855,0.09832505563099861,1.0833363197032482e-05,0.10148528932589225,1.1181554806837069e-05,0.9324015598996873,353.87618055555555,-3.9968821009078784e-05,1.376534840530645e-06
x5n2,513.3444036398716,0.10451580879681575,1.0552960720568398e-05,0.10787501747957827,1.0892140005400812e-05,0.932390728278363,353.87618055555555,-3.9968821009078784e-05,1.376534840530645e-06
x5n2,515.5876714261589,0.10326055438985772,1.0925240506572246e-05,0.10657941834820515,1.1276385115157665e-05,0.9033713439150918,353.87618055555555,-3.9968821009078784e-05,1.376534840530645e-06
x5n2,517.3016340391683,0.09822395045640714,8.296573186126544e-06,0.10138093456270486,8.563230651679835e-06,0.9244280246365915,353.87618055555555,-3.9968821009078784e-05,1.376534840530645e-06
x5n2,519.4998733094475,0.09222937223933253,7.876281162762203e-06,0.09519368655310687,8.129430158827149e-06,0.8967325230499292,353.87618055555555,-3.9968821009078784e-05,1.376534840530645e-06
x5n2,521.3893912982797,0.09483038399635442,6.246836757288355e-06,0.09787829658467438,6.447614309664933e-06,0.9173025834524472,353.87618055555555,-3.9968821009078784e-05,1.376534840530645e-06
x5n2,522.6154477831125,0.09520732978243851,7.285330287063023e-06,0.0982673576629054,7.51948572286577e-06,0.9079432015114927,353.87618055555555,-3.9968821009078784e-05,1.376534840530645e-06
x5n2,525.5112548881432,0.10153052715960872,5.730029567889186e-06,0.10479378687434773,5.914196588156514e-06,0.9521876893347733,353.87618055555555,-3.9968821009078784e-05,1.376534840530645e-06
x5n2,527.054666610859,0.10102767878105973,6.867092388117302e-06,0.10427477660929774,7.087805375377837e-06,0.9235213872851439,353.87618055555555,-3.9968821009078784e-05,1.376534840530645e-06
x5n2,527.5255933055194,0.10150359313318236,7.412350329553883e-06,0.10476598717012127,7.65058827530926e-06,0.894740129921782,353.87618055555555,-3.9968821009078784e-05,1.376534840530645e-06
x5n2,531.9103388888456,0.09367630434869176,9.2740283884849e-06,0.09668712403769192,9.572101924397046e-06,0.8789316783174553,353.87618055555555,-3.9968821009078784e-05,1.376534840530645e-06
x5n2,533.302913003628,0.09517277248311674,9.741602467111085e-06,0.09823168966864407,1.005470414970111e-05,0.8717944596658364,353.87618055555555,-3.9968821009078784e-05,1.376534840530645e-06
x5n2,534.7966244508915,0.09756621368963742,6.748040161259663e-06,0.10070205769202799,6.964926729543334e-06,0.9333333344152627,353.87618055555555,-3.9968821009078784e-05,1.376534840530645e-06
x5n2,537.22604084579,0.10670738105520214,8.052817694024609e-06,0.11013702835049632,8.311640693433817e-06,0.9094548205055017,353.87618055555555,-3.9968821009078784e-05,1.376534840530645e-06
x5n2,538.8157342731901,0.10758026231312491,7.220010826015273e-06,0.1110379646015765,7.452066850224396e-06,0.9246251575747707,353.87618055555555,-3.9968821009078784e-05,1.376534840530645e-06
x5n2,540.8208010844573,0.11287269282816231,7.260742510995003e-06,0.11650049740777632,7.494107679068797e-06,0.9041768862072226,353.87618055555555,-3.9968821009078784e-05,1.376534840530645e-06
x5n2,542.2410100411954,0.10821371005341754,1.0180231937222835e-05,0.11169177178006097,1.0507431467224434e-05,0.8582582029134412,353.87618055555555,-3.9968821009078784e-05,1.376534840530645e-06
x5n2,544.3683495261481,0.10778042281467513,1.1807673127888897e-05,0.11124455839683124,1.2187179716902008e-05,0.8853966323239955,353.87618055555555,-3.9968821009078784e-05,1.376534840530645e-06
x5n2,547.4624158108779,0.10702528780428855,1.0500672769830237e-05,0.11046515283720668,1.0838171484611616e-05,0.8966768812374923,353.87618055555555,-3.9968821009078784e-05,1.376534840530645e-06
x5n2,548.5993466110573,0.10723998870204995,1.0286319605040876e-05,0.11068675436682714,1.0616928864335787e-05,0.9032563252386745,353.87618055555555,-3.9968821009078784e-05,1.376534840530645e-06
x5n2,550.0699468243479,0.10692669958271463,1.2947434544794596e-05,0.11036339592360674,1.3363573835520714e-05,0.8825232957414938,353.87618055555555,-3.9968821009078784e-05,1.376534840530645e-06
x5n2,552.2024113856369,0.09688205126670962,2.111616235319679e-05,0.09999590582675671,2.1794850072691748e-05,0.9272602604061233,353.87618055555555,-3.9968821009078784e-05,1.376534840530645e-06
x5n2,556.1739115618426,0.100250371675443,1.140730758584861e-05,0.10347248632832773,1.1773946155941109e-05,0.9616342146200019,353.87618055555555,-3.9968821009078784e-05,1.376534840530645e-06
x5n2,557.2292162835112,0.09884026515708853,1.0328216874527904e-05,0.10201705803411364,1.0660172740360762e-05,0.9481566105290672,353.87618055555555,-3.9968821009078784e-05,1.376534840530645e-06
x5n2,558.1223574116849,0.09828065527337243,9.245448575297157e-06,0.1014394619107848,9.542603536711174e-06,0.9541505960563452,353.87618055555555,-3.9968821009078784e-05,1.376534840530645e-06
x5n2,560.3793305254253,0.09686504485792778,1.8373921793307756e-05,0.09997835282051082,1.896447204914962e-05,0.9058932866500333,353.87618055555555,-3.9968821009078784e-05,1.376534840530645e-06
x5n2,562.9340282911746,0.10212376315597457,1.472143230478735e-05,0.10540608987629733,1.5194589081644718e-05,0.8996247873827921,353.87618055555555,-3.9968821009078784e-05,1.376534840530645e-06
x5n2,565.323248066459,0.10378149124931994,1.4379279403042045e-05,0.10711709847016154,1.4841439154553614e-05,0.8958028671560405,353.87618055555555,-3.9968821009078784e-05,1.376534840530645e-06
x5n2,567.0498514707546,0.10781214150890042,1.3203417171005728e-05,0.11127729655131113,1.3627783916224176e-05,0.9259549305550446,353.87618055555555,-3.9968821009078784e-05,1.376534840530645e-06
x5n2,569.639217694612,0.10229984665727467,1.1457649795191003e-05,0.10558783282025273,1.1825906397891958e-05,0.9525951586081046,353.87618055555555,-3.9968821009078784e-05,1.376534840530645e-06
x5n2,570.8874708765046,0.10149146720800412,1.1164636494537543e-05,0.10475347150951819,1.1523475451859764e-05,0.9831746536320396,353.87618055555555,-3.9968821009078784e-05,1.376534840530645e-06
x5n2,572.1794114129727,0.09844535757481493,1.1248417805140973e-05,0.10160945785543253,1.1609949550370324e-05,0.9741771347385331,353.87618055555555,-3.9968821009078784e-05,1.376534840530645e-06
x5n2,575.1908366079967,0.09697456649585819,1.1181109330858213e-05,0.1000913945578532,1.1540477736265227e-05,0.966399411735212,353.87618055555555,-3.9968821009078784e-05,1.376534840530645e-06
x5n2,577.2512678558297,0.09805100078134832,9.879354576723537e-06,0.10120242616828265,1.0196883705151719e-05,0.9669808962017115,353.87618055555555,-3.9968821009078784e-05,1.376534840530645e-06
x5n2,579.2589811222372,0.09241047111731696,8.254682562605506e-06,0.09538060607134052,8.519993635226681e-06,0.9487633348905067,353.87618055555555,-3.9968821009078784e-05,1.376534840530645e-06
x5n2,581.0564844276953,0.0916396378024726,8.650316687254522e-06,0.09458499765315058,8.928343707845844e-06,0.9482645439163094,353.87618055555555,-3.9968821009078784e-05,1.376534840530645e-06
x5n2,583.8413210451217,0.0977138481115747,8.350776275902494e-06,0.10085443718399587,8.619175865368941e-06,0.9496805431020084,353.87618055555555,-3.9968821009078784e-05,1.376534840530645e-06
x5n2,585.1554233109753,0.1060812050480375,8.468051264252565e-06,0.1094907266235538,8.740220151049928e-06,0.9200121934572969,353.87618055555555,-3.9968821009078784e-05,1.376534840530645e-06
x5n2,586.4131462579455,0.10624305343865716,8.331400394363097e-06,0.10965777693075737,8.599177229910757e-06,0.925203635939801,353.87618055555555,-3.9968821009078784e-05,1.376534840530645e-06
x5n2,588.5589036771573,0.10563275221632047,1.1738876521823427e-05,0.10902786021494869,1.2116171941453646e-05,0.8480165355628164,353.87618055555555,-3.9968821009078784e-05,1.376534840530645e-06
x5n2,590.4333370876317,0.09752136086313058,1.2408322189370913e-05,0.10065576326538445,1.2807134044887259e-05,0.8927775772586803,353.87618055555555,-3.9968821009078784e-05,1.376534840530645e-06
x5n2,593.691041994826,0.0961486467582987,1.581893842647619e-05,0.09923892920211771,1.6327369791319854e-05,0.9244996585782892,353.87618055555555,-3.9968821009078784e-05,1.376534840530645e-06
x5n2,595.47664251112,0.09383702561884395,1.5969842158733086e-05,0.09685301099801498,1.648312367144906e-05,0.9355206077332414,353.87618055555555,-3.9968821009078784e-05,1.376534840530645e-06
x5n2,597.1177584073444,0.09323537410328908,1.047557907212545e-05,0.09623202199640593,1.081227125851478e-05,0.9550950785519652,353.87618055555555,-3.9968821009078784e-05,1.376534840530645e-06
x5n2,598.597882078617,0.09439168401297747,1.3164114759265377e-05,0.0974254964875419,1.3587218298426372e-05,0.9445398002386818,353.87618055555555,-3.9968821009078784e-05,1.376534840530645e-06
x5n2,600.5613996027348,0.09723344061285452,1.0719328670650886e-05,0.10035858906380854,1.106385513376077e-05,0.936798642781185,353.87618055555555,-3.9968821009078784e-05,1.376534840530645e-06
x5n2,603.5777984998704,0.09794675157090392,1.1143627413461183e-05,0.1010948263178066,1.1501791124728467e-05,0.9414420953148027,353.87618055555555,-3.9968821009078784e-05,1.376534840530645e-06
x5n2,605.0558559273165,0.09036504615216386,7.936314353556096e-06,0.09326943976636544,8.191392856918458e-06,0.9405138038017655,353.87618055555555,-3.9968821009078784e-05,1.376534840530645e-06
x5n2,606.7787459662297,0.0932163951805229,8.761031407110068e-06,0.09621243307824401,9.04261687357221e-06,0.9296258951617589,353.87618055555555,-3.9968821009078784e-05,1.376534840530645e-06
x5n2,608.2093572134038,0.0885532693286659,1.0122968468989575e-05,0.0913994312121199,1.0448327512447478e-05,0.9170432775830349,353.87618055555555,-3.9968821009078784e-05,1.376534840530645e-06
x5n2,611.7798431322917,0.09712557062084753,9.428508871689312e-06,0.10024725205740506,9.731547514664893e-06,0.932674745380037,353.87618055555555,-3.9968821009078784e-05,1.376534840530645e-06
x5n2,612.9963308892599,0.09067187047033058,1.0408197993536487e-05,0.09358612562534149,1.0742724506552044e-05,0.9357666700493995,353.87618055555555,-3.9968821009078784e-05,1.376534840530645e-06
x5n2,614.4556408324105,0.0949191319673314,9.772352906614272e-06,0.0979698969753773,1.0086442929098204e-05,0.9504481188797174,353.87618055555555,-3.9968821009078784e-05,1.376534840530645e-06
x5n2,617.2788090330031,0.0914863673052904,1.019399492574984e-05,0.09442680093867291,1.0521636807497965e-05,0.9329384515039054,353.87618055555555,-3.9968821009078784e-05,1.376534840530645e-06
x5n2,619.2451162527,0.09309426148838147,8.358249925306716e-06,0.09608637392675035,8.626889722912578e-06,0.9300779438924185,353.87618055555555,-3.9968821009078784e-05,1.376534840530645e-06
x5n2,621.1407047186481,0.09052557478304932,8.237060454103338e-06,0.09343512789586561,8.50180514025561e-06,0.9183759864019515,353.87618055555555,-3.9968821009078784e-05,1.376534840530645e-06
x5n2,622.778422403974,0.08916174125021041,8.851025749894652e-06,0.09202745983217346,9.135503695314395e-06,0.9172893361414602,353.87618055555555,-3.9968821009078784e-05,1.376534840530645e-06
x5n2,625.1835562770444,0.08730742616623115,8.703363851578681e-06,0.0901135458090252,8.983095843858449e-06,0.9593541744554163,353.87618055555555,-3.9968821009078784e-05,1.376534840530645e-06
x5n2,627.0134165765137,0.08749729160003934,8.931191218854839e-06,0.09030951364610758,9.218245736589228e-06,0.9522086427582882,353.87618055555555,-3.9968821009078784e-05,1.376534840530645e-06
x5n2,628.93674689873,0.09527306698707823,1.1126480685049486e-05,0.09833520770569994,1.1484093288885037e-05,0.9328713516143025,353.87618055555555,-3.9968821009078784e-05,1.376534840530645e-06
x5n2,631.2519476886608,0.10350717563614847,1.2156406611399492e-05,0.10683396616791509,1.2547121730100741e-05,0.9250764704078062,353.87618055555555,-3.9968821009078784e-05,1.376534840530645e-06
x5n2,632.8057918808007,0.10343165904556777,1.3535424832448918e-05,0.10675602242311062,1.3970462528137949e-05,0.9082738231765997,353.87618055555555,-3.9968821009078784e-05,1.376534840530645e-06
x5n2,634.9134990510246,0.09337535308660826,1.2964491075230283e-05,0.09637649999878818,1.3381178574364266e-05,0.8966962988308096,353.87618055555555,-3.9968821009078784e-05,1.376534840530645e-06
x5n2,637.0405259671908,0.0899769853486802,1.2708072764683997e-05,0.09286890642656878,1.3116518806136866e-05,0.9155727565363104,353.87618055555555,-3.9968821009078784e-05,1.376534840530645e-06
x5n2,639.2473205282746,0.09701750120337244,9.237364453822822e-06,0.10013570921586425,9.534259586112788e-06,0.9273016816890904,353.87618055555555,-3.9968821009078784e-05,1.376534840530645e-06
x5n2,640.8489204614733,0.10233318508080348,1.153210080053454e-05,0.10562224276322991,1.1902750308830058e-05,0.8918686749516822,353.87618055555555,-3.9968821009078784e-05,1.376534840530645e-06
x5n2,643.201181547002,0.10309947428699333,1.2191450538883034e-05,0.10641316102204419,1.2583291993081621e-05,0.8962389466598419,353.87618055555555,-3.9968821009078784e-05,1.376534840530645e-06
x5n2,645.6446828708765,0.09506352575824054,1.0992059481023725e-05,0.09811893168024713,1.1345351696576305e-05,0.886998295831185,353.87618055555555,-3.9968821009078784e-05,1.376534840530645e-06
x5n2,646.222330396409,0.09479450508326162,1.1390933634997565e-05,0.09784126449908284,1.1757045935251048e-05,0.883933518874721,353.87618055555555,-3.9968821009078784e-05,1.376534840530645e-06
x5n2,648.2985191231749,0.09204239903399414,1.2345486511924205e-05,0.09500070390267068,1.2742278786329365e-05,0.8861330788134625,353.87618055555555,-3.9968821009078784e-05,1.376534840530645e-06
x5n2,651.6805652154891,0.09888771569888716,1.6947051681778058e-05,0.10206603366837289,1.749174136855383e-05,0.8860339138364818,353.87618055555555,-3.9968821009078784e-05,1.376534840530645e-06
x5n2,652.3828826826763,0.09813812962374165,1.6910249808015964e-05,0.1012923553905157,1.7453756657713723e-05,0.9138644755735712,353.87618055555555,-3.9968821009078784e-05,1.376534840530645e-06
x5n2,654.6843254212073,0.09806836632589253,1.997253167250461e-05,0.10122034985315688,2.0614462329535234e-05,0.9082283806395663,353.87618055555555,-3.9968821009078784e-05,1.376534840530645e-06
x5n2,657.3437423586802,0.08835522034093383,1.5655401270216848e-05,0.09119501679616353,1.6158576440408387e-05,0.9325974468317335,353.87618055555555,-3.9968821009078784e-05,1.376534840530645e-06
x5n2,658.8224999556438,0.08805079883251907,1.2607400868215915e-05,0.09088081097486768,1.3012611246924375e-05,0.9689120277781376,353.87618055555555,-3.9968821009078784e-05,1.376534840530645e-06
x5n2,661.7152145862581,0.08735723120329952,1.1815683543008148e-05,0.09016495161362235,1.2195447592173278e-05,0.9659164962272692,353.87618055555555,-3.9968821009078784e-05,1.376534840530645e-06
x5n2,662.9585054552275,0.09068364918545117,1.152754823621143e-05,0.09359828291632118,1.1898051422014887e-05,0.9321834769947762,353.87618055555555,-3.9968821009078784e-05,1.376534840530645e-06
x5n2,664.7392276392158,0.08922488982551455,1.027137409525203e-05,0.09209263804533725,1.0601502995768406e-05,0.931910626821409,353.87618055555555,-3.9968821009078784e-05,1.376534840530645e-06
x5n2,667.1515938886866,0.09457369900877764,1.3360402370362851e-05,0.09761336156823663,1.3789814725913519e-05,0.904234506347274,353.87618055555555,-3.9968821009078784e-05,1.376534840530645e-06
x5n2,668.5721813431987,0.09232462348332102,1.3858853109595493e-05,0.09529199923640806,1.4304286008549454e-05,0.9245884075174523,353.87618055555555,-3.9968821009078784e-05,1.376534840530645e-06
x5n2,669.8545594272272,0.09619514514856035,2.2126311512930463e-05,0.09928692208204652,2.2837466108655208e-05,0.9074296664493829,353.87618055555555,-3.9968821009078784e-05,1.376534840530645e-06
x5n2,673.1047679717401,0.09337587024912591,1.8115711656961963e-05,0.09637703378325843,1.8697962864631353e-05,0.9171121729838582,353.87618055555555,-3.9968821009078784e-05,1.376534840530645e-06
x5n2,676.0857124724421,0.09017226383122112,1.8464722710513964e-05,0.09307046129142602,1.9058191369160088e-05,0.9207488537427133,353.87618055555555,-3.9968821009078784e-05,1.376534840530645e-06
x5n2,676.9953059517203,0.09456727301091633,1.5963530373399265e-05,0.09760672903446406,1.647660902107175e-05,0.8939685676241862,353.87618055555555,-3.9968821009078784e-05,1.376534840530645e-06
x5n2,679.5166321043705,0.09160463604839818,1.4172429399628367e-05,0.0945488709190607,1.4627940852327578e-05,0.9259029584873935,353.87618055555555,-3.9968821009078784e-05,1.376534840530645e-06
x5n2,681.3588583759179,0.0867108453791015,1.3627979046518546e-05,0.08949779051247764,1.4065991497157168e-05,0.9196365358641502,353.87618055555555,-3.9968821009078784e-05,1.376534840530645e-06
x5n2,682.7981317403569,0.08626261567642311,1.135046697977523e-05,0.08903515440442916,1.1715278654399443e-05,0.9541116271492858,353.87618055555555,-3.9968821009078784e-05,1.376534840530645e-06
x5n2,684.2661910767903,0.08421752599506098,1.523240362283827e-05,0.08692433415949252,1.5721983362958317e-05,0.9111369054570985,353.87618055555555,-3.9968821009078784e-05,1.376534840530645e-06
x5n2,687.1232697765269,0.09485528689733701,1.2995007490807193e-05,0.09790399988171351,1.3412675808148037e-05,0.9331929068150926,353.87618055555555,-3.9968821009078784e-05,1.376534840530645e-06
x5n2,688.8623106225416,0.09544486233260467,1.6553439644157613e-05,0.09851252466965896,1.7085478374206018e-05,0.9244235065552926,353.87618055555555,-3.9968821009078784e-05,1.376534840530645e-06
x5n2,690.0099729456215,0.09601313578982307,1.644464098330416e-05,0.09909906281959367,1.6973182850912144e-05,0.9575776330253442,353.87618055555555,-3.9968821009078784e-05,1.376534840530645e-06
x5n2,693.5720620933811,0.09262489603169684,2.1729490132086425e-05,0.09560192274728718,2.2427890620625067e-05,0.9530811872733407,353.87618055555555,-3.9968821009078784e-05,1.376534840530645e-06
x5n2,695.7483717991098,0.09227350158822895,1.8495289949289427e-05,0.09523923424908096,1.9089741059634338e-05,0.9536740060954546,353.87618055555555,-3.9968821009078784e-05,1.376534840530645e-06
x5n2,697.0010438798587,0.0900899528265695,1.7405389467384372e-05,0.09298550475549357,1.7964810440142347e-05,0.944570105902041,353.87618055555555,-3.9968821009078784e-05,1.376534840530645e-06
x5n2,698.8900006731682,0.09330572028336408,2.014135804003135e-05,0.09630462915021903,2.0788714890536473e-05,0.9435728469397402,353.87618055555555,-3.9968821009078784e-05,1.376534840530645e-06
x5n2,700.9599289322573,0.09319351265526915,2.3186928481342268e-05,0.09618881509317419,2.393217202275274e-05,0.9051527004159551,353.87618055555555,-3.9968821009078784e-05,1.376534840530645e-06
x5n2,703.2513281805631,0.0924702563917501,1.953725259748288e-05,0.09544231288487183,2.016519309106292e-05,0.9211172024405275,353.87618055555555,-3.9968821009078784e-05,1.376534840530645e-06
x5n2,705.0044483133004,0.09142732794539726,1.890389174183038e-05,0.09436586401387874,1.9511475589749606e-05,0.8982827218734488,353.87618055555555,-3.9968821009078784e-05,1.376534840530645e-06
x5n2,706.8550610336832,0.08892685362307334,1.702679719213078e-05,0.09178502275806148,1.757404995346792e-05,0.9239525843528557,353.87618055555555,-3.9968821009078784e-05,1.376534840530645e-06
x5n2,708.5001323731462,0.09357713115110934,2.0613217722930804e-05,0.09658476334655948,2.1275740462329563e-05,0.9094077712894771,353.87618055555555,-3.9968821009078784e-05,1.376534840530645e-06
x5n2,710.2878508159412,0.09213322134645538,2.445581429708928e-05,0.09509444530559412,2.5241840685599735e-05,0.9156584481902994,353.87618055555555,-3.9968821009078784e-05,1.376534840530645e-06
x5n2,712.0694216388633,0.09963963094585512,3.907732185716598e-05,0.10284211597920798,4.033329337375149e-05,0.9100937347478867,353.87618055555555,-3.9968821009078784e-05,1.376534840530645e-06
x5n2,715.8993062328999,0.10113025139404858,2.950860555702678e-05,0.10438064597534369,3.045703206919284e-05,0.9152724432058175,353.87618055555555,-3.9968821009078784e-05,1.376534840530645e-06
x5n2,717.5582305373055,0.10423829498043831,2.5800853911856786e-05,0.1075885841817148,2.6630110782000602e-05,0.9117473533875675,353.87618055555555,-3.9968821009078784e-05,1.376534840530645e-06
x5n2,719.0684943648922,0.09898429821837808,1.7896039766778574e-05,0.10216572041527026,1.8471230571535158e-05,0.9257264011099677,353.87618055555555,-3.9968821009078784e-05,1.376534840530645e-06
x5n2,721.0887196314608,0.09461707045740397,2.04293856990667e-05,0.09765812700451408,2.108599995306174e-05,0.936619173826604,353.87618055555555,-3.9968821009078784e-05,1.376534840530645e-06
x5n2,722.4723267004745,0.08968758804461828,2.0966702835366477e-05,0.09257020769770076,2.164058682501619e-05,0.9677346562010526,353.87618055555555,-3.9968821009078784e-05,1.376534840530645e-06
x5n2,724.8967208624445,0.08838637984868367,2.2564821788973445e-05,0.09122717779153698,2.3290070401131897e-05,0.9638741812556652,353.87618055555555,-3.9968821009078784e-05,1.376534840530645e-06
x5n2,727.2272364913678,0.0881741438020894,2.426252542029961e-05,0.09100812033506489,2.5042339373766335e-05,0.9548011253870896,353.87618055555555,-3.9968821009078784e-05,1.376534840530645e-06
x5n2,729.212864271146,0.09588031380434603,2.238395597243031e-05,0.09896197184579793,2.310339143509166e-05,0.9023502227322805,353.87618055555555,-3.9968821009078784e-05,1.376534840530645e-06
x5n2,731.3335933945929,0.09257038179638818,1.8689392880193226e-05,0.09554565638763779,1.9290082589830892e-05,0.9000353722613023,353.87618055555555,-3.9968821009078784e-05,1.376534840530645e-06
x5n2,733.251440239592,0.0928803040916694,1.576039833088035e-05,0.09586553979480511,1.6266948177514673e-05,0.9075085231510303,353.87618055555555,-3.9968821009078784e-05,1.376534840530645e-06
x5n2,734.469245544904,0.08990856512302596,1.764807193634673e-05,0.09279828712865226,1.8215292887560377e-05,0.9317464729815689,353.87618055555555,-3.9968821009078784e-05,1.376534840530645e-06
x5n2,736.4153272799311,0.09192623638367087,2.4551571643450616e-05,0.09488080770631192,2.534067573774585e-05,0.9496659503574553,353.87618055555555,-3.9968821009078784e-05,1.376534840530645e-06
x5n2,739.3447802496192,0.09405495548452585,3.401185257692537e-05,0.09707794527676566,3.510501648972023e-05,0.9486951963796931,353.87618055555555,-3.9968821009078784e-05,1.376534840530645e-06
x5n2,741.1158809735884,0.09026486224708949,3.21053603266884e-05,0.09316603588291962,3.3137248290951247e-05,0.9371676599851497,353.87618055555555,-3.9968821009078784e-05,1.376534840530645e-06
x5n2,742.6944186618526,0.09226718512695481,3.9457914019854844e-05,0.09523271477247545,4.072611802559404e-05,0.9020874365388292,353.87618055555555,-3.9968821009078784e-05,1.376534840530645e-06
x5n2,745.2204558657916,0.09126440130677926,3.321900178136588e-05,0.09419770080305792,3.428668293411478e-05,0.8969154303194198,353.87618055555555,-3.9968821009078784e-05,1.376534840530645e-06
x5n2,746.973894949525,0.09220568459997797,3.2764179144157496e-05,0.09516923757702526,3.381724199016778e-05,0.9135977382558096,353.87618055555555,-3.9968821009078784e-05,1.376534840530645e-06
x5n2,747.9379790820745,0.0912188349227437,2.983076047625987e-05,0.09415066988466476,3.078954126510752e-05,0.9290044304404071,353.87618055555555,-3.9968821009078784e-05,1.376534840530645e-06
x5n2,751.8797406276877,0.09359281139405339,1.892395837998773e-05,0.0966009475631019,1.9532187183209967e-05,0.9601562354724811,353.87618055555555,-3.9968821009078784e-05,1.376534840530645e-06
x5n2,752.9926418413637,0.09534131639707495,2.020082673700114e-05,0.09840565069782832,2.085009495159092e-05,0.9332473344981806,353.87618055555555,-3.9968821009078784e-05,1.376534840530645e-06
x5n2,753.8637806619579,0.09557129552976862,2.1881194153654748e-05,0.09864302151517039,2.2584470511904668e-05,0.9113873480701538,353.87618055555555,-3.9968821009078784e-05,1.376534840530645e-06
x5n2,757.4413744398215,0.09427143298750841,3.472926267801422e-05,0.09730138051289895,3.584548463598351e-05,0.8228208069845893,353.87618055555555,-3.9968821009078784e-05,1.376534840530645e-06
x5n2,760.3194415938395,0.09233988854283665,2.9415893204915476e-05,0.09530775492524626,3.0361339879468482e-05,0.8956036993583861,353.87618055555555,-3.9968821009078784e-05,1.376534840530645e-06
x5n2,761.5238619097034,0.09444782514172859,2.1213860988038753e-05,0.09748344203008774,2.189568880764137e-05,0.9160009928186092,353.87618055555555,-3.9968821009078784e-05,1.376534840530645e-06
x5n2,762.7840020233612,0.09294377453131145,2.0653980566704643e-05,0.095931050217244,2.1317813451432762e-05,0.9294413425171468,353.87618055555555,-3.9968821009078784e-05,1.376534840530645e-06
x5n2,765.0689020126273,0.08607490008850796,1.9212005670633852e-05,0.08884140551073881,1.9829492508319236e-05,0.9339351236411139,353.87618055555555,-3.9968821009078784e-05,1.376534840530645e-06
x5n2,766.5709746908119,0.08161947027425842,2.551823290399396e-05,0.08424277517314487,2.633840614406809e-05,0.9592136678948234,353.87618055555555,-3.9968821009078784e-05,1.376534840530645e-06
x5n2,768.8681506946508,0.0890479028726503,2.100183405372224e-05,0.09190996261227426,2.167684718445688e-05,0.93631042459899,353.87618055555555,-3.9968821009078784e-05,1.376534840530645e-06
x5n2,771.713171433284,0.09562357463078391,2.1677583720583906e-05,0.09869698090180065,2.237431590200023e-05,0.9344765351381386,353.87618055555555,-3.9968821009078784e-05,1.376534840530645e-06
x5n2,773.0242725123987,0.09430444722448839,1.8380012385270445e-05,0.09733545584975269,1.8970758396851463e-05,0.9224213869388066,353.87618055555555,-3.9968821009078784e-05,1.376534840530645e-06
x5n2,775.5574718062646,0.08669672216670463,1.6984654841982152e-05,0.08948321337049576,1.753055311972336e-05,0.9320727854997077,353.87618055555555,-3.9968821009078784e-05,1.376534840530645e-06
x5n2,777.3757428465543,0.08401141716278213,1.3762069389233235e-05,0.08671160085014216,1.420439159404883e-05,0.9509251094852165,353.87618055555555,-3.9968821009078784e-05,1.376534840530645e-06
x5n2,778.5141228508571,0.08452268160519405,1.3481898266599116e-05,0.08723929767703169,1.3915215582310885e-05,0.9450669561527866,353.87618055555555,-3.9968821009078784e-05,1.376534840530645e-06
x5n2,781.0253326623099,0.08466253644150062,1.5633473934319074e-05,0.08738364754223252,1.6135944345125542e-05,0.9373997948119996,353.87618055555555,-3.9968821009078784e-05,1.376534840530645e-06
x5n2,783.2526981839145,0.08933387111878868,1.9038040449225996e-05,0.09220512207098115,1.964993592720246e-05,0.9156893426416113,353.87618055555555,-3.9968821009078784e-05,1.376534840530645e-06
x5n2,785.3654961863422,0.08457078647952429,1.6149466203959766e-05,0.08728894867451205,1.6668520954804066e-05,0.9390310359018875,353.87618055555555,-3.9968821009078784e-05,1.376534840530645e-06
x5n2,786.8287494421563,0.08404538215520481,1.964766957169801e-05,0.08674665750036063,2.0279158941402893e-05,0.9278883607212133,353.87618055555555,-3.9968821009078784e-05,1.376534840530645e-06
x5n2,789.1045221422688,0.08285622624807966,1.8191020833744688e-05,0.0855192813192467,1.877569252921829e-05,0.9422964221162796,353.87618055555555,-3.9968821009078784e-05,1.376534840530645e-06
x5n2,791.0272225276627,0.08736904118723247,2.173587002568996e-05,0.09017714117841515,2.243447556831788e-05,0.9196290201839882,353.87618055555555,-3.9968821009078784e-05,1.376534840530645e-06
x5n2,792.0508931541416,0.09041633833373985,2.107510762961833e-05,0.09332238051329908,2.1752475822569877e-05,0.9251344867921781,353.87618055555555,-3.9968821009078784e-05,1.376534840530645e-06
x5n2,795.2292611734042,0.0936917651727984,2.1347522518656978e-05,0.09670308178312731,2.2033646310126176e-05,0.917803325876209,353.87618055555555,-3.9968821009078784e-05,1.376534840530645e-06
x5n2,797.4792349487136,0.0881226541752077,2.0563646257321853e-05,0.09095497579680009,2.1224575736336297e-05,0.9252683124090126,353.87618055555555,-3.9968821009078784e-05,1.376534840530645e-06
x5n2,799.6261772030797,0.08658648537451327,1.6919049650160677e-05,0.08936943349335151,1.7462839332728218e-05,0.9468064384475869,353.87618055555555,-3.9968821009078784e-05,1.376534840530645e-06
x5n2,801.0270315747222,0.08284669257398994,1.7952883603004167e-05,0.08550944122643286,1.8529901407048313e-05,0.9563790017361906,353.87618055555555,-3.9968821009078784e-05,1.376534840530645e-06
x5n2,803.0510660865286,0.08587367992908712,1.6756634895110806e-05,0.08863371799949382,1.7295204457759137e-05,0.950694055506166,353.87618055555555,-3.9968821009078784e-05,1.376534840530645e-06
x5n2,805.9273392433481,0.08528856804608785,1.3160284208850775e-05,0.08802980022540127,1.3583264631534363e-05,0.9693739387565322,353.87618055555555,-3.9968821009078784e-05,1.376534840530645e-06
x5n2,807.2831713758806,0.08362166070534216,1.0109291737338923e-05,0.08630931735692582,1.0434211201404564e-05,0.9635639367195338,353.87618055555555,-3.9968821009078784e-05,1.376534840530645e-06
x5n2,808.5334610800338,0.0841855600268454,1.0073186534822377e-05,0.08689134078346927,1.0396945553294354e-05,0.9563629516458034,353.87618055555555,-3.9968821009078784e-05,1.376534840530645e-06
x5n2,810.1042133354214,0.08198389805528503,1.664591287749682e-05,0.08461891590918141,1.718092375971945e-05,0.9172943241212267,353.87618055555555,-3.9968821009078784e-05,1.376534840530645e-06
x5n2,811.9360603555433,0.08875759775409889,2.897664697451829e-05,0.09161032689114591,2.9907975978567596e-05,0.8831447591513893,353.87618055555555,-3.9968821009078784e-05,1.376534840530645e-06
x5n2,815.892070586446,0.0881566158756965,3.326970719563985e-05,0.09099002904927969,3.433901805464901e-05,0.9064362985879769,353.87618055555555,-3.9968821009078784e-05,1.376534840530645e-06
x5n2,817.8064550385691,0.08922859905121995,2.229393313978089e-05,0.09209646648806195,2.301047520780114e-05,0.9211899704500196,353.87618055555555,-3.9968821009078784e-05,1.376534840530645e-06
x5n2,818.5242767488713,0.09031516896928551,2.2276181207510207e-05,0.09321795949714327,2.299215271643795e-05,0.9108441845920201,353.87618055555555,-3.9968821009078784e-05,1.376534840530645e-06
x5n2,820.5045453274174,0.08901170150038883,2.5353245295042778e-05,0.09187259770345856,2.6168115721935656e-05,0.8816841497240343,353.87618055555555,-3.9968821009078784e-05,1.376534840530645e-06
x5n2,823.2395743451103,0.0918793912667025,2.8979830146956756e-05,0.09483245695564586,2.9911261460318093e-05,0.902746801829149,353.87618055555555,-3.9968821009078784e-05,1.376534840530645e-06
x5n2,825.4576182758639,0.09212424842040327,2.0235818312992707e-05,0.09508518398363856,2.088621118046752e-05,0.9103053271573568,353.87618055555555,-3.9968821009078784e-05,1.376534840530645e-06
x5n2,826.9053402476497,0.09326736862891573,2.4079008939336248e-05,0.09626504484769473,2.4852924549161193e-05,0.8993586038534631,353.87618055555555,-3.9968821009078784e-05,1.376534840530645e-06
x5n2,829.4030163350346,0.08612649829685415,1.582843683043424e-05,0.0888946621203497,1.6337173480396162e-05,0.9348459049576545,353.87618055555555,-3.9968821009078784e-05,1.376534840530645e-06
x5n2,831.5221794291147,0.08051983795987896,1.766646678028055e-05,0.08310779993351006,1.8234278954201764e-05,0.9542259636586109,353.87618055555555,-3.9968821009078784e-05,1.376534840530645e-06
x5n2,832.4327794263527,0.08029187788994961,1.58637244229583e-05,0.08287251307297318,1.6373595239976528e-05,0.9721065336381519,353.87618055555555,-3.9968821009078784e-05,1.376534840530645e-06
x5n2,834.4024700506139,0.07891753961401242,2.1611781838833743e-05,0.08145400263664487,2.2306399103329252e-05,0.9334140415377691,353.87618055555555,-3.9968821009078784e-05,1.376534840530645e-06
x5n2,837.5577690403189,0.08409528563289607,2.202200994330762e-05,0.08679816490952878,2.2729812216141348e-05,0.9609636289220409,353.87618055555555,-3.9968821009078784e-05,1.376534840530645e-06
x5n2,839.1929608266962,0.08603887489154546,2.576607429208788e-05,0.08880422243961518,2.6594213321762815e-05,0.9610857505625207,353.87618055555555,-3.9968821009078784e-05,1.376534840530645e-06
x5n2,841.1403379291764,0.08818669242225492,1.8941103839996738e-05,0.09102107227635765,1.954988370988339e-05,0.9868684368110207,353.87618055555555,-3.9968821009078784e-05,1.376534840530645e-06
x5n2,843.4018833873921,0.08784601241687627,2.3400669735438904e-05,0.09066944258551718,2.4152783065112907e-05,0.97608870248614,353.87618055555555,-3.9968821009078784e-05,1.376534840530645e-06
x5n2,844.3453906363651,0.08787402026261934,2.376908650241088e-05,0.09069835062233841,2.4533040995797195e-05,0.9696361496429452,353.87618055555555,-3.9968821009078784e-05,1.376534840530645e-06
x5n2,845.8102350993852,0.09093741902409061,4.201237304120841e-05,0.0938602090889659,4.3362679085128004e-05,0.9018010210670948,353.87618055555555,-3.9968821009078784e-05,1.376534840530645e-06
x5n2,849.746317342732,0.09094064249788,3.4319652563466474e-05,0.09386353616737997,3.5422709375711154e-05,0.8999606842387183,353.87618055555555,-3.9968821009078784e-05,1.376534840530645e-06
x5n2,851.6942794905942,0.08951074728263295,3.107816439344777e-05,0.09238768315419024,3.207703758666724e-05,0.9152132046615562,353.87618055555555,-3.9968821009078784e-05,1.376534840530645e-06
x5n2,853.0530465817887,0.08560570608912361,2.4245983731278358e-05,0.08835713129932934,2.502526602368799e-05,0.9579246733425805,353.87618055555555,-3.9968821009078784e-05,1.376534840530645e-06
x5n2,854.8017535696468,0.0893405163465996,3.1453653828480396e-05,0.09221198088090199,3.2464595505740395e-05,0.9378871600513791,353.87618055555555,-3.9968821009078784e-05,1.376534840530645e-06
x5n2,857.007360382008,0.09046414882952268,3.440594391458489e-05,0.09337172767070667,3.5511774189134085e-05,0.9297825923339692,353.87618055555555,-3.9968821009078784e-05,1.376534840530645e-06
x5n2,859.9275975972342,0.08389182407251208,2.2812879157303284e-05,0.08658816395717989,2.354610050081319e-05,0.9487507926059563,353.87618055555555,-3.9968821009078784e-05,1.376534840530645e-06
x5n2,861.5329369216312,0.08377854780522041,1.6891493796650228e-05,0.08647124691415278,1.743439781547523e-05,0.9501983095058651,353.87618055555555,-3.9968821009078784e-05,1.376534840530645e-06
x5n2,862.4555830635162,0.0819340980217051,1.637869399818588e-05,0.08456751526888823,1.6905116285152794e-05,0.951196559956764,353.87618055555555,-3.9968821009078784e-05,1.376534840530645e-06
x8n0,13.932630053606339,-0.13585698528616547,4.2535306865509405e-06,-0.14385042602536166,4.503796400924625e-06,0.875438916518717,344.9538888888889,-2.529854167947651e-05,1.9263198675758035e-06
x8n0,15.48364525240591,-0.12919121150564986,3.4681234750589717e-06,-0.13679245696991627,3.6721780506533415e-06,0.8442910056607312,344.9538888888889,-2.529854167947651e-05,1.9263198675758035e-06
x8n0,16.76191390729054,-0.13512539138360638,2.9547197352084963e-06,-0.1430757872069085,3.128567086925991e-06,0.8389905648529169,344.9538888888889,-2.529854167947651e-05,1.9263198675758035e-06
x8n0,18.465215297587523,-0.12832167043399867,4.07061463654274e-06,-0.13587175456112882,4.310118087916782e-06,0.7624011919511622,344.9538888888889,-2.529854167947651e-05,1.9263198675758035e-06
x8n0,20.054659521500966,-0.13621503642185961,5.1460644165277475e-06,-0.14422954387712303,5.448844291018232e-06,0.809948245921217,344.9538888888889,-2.529854167947651e-05,1.9263198675758035e-06
x8n0,22.603173747736744,-0.12520571335385264,4.280680163896827e-06,-0.1325724633799532,4.532543276724536e-06,0.826704518120334,344.9538888888889,-2.529854167947651e-05,1.9263198675758035e-06
x8n0,25.635152086934585,-0.1361164826710274,3.832954471553722e-06,-0.1441251915023537,4.058474671047812e-06,0.8838906250290114,344.9538888888889,-2.529854167947651e-05,1.9263198675758035e-06
x8n0,27.593070709906126,-0.13565911232553207,3.3598933041865595e-06,-0.14364091077941343,3.55757992265867e-06,0.9184288785826402,344.9538888888889,-2.529854167947651e-05,1.9263198675758035e-06
x8n0,28.451274305903386,-0.13532910517096763,3.3617725789053368e-06,-0.1432914869373083,3.5595697685863223e-06,0.9201214303296679,344.9538888888889,-2.529854167947651e-05,1.9263198675758035e-06
x8n0,30.119027021758527,-0.13068546942506523,3.6103574017698764e-06,-0.1383746327987624,3.822780619299528e-06,0.9420820517012828,344.9538888888889,-2.529854167947651e-05,1.9263198675758035e-06
x8n0,33.23670047806243,-0.1298924833258265,2.6394294346108487e-06,-0.13753498964042637,2.7947259968480527e-06,0.9084264653109123,344.9538888888889,-2.529854167947651e-05,1.9263198675758035e-06
x8n0,34.90291552944169,-0.14029075804706487,2.2077767525865168e-06,-0.14854506943447,2.3376760919543277e-06,0.9183537183816245,344.9538888888889,-2.529854167947651e-05,1.9263198675758035e-06
x8n0,37.41014107413428,-0.1402371048828429,3.2043663804316812e-06,-0.14848825946982458,3.392902234622032e-06,0.839770079545331,344.9538888888889,-2.529854167947651e-05,1.9263198675758035e-06
x8n0,38.42107730749763,-0.13677108292081358,3.941447989473336e-06,-0.14481830657928335,4.173351640685059e-06,0.8134272516758576,344.9538888888889,-2.529854167947651e-05,1.9263198675758035e-06
x8n0,40.37683181236414,-0.1334861964489311,4.238750542307513e-06,-0.14134014667878272,4.48814663479994e-06,0.8152805144789467,344.9538888888889,-2.529854167947651e-05,1.9263198675758035e-06
x8n0,44.057774701274305,-0.14166206256002029,5.5286578399627836e-06,-0.14999705762619694,5.853948429312665e-06,0.8897982417829924,344.9538888888889,-2.529854167947651e-05,1.9263198675758035e-06
x8n0,45.59405977834501,-0.14073580026275928,3.787806282745256e-06,-0.14901629667532226,4.0106700905126905e-06,0.888164299120012,344.9538888888889,-2.529854167947651e-05,1.9263198675758035e-06
x8n0,47.23161625430641,0.14065492097792448,2.8191866736445056e-06,0.14893065868213698,2.98505964337839e-06,0.9697658144494807,344.9538888888889,-2.529854167947651e-05,1.9263198675758035e-06
x8n0,49.60573358355205,-0.1355295925351458,2.9605029550787094e-06,-0.14350377041091095,3.1346905750953785e-06,0.8954627985016794,344.9538888888889,-2.529854167947651e-05,1.9263198675758035e-06
x8n0,51.67038175176819,-0.13969670514389945,2.641227597988211e-06,-0.1479160641387765,2.796629959072387e-06,0.9150479359875238,344.9538888888889,-2.529854167947651e-05,1.9263198675758035e-06
x8n0,52.87380138625876,0.13727307882772072,2.168819999368497e-06,0.14534983850544433,2.296427233567157e-06,0.9633230330398763,344.9538888888889,-2.529854167947651e-05,1.9263198675758035e-06
x8n0,55.97783578147726,0.13700785322878267,2.6819854978479386e-06,0.14506900778246232,2.839785938475073e-06,0.9766210235046417,344.9538888888889,-2.529854167947651e-05,1.9263198675758035e-06
x8n0,57.569592951903594,0.1354807920101545,2.439124545017136e-06,0.14345209860106273,2.582635734118273e-06,0.978654631958221,344.9538888888889,-2.529854167947651e-05,1.9263198675758035e-06
x8n0,58.648506929469065,0.13649410871264198,2.2840053780069993e-06,0.14452503599213173,2.4183897940798875e-06,0.978125903840994,344.9538888888889,-2.529854167947651e-05,1.9263198675758035e-06
x8n0,59.7578701090158,0.13406080644054033,3.377390702530011e-06,0.14194856509699885,3.5761068184288e-06,0.9641714921577422,344.9538888888889,-2.529854167947651e-05,1.9263198675758035e-06
x8n0,62.43720931072668,0.13648216676746455,3.0456183247771312e-06,0.14451239141667818,3.224813892395803e-06,0.9490242557261656,344.9538888888889,-2.529854167947651e-05,1.9263198675758035e-06
x8n0,66.1527550276345,-0.1317490509356832,2.75861518496329e-06,-0.13950079243709693,2.9209242996312145e-06,0.8852946710537853,344.9538888888889,-2.529854167947651e-05,1.9263198675758035e-06
x8n0,68.03008368755596,-0.13165441365737057,3.768531777934424e-06,-0.13940058696901242,3.990261528357231e-06,0.9285719613987131,344.9538888888889,-2.529854167947651e-05,1.9263198675758035e-06
x8n0,69.12436353237618,-0.1366802787686891,3.318004703438667e-06,-0.1447221597676898,3.5132267151257765e-06,0.9032308084039801,344.9538888888889,-2.529854167947651e-05,1.9263198675758035e-06
x8n0,70.80222377495713,0.13576122514399344,3.193601635331427e-06,0.1437490316272843,3.381504122368443e-06,0.9836931627697773,344.9538888888889,-2.529854167947651e-05,1.9263198675758035e-06
x8n0,73.73252229682939,0.13134269535498552,2.8934020432608023e-06,0.1390705280434184,3.063641635422793e-06,0.9818832276173411,344.9538888888889,-2.529854167947651e-05,1.9263198675758035e-06
x8n0,75.53601248657372,0.13263625484105043,2.3617241053152007e-06,0.1404401969107765,2.5006812714734473e-06,0.9658439066739166,344.9538888888889,-2.529854167947651e-05,1.9263198675758035e-06
x8n0,77.5838764957005,0.1327450391138002,2.346290957987214e-06,0.14055538174243568,2.4843400814097434e-06,0.9732948853520107,344.9538888888889,-2.529854167947651e-05,1.9263198675758035e-06
x8n0,78.68881293120106,0.13228966648899035,2.670417040764009e-06,0.1400732162804154,2.8275368260980093e-06,0.9719675534248257,344.9538888888889,-2.529854167947651e-05,1.9263198675758035e-06
x8n0,79.48134676717405,0.13187050650333162,3.3560871477344902e-06,0.13962939410680555,3.5535498227267742e-06,0.9807118603299257,344.9538888888889,-2.529854167947651e-05,1.9263198675758035e-06
x8n0,82.13425689825657,0.1293292089071945,2.8023567840924956e-06,0.1369385737482385,2.9672395307289237e-06,0.9712940966131888,344.9538888888889,-2.529854167947651e-05,1.9263198675758035e-06
x8n0,85.50153463246127,0.1346423053799772,3.1397401082660962e-06,0.1425642777892472,3.324473535399329e-06,0.9664676346158895,344.9538888888889,-2.529854167947651e-05,1.9263198675758035e-06
x8n0,88.06615364176722,0.13066097159031448,2.599512113244227e-06,0.13834869358070764,2.7524600531994082e-06,0.977642310398011,344.9538888888889,-2.529854167947651e-05,1.9263198675758035e-06
x8n0,89.2920438507718,0.12722090024549254,2.202752000793536e-06,0.1347062181682883,2.33235569797849e-06,0.9752991517855317,344.9538888888889,-2.529854167947651e-05,1.9263198675758035e-06
x8n0,90.75555661771365,0.12423680330412824,2.33099559359651e-06,0.1315465454034905,2.4681447810416294e-06,0.9780757597837413,344.9538888888889,-2.529854167947651e-05,1.9263198675758035e-06
x8n0,92.89385559006597,0.12275183527173966,2.7672862236847396e-06,0.12997420605234714,2.9301055177447746e-06,0.9693935199390569,344.9538888888889,-2.529854167947651e-05,1.9263198675758035e-06
x8n0,94.14220620605722,0.12419486323322305,3.785313369161216e-06,0.13150213769744185,4.008030500944637e-06,0.9670548465843404,344.9538888888889,-2.529854167947651e-05,1.9263198675758035e-06
x8n0,96.45971926950017,0.12832032643021213,3.6851217477851507e-06,0.135870331479961,3.90194388796143e-06,0.97857568175469,344.9538888888889,-2.529854167947651e-05,1.9263198675758035e-06
x8n0,99.699165726778,0.13157398800733056,3.1893672065020404e-06,0.1393154293012101,3.3770205517239283e-06,0.9840177079405203,344.9538888888889,-2.529854167947651e-05,1.9263198675758035e-06
x8n0,100.45890742684841,0.13278157453534029,3.1622051857748844e-06,0.1405940668048378,3.3482603945256736e-06,0.9771470475740636,344.9538888888889,-2.529854167947651e-05,1.9263198675758035e-06
x8n0,102.68177302837059,0.13121071102000958,2.845224598107797e-06,0.13893077812349364,3.0126295656681503e-06,0.9660720583131861,344.9538888888889,-2.529854167947651e-05,1.9263198675758035e-06
x8n0,104.79757100165483,0.13204675155553616,3.7360559849094094e-06,0.13981600891936805,3.955874951529256e-06,0.9484536809459746,344.9538888888889,-2.529854167947651e-05,1.9263198675758035e-06
x8n0,107.04897425036023,0.12749936376126533,2.6185232041209617e-06,0.1350010656896878,2.7725897028899615e-06,0.9642772012727224,344.9538888888889,-2.529854167947651e-05,1.9263198675758035e-06
x8n0,109.09512655194119,0.12663588398407047,3.125370124919417e-06,0.13408678120477796,3.309258062878405e-06,0.9665622438820377,344.9538888888889,-2.529854167947651e-05,1.9263198675758035e-06
x8n0,110.29539003956698,0.12563996972081432,2.5526282710146237e-06,0.1330322701632414,2.702817698305191e-06,0.974745742789294,344.9538888888889,-2.529854167947651e-05,1.9263198675758035e-06
x8n0,113.61847951693551,0.12581391115175086,3.0413331996557677e-06,0.1332164458159764,3.220276642632887e-06,0.9718991090269816,344.9538888888889,-2.529854167947651e-05,1.9263198675758035e-06
x8n0,115.18084359562913,0.12489446785176418,2.5899434114536094e-06,0.1322429050728879,2.7423283560607542e-06,0.9728478440087958,344.9538888888889,-2.529854167947651e-05,1.9263198675758035e-06
x8n0,116.6824909074916,0.12598573644757902,2.824045291943084e-06,0.1333983808261987,2.990204129034928e-06,0.9570014829551735,344.9538888888889,-2.529854167947651e-05,1.9263198675758035e-06
x8n0,118.76956614853964,0.12450595428427083,2.622612578508016e-06,0.13183153246600407,2.776919684499047e-06,0.9540408153013663,344.9538888888889,-2.529854167947651e-05,1.9263198675758035e-06
x8n0,120.72210353005383,0.12515132585594457,3.424994973730915e-06,0.1325148758755047,3.626511990297238e-06,0.94165414292487,344.9538888888889,-2.529854167947651e-05,1.9263198675758035e-06
x8n0,122.42985096059066,0.12236520079101698,3.04495513540873e-06,0.12956482309238448,3.224111682840813e-06,0.9672876282417969,344.9538888888889,-2.529854167947651e-05,1.9263198675758035e-06
x8n0,126.00363610811306,0.12564800042989535,2.721445823831413e-06,0.1330407733765297,2.88156799842485e-06,0.9679479453449991,344.9538888888889,-2.529854167947651e-05,1.9263198675758035e-06
x8n0,127.20624957182443,0.12227545283507596,2.4166619105775835e-06,0.12946979462057034,2.5588514618044473e-06,0.9617197657504958,344.9538888888889,-2.529854167947651e-05,1.9263198675758035e-06
x8n0,128.1028041029763,0.12208289331303902,2.934017860121235e-06,0.12926590544091643,3.106647172064392e-06,0.9568245701957936,344.9538888888889,-2.529854167947651e-05,1.9263198675758035e-06
x8n0,130.48225175661793,0.11919884213375234,3.2070234961603963e-06,0.12621216484785483,3.395715687524504e-06,0.9481766029989388,344.9538888888889,-2.529854167947651e-05,1.9263198675758035e-06
x8n0,133.4937004991987,0.1258482908568681,3.014577810083089e-06,0.1332528483256988,3.1919470416160722e-06,0.9540642776093652,344.9538888888889,-2.529854167947651e-05,1.9263198675758035e-06
x8n0,134.26911861772004,0.12563946303507315,2.949285673717634e-06,0.13303173366554438,3.1228133006273926e-06,0.9617908670948201,344.9538888888889,-2.529854167947651e-05,1.9263198675758035e-06
x8n0,136.24899404938571,0.12564692364199143,3.5874878775853433e-06,0.13303963323347123,3.7985655169990256e-06,0.9767705505918258,344.9538888888889,-2.529854167947651e-05,1.9263198675758035e-06
x8n0,140.06922083015226,0.12708241666858466,2.7719135965485947e-06,0.13455958660941958,2.9350051521392928e-06,0.9860236720832855,344.9538888888889,-2.529854167947651e-05,1.9263198675758035e-06
x8n0,141.48909521492683,0.12300248370509873,2.2639502781849366e-06,0.1302396019305594,2.39715470891067e-06,0.9791011283635161,344.9538888888889,-2.529854167947651e-05,1.9263198675758035e-06
x8n0,142.26581765769814,0.12179551861280889,2.537050080912562e-06,0.1289616224261716,2.686322931560843e-06,0.9751685914273284,344.9538888888889,-2.529854167947651e-05,1.9263198675758035e-06
x8n0,143.11437477893531,0.11727238062569119,4.126088765127126e-06,0.1241723557937062,4.368856157317047e-06,0.9828890619995344,344.9538888888889,-2.529854167947651e-05,1.9263198675758035e-06
x8n0,147.22603902016618,0.12168826057490253,2.5010340712109268e-06,0.12884805362869703,2.64818784172059e-06,0.9765013710966791,344.9538888888889,-2.529854167947651e-05,1.9263198675758035e-06
x8n0,150.07529001733016,0.1256732105879736,2.5146003762813993e-06,0.1330674668290017,2.6625523498087597e-06,0.9874287754302185,344.9538888888889,-2.529854167947651e-05,1.9263198675758035e-06
x8n0,151.00786469761192,0.12556758258876097,2.0092977287820924e-06,0.13295562397708693,2.1275191237923692e-06,0.9817620249228345,344.9538888888889,-2.529854167947651e-05,1.9263198675758035e-06
x8n0,152.6992617722078,0.12469981219138386,1.974585201195446e-06,0.13203679642403945,2.0907642092678183e-06,0.9788418182236888,344.9538888888889,-2.529854167947651e-05,1.9263198675758035e-06
x8n0,154.58192421014627,0.1232819114622315,2.715601191832432e-06,0.13053547042655314,2.8753794848107432e-06,0.9682032318493448,344.9538888888889,-2.529854167947651e-05,1.9263198675758035e-06
x8n0,155.94393199468703,0.12318463443406526,3.7951785459418207e-06,0.1304324698932002,4.018476116823102e-06,0.9715546539476301,344.9538888888889,-2.529854167947651e-05,1.9263198675758035e-06
x8n0,158.54520146395802,0.12427116953428984,3.033373380094902e-06,0.131582933645429,3.211848489803618e-06,0.9552558700182595,344.9538888888889,-2.529854167947651e-05,1.9263198675758035e-06
x8n0,161.59883948642255,0.11932888171736122,2.854856444049208e-06,0.1263498555927429,3.0228281221808257e-06,0.9430916288729313,344.9538888888889,-2.529854167947651e-05,1.9263198675758035e-06
x8n0,164.14043289554974,0.12017616569238032,2.2410928440993272e-06,0.12724699136028716,2.3729524080563143e-06,0.9781380289184556,344.9538888888889,-2.529854167947651e-05,1.9263198675758035e-06
x8n0,165.48984772465556,0.12001139246183556,1.5711299951901525e-06,0.12707252333892258,1.6635708401247922e-06,0.9865074291076669,344.9538888888889,-2.529854167947651e-05,1.9263198675758035e-06
x8n0,166.54508692156844,0.12045972132085966,1.5197875738696874e-06,0.12754723059990172,1.6092075759572148e-06,0.9894308851847162,344.9538888888889,-2.529854167947651e-05,1.9263198675758035e-06
x8n0,168.2122049984545,0.11942333334849103,1.8986181239441128e-06,0.12644986449068946,2.010327444065885e-06,0.9878531942577671,344.9538888888889,-2.529854167947651e-05,1.9263198675758035e-06
x8n0,170.24940126112043,0.11842097126675794,2.752863130839106e-06,0.1253885262592746,2.914833810912199e-06,0.9778105979745576,344.9538888888889,-2.529854167947651e-05,1.9263198675758035e-06
x8n0,172.10431654726813,0.121777536339376,2.853568683144346e-06,0.12894258212663326,3.021464593066787e-06,0.982398932810295,344.9538888888889,-2.529854167947651e-05,1.9263198675758035e-06
x8n0,174.9927543729009,0.12477635097641684,2.8687480946421818e-06,0.13211783853469183,3.0375371182017924e-06,0.9517162318871623,344.9538888888889,-2.529854167947651e-05,1.9263198675758035e-06
x8n0,176.76765660265895,0.12275735416885163,3.4659680448783482e-06,0.12998004966575485,3.669895801057581e-06,0.9284144894246031,344.9538888888889,-2.529854167947651e-05,1.9263198675758035e-06
x8n0,178.32392177674154,0.12282530210583154,3.8026667277403e-06,0.13005199546715412,4.026404882058085e-06,0.9311255402833882,344.9538888888889,-2.529854167947651e-05,1.9263198675758035e-06
x8n0,180.71683422921305,0.11461479767245929,3.304683269911494e-06,0.12135840817654912,3.4991214861298877e-06,0.9562102886953938,344.9538888888889,-2.529854167947651e-05,1.9263198675758035e-06
x8n0,182.51995506765283,0.11957546028506848,4.237558271645867e-06,0.12661094214592009,4.486884214304931e-06,0.9540022733303496,344.9538888888889,-2.529854167947651e-05,1.9263198675758035e-06
x8n0,185.50077022207395,0.12127901975587677,3.3658284546106643e-06,0.12841473423742814,3.5638642805460007e-06,0.9486682857294698,344.9538888888889,-2.529854167947651e-05,1.9263198675758035e-06
x8n0,187.8179844553845,0.12292917540944942,2.627846983633851e-06,0.13016198038214855,2.7824620672168347e-06,0.9611682659067224,344.9538888888889,-2.529854167947651e-05,1.9263198675758035e-06
x8n0,188.84137617046665,0.12014962094082701,2.207127872972616e-06,0.127218884790635,2.336989034099318e-06,0.956087099153786,344.9538888888889,-2.529854167947651e-05,1.9263198675758035e-06
x8n0,190.99816817605083,0.11907917331950167,2.4213774957338346e-06,0.12608545505906002,2.5638444986531363e-06,0.9581749115838566,344.9538888888889,-2.529854167947651e-05,1.9263198675758035e-06
x8n0,193.14933340969262,0.12015338667593542,2.3839107995257047e-06,0.1272228720909457,2.5241733680156518e-06,0.9662376608365967,344.9538888888889,-2.529854167947651e-05,1.9263198675758035e-06
x8n0,194.34902396269658,0.12008850644268794,2.5390271210939548e-06,0.1271541744882894,2.6884162951943986e-06,0.9648678384858225,344.9538888888889,-2.529854167947651e-05,1.9263198675758035e-06
x8n0,196.3733448009317,0.11931125713769682,2.5703687748097766e-06,0.1263311940326626,2.7216020031641707e-06,0.9624140285379421,344.9538888888889,-2.529854167947651e-05,1.9263198675758035e-06
x8n0,198.32499339762606,0.11466576829839185,3.735050365648107e-06,0.12141237776993981,3.954810164475039e-06,0.9473422900036651,344.9538888888889,-2.529854167947651e-05,1.9263198675758035e-06
x8n0,200.0964890556838,0.12325455946388475,4.158253681421894e-06,0.1305065091139895,4.402913566307291e-06,0.9187518184423128,344.9538888888889,-2.529854167947651e-05,1.9263198675758035e-06
x8n0,203.94833274842648,0.12479857436534454,3.7132892647796495e-06,0.1321413694849646,3.931768701983325e-06,0.934852038124862,344.9538888888889,-2.529854167947651e-05,1.9263198675758035e-06
x8n0,205.69339724282938,0.1249055921808387,4.015956257580913e-06,0.13225468392601974,4.252243764539498e-06,0.9348763600145212,344.9538888888889,-2.529854167947651e-05,1.9263198675758035e-06
x8n0,206.46901502730483,0.12055450485282491,3.7651881424186604e-06,0.1276475909267901,3.986721162785281e-06,0.9549072911489271,344.9538888888889,-2.529854167947651e-05,1.9263198675758035e-06
x8n0,208.60038196568325,0.12016813463815249,5.652992037261692e-06,0.12723848778154462,5.985598099098107e-06,0.9454147438024029,344.9538888888889,-2.529854167947651e-05,1.9263198675758035e-06
x8n0,211.5982272730359,0.12142702324604387,4.849036916630829e-06,0.12857144583432492,5.134340533177442e-06,0.9539964902620661,344.9538888888889,-2.529854167947651e-05,1.9263198675758035e-06
x8n0,213.22305579220887,0.12429622855872838,4.597552487663924e-06,0.1316094670719854,4.86805947174042e-06,0.9589859780586286,344.9538888888889,-2.529854167947651e-05,1.9263198675758035e-06
x8n0,214.41868087178284,0.11962563223700551,4.5353919291803524e-06,0.12666406607359643,4.802241561818444e-06,0.9388976895255766,344.9538888888889,-2.529854167947651e-05,1.9263198675758035e-06
x8n0,216.42347885197054,0.11694296470815004,4.993190137927667e-06,0.12382355797533846,5.286975322274225e-06,0.9111449515340615,344.9538888888889,-2.529854167947651e-05,1.9263198675758035e-06
x8n0,217.88801393954844,0.11108550630241804,6.460953058342116e-06,0.11762146328498774,6.841097261319989e-06,0.8206669227734915,344.9538888888889,-2.529854167947651e-05,1.9263198675758035e-06
x8n0,222.27773365210996,0.1286684856005272,7.840349783408988e-06,0.13623897535108012,8.301653788030025e-06,0.8725699851005291,344.9538888888889,-2.529854167947651e-05,1.9263198675758035e-06
x8n0,223.77494861988828,0.1279475576630315,6.011636821880827e-06,0.13547563005290572,6.365344528408063e-06,0.8911864386412567,344.9538888888889,-2.529854167947651e-05,1.9263198675758035e-06
x8n0,224.83626562025304,0.12524487857972108,4.656949935892211e-06,0.1326139329769319,4.930951697815221e-06,0.9415576876220936,344.9538888888889,-2.529854167947651e-05,1.9263198675758035e-06
x8n0,227.36672456323328,0.12561764296460712,3.871490928004486e-06,0.1330086297638508,4.099278503594763e-06,0.9551294220736527,344.9538888888889,-2.529854167947651e-05,1.9263198675758035e-06
x8n0,228.75318584128067,0.12518743500445456,3.8909867072186555e-06,0.13255310958417735,4.119921359313572e-06,0.9704922006598012,344.9538888888889,-2.529854167947651e-05,1.9263198675758035e-06
x8n0,230.09601640734894,0.12681400782043253,4.250940898156337e-06,0.13427538534384365,4.5010542367061676e-06,0.9786252962652454,344.9538888888889,-2.529854167947651e-05,1.9263198675758035e-06
x8n0,232.65212712102462,0.12477587296655743,5.766117527557319e-06,0.13211733240008436,6.105379573264315e-06,0.9563869474090362,344.9538888888889,-2.529854167947651e-05,1.9263198675758035e-06
x8n0,235.04299259143713,0.1231544968393064,5.7676031847470815e-06,0.13040055908761072,6.106952642320904e-06,0.9643004081075733,344.9538888888889,-2.529854167947651e-05,1.9263198675758035e-06
x8n0,237.253257393218,0.12270427806630191,5.028990536138782e-06,0.12992385071545823,5.324882114653717e-06,0.9679159791495039,344.9538888888889,-2.529854167947651e-05,1.9263198675758035e-06
x8n0,238.506234466594,0.12423506943137758,5.982655744974931e-06,0.13154470951457148,6.3346582869107605e-06,0.9585155516884324,344.9538888888889,-2.529854167947651e-05,1.9263198675758035e-06
x8n0,240.24138580845732,0.1165332341593258,7.126771484752562e-06,0.123389720039955,7.5460905606555655e-06,0.933384774569768,344.9538888888889,-2.529854167947651e-05,1.9263198675758035e-06
x8n0,242.79510372570394,0.115250912901361,8.703111940876273e-06,0.12203195062625082,9.21517843049732e-06,0.8270042239611416,344.9538888888889,-2.529854167947651e-05,1.9263198675758035e-06
x8n0,244.77506509642228,0.12205490232562322,9.016108295003442e-06,0.12923626754297432,9.546590604782946e-06,0.8229487112590977,344.9538888888889,-2.529854167947651e-05,1.9263198675758035e-06
x8n0,248.02695213516927,0.13159099467183571,1.1642446618674828e-05,0.13933343658975095,1.2327455246752407e-05,0.9271849891873012,344.9538888888889,-2.529854167947651e-05,1.9263198675758035e-06
x8n0,249.54955966473176,0.12084781950859842,8.695894899809406e-06,0.12795816338726113,9.20753675914767e-06,0.949935078404994,344.9538888888889,-2.529854167947651e-05,1.9263198675758035e-06
x8n0,250.50347178580975,0.11990106912575568,8.508118819515239e-06,0.1269557088898002,9.008712465418557e-06,0.9535952445015345,344.9538888888889,-2.529854167947651e-05,1.9263198675758035e-06
x8n0,252.21739614615888,0.11591217301692441,9.766382964715286e-06,0.12273211741662242,1.0341009313889078e-05,0.9584172155384367,344.9538888888889,-2.529854167947651e-05,1.9263198675758035e-06
x8n0,254.77259219229833,0.12215480219443021,8.93928861026473e-06,0.12934204523749251,9.465251067080698e-06,0.9563844795819416,344.9538888888889,-2.529854167947651e-05,1.9263198675758035e-06
x8n0,256.50305283371165,0.12347420629291386,9.073418928829734e-06,0.13073907934116188,9.607273234198948e-06,0.9348009391143434,344.9538888888889,-2.529854167947651e-05,1.9263198675758035e-06
x8n0,259.4048937687327,0.12517361453906473,9.969406996026083e-06,0.13253847596169552,1.0555978704943411e-05,0.9205450625439544,344.9538888888889,-2.529854167947651e-05,1.9263198675758035e-06
x8n0,262.25413029575463,0.1280073150813188,9.326166195973808e-06,0.1355389034286596,9.874891435639514e-06,0.9287418325121415,344.9538888888889,-2.529854167947651e-05,1.9263198675758035e-06
x8n0,263.934760668292,0.12202929416997098,4.7640303568602145e-06,0.12920915267587685,5.044332427873206e-06,0.9656278685124035,344.9538888888889,-2.529854167947651e-05,1.9263198675758035e-06
x8n0,264.7119312396984,0.12306507208030398,4.617180996960718e-06,0.13030587282872888,4.888842867004485e-06,0.9691075685714604,344.9538888888889,-2.529854167947651e-05,1.9263198675758035e-06
x8n0,265.43490802390687,0.12068440511680038,5.8731925779391796e-06,0.1277851341548716,6.218754616746061e-06,0.9779299533066553,344.9538888888889,-2.529854167947651e-05,1.9263198675758035e-06
x8n0,269.6027418219454,0.12481410435725138,5.649772638838236e-06,0.13215781321766823,5.982189280377568e-06,0.9702983112171079,344.9538888888889,-2.529854167947651e-05,1.9263198675758035e-06
x8n0,271.7001707337956,0.12215512491780514,5.059771625584732e-06,0.129342386948998,5.357474276337549e-06,0.9686339536278085,344.9538888888889,-2.529854167947651e-05,1.9263198675758035e-06
x8n0,272.4207754663976,0.12149864481233613,4.7910778640418315e-06,0.12864728141099438,5.072971333872807e-06,0.9647898977999889,344.9538888888889,-2.529854167947651e-05,1.9263198675758035e-06
x8n0,274.67167312955115,0.12065771436737158,5.4489441534344085e-06,0.1277568729972419,5.769544614941211e-06,0.9530689155433782,344.9538888888889,-2.529854167947651e-05,1.9263198675758035e-06
x8n0,277.5261662328492,0.12023138201252453,6.755544031870978e-06,0.1273054564525279,7.153021134473003e-06,0.9651956387564853,344.9538888888889,-2.529854167947651e-05,1.9263198675758035e-06
x8n0,278.8782833451707,0.120516007303773,6.440046130175579e-06,0.1276068282908433,6.818960228635928e-06,0.9652349319677407,344.9538888888889,-2.529854167947651e-05,1.9263198675758035e-06
x8n0,281.34325452382575,0.12304369449116713,7.254152319904082e-06,0.13028323744271428,7.68096612384737e-06,0.9687391212274762,344.9538888888889,-2.529854167947651e-05,1.9263198675758035e-06
x8n0,283.47274034363033,0.1239799243398308,6.912635905652639e-06,0.13127455240752267,7.319355849769497e-06,0.9715716090673053,344.9538888888889,-2.529854167947651e-05,1.9263198675758035e-06
x8n0,284.7060941517116,0.12363787573791708,6.982530099545475e-06,0.13091237863336577,7.39336242033343e-06,0.9813562636729154,344.9538888888889,-2.529854167947651e-05,1.9263198675758035e-06
x8n0,286.34555280607395,0.12339301496527601,8.606422016130939e-06,0.13065311094545762,9.112799544069958e-06,0.9713491018856908,344.9538888888889,-2.529854167947651e-05,1.9263198675758035e-06
x8n0,288.7625996767819,0.12161336520175511,7.83443675950593e-06,0.12876875162363713,8.295392858525655e-06,0.9619788579641853,344.9538888888889,-2.529854167947651e-05,1.9263198675758035e-06
x8n0,291.02521023064617,0.1214887510136742,7.44874063105791e-06,0.12863680548920403,7.887003460831356e-06,0.9571256274929567,344.9538888888889,-2.529854167947651e-05,1.9263198675758035e-06
x8n0,293.33782085495903,0.12026915800670043,6.958866724545272e-06,0.1273454550793507,7.3683067592806905e-06,0.9722657753092636,344.9538888888889,-2.529854167947651e-05,1.9263198675758035e-06
x8n0,295.89230121614116,0.12120960600207034,6.670345399761738e-06,0.1283412363746864,7.062809655837019e-06,0.9857533414325348,344.9538888888889,-2.529854167947651e-05,1.9263198675758035e-06
x8n0,297.19963039452557,0.1202744558622105,6.04490131222107e-06,0.12735106464569385,6.400566207270443e-06,0.9880963664887913,344.9538888888889,-2.529854167947651e-05,1.9263198675758035e-06
x8n0,298.539962789724,0.12129400273388513,6.2940209263024485e-06,0.12843059877148277,6.664343314803017e-06,0.9812106979347177,344.9538888888889,-2.529854167947651e-05,1.9263198675758035e-06
x8n0,300.4478314491951,0.11823496917363224,8.485612135431432e-06,0.1251915803291012,8.984881551704003e-06,0.9642069113796455,344.9538888888889,-2.529854167947651e-05,1.9263198675758035e-06
x8n0,303.9671925164375,0.12105033123320237,6.029296821927697e-06,0.12817259032893108,6.384043592905919e-06,0.9732598457059769,344.9538888888889,-2.529854167947651e-05,1.9263198675758035e-06
x8n0,305.58639028715237,0.1191362689887944,3.9154449228005104e-06,0.12614591007603734,4.14581862711956e-06,0.9864575507887217,344.9538888888889,-2.529854167947651e-05,1.9263198675758035e-06
x8n0,306.2515465010582,0.12131759338567585,4.312947053214509e-06,0.1284555774304981,4.566708658541929e-06,0.9872421177969052,344.9538888888889,-2.529854167947651e-05,1.9263198675758035e-06
x8n0,307.6514520660396,0.12103210770529582,5.77869912105426e-06,0.12815329458018823,6.11870143213525e-06,0.9811045371357584,344.9538888888889,-2.529854167947651e-05,1.9263198675758035e-06
x8n0,311.45561667894816,0.12616820089563394,8.190492418384449e-06,0.13359158096627172,8.672397825259827e-06,0.9305469224108225,344.9538888888889,-2.529854167947651e-05,1.9263198675758035e-06
x8n0,312.9892378610435,0.12119557012981254,7.144386540554643e-06,0.12832637467140576,7.564742036516394e-06,0.9456836555475063,344.9538888888889,-2.529854167947651e-05,1.9263198675758035e-06
x8n0,315.5204877220859,0.11719114832714661,6.302074608361407e-06,0.12408634401648294,6.672870852734273e-06,0.9382818650622405,344.9538888888889,-2.529854167947651e-05,1.9263198675758035e-06
x8n0,316.84623032118503,0.11308337099015055,6.555531764668666e-06,0.11973687667993382,6.941240711208445e-06,0.9710891347443167,344.9538888888889,-2.529854167947651e-05,1.9263198675758035e-06
x8n0,319.46070774689855,0.11595004703082466,5.515413016884216e-06,0.12277221983037293,5.839924318307483e-06,0.9774888235433153,344.9538888888889,-2.529854167947651e-05,1.9263198675758035e-06
x8n0,321.36698115729223,0.11758036136562681,5.668887003922587e-06,0.12449845724924805,6.002428280637999e-06,0.9780415747927483,344.9538888888889,-2.529854167947651e-05,1.9263198675758035e-06
x8n0,322.3741076408131,0.12085206008893641,5.010534775682494e-06,0.12796265347135163,5.305340469454783e-06,0.9812154183382756,344.9538888888889,-2.529854167947651e-05,1.9263198675758035e-06
x8n0,324.7446114392342,0.11963753337351712,6.604848655058422e-06,0.12667666743931771,6.993459267934618e-06,0.9766327325102022,344.9538888888889,-2.529854167947651e-05,1.9263198675758035e-06
x8n0,326.66989503168907,0.11801427493875533,7.698274099471398e-06,0.12495790106968352,8.151218772714341e-06,0.9639457298407882,344.9538888888889,-2.529854167947651e-05,1.9263198675758035e-06
x8n0,328.9233131413046,0.11346120767179989,7.268136335558538e-06,0.12013694420321047,7.695772919428782e-06,0.9556190027806172,344.9538888888889,-2.529854167947651e-05,1.9263198675758035e-06
x8n0,331.844285319625,0.11530988542408901,6.776471178972355e-06,0.12209439292541083,7.175179575716843e-06,0.9454085947398293,344.9538888888889,-2.529854167947651e-05,1.9263198675758035e-06
x8n0,332.8014821762591,0.11687192815059143,7.517851155672345e-06,0.12374834182766188,7.960180253233174e-06,0.9375134822213134,344.9538888888889,-2.529854167947651e-05,1.9263198675758035e-06
x8n0,333.82085223745696,0.11871786742274673,1.0137084529896601e-05,0.1257028909453032,1.0733521910626574e-05,0.9459577903971274,344.9538888888889,-2.529854167947651e-05,1.9263198675758035e-06
x8n0,337.9629222228056,0.11695381391756654,8.940326894111488e-06,0.12383504552154977,9.466350440612188e-06,0.9455107198589477,344.9538888888889,-2.529854167947651e-05,1.9263198675758035e-06
x8n0,339.42897933372166,0.1188938323103528,7.5441886136593734e-06,0.12588920910917473,7.98806733275197e-06,0.9583897073312838,344.9538888888889,-2.529854167947651e-05,1.9263198675758035e-06
x8n0,340.42163773898216,0.11948055999675018,6.043717071988804e-06,0.12651045819306508,6.399312289692566e-06,0.9601226619807346,344.9538888888889,-2.529854167947651e-05,1.9263198675758035e-06
x8n0,342.73019427683016,0.12312221355262126,7.216299660551411e-06,0.13036637634365114,7.640886321085628e-06,0.9294299378849091,344.9538888888889,-2.529854167947651e-05,1.9263198675758035e-06
x8n0,344.56790812410514,0.12199367609154724,8.214882980425894e-06,0.12917143893046532,8.698223458982445e-06,0.9348899025238572,344.9538888888889,-2.529854167947651e-05,1.9263198675758035e-06
x8n0,347.40350212312615,0.1214983577522962,6.885149579592236e-06,0.12864697746115364,7.290252306029494e-06,0.9550887778462949,344.9538888888889,-2.529854167947651e-05,1.9263198675758035e-06
x8n0,348.68855013134333,0.12302752198858849,7.459221415758928e-06,0.13026611339582825,7.898100905259007e-06,0.9886019931160214,344.9538888888889,-2.529854167947651e-05,1.9263198675758035e-06
x8n0,351.12840930601396,0.12200026870131038,7.032876665248979e-06,0.12917841943073954,7.446671235556348e-06,0.980564824792274,344.9538888888889,-2.529854167947651e-05,1.9263198675758035e-06
x8n0,353.51977810910284,0.12204440269229735,7.723928576402394e-06,0.12922515014092203,8.178382686503597e-06,0.9755744486741645,344.9538888888889,-2.529854167947651e-05,1.9263198675758035e-06
x8n0,354.5644652905713,0.12045936452770026,6.6966552819245785e-06,0.12754685281404202,7.09066753704813e-06,0.9801087104445749,344.9538888888889,-2.529854167947651e-05,1.9263198675758035e-06
x8n0,356.65446071049996,0.1206279914988061,6.414022693051207e-06,0.12772540131916194,6.791405646079131e-06,0.9764941577809563,344.9538888888889,-2.529854167947651e-05,1.9263198675758035e-06
x8n0,359.08488407692255,0.11657862869558124,7.21904298578866e-06,0.12343778546232408,7.643791055820269e-06,0.9585857485080236,344.9538888888889,-2.529854167947651e-05,1.9263198675758035e-06
x8n0,362.3844372741359,0.1141083883789092,5.746415274988003e-06,0.12082220319255851,6.084518095882159e-06,0.9792264260889686,344.9538888888889,-2.529854167947651e-05,1.9263198675758035e-06
x8n0,363.08464407551736,0.11129063780653566,5.3373412678603115e-06,0.11783866414658781,5.651375331251619e-06,0.9809143070037208,344.9538888888889,-2.529854167947651e-05,1.9263198675758035e-06
x8n0,364.02704429251355,0.11169055538433692,5.015710760312551e-06,0.11826211174348955,5.310820994380065e-06,0.9737832092501562,344.9538888888889,-2.529854167947651e-05,1.9263198675758035e-06
x8n0,366.5160873967072,0.10863461749857381,8.708034265790455e-06,0.11502637111632849,9.220390371086528e-06,0.9282032740325856,344.9538888888889,-2.529854167947651e-05,1.9263198675758035e-06
x8n0,368.18007585531706,0.11333390158922392,1.1280031304757786e-05,0.12000214779082433,1.1943716440865696e-05,0.9246055025517949,344.9538888888889,-2.529854167947651e-05,1.9263198675758035e-06
x8n0,371.68544326580457,0.1168833226830903,1.1156532166122675e-05,0.12376040678222325,1.1812950962233845e-05,0.9307339510289867,344.9538888888889,-2.529854167947651e-05,1.9263198675758035e-06
x8n0,373.3464261839788,0.11770745657100495,1.179638291952213e-05,0.12463303037701852,1.2490448724128707e-05,0.9665356777795019,344.9538888888889,-2.529854167947651e-05,1.9263198675758035e-06
x8n0,375.16917784702156,0.12050007507465264,9.154793548818822e-06,0.12758995865442624,9.69343570665795e-06,0.9386618030630713,344.9538888888889,-2.529854167947651e-05,1.9263198675758035e-06
x8n0,377.2567094594318,0.12020067516264443,1.004108439060679e-05,0.12727294289845595,1.0631873394679859e-05,0.9182332268980031,344.9538888888889,-2.529854167947651e-05,1.9263198675758035e-06
x8n0,378.88711932870757,0.12045706507600709,8.292801354701864e-06,0.1275444180691153,8.780726330006652e-06,0.9426758619404345,344.9538888888889,-2.529854167947651e-05,1.9263198675758035e-06
x8n0,381.4896036100481,0.12070950900178222,7.422151333310161e-06,0.12781171508143876,7.858849724012654e-06,0.9651082813323506,344.9538888888889,-2.529854167947651e-05,1.9263198675758035e-06
x8n0,382.89472758897176,0.11952306073455878,7.333501335630557e-06,0.1265554595540719,7.764983811218424e-06,0.9482599264442977,344.9538888888889,-2.529854167947651e-05,1.9263198675758035e-06
x8n0,384.8554019690032,0.11835174084642223,6.7266694700801165e-06,0.1253152225168264,7.122447675138823e-06,0.9450134477087084,344.9538888888889,-2.529854167947651e-05,1.9263198675758035e-06
x8n0,387.45473813295325,0.11678608038825196,6.457354335996651e-06,0.123657443025809,6.837286800330798e-06,0.9229311736196235,344.9538888888889,-2.529854167947651e-05,1.9263198675758035e-06
x8n0,388.6579878674961,0.1177873065769923,6.849444391497971e-06,0.12471757853150033,7.2524463256608225e-06,0.9396572291911248,344.9538888888889,-2.529854167947651e-05,1.9263198675758035e-06
x8n0,390.51186329951867,0.11839469393385707,8.054618332594653e-06,0.12536070284243198,8.528529292585569e-06,0.9303091636848178,344.9538888888889,-2.529854167947651e-05,1.9263198675758035e-06
x8n0,393.4152843600848,0.11714433526730851,1.0329475531521846e-05,0.12403677660861594,1.093723265460446e-05,0.9249388237447934,344.9538888888889,-2.529854167947651e-05,1.9263198675758035e-06
x8n0,395.6032317174904,0.11690266297676025,6.475240711095926e-06,0.1237808850040682,6.856225559148834e-06,0.9466617754543241,344.9538888888889,-2.529854167947651e-05,1.9263198675758035e-06
x8n0,397.33014050370946,0.11713279325243041,7.955156151861787e-06,0.12402455549422929,8.423215038469765e-06,0.9508399612199484,344.9538888888889,-2.529854167947651e-05,1.9263198675758035e-06
x8n0,398.9844405974033,0.11210569037933443,6.9117035751517555e-06,0.11870167210737252,7.318368663579064e-06,0.9522741136028589,344.9538888888889,-2.529854167947651e-05,1.9263198675758035e-06
x8n0,400.55113160988,0.10992059001820638,8.939149702445104e-06,0.1163880066216093,9.46510398631787e-06,0.9391691016093745,344.9538888888889,-2.529854167947651e-05,1.9263198675758035e-06
x8n0,402.210209219305,0.10897434758607816,1.0228730935889713e-05,0.11538608996124616,1.083056053192406e-05,0.9433964897618121,344.9538888888889,-2.529854167947651e-05,1.9263198675758035e-06
x8n0,404.4339707098193,0.1165021955154139,1.0458323083254817e-05,0.12335685517002894,1.1073661231832723e-05,0.9370126964762981,344.9538888888889,-2.529854167947651e-05,1.9263198675758035e-06
x8n0,407.2632778940489,0.12020505559850848,8.840132436179355e-06,0.12727758106677606,9.360260824177975e-06,0.9549885706328604,344.9538888888889,-2.529854167947651e-05,1.9263198675758035e-06
x8n0,409.71119383383376,0.11900221799371241,7.238234151482389e-06,0.12600397189957147,7.664111375420703e-06,0.9581320424047438,344.9538888888889,-2.529854167947651e-05,1.9263198675758035e-06
x8n0,410.720024156056,0.11710141422244398,6.170418579128597e-06,0.12399133021087486,6.533468555133933e-06,0.9574216073186089,344.9538888888889,-2.529854167947651e-05,1.9263198675758035e-06
x8n0,412.822420129718,0.11750518931810597,6.364206667532421e-06,0.12441886229107717,6.738658586524753e-06,0.9692559710816772,344.9538888888889,-2.529854167947651e-05,1.9263198675758035e-06
x8n0,415.01622503683063,0.11929485052967351,7.018677352077797e-06,0.1263138221062297,7.431636474961303e-06,0.9649225211654844,344.9538888888889,-2.529854167947651e-05,1.9263198675758035e-06
x8n0,416.4626919001703,0.120446963052063,8.339310608216755e-06,0.12753372167065616,8.829972056445717e-06,0.9535954628362331,344.9538888888889,-2.529854167947651e-05,1.9263198675758035e-06
x8n0,419.022913310112,0.1175599040787344,7.227080699440425e-06,0.12447679631345886,7.65230168580842e-06,0.9556799841199567,344.9538888888889,-2.529854167947651e-05,1.9263198675758035e-06
x8n0,421.4333075304201,0.1173825677213902,8.193666094969933e-06,0.12428902598644906,8.675758231998773e-06,0.9443026535407865,344.9538888888889,-2.529854167947651e-05,1.9263198675758035e-06
x8n0,422.7291696964792,0.11446599539463598,7.845805803758163e-06,0.12120085079358983,8.307430825184049e-06,0.9519734325017661,344.9538888888889,-2.529854167947651e-05,1.9263198675758035e-06
x8n0,425.40745003466145,0.11609609445826753,8.906169185475568e-06,0.12292686027534756,9.430182989016104e-06,0.9529962265738289,344.9538888888889,-2.529854167947651e-05,1.9263198675758035e-06
x8n0,426.93315387335707,0.115811388731637,1.0299792798420477e-05,0.12262540326905971,1.0905803473445794e-05,0.9265750371157476,344.9538888888889,-2.529854167947651e-05,1.9263198675758035e-06
x8n0,428.1436850803377,0.1208997814559866,1.2264146224063558e-05,0.1280131826286579,1.2985733898428591e-05,0.8974902029081541,344.9538888888889,-2.529854167947651e-05,1.9263198675758035e-06
x8n0,431.16352339273345,0.11766460321388203,1.5184644790025013e-05,0.12458765564957432,1.607806633930452e-05,0.8498085278217556,344.9538888888889,-2.529854167947651e-05,1.9263198675758035e-06
x8n0,434.127333065863,0.11666016629940591,9.268071868481832e-06,0.12352412050812654,9.813379002239237e-06,0.951753704317307,344.9538888888889,-2.529854167947651e-05,1.9263198675758035e-06
x8n0,435.26427800393384,0.11752518214735119,7.378154931297971e-06,0.12444003144184494,7.812264698151043e-06,0.9729544944094763,344.9538888888889,-2.529854167947651e-05,1.9263198675758035e-06
x8n0,436.2100361935848,0.118866758704179,8.317907461321387e-06,0.12586054256859205,8.807309608926386e-06,0.9696079382518707,344.9538888888889,-2.529854167947651e-05,1.9263198675758035e-06
x8n0,439.547445244006,0.11694386206617535,9.03000340317742e-06,0.12382450813137179,9.561303261819205e-06,0.9506538375447009,344.9538888888889,-2.529854167947651e-05,1.9263198675758035e-06
x8n0,441.63038887462113,0.11624671285290816,9.469403268448652e-06,0.12308634063030077,1.0026556172308966e-05,0.9650605799261855,344.9538888888889,-2.529854167947651e-05,1.9263198675758035e-06
x8n0,443.23788766921103,0.114646429936114,6.044312299648737e-06,0.12139190159312459,6.3999425388643915e-06,0.972733346750494,344.9538888888889,-2.529854167947651e-05,1.9263198675758035e-06
x8n0,445.56737334848475,0.11363367332685834,6.001203962338438e-06,0.12031955724958893,6.354297828919817e-06,0.9722153491401213,344.9538888888889,-2.529854167947651e-05,1.9263198675758035e-06
x8n0,446.24992049094976,0.11107745099153346,7.275823758275586e-06,0.11761293402239538,7.703912648354424e-06,0.955625467772596,344.9538888888889,-2.529854167947651e-05,1.9263198675758035e-06
x8n0,448.0940883594798,0.11091318663461419,1.1717323163733519e-05,0.11743900481534102,1.2406737315932084e-05,0.9294835466510872,344.9538888888889,-2.529854167947651e-05,1.9263198675758035e-06
x8n0,451.98505458439575,0.1174290828943881,1.2723695618051579e-05,0.12433827798065675,1.3472321878911368e-05,0.9107748825078666,344.9538888888889,-2.529854167947651e-05,1.9263198675758035e-06
x8n0,452.9423614544428,0.11893121526826227,1.1792029087124333e-05,0.1259287915745889,1.2485838724547552e-05,0.9437701463721917,344.9538888888889,-2.529854167947651e-05,1.9263198675758035e-06
x8n0,454.57264382987046,0.11579653599630184,1.076776387985894e-05,0.12260967664078877,1.1401308649647632e-05,0.9544449942598106,344.9538888888889,-2.529854167947651e-05,1.9263198675758035e-06
x8n0,458.52118787601546,0.1148025052595401,7.720172046790764e-06,0.12155715994711795,8.17440513331506e-06,0.9836980179848969,344.9538888888889,-2.529854167947651e-05,1.9263198675758035e-06
x8n0,458.96914597560885,0.11568035255176565,7.808216312636264e-06,0.12248665729100397,8.267629674727397e-06,0.9857605937158057,344.9538888888889,-2.529854167947651e-05,1.9263198675758035e-06
x8n0,459.59056299700643,0.11801864787906458,8.365010869841807e-06,0.12496253130143159,8.857184448770924e-06,0.9812604030685642,344.9538888888889,-2.529854167947651e-05,1.9263198675758035e-06
x8n0,464.33342207449533,0.1168033723369893,9.910497347006025e-06,0.1236757523838993,1.0493602978802498e-05,0.9613792542701822,344.9538888888889,-2.529854167947651e-05,1.9263198675758035e-06
x8n0,465.60027916016224,0.11510682307902159,6.0829248151012464e-06,0.1218793829663268,6.440826905509616e-06,0.9717849562942789,344.9538888888889,-2.529854167947651e-05,1.9263198675758035e-06
x8n0,466.20854302135075,0.11559108298537243,5.604394396533718e-06,0.1223921353558255,5.934141110649398e-06,0.9742509802035465,344.9538888888889,-2.529854167947651e-05,1.9263198675758035e-06
x8n0,469.1620585850365,0.11460082702895391,5.064247652837995e-06,0.12134361553989623,5.362213660373834e-06,0.9835080558811491,344.9538888888889,-2.529854167947651e-05,1.9263198675758035e-06
x8n0,471.2934984985089,0.1144018478800981,5.6120581093328674e-06,0.12113292902073947,5.9422557346326375e-06,0.9841096802970606,344.9538888888889,-2.529854167947651e-05,1.9263198675758035e-06
x8n0,472.07009481494754,0.1134296386123462,5.620189643994192e-06,0.12010351770959242,5.950865705793175e-06,0.9809331236580149,344.9538888888889,-2.529854167947651e-05,1.9263198675758035e-06
x8n0,474.52967707964956,0.11344373354472688,8.497123481528447e-06,0.12011844194792651,8.997070192845223e-06,0.9655157883285816,344.9538888888889,-2.529854167947651e-05,1.9263198675758035e-06
x8n0,476.08610653679364,0.11591864997107762,1.1356182008392605e-05,0.12273897545643778,1.2024347636508129e-05,0.9230370345327721,344.9538888888889,-2.529854167947651e-05,1.9263198675758035e-06
x8n0,478.11629157301917,0.11264932882364408,1.4419673874710263e-05,0.11927729670004975,1.5268086699072922e-05,0.9350276903836248,344.9538888888889,-2.529854167947651e-05,1.9263198675758035e-06
x8n0,480.99523770022523,0.11716810600687594,2.1280805189635717e-05,0.12406194595126334,2.253290757367893e-05,0.8680410880213701,344.9538888888889,-2.529854167947651e-05,1.9263198675758035e-06
x8n0,483.00084775093393,0.1159631242001437,1.9556047110530412e-05,0.12278606642334558,2.0706669607722478e-05,0.953292518818056,344.9538888888889,-2.529854167947651e-05,1.9263198675758035e-06
x8n0,485.68809058812656,0.1196986782015411,1.882387165023419e-05,0.12674140985607285,1.99314150143199e-05,0.9482298145446151,344.9538888888889,-2.529854167947651e-05,1.9263198675758035e-06
x8n0,488.24677647457514,0.11671666987953717,1.172659735798807e-05,0.12358394859909087,1.241655717754427e-05,0.9808865148281556,344.9538888888889,-2.529854167947651e-05,1.9263198675758035e-06
x8n0,489.53281664080544,0.11956200736316508,9.304611321074475e-06,0.12659669769214385,9.852068332869631e-06,0.9544718040475857,344.9538888888889,-2.529854167947651e-05,1.9263198675758035e-06
x8n0,490.46862161828125,0.12161066659973735,9.408329392791497e-06,0.1287658942435097,9.961888882557202e-06,0.9446606117314186,344.9538888888889,-2.529854167947651e-05,1.9263198675758035e-06
x8n0,493.57107170965753,0.1176421489023244,7.2038904282268085e-06,0.12456388018983724,7.627746964630884e-06,0.9373400328216447,344.9538888888889,-2.529854167947651e-05,1.9263198675758035e-06
x8n0,495.0755498766062,0.11556917508380957,7.786354328186591e-06,0.12236893845530175,8.244481392949902e-06,0.955113660754256,344.9538888888889,-2.529854167947651e-05,1.9263198675758035e-06
x8n0,496.71235279617144,0.11470461026447398,5.6202348553378026e-06,0.1214535050874407,5.950913577244363e-06,0.9736436076331966,344.9538888888889,-2.529854167947651e-05,1.9263198675758035e-06
x8n0,498.989282145364,0.11745788886628727,7.451871072053968e-06,0.12436877881446402,7.890318088121087e-06,0.9811262640080333,344.9538888888889,-2.529854167947651e-05,1.9263198675758035e-06
x8n0,500.02819020600435,0.11724462135647701,8.091806941081086e-06,0.12414296324760926,8.56790597360639e-06,0.9830412829135198,344.9538888888889,-2.529854167947651e-05,1.9263198675758035e-06
x8n0,502.7617879959708,0.11703340834753918,9.16778754516819e-06,0.12391932306264707,9.707194232998656e-06,0.981439882607579,344.9538888888889,-2.529854167947651e-05,1.9263198675758035e-06
x8n0,505.08187020361834,0.11738433328500662,9.504078141553955e-06,0.12429089543083473,1.0063271216868998e-05,0.9763097638317159,344.9538888888889,-2.529854167947651e-05,1.9263198675758035e-06
x8n0,507.5211673352971,0.11649504454657665,8.916055552088993e-06,0.123349283458412,9.440651041477215e-06,0.9875359908931473,344.9538888888889,-2.529854167947651e-05,1.9263198675758035e-06
x8n0,509.9408838900743,0.11454117162410625,7.401609020018709e-06,0.1212804501797642,7.837098759111604e-06,0.9858417691383727,344.9538888888889,-2.529854167947651e-05,1.9263198675758035e-06
x8n0,510.99933267297547,0.11354931668062022,6.934484328885506e-06,0.12023023729689114,7.34248977242655e-06,0.9785256082617705,344.9538888888889,-2.529854167947651e-05,1.9263198675758035e-06
x8n0,512.548614278193,0.111035383564192,7.347948971071193e-06,0.11756839146661796,7.78028150466287e-06,0.9724638623514091,344.9538888888889,-2.529854167947651e-05,1.9263198675758035e-06
x8n0,515.4857206237273,0.1133151310910596,7.277867049409612e-06,0.11998227288964086,7.706076160959272e-06,0.9516992620144117,344.9538888888889,-2.529854167947651e-05,1.9263198675758035e-06
x8n0,516.8805872401747,0.11269153329953509,7.221550491852931e-06,0.11932198436792572,7.646446096448815e-06,0.9577966975847871,344.9538888888889,-2.529854167947651e-05,1.9263198675758035e-06
x8n0,518.0785533428913,0.11445693922523266,9.087375307929132e-06,0.12119126178479445,9.622050767168571e-06,0.9545256081004193,344.9538888888889,-2.529854167947651e-05,1.9263198675758035e-06
x8n0,521.303985439556,0.11503945439984282,1.0770930110512171e-05,0.12180805050461924,1.1404661172356735e-05,0.968286583425246,344.9538888888889,-2.529854167947651e-05,1.9263198675758035e-06
x8n0,523.4763589551292,0.1152927539406878,9.802339538644498e-06,0.12207625347398314,1.0379081470924172e-05,0.9406763669873841,344.9538888888889,-2.529854167947651e-05,1.9263198675758035e-06
x8n0,525.4926694591187,0.11961425268970513,7.306923285844831e-06,0.12665201698592024,7.736841984160015e-06,0.945809883902969,344.9538888888889,-2.529854167947651e-05,1.9263198675758035e-06
x8n0,527.0481700044672,0.11774085103882972,7.589430944861366e-06,0.12466838968087296,8.035971594752769e-06,0.9266894416410939,344.9538888888889,-2.529854167947651e-05,1.9263198675758035e-06
x8n0,528.7859506109523,0.11638040167033223,7.552209426557841e-06,0.12322789531959974,7.996560067594303e-06,0.9341590858783697,344.9538888888889,-2.529854167947651e-05,1.9263198675758035e-06
x8n0,530.7384901344818,0.11089132554722898,9.082039715112747e-06,0.11741585748340873,9.616401243162733e-06,0.9450222248366915,344.9538888888889,-2.529854167947651e-05,1.9263198675758035e-06
x8n0,533.1934090714632,0.10690149300596986,7.0644687733978226e-06,0.11319127448076777,7.480122133989564e-06,0.9733788880679075,344.9538888888889,-2.529854167947651e-05,1.9263198675758035e-06
x8n0,534.476114457779,0.10922200171546687,9.888807605213291e-06,0.11564831535911191,1.0470637073952682e-05,0.9559634027349432,344.9538888888889,-2.529854167947651e-05,1.9263198675758035e-06
x8n0,536.5850180751478,0.10693424249382534,9.671470004805752e-06,0.11322595085585588,1.0240511943882259e-05,0.958014063570522,344.9538888888889,-2.529854167947651e-05,1.9263198675758035e-06
x8n0,539.0745336206501,0.11229578208338747,1.3281411847634601e-05,0.11890294826961267,1.4062852553928091e-05,0.9228674964252516,344.9538888888889,-2.529854167947651e-05,1.9263198675758035e-06
x8n0,541.320265576549,0.11211552472915658,8.385100965477288e-06,0.11871208508252147,8.878456588808234e-06,0.9587303696605436,344.9538888888889,-2.529854167947651e-05,1.9263198675758035e-06
x8n0,543.2371735782634,0.11521239533515554,1.012178236576703e-05,0.12199116679539779,1.071731941044219e-05,0.9487517824265301,344.9538888888889,-2.529854167947651e-05,1.9263198675758035e-06
x8n0,544.2944455971827,0.11416481170485382,9.017607194928472e-06,0.12088194630740685,9.548177695739888e-06,0.9642826466453214,344.9538888888889,-2.529854167947651e-05,1.9263198675758035e-06
x8n0,547.888718176426,0.11141129829514823,7.947368961897895e-06,0.117966423957059,8.414969672274668e-06,0.976711389341227,344.9538888888889,-2.529854167947651e-05,1.9263198675758035e-06
x8n0,549.2323597569826,0.11315004521042078,7.225216001105227e-06,0.11980747382273498,7.650327273897527e-06,0.9649305217097647,344.9538888888889,-2.529854167947651e-05,1.9263198675758035e-06
x8n0,550.9562855548263,0.11182320682588627,5.474720391453819e-06,0.11840256802065159,5.796837453896919e-06,0.9699813619692712,344.9538888888889,-2.529854167947651e-05,1.9263198675758035e-06
x8n0,552.9409486721216,0.11311173029586596,8.053473007348246e-06,0.1197669045669825,8.527316579641247e-06,0.9505129629569468,344.9538888888889,-2.529854167947651e-05,1.9263198675758035e-06
x8n0,553.6799139922919,0.1106605451345813,1.022586181564556e-05,0.1171714986040493,1.0827522600760123e-05,0.9484818402157037,344.9538888888889,-2.529854167947651e-05,1.9263198675758035e-06
x8n0,558.4425298437473,0.11401539962876933,9.427176729351652e-06,0.12072374324738153,9.98184514309037e-06,0.9616884927932174,344.9538888888889,-2.529854167947651e-05,1.9263198675758035e-06
x8n0,559.5176763699469,0.11312348625379982,8.047058589553129e-06,0.11977935221222914,8.520524755646413e-06,0.9781053277186817,344.9538888888889,-2.529854167947651e-05,1.9263198675758035e-06
x8n0,560.5255967407525,0.11356933905667493,6.2082705667122205e-06,0.1202514377329191,6.573547646601638e-06,0.9903063544927945,344.9538888888889,-2.529854167947651e-05,1.9263198675758035e-06
x8n0,563.0296122769751,0.11178529171416218,7.285134181849508e-06,0.11836242209099755,7.71377087091666e-06,0.975054379265301,344.9538888888889,-2.529854167947651e-05,1.9263198675758035e-06
x8n0,564.5486086547925,0.1112137814441025,8.238596488823512e-06,0.11775728577317932,8.7233322031399e-06,0.9645731410312136,344.9538888888889,-2.529854167947651e-05,1.9263198675758035e-06
x8n0,565.7683203717188,0.10853642857681536,1.0886813141372878e-05,0.11492240503614373,1.1527362432975098e-05,0.9567029354200981,344.9538888888889,-2.529854167947651e-05,1.9263198675758035e-06
x8n0,568.3298490735357,0.10747648682674148,1.1278101996453744e-05,0.1138000993115685,1.1941673617518144e-05,0.9570870599520994,344.9538888888889,-2.529854167947651e-05,1.9263198675758035e-06
x8n0,571.7172788514339,0.1114444312851273,1.1970817728960448e-05,0.11800150639845089,1.2675146784360946e-05,0.9691736893034478,344.9538888888889,-2.529854167947651e-05,1.9263198675758035e-06
x8n0,573.3728035086606,0.10844688824602614,9.376733489457719e-06,0.11482759640555804,9.928433965641102e-06,0.951787363162832,344.9538888888889,-2.529854167947651e-05,1.9263198675758035e-06
x8n0,574.0600453417611,0.10740874386530293,9.052620317223873e-06,0.11372837054589166,9.585250891115616e-06,0.9486434439991972,344.9538888888889,-2.529854167947651e-05,1.9263198675758035e-06
x8n0,575.6241875694769,0.10300816993090632,1.4166709099942838e-05,0.1090688792883338,1.5000238192475674e-05,0.9496333294220258,344.9538888888889,-2.529854167947651e-05,1.9263198675758035e-06
x8n0,578.5056452384348,0.10935138274616016,1.67102277493095e-05,0.11578530880369356,1.7693410284761943e-05,0.9431206230112021,344.9538888888889,-2.529854167947651e-05,1.9263198675758035e-06
x8n0,581.1510742149179,0.11535255076553913,1.625546064381727e-05,0.12213956857487183,1.721188596910322e-05,0.9569478922299193,344.9538888888889,-2.529854167947651e-05,1.9263198675758035e-06
x8n0,584.4429668587773,0.11296452702883877,1.1012530959715165e-05,0.11961104027609173,1.1660477132152502e-05,0.9725513035466682,344.9538888888889,-2.529854167947651e-05,1.9263198675758035e-06
x8n0,585.3071261641519,0.1137800365378451,9.046850832594747e-06,0.12047453205791797,9.57914194633005e-06,0.9760371460698687,344.9538888888889,-2.529854167947651e-05,1.9263198675758035e-06
x8n0,586.5702202823873,0.11281445130489554,6.96556710559227e-06,0.11945213452104478,7.375401371796291e-06,0.9815928974787705,344.9538888888889,-2.529854167947651e-05,1.9263198675758035e-06
x8n0,589.5314973315735,0.11360135095551732,7.238158478566088e-06,0.12028533312134289,7.66403125012405e-06,0.9839227406377904,344.9538888888889,-2.529854167947651e-05,1.9263198675758035e-06
x8n0,590.2637495240508,0.11214459611005259,8.761141007586996e-06,0.11874286694124024,9.276621763356568e-06,0.9846213461531044,344.9538888888889,-2.529854167947651e-05,1.9263198675758035e-06
x8n0,592.1406840262838,0.11279236195827243,1.0233943519333433e-05,0.11942874549974666,1.0836079809033679e-05,0.9790370645843317,344.9538888888889,-2.529854167947651e-05,1.9263198675758035e-06
x8n0,595.6415597678747,0.11224608666073428,1.4265460532578706e-05,0.11885032890885537,1.5104799880086823e-05,0.9573864465384379,344.9538888888889,-2.529854167947651e-05,1.9263198675758035e-06
x8n0,596.4630993689384,0.11650239253356637,1.2894419561471022e-05,0.12335706378017224,1.3653090736264466e-05,0.9318885610838098,344.9538888888889,-2.529854167947651e-05,1.9263198675758035e-06
x8n0,599.2242755644522,0.11592413374537859,1.4532822061588451e-05,0.12274478188050761,1.538789220522441e-05,0.9274921985368503,344.9538888888889,-2.529854167947651e-05,1.9263198675758035e-06
x8n0,602.1457778902592,0.113774753359757,1.3147806685618764e-05,0.12046893803257477,1.392138644208494e-05,0.9490891477706936,344.9538888888889,-2.529854167947651e-05,1.9263198675758035e-06
x8n0,603.7958906591457,0.1074853601922102,6.5055105461797604e-06,0.11380949476076284,6.888276385709979e-06,0.973911790846943,344.9538888888889,-2.529854167947651e-05,1.9263198675758035e-06
x8n0,604.5282599930048,0.10629227961822228,6.857704567002345e-06,0.11254621670046114,7.26119250652775e-06,0.9716785705372014,344.9538888888889,-2.529854167947651e-05,1.9263198675758035e-06
x8n0,605.2292688427535,0.10456336584598555,9.082687450020155e-06,0.11071557853214391,9.617087088959958e-06,0.9756142851697265,344.9538888888889,-2.529854167947651e-05,1.9263198675758035e-06
x8n0,610.0714637147282,0.11185263776370076,1.7505362840893652e-05,0.11843373059160092,1.853532887607447e-05,0.9448834630036049,344.9538888888889,-2.529854167947651e-05,1.9263198675758035e-06
x8n0,612.029329983132,0.11396700326012021,1.01552698249903e-05,0.12067249937329148,1.0752777177046002e-05,0.9742768553066892,344.9538888888889,-2.529854167947651e-05,1.9263198675758035e-06
x8n0,612.9041761430325,0.11386565150618926,8.09227044820037e-06,0.12056518436883533,8.568396752173533e-06,0.975170389612092,344.9538888888889,-2.529854167947651e-05,1.9263198675758035e-06
x8n0,614.1924754843153,0.11062989452851474,9.369351064612754e-06,0.1171390446030178,9.920617179799642e-06,0.9532362697801806,344.9538888888889,-2.529854167947651e-05,1.9263198675758035e-06
x8n0,616.7448753570754,0.1085509136484187,9.078244980077142e-06,0.11493774236838881,9.61238323665114e-06,0.9362620385574285,344.9538888888889,-2.529854167947651e-05,1.9263198675758035e-06
x8n0,619.1471884699437,0.10806671433278375,9.331268759815192e-06,0.11442505413459235,9.88029421990459e-06,0.9437880005959202,344.9538888888889,-2.529854167947651e-05,1.9263198675758035e-06
x8n0,620.5879455182285,0.11174514751977303,1.1216009804926106e-05,0.11831991592575944,1.1875928097070412e-05,0.9527933785000638,344.9538888888889,-2.529854167947651e-05,1.9263198675758035e-06
x8n0,622.8412944246384,0.11449046012439237,1.1094451200447136e-05,0.12122675495884597,1.1747217328135595e-05,0.9565334260412888,344.9538888888889,-2.529854167947651e-05,1.9263198675758035e-06
x8n0,626.2310772024641,0.11287817674397403,8.37171461568249e-06,0.1195196093847096,8.86428262405515e-06,0.961068114364022,344.9538888888889,-2.529854167947651e-05,1.9263198675758035e-06
x8n0,626.8977680834612,0.11251256914167222,7.7131277684427e-06,0.11913249046521902,8.166946389553924e-06,0.9648476702362124,344.9538888888889,-2.529854167947651e-05,1.9263198675758035e-06
x8n0,628.0612388410619,0.11169470316438111,8.108435661450347e-06,0.11826650356717944,8.585513080847408e-06,0.9730537386810243,344.9538888888889,-2.529854167947651e-05,1.9263198675758035e-06
x8n0,631.2952068409261,0.11355953575384353,9.3039815215038e-06,0.120241057631478,9.851401477673624e-06,0.9654374228293414,344.9538888888889,-2.529854167947651e-05,1.9263198675758035e-06
x8n0,632.8175209502716,0.11469862845000656,9.304182263398014e-06,0.12144717131992973,9.851614030653088e-06,0.9610854906851771,344.9538888888889,-2.529854167947651e-05,1.9263198675758035e-06
x8n0,635.8366834444373,0.11494302917016126,9.616927959700943e-06,0.1217059518871645,1.0182760799117089e-05,0.9749047187916572,344.9538888888889,-2.529854167947651e-05,1.9263198675758035e-06
x8n0,637.5291744528135,0.11183563998908348,9.80455041856769e-06,0.11841573271600381,1.0381422432768513e-05,0.9645838873142303,344.9538888888889,-2.529854167947651e-05,1.9263198675758035e-06
x8n0,639.1619375073296,0.11101710442436645,7.801073731056405e-06,0.11754903683390809,8.260066843850358e-06,0.9754462008090631,344.9538888888889,-2.529854167947651e-05,1.9263198675758035e-06
x8n0,641.184732516544,0.10800951929448502,9.198882387451522e-06,0.11436449390201776,9.740118607849362e-06,0.9731471849548083,344.9538888888889,-2.529854167947651e-05,1.9263198675758035e-06
x8n0,642.8808318333458,0.11077262568942078,8.94302782018625e-06,0.11729017366171275,9.469210281537548e-06,0.9860008564832877,344.9538888888889,-2.529854167947651e-05,1.9263198675758035e-06
x8n0,644.9030654602312,0.11187139323685093,9.74045196280191e-06,0.11845358958374087,1.0313552605169638e-05,0.9792632124395607,344.9538888888889,-2.529854167947651e-05,1.9263198675758035e-06
x8n0,646.3907705989628,0.11293425030230027,9.596655831996116e-06,0.11957898215260221,1.0161295916758353e-05,0.9809883621633275,344.9538888888889,-2.529854167947651e-05,1.9263198675758035e-06
x8n0,648.1592181314219,0.1123589882276051,1.2289111168655731e-05,0.11896987328457583,1.3012167709746567e-05,0.9642861410588285,344.9538888888889,-2.529854167947651e-05,1.9263198675758035e-06
x8n0,650.1699629157794,0.10949707799563209,1.7448404664161154e-05,0.11593957634954158,1.8475019441330726e-05,0.9386464980299297,344.9538888888889,-2.529854167947651e-05,1.9263198675758035e-06
x8n0,651.9995394925116,0.11051860418234911,1.8930706933001565e-05,0.11702120624767146,2.004453618293891e-05,0.8983074427344491,344.9538888888889,-2.529854167947651e-05,1.9263198675758035e-06
x8n0,656.2097357643516,0.11613338496867091,1.710371916886894e-05,0.1229663448539059,1.8110053626447468e-05,0.9329363662196581,344.9538888888889,-2.529854167947651e-05,1.9263198675758035e-06
x8n0,657.6791210370985,0.11374769129478252,1.135082267077854e-05,0.12044028371224295,1.2018672970627879e-05,0.9712837626864026,344.9538888888889,-2.529854167947651e-05,1.9263198675758035e-06
x8n0,659.1017618364294,0.11160937659218831,9.074931808173027e-06,0.11817615662082727,9.608875127083582e-06,0.9839607905372662,344.9538888888889,-2.529854167947651e-05,1.9263198675758035e-06
x8n0,660.3516551454621,0.11036250003706155,1.303983143669199e-05,0.11685591737601984,1.3807058234922137e-05,0.9623411887490466,344.9538888888889,-2.529854167947651e-05,1.9263198675758035e-06
x8n0,661.7951262293286,0.11223565352083095,1.6765538597519983e-05,0.11883928191251054,1.7751975466832946e-05,0.9497765733342134,344.9538888888889,-2.529854167947651e-05,1.9263198675758035e-06
x8n0,666.0782324082211,0.11718178012402947,1.8471890260625683e-05,0.1240764246147926,1.9558724035335408e-05,0.9469967100303869,344.9538888888889,-2.529854167947651e-05,1.9263198675758035e-06
x8n0,667.3978772237098,0.11214889238934121,1.1803646503853138e-05,0.11874741600145007,1.2498139677216512e-05,0.9671109130384955,344.9538888888889,-2.529854167947651e-05,1.9263198675758035e-06
x8n0,668.6696978361546,0.11320019627883555,1.063597339403797e-05,0.11986057563816166,1.1261763984413799e-05,0.9644387484092576,344.9538888888889,-2.529854167947651e-05,1.9263198675758035e-06
x8n0,670.136709432962,0.11249902508569001,1.271168421523301e-05,0.11911814951529252,1.3459603759125522e-05,0.9503143813707581,344.9538888888889,-2.529854167947651e-05,1.9263198675758035e-06
x8n0,673.4461576953929,0.11448479451455283,1.5284163702996418e-05,0.1212207560005488,1.6183440663623312e-05,0.9553458889154831,344.9538888888889,-2.529854167947651e-05,1.9263198675758035e-06
x8n0,675.746426286852,0.11142976332158581,1.136960189141154e-05,0.11798597541342334,1.2038557107485409e-05,0.966254819692519,344.9538888888889,-2.529854167947651e-05,1.9263198675758035e-06
x8n0,676.2339357903282,0.1104677542003866,1.2859061821468326e-05,0.11696736439660078,1.3615652646850303e-05,0.9747040924246237,344.9538888888889,-2.529854167947651e-05,1.9263198675758035e-06
x8n0,678.2236256239097,0.11032349634096014,1.434923726602072e-05,0.11681461881276281,1.519350579955988e-05,0.9758342690867153,344.9538888888889,-2.529854167947651e-05,1.9263198675758035e-06
x8n0,681.207931465795,0.11065333323582911,2.5008839277171756e-05,0.11716386237757356,2.6480288642083515e-05,0.9466338434731039,344.9538888888889,-2.529854167947651e-05,1.9263198675758035e-06
x8n0,683.6137264805664,0.10883383972959669,1.656125145828621e-05,0.11523731501991946,1.7535668650158182e-05,0.9787207226384042,344.9538888888889,-2.529854167947651e-05,1.9263198675758035e-06
x8n0,685.399379294531,0.10631795236801675,2.249259582044115e-05,0.11257339996223747,2.3815996537619414e-05,0.9473563131422398,344.9538888888889,-2.529854167947651e-05,1.9263198675758035e-06
x8n0,687.0238084489577,0.10933568236549343,1.4105104556712485e-05,0.11576868465703732,1.493500901217171e-05,0.9486075237824977,344.9538888888889,-2.529854167947651e-05,1.9263198675758035e-06
x8n0,688.8248734779884,0.11055979182905795,1.9927656725192928e-05,0.1170648172590123,2.110014368100421e-05,0.9218156903099471,344.9538888888889,-2.529854167947651e-05,1.9263198675758035e-06
x8n0,689.8877820525772,0.11286439246528489,1.875401188580763e-05,0.11950501407805157,1.9857444898954652e-05,0.9508302134683441,344.9538888888889,-2.529854167947651e-05,1.9263198675758035e-06
x8n0,693.1541697098834,0.11042058096998576,1.823741847979212e-05,0.11691741562675387,1.9310456598127173e-05,0.9710606153626403,344.9538888888889,-2.529854167947651e-05,1.9263198675758035e-06
x8n0,694.790342398525,0.1087359897516129,2.0243791764318777e-05,0.11513370782600234,2.1434879211635982e-05,0.9559709296492227,344.9538888888889,-2.529854167947651e-05,1.9263198675758035e-06
x8n0,697.0623696005841,0.10639764097365767,1.9367575027611884e-05,0.11265777722003299,2.050710836054325e-05,0.9537778229784886,344.9538888888889,-2.529854167947651e-05,1.9263198675758035e-06
x8n0,699.7308556455072,0.10506719440977329,1.4668020112568131e-05,0.11124905094353263,1.553104492711251e-05,0.9560496375068216,344.9538888888889,-2.529854167947651e-05,1.9263198675758035e-06
x8n0,700.373436517481,0.10625415708226713,1.3857646957184624e-05,0.11250585114232099,1.4672991707427935e-05,0.9683131067214414,344.9538888888889,-2.529854167947651e-05,1.9263198675758035e-06
x8n0,702.3963335537276,0.10805058249222227,1.4868816107193254e-05,0.11440797314216156,1.5743655190104642e-05,0.9834265720677019,344.9538888888889,-2.529854167947651e-05,1.9263198675758035e-06
x8n0,705.005406657133,0.1108538750972026,2.0705487983578946e-05,0.11737620355483236,2.192374033051757e-05,0.9746538397816711,344.9538888888889,-2.529854167947651e-05,1.9263198675758035e-06
x8n0,706.494138287856,0.11104921364355806,2.0629177513847966e-05,0.11758303526873518,2.184293996859378e-05,0.969987541604998,344.9538888888889,-2.529854167947651e-05,1.9263198675758035e-06
x8n0,709.0945654401438,0.11009575070315397,1.990209577117186e-05,0.11657347326581262,2.1073078792748367e-05,0.9665456756228412,344.9538888888889,-2.529854167947651e-05,1.9263198675758035e-06
x8n0,710.4089136450482,0.10957173424608115,2.372739956492212e-05,0.1160186251625999,2.51234526417509e-05,0.9621909254202813,344.9538888888889,-2.529854167947651e-05,1.9263198675758035e-06
x8n0,713.2951525065456,0.10547556067109468,2.1867416471839016e-05,0.1116814443205955,2.3154033404481694e-05,0.9703568104080549,344.9538888888889,-2.529854167947651e-05,1.9263198675758035e-06
x8n0,715.8163317443505,0.10535800218898624,1.8728301471323322e-05,0.11155696902991705,1.983022175640467e-05,0.9720695161469796,344.9538888888889,-2.529854167947651e-05,1.9263198675758035e-06
x8n0,717.4590836833623,0.10656170219924026,1.3663582737296581e-05,0.1128314913440774,1.4467509297757409e-05,0.9842510091453025,344.9538888888889,-2.529854167947651e-05,1.9263198675758035e-06
x8n0,718.7469253801142,0.10968653116932586,1.4888111351128119e-05,0.11614017641210224,1.5764085711615533e-05,0.9855884005797023,344.9538888888889,-2.529854167947651e-05,1.9263198675758035e-06
x8n0,720.7464466607977,0.10839146309181477,1.4793474216061744e-05,0.11476891019204437,1.5663880395205468e-05,0.9758280945172517,344.9538888888889,-2.529854167947651e-05,1.9263198675758035e-06
x8n0,723.0674449919113,0.10807777143621541,1.8145426609217323e-05,0.11443676180671462,1.9213052186089167e-05,0.9694211013765142,344.9538888888889,-2.529854167947651e-05,1.9263198675758035e-06
x8n0,724.5065338299285,0.10598308854204037,1.7934556730904502e-05,0.11221883369591176,1.8989775320587395e-05,0.9634301877716359,344.9538888888889,-2.529854167947651e-05,1.9263198675758035e-06
x8n0,727.1671350010434,0.10780371365341969,1.8669659811037892e-05,0.1141465792391588,1.9768129786697517e-05,0.965627654475576,344.9538888888889,-2.529854167947651e-05,1.9263198675758035e-06
x8n0,728.8677320586446,0.10942173246555026,2.4461580606277454e-05,0.11585979770158655,2.590083081892928e-05,0.9467492021541691,344.9538888888889,-2.529854167947651e-05,1.9263198675758035e-06
x8n0,731.4813482523082,0.10925607824552386,1.8548890816679332e-05,0.1156843968558111,1.9640255086309163e-05,0.9754506613968649,344.9538888888889,-2.529854167947651e-05,1.9263198675758035e-06
x8n0,733.5195119888149,0.10722840659515895,1.5590673392827453e-05,0.1135374227408611,1.6507984516633314e-05,0.9648539653514261,344.9538888888889,-2.529854167947651e-05,1.9263198675758035e-06
x8n0,734.0985504675429,0.1053131514479339,1.6112151126503304e-05,0.11150947939812268,1.706014452514522e-05,0.9652156676148383,344.9538888888889,-2.529854167947651e-05,1.9263198675758035e-06
x8n0,736.7365004001629,0.10463222593472907,1.9103758208483702e-05,0.11078849015373653,2.022776930599035e-05,0.9626916601400374,344.9538888888889,-2.529854167947651e-05,1.9263198675758035e-06
x8n0,739.7350445048339,0.10290349428887818,1.8756905628955415e-05,0.10895804482760651,1.9860508901764224e-05,0.9636314635704705,344.9538888888889,-2.529854167947651e-05,1.9263198675758035e-06
x8n0,740.6424761484034,0.10606701812561868,1.7080481412786397e-05,0.11230770145879078,1.8085448626525632e-05,0.9688082891617654,344.9538888888889,-2.529854167947651e-05,1.9263198675758035e-06
x8n0,742.6027487636999,0.10545733744203055,1.6188492423067855e-05,0.1116621488882781,1.7140977527666277e-05,0.9733140395326069,344.9538888888889,-2.529854167947651e-05,1.9263198675758035e-06
x8n0,744.26837762838,0.10939003477555678,2.7627810287379384e-05,0.11582623500917161,2.925335249870365e-05,0.9753983959340773,344.9538888888889,-2.529854167947651e-05,1.9263198675758035e-06
x8n0,746.3702328338096,0.10620278833808042,2.4773522939797034e-05,0.11245146000652417,2.6231126957016087e-05,0.9756103142836721,344.9538888888889,-2.529854167947651e-05,1.9263198675758035e-06
x8n0,750.099155420958,0.10633381540124301,2.225024802160024e-05,0.11259019633146976,2.3559389679781803e-05,0.963042887691797,344.9538888888889,-2.529854167947651e-05,1.9263198675758035e-06
x8n0,750.9757318314704,0.10475637791634469,1.6945520977757355e-05,0.11091994688678329,1.794254750123861e-05,0.9593402033574913,344.9538888888889,-2.529854167947651e-05,1.9263198675758035e-06
x8n0,752.8501357633246,0.10600135673573495,1.581280529610027e-05,0.11223817673845124,1.67431860327888e-05,0.9558065588745359,344.9538888888889,-2.529854167947651e-05,1.9263198675758035e-06
x8n0,755.5095756381088,0.10795271011017415,1.7076688184210854e-05,0.11430434222598831,1.808143221510995e-05,0.9661897414526877,344.9538888888889,-2.529854167947651e-05,1.9263198675758035e-06
x8n0,757.4653569895002,0.1083938022712282,1.504898503673375e-05,0.11477138700215807,1.5934424749846765e-05,0.9819938239178199,344.9538888888889,-2.529854167947651e-05,1.9263198675758035e-06
x8n0,758.4421851117413,0.10885597427635361,1.7288418624849237e-05,0.11526075190079943,1.8305620275990396e-05,0.9901465920372263,344.9538888888889,-2.529854167947651e-05,1.9263198675758035e-06
x8n0,760.2102734551052,0.1080233152249525,1.9468457193330555e-05,0.1143791015460118,2.0613926147544957e-05,0.9883671525483241,344.9538888888889,-2.529854167947651e-05,1.9263198675758035e-06
x8n0,763.048903842954,0.10858443980132078,2.2888170250106586e-05,0.11497324110529804,2.4234845447833726e-05,0.9821699670986206,344.9538888888889,-2.529854167947651e-05,1.9263198675758035e-06
x8n0,764.2966846018722,0.1083304271259038,2.2061958036414222e-05,0.11470428304254103,2.3360021244450596e-05,0.9817567301488056,344.9538888888889,-2.529854167947651e-05,1.9263198675758035e-06
x8n0,767.1085444216808,0.10539449602914229,2.8661897025211762e-05,0.11159561006440409,3.0348281975248657e-05,0.9816722830138915,344.9538888888889,-2.529854167947651e-05,1.9263198675758035e-06
x8n0,768.9556887117,0.10657437035175996,2.96501497038785e-05,0.11284490485485914,3.139468064622956e-05,0.9819265706976443,344.9538888888889,-2.529854167947651e-05,1.9263198675758035e-06
x8n0,770.4179662690176,0.10657907197743155,2.8288418317188083e-05,0.11284988311088659,2.9952828836439173e-05,0.9780326250837192,344.9538888888889,-2.529854167947651e-05,1.9263198675758035e-06
x8n0,773.3416833121757,0.10838364323854109,2.4820384400968406e-05,0.11476063024072272,2.6280745614013913e-05,0.9700818639286378,344.9538888888889,-2.529854167947651e-05,1.9263198675758035e-06
x8n0,774.8922196553233,0.10851054448341965,2.6650588959229267e-05,0.11489499799590645,2.8218634231701307e-05,0.9618368134577402,344.9538888888889,-2.529854167947651e-05,1.9263198675758035e-06
x8n0,777.0301536543411,0.10855831206912435,2.455295450087331e-05,0.11494557609124213,2.59975808950297e-05,0.9708280804641021,344.9538888888889,-2.529854167947651e-05,1.9263198675758035e-06
x8n0,778.9338114664691,0.10891718871444864,2.3998718099478792e-05,0.11532556802328531,2.5410734791449307e-05,0.9743757821328527,344.9538888888889,-2.529854167947651e-05,1.9263198675758035e-06
x8n0,780.5574409967525,0.10767932526948745,2.442412939578687e-05,0.1140148721945518,2.5861176085145158e-05,0.9618998941739273,344.9538888888889,-2.529854167947651e-05,1.9263198675758035e-06
x8n0,783.2283723983538,0.10574019203724963,2.5816037275954545e-05,0.11196164584781826,2.7334979887933997e-05,0.9580016108865786,344.9538888888889,-2.529854167947651e-05,1.9263198675758035e-06
x8n0,784.6995437185425,0.10488248281540036,2.609240400450045e-05,0.11105347144140837,2.7627607253077014e-05,0.9612544519650974,344.9538888888889,-2.529854167947651e-05,1.9263198675758035e-06
x8n0,787.9123127977692,0.10568708901661392,2.0525708282183386e-05,0.1119054183956516,2.173338290000349e-05,0.987957277848749,344.9538888888889,-2.529854167947651e-05,1.9263198675758035e-06
x8n0,788.919854293648,0.10655148852047272,2.358608834333713e-05,0.11282067672134084,2.4973827067590348e-05,0.9873904047364577,344.9538888888889,-2.529854167947651e-05,1.9263198675758035e-06
x8n0,790.7439060979234,0.10561499974259239,1.600978754934134e-05,0.11182908759265307,1.695175816464111e-05,0.9812095283917742,344.9538888888889,-2.529854167947651e-05,1.9263198675758035e-06
x8n0,793.8465341926392,0.1049035585003652,1.3109841768896235e-05,0.11107578716006343,1.388118777704722e-05,0.9834429017270873,344.9538888888889,-2.529854167947651e-05,1.9263198675758035e-06
x8n0,794.4231078162255,0.10482238566422354,1.2265223152788176e-05,0.11098983834384267,1.2986874190593245e-05,0.9817890758170045,344.9538888888889,-2.529854167947651e-05,1.9263198675758035e-06
x8n0,796.792648943903,0.1047444930788773,1.4633443615496656e-05,0.11090736277909588,1.5494434046753876e-05,0.9675417036664962,344.9538888888889,-2.529854167947651e-05,1.9263198675758035e-06
x8n0,799.7878402193928,0.10375220884909625,1.555944058487508e-05,0.10985669535193644,1.647491405860384e-05,0.9666900433029714,344.9538888888889,-2.529854167947651e-05,1.9263198675758035e-06
x8n0,800.7041500358848,0.10439203365524062,1.3109165322351143e-05,0.11053416563991314,1.3880471530300763e-05,0.9729878803269844,344.9538888888889,-2.529854167947651e-05,1.9263198675758035e-06
x8n0,801.5136878990069,0.10451640510408519,1.6342327653887736e-05,0.11066585475301982,1.730386398834062e-05,0.9831947515500364,344.9538888888889,-2.529854167947651e-05,1.9263198675758035e-06
x8n0,803.7615845810128,0.1075424037889666,2.5543103967659e-05,0.11386989464140308,2.7045987955777354e-05,0.9833999613928904,344.9538888888889,-2.529854167947651e-05,1.9263198675758035e-06
x8n0,807.7928961697863,0.10671295614246892,2.426219209115093e-05,0.1129916446414999,2.5689710847548346e-05,0.981287502380355,344.9538888888889,-2.529854167947651e-05,1.9263198675758035e-06
x8n0,809.083936354458,0.10597684044457828,2.387449488027141e-05,0.1122122179780679,2.5279202629392394e-05,0.9658208683538315,344.9538888888889,-2.529854167947651e-05,1.9263198675758035e-06
x8n0,810.179206894222,0.10517907244495135,2.482730893295316e-05,0.1113675115658506,2.628807756587443e-05,0.9546463848595811,344.9538888888889,-2.529854167947651e-05,1.9263198675758035e-06
x8n0,813.6934759126791,0.10307808294040197,4.287163857314549e-05,0.10914290578155739,4.539408452323661e-05,0.9431283970116394,344.9538888888889,-2.529854167947651e-05,1.9263198675758035e-06
x8n0,816.233150041065,0.1077330143813442,2.0536460959819788e-05,0.11407172022188913,2.174476823477779e-05,0.9802760133632216,344.9538888888889,-2.529854167947651e-05,1.9263198675758035e-06
x8n0,817.4676155823499,0.10596792408855137,1.4072555283006654e-05,0.1122027770088725,1.4900544631267502e-05,0.9921693413382645,344.9538888888889,-2.529854167947651e-05,1.9263198675758035e-06
x8n0,818.1261258872115,0.10603909591635094,1.5696229277232054e-05,0.11227813638570844,1.6619751010708698e-05,0.9868334873801562,344.9538888888889,-2.529854167947651e-05,1.9263198675758035e-06
x8n0,819.5511958222995,0.10359131437015205,2.9958663545083568e-05,0.10968633429694542,3.172134656921165e-05,0.9715407935795917,344.9538888888889,-2.529854167947651e-05,1.9263198675758035e-06
x8n0,823.5265092106293,0.10380474699230599,4.48911786453938e-05,0.10991232469088714,4.7532448621014007e-05,0.9338665383059455,344.9538888888889,-2.529854167947651e-05,1.9263198675758035e-06
x8n0,826.6538581456806,0.10104330144872475,2.944762781810312e-05,0.10698840350234265,3.1180242945533614e-05,0.9588406605204778,344.9538888888889,-2.529854167947651e-05,1.9263198675758035e-06
x8n0,826.8947702703034,0.10096538483492626,2.9700629374165452e-05,0.10690590249537742,3.1448130397533125e-05,0.9432775272411118,344.9538888888889,-2.529854167947651e-05,1.9263198675758035e-06
x8n0,827.5349766461209,0.10146002430244265,3.156363414400668e-05,0.10742964515006179,3.342074909847401e-05,0.9388898164292856,344.9538888888889,-2.529854167947651e-05,1.9263198675758035e-06
x8n0,832.2491303086912,0.1046136346076806,3.609409118789945e-05,0.11076880496559058,3.821776542031301e-05,0.9316013542181609,344.9538888888889,-2.529854167947651e-05,1.9263198675758035e-06
x8n0,833.1007441923373,0.10116554309555716,2.826500924787654e-05,0.10711783750191096,2.992804244370251e-05,0.9578228213512746,344.9538888888889,-2.529854167947651e-05,1.9263198675758035e-06
x8n0,833.798927938007,0.1014872695621919,2.7814456317864088e-05,0.10745849344383074,2.9450980253688887e-05,0.9531991313885971,344.9538888888889,-2.529854167947651e-05,1.9263198675758035e-06
x8n0,836.76775908719,0.10300381737165207,3.6059913040947896e-05,0.10906427063680435,3.818157632786861e-05,0.9266386264040783,344.9538888888889,-2.529854167947651e-05,1.9263198675758035e-06
x8n0,839.5359786842404,0.10614441437043674,2.5950322679879433e-05,0.11238965147973663,2.7477166265196043e-05,0.9595579483217137,344.9538888888889,-2.529854167947651e-05,1.9263198675758035e-06
x8n0,840.7800642337427,0.10504166032851862,2.6544474387746972e-05,0.11122201450916076,2.8106276178980837e-05,0.974328944497694,344.9538888888889,-2.529854167947651e-05,1.9263198675758035e-06
x8n0,843.9939140574238,0.10698241444584176,2.6486275581135762e-05,0.11327695710927331,2.8044653119205475e-05,0.9850454258433508,344.9538888888889,-2.529854167947651e-05,1.9263198675758035e-06
x8n0,846.1573637287858,0.10243668537400778,1.672309337432231e-05,0.10846377019656638,1.770703288675975e-05,0.985673225832192,344.9538888888889,-2.529854167947651e-05,1.9263198675758035e-06
x8n0,846.6754794972906,0.10180821769011907,1.510851493566903e-05,0.10779832525179497,1.599745721965352e-05,0.9849055659349456,344.9538888888889,-2.529854167947651e-05,1.9263198675758035e-06
x8n0,847.6635382906251,0.0995141075772837,1.769279529485498e-05,0.10536923618887091,1.8733789325469273e-05,0.9772863987376829,344.9538888888889,-2.529854167947651e-05,1.9263198675758035e-06
x8n0,850.6084365995819,0.10172272799691721,2.6266118307637933e-05,0.10770780558685494,2.7811542414455648e-05,0.9535488063442807,344.9538888888889,-2.529854167947651e-05,1.9263198675758035e-06
x8n0,852.7698562265871,0.1059698383006961,2.6995063749869392e-05,0.11220480384784544,2.8583376944666728e-05,0.9556365805176108,344.9538888888889,-2.529854167947651e-05,1.9263198675758035e-06
x8n0,855.260391278732,0.10733888307501675,2.384741625486594e-05,0.11365439934430811,2.5250530774260668e-05,0.9769273902256624,344.9538888888889,-2.529854167947651e-05,1.9263198675758035e-06
x8n0,856.5459880433128,0.10574236761676228,2.8328705395100215e-05,0.11196394943227575,2.9995486292062604e-05,0.9765390674358404,344.9538888888889,-2.529854167947651e-05,1.9263198675758035e-06
x8n0,858.3155596883915,0.10345303374999627,3.4688006073498045e-05,0.10953991763623003,3.6728950234928806e-05,0.9560623437528929,344.9538888888889,-2.529854167947651e-05,1.9263198675758035e-06
x8n0,861.742487555055,0.10499093803382699,4.4763982645072704e-05,0.11116830785811879,4.739776876781123e-05,0.9357201896532393,344.9538888888889,-2.529854167947651e-05,1.9263198675758035e-06
x8n0,863.4676731168917,0.10813550244464364,4.208646451289532e-05,0.11449788954438507,4.456271304216671e-05,0.9466460931475674,344.9538888888889,-2.529854167947651e-05,1.9263198675758035e-06
x11n2,12.713577882138505,-0.029305091564067104,1.2059703557913159e-05,-0.03103829828542981,1.2772957062633347e-05,0.9154732229898437,344.8541087962963,-8.6117934774471e-05,8.343105604624484e-07
x11n2,14.638636633370563,-0.027709914199032362,8.13128306331933e-06,-0.029348776491380082,8.612195891311596e-06,0.9452506140392026,344.8541087962963,-8.6117934774471e-05,8.343105604624484e-07
x11n2,17.87655011791993,-0.026260719901479997,9.08249798550342e-06,-0.027813871719537368,9.619669026952747e-06,0.9678941292633668,344.8541087962963,-8.6117934774471e-05,8.343105604624484e-07
x11n2,18.80257019262531,-0.026402872837192025,8.065828407346211e-06,-0.027964432082439955,8.542870015573508e-06,0.986477128828506,344.8541087962963,-8.6117934774471e-05,8.343105604624484e-07
x11n2,20.080556041054415,-0.02621591664717036,1.1757636054147478e-05,-0.02776641864236884,1.245302421875476e-05,0.964724630829252,344.8541087962963,-8.6117934774471e-05,8.343105604624484e-07
x11n2,22.13372495604574,-0.029220197547834118,1.7829432368337644e-05,-0.03094838333693948,1.8883928033410934e-05,0.939716590233013,344.8541087962963,-8.6117934774471e-05,8.343105604624484e-07
x11n2,25.3711014031228,-0.04258283738050116,1.0145979865769133e-05,-0.04510133693206293,1.0746048985489064e-05,0.9513719774185228,344.8541087962963,-8.6117934774471e-05,8.343105604624484e-07
x11n2,26.54907887466447,-0.044745449254943975,9.532842555884277e-06,-0.04739185331853529,1.009664856739015e-05,0.9584834336141079,344.8541087962963,-8.6117934774471e-05,8.343105604624484e-07
x11n2,28.70264748849788,-0.04444032013952011,8.591548453367409e-06,-0.047068677788460925,9.099683003765762e-06,0.9508993151829752,344.8541087962963,-8.6117934774471e-05,8.343105604624484e-07
x11n2,31.32033738017333,-0.0429171568809136,5.700106909591051e-06,-0.04545542926969482,6.03723138458512e-06,0.9581942972578941,344.8541087962963,-8.6117934774471e-05,8.343105604624484e-07
x11n2,32.93216427867115,-0.03947358454213057,5.833820316101476e-06,-0.041808191888267954,6.1788530746917075e-06,0.9619627076210765,344.8541087962963,-8.6117934774471e-05,8.343105604624484e-07
x11n2,34.70232056747137,-0.04212420385906647,6.11131857381727e-06,-0.044615578202701324,6.472763560446031e-06,0.9524859735371102,344.8541087962963,-8.6117934774471e-05,8.343105604624484e-07
x11n2,37.510691229888856,-0.04143955843828696,8.24913387304256e-06,-0.04389044043121712,8.737016814575805e-06,0.9426468604090198,344.8541087962963,-8.6117934774471e-05,8.343105604624484e-07
x11n2,39.76596320993586,-0.04065097861514076,6.4687369985381515e-06,-0.043055221209356884,6.851320974434725e-06,0.9616084550983414,344.8541087962963,-8.6117934774471e-05,8.343105604624484e-07
x11n2,41.91171877707064,-0.04054320252289749,8.826995116763712e-06,-0.04294107085798291,9.349054815241835e-06,0.9753195429682273,344.8541087962963,-8.6117934774471e-05,8.343105604624484e-07
x11n2,43.4531501142296,-0.044298412414159744,6.531843561695674e-06,-0.04691837713851712,6.918159882846574e-06,0.9800329835512764,344.8541087962963,-8.6117934774471e-05,8.343105604624484e-07
x11n2,45.347021894434604,-0.04781425403573914,5.674011018648957e-06,-0.05064215806362833,6.0095920903923685e-06,0.9826202618756366,344.8541087962963,-8.6117934774471e-05,8.343105604624484e-07
x11n2,46.68400699844238,-0.0525669197856806,5.630523459947102e-06,-0.05567591326876499,5.963532523721422e-06,0.9767933942796292,344.8541087962963,-8.6117934774471e-05,8.343105604624484e-07
x11n2,49.10828784401268,-0.05130038662465871,5.463405701861328e-06,-0.054334472858853844,5.786530830588386e-06,0.9620481602901525,344.8541087962963,-8.6117934774471e-05,8.343105604624484e-07
x11n2,50.87932572485801,-0.049187756635481174,6.116283739881242e-06,-0.05209689446304909,6.47802238398505e-06,0.9433370575137602,344.8541087962963,-8.6117934774471e-05,8.343105604624484e-07
x11n2,52.40384184707828,-0.04669986362850885,6.334871114574485e-06,-0.04946185866785893,6.709537788819237e-06,0.9505085307382511,344.8541087962963,-8.6117934774471e-05,8.343105604624484e-07
x11n2,55.298261923757266,-0.050972175650398605,9.958186576028715e-06,-0.053986850327207236,1.0547148936662319e-05,0.9318236746789853,344.8541087962963,-8.6117934774471e-05,8.343105604624484e-07
x11n2,57.54405042699512,-0.051789743493745134,9.54638384019213e-06,-0.05485277202326774,1.0110990731126308e-05,0.9411411179381964,344.8541087962963,-8.6117934774471e-05,8.343105604624484e-07
x11n2,58.78388008904853,-0.05152274818658835,8.946117180637481e-06,-0.05456998566970099,9.475222179121484e-06,0.9396735565883344,344.8541087962963,-8.6117934774471e-05,8.343105604624484e-07
x11n2,60.416979977707,-0.05067260421379443,1.0169084076253626e-05,-0.05366956117672677,1.077051966066506e-05,0.9490935459870522,344.8541087962963,-8.6117934774471e-05,8.343105604624484e-07
x11n2,63.68820798694709,-0.05523458330709769,5.98281116782965e-06,-0.058501351842191254,6.3366557721386465e-06,0.9642160901183017,344.8541087962963,-8.6117934774471e-05,8.343105604624484e-07
x11n2,65.5668573776741,-0.05414944167494871,5.457522171537877e-06,-0.057352031097468635,5.780299327480763e-06,0.9622008133039073,344.8541087962963,-8.6117934774471e-05,8.343105604624484e-07
x11n2,67.7147987206451,-0.04888623838954462,8.655222006409053e-06,-0.05177754336204951,9.167122435848032e-06,0.974349540348338,344.8541087962963,-8.6117934774471e-05,8.343105604624484e-07
x11n2,69.89815942311833,-0.05671540386368924,6.7278242785477885e-06,-0.06006975336184533,7.1257315921705235e-06,0.9628782833902684,344.8541087962963,-8.6117934774471e-05,8.343105604624484e-07
x11n2,70.70016723103082,-0.05793206985338037,6.054383944010636e-06,-0.06135837727961104,6.412461615343916e-06,0.9698624628526159,344.8541087962963,-8.6117934774471e-05,8.343105604624484e-07
x11n2,72.93905968401259,-0.06089371752810524,6.088784469347077e-06,-0.06449518726853373,6.448896709369595e-06,0.9808879853329461,344.8541087962963,-8.6117934774471e-05,8.343105604624484e-07
x11n2,75.48770558542442,-0.05707467944315184,5.940756996509358e-06,-0.06045027776927301,6.292114368446658e-06,0.9843663153246037,344.8541087962963,-8.6117934774471e-05,8.343105604624484e-07
x11n2,76.85137001048828,-0.05699341641958055,5.7940412164653865e-06,-0.060364208563187534,6.136721298466695e-06,0.9825640893097594,344.8541087962963,-8.6117934774471e-05,8.343105604624484e-07
x11n2,79.73335068389265,-0.06270476678006609,5.912308406154409e-06,-0.06641334837610353,6.2619832278799586e-06,0.9875490600502919,344.8541087962963,-8.6117934774471e-05,8.343105604624484e-07
x11n2,81.74594311658994,-0.0640531946322795,5.073407203130076e-06,-0.06784152701877667,5.3734664418275936e-06,0.9905657325412754,344.8541087962963,-8.6117934774471e-05,8.343105604624484e-07
x11n2,82.68186186668035,-0.06244148657781321,4.5852684369726465e-06,-0.06613449685187922,4.856457423256445e-06,0.9878025692458299,344.8541087962963,-8.6117934774471e-05,8.343105604624484e-07
x11n2,84.88907628707852,-0.060942290535135245,5.103552671404539e-06,-0.06454663305492624,5.40539481967317e-06,0.985388861502788,344.8541087962963,-8.6117934774471e-05,8.343105604624484e-07
x11n2,87.5171738552178,-0.05729732811082946,5.26024694615629e-06,-0.060686094666317116,5.571356547816256e-06,0.9785326970499484,344.8541087962963,-8.6117934774471e-05,8.343105604624484e-07
x11n2,89.0634035795406,-0.05762103540514093,5.2087550781959195e-06,-0.06102894715446045,5.516819268738527e-06,0.9735831249611249,344.8541087962963,-8.6117934774471e-05,8.343105604624484e-07
x11n2,90.49045648357492,-0.05881534947718503,6.492068344655537e-06,-0.06229389718314573,6.876032218847965e-06,0.9568034153496234,344.8541087962963,-8.6117934774471e-05,8.343105604624484e-07
x11n2,93.13688001232383,-0.06099379200022756,6.211735910324221e-06,-0.06460118049874422,6.579119933253028e-06,0.967433294197103,344.8541087962963,-8.6117934774471e-05,8.343105604624484e-07
x11n2,95.13450993120645,-0.06485059917821485,6.71138526789175e-06,-0.06868609288873105,7.108320320305224e-06,0.9686294628853529,344.8541087962963,-8.6117934774471e-05,8.343105604624484e-07
x11n2,96.2696446040229,-0.06066658247008585,7.069983680550148e-06,-0.06425461864016171,7.488127510889831e-06,0.9731597875085514,344.8541087962963,-8.6117934774471e-05,8.343105604624484e-07
x11n2,99.03670634258881,-0.0649608413699773,6.373365602379843e-06,-0.06880285519346852,6.7503089767281865e-06,0.9516344979511738,344.8541087962963,-8.6117934774471e-05,8.343105604624484e-07
x11n2,101.81439438757798,-0.06321861324968846,8.899620267588579e-06,-0.06695758554261047,9.425975274248027e-06,0.9670537514614123,344.8541087962963,-8.6117934774471e-05,8.343105604624484e-07
x11n2,103.10424078951652,-0.06516518357527003,6.930679578740894e-06,-0.06901928291922095,7.340584471998899e-06,0.9756575264290186,344.8541087962963,-8.6117934774471e-05,8.343105604624484e-07
x11n2,104.54301913453072,-0.06555294671196228,6.499635178812415e-06,-0.06942997973872878,6.8840465823289345e-06,0.977254989755525,344.8541087962963,-8.6117934774471e-05,8.343105604624484e-07
x11n2,107.75817696727071,-0.06800692219140503,5.567031636810617e-06,-0.07202909200389802,5.896285569693394e-06,0.9847919665220931,344.8541087962963,-8.6117934774471e-05,8.343105604624484e-07
x11n2,108.97553274505367,-0.06813261019443718,6.054247948760307e-06,-0.07216221363979135,6.412317576853681e-06,0.9762185594606712,344.8541087962963,-8.6117934774471e-05,8.343105604624484e-07
x11n2,110.5467498490117,-0.06811273130950887,5.751503220007878e-06,-0.07214115904732785,6.091667454508343e-06,0.9799207929582271,344.8541087962963,-8.6117934774471e-05,8.343105604624484e-07
x11n2,112.96172759779114,-0.07038406854309676,6.242639298569685e-06,-0.07454683119507662,6.611851057136268e-06,0.969843166656064,344.8541087962963,-8.6117934774471e-05,8.343105604624484e-07
x11n2,114.53742862207308,-0.07247226622805135,6.112856207691333e-06,-0.07675853227380786,6.474392135423611e-06,0.9837707641315088,344.8541087962963,-8.6117934774471e-05,8.343105604624484e-07
x11n2,116.48265248194575,-0.07489505871941897,6.74856074412325e-06,-0.07932461727874177,7.147694485632557e-06,0.9839179569204155,344.8541087962963,-8.6117934774471e-05,8.343105604624484e-07
x11n2,117.84275419098458,-0.07247823513804484,8.78209484420826e-06,-0.07676485420624106,9.301498981825432e-06,0.9795381958448387,344.8541087962963,-8.6117934774471e-05,8.343105604624484e-07
x11n2,121.82512438736141,-0.06778471683382581,8.503297582870055e-06,-0.07179374463587884,9.006212664781925e-06,0.9792477002883231,344.8541087962963,-8.6117934774471e-05,8.343105604624484e-07
x11n2,123.01176576122617,-0.0672244163565263,8.670051738522466e-06,-0.07120030600744559,9.182829250748197e-06,0.9758263821506634,344.8541087962963,-8.6117934774471e-05,8.343105604624484e-07
x11n2,123.83085871583965,-0.06854210701090657,8.44128208177705e-06,-0.07259592954573635,8.940529347702469e-06,0.9790936556093419,344.8541087962963,-8.6117934774471e-05,8.343105604624484e-07
x11n2,127.22421562728225,-0.06949823948458259,5.542897658210275e-06,-0.07360861107425035,5.870724222274502e-06,0.9744233150481951,344.8541087962963,-8.6117934774471e-05,8.343105604624484e-07
x11n2,128.94640311290212,-0.07120515053979845,3.934612686465683e-06,-0.07541647488394577,4.167319591313001e-06,0.9772192992220082,344.8541087962963,-8.6117934774471e-05,8.343105604624484e-07
x11n2,130.8649621925929,-0.07082463787994542,5.1301185688033945e-06,-0.07501345736011103,5.433531918166213e-06,0.9804627814354834,344.8541087962963,-8.6117934774471e-05,8.343105604624484e-07
x11n2,132.9292996091906,-0.07181756927935071,6.53515152134137e-06,-0.07606511423292216,6.921663486920794e-06,0.9817728014406063,344.8541087962963,-8.6117934774471e-05,8.343105604624484e-07
x11n2,134.61121738533535,-0.07137472035391022,5.774598668934805e-06,-0.07559607365636727,6.11612884993728e-06,0.9833289482210145,344.8541087962963,-8.6117934774471e-05,8.343105604624484e-07
x11n2,136.48170569704254,-0.07194981788879029,5.829393066413186e-06,-0.07620518449268043,6.1741639818045955e-06,0.976965855745892,344.8541087962963,-8.6117934774471e-05,8.343105604624484e-07
x11n2,137.55892189807787,-0.07165109018612419,7.761534459577305e-06,-0.07588878897754611,8.220579047921893e-06,0.9680887362382429,344.8541087962963,-8.6117934774471e-05,8.343105604624484e-07
x11n2,141.80564705834018,-0.07662133619697314,9.545528429033526e-06,-0.08115299290946133,1.0110084727927533e-05,0.9601408764489399,344.8541087962963,-8.6117934774471e-05,8.343105604624484e-07
x11n2,143.60935941404958,-0.07680140713666148,7.23353364460856e-06,-0.08134371388115204,7.661350398043022e-06,0.9800894390901559,344.8541087962963,-8.6117934774471e-05,8.343105604624484e-07
x11n2,144.52144572179841,-0.07668374710840259,6.876265667640866e-06,-0.08121909502284247,7.282952329819536e-06,0.9806323342103812,344.8541087962963,-8.6117934774471e-05,8.343105604624484e-07
x11n2,146.41585259043165,-0.0759028156618092,7.762960317572993e-06,-0.08039197652956472,8.222089236200476e-06,0.9805357885494187,344.8541087962963,-8.6117934774471e-05,8.343105604624484e-07
x11n2,149.29993896717016,-0.08072614945684238,5.5999169585455615e-06,-0.08550057933782214,5.9311158456196805e-06,0.9450138292319981,344.8541087962963,-8.6117934774471e-05,8.343105604624484e-07
x11n2,151.75582557835068,-0.07447471033151123,8.726251842246976e-06,-0.07887940800105851,9.242353227298821e-06,0.9711591912057058,344.8541087962963,-8.6117934774471e-05,8.343105604624484e-07
x11n2,153.56654741603427,-0.07471250590621893,6.8103552366799336e-06,-0.07913126764676537,7.2131437229494905e-06,0.9776920871143258,344.8541087962963,-8.6117934774471e-05,8.343105604624484e-07
x11n2,154.32710600354696,-0.07359512147412214,8.058973925854289e-06,-0.07794779714891367,8.535610135812574e-06,0.9791129426666553,344.8541087962963,-8.6117934774471e-05,8.343105604624484e-07
x11n2,155.38162823154204,-0.07420253067655304,1.1339478451924942e-05,-0.07859113067903245,1.2010135297567512e-05,0.9828048265344647,344.8541087962963,-8.6117934774471e-05,8.343105604624484e-07
x11n2,159.69541328505665,-0.07651373237102069,6.350702046502746e-06,-0.08103902501281565,6.7263050180309765e-06,0.9677071253459154,344.8541087962963,-8.6117934774471e-05,8.343105604624484e-07
x11n2,161.7890706994816,-0.07580079554621612,4.748604330802062e-06,-0.0802839225836499,5.029453579310466e-06,0.9867826554778887,344.8541087962963,-8.6117934774471e-05,8.343105604624484e-07
x11n2,162.6796141260783,-0.07709084956226744,4.778242395266219e-06,-0.0816502749551134,5.060844543690501e-06,0.9922638513072705,344.8541087962963,-8.6117934774471e-05,8.343105604624484e-07
x11n2,164.21885811883777,-0.07573425881069179,5.189318000161498e-06,-0.08021345063035033,5.496232613190612e-06,0.9906656471300667,344.8541087962963,-8.6117934774471e-05,8.343105604624484e-07
x11n2,166.31632010972484,-0.07842817240272154,8.562339397969844e-06,-0.08306669179637072,9.06874642156525e-06,0.9728821645318191,344.8541087962963,-8.6117934774471e-05,8.343105604624484e-07
x11n2,168.1244561172644,-0.07759386575863601,7.190134006542905e-06,-0.08218304130771657,7.615383951945539e-06,0.9524947405307957,344.8541087962963,-8.6117934774471e-05,8.343105604624484e-07
x11n2,171.029722398772,-0.07725859779895314,7.672991229347904e-06,-0.08182794441557976,8.126799058017837e-06,0.920508777352021,344.8541087962963,-8.6117934774471e-05,8.343105604624484e-07
x11n2,173.08917641575243,-0.08057571557691126,7.174089023574175e-06,-0.0853412482663826,7.598390011958035e-06,0.895700972275979,344.8541087962963,-8.6117934774471e-05,8.343105604624484e-07
x11n2,175.49940960080417,-0.07791399627128966,6.886021089027067e-06,-0.08252210547068936,7.293284721316183e-06,0.9732954859390991,344.8541087962963,-8.6117934774471e-05,8.343105604624484e-07
x11n2,177.05170422131752,-0.08182163398658464,7.47708315059942e-06,-0.08666085469566835,7.919304282871774e-06,0.969563724976022,344.8541087962963,-8.6117934774471e-05,8.343105604624484e-07
x11n2,178.4446733264468,-0.08223566447891481,7.232161492705694e-06,-0.08709937241509307,7.659897092225467e-06,0.9617673531360825,344.8541087962963,-8.6117934774471e-05,8.343105604624484e-07
x11n2,180.5265838440224,-0.0840630087494622,8.632397865264566e-06,-0.0890347922862586,9.142948394302981e-06,0.947483964632196,344.8541087962963,-8.6117934774471e-05,8.343105604624484e-07
x11n2,183.12531600617427,-0.08464388359333577,4.659573156081039e-06,-0.08965002212204445,4.935156786152457e-06,0.9573527947180417,344.8541087962963,-8.6117934774471e-05,8.343105604624484e-07
x11n2,184.82896143037433,-0.07643820049726349,5.107067292708084e-06,-0.08095902591700638,5.409117308106324e-06,0.9607413097829164,344.8541087962963,-8.6117934774471e-05,8.343105604624484e-07
x11n2,186.50565079075048,-0.07385755789210692,5.911652590211865e-06,-0.07822575498448513,6.261288624663977e-06,0.9660692701102203,344.8541087962963,-8.6117934774471e-05,8.343105604624484e-07
x11n2,188.73206358112844,-0.0719872933287216,6.730521827319185e-06,-0.07624487636262128,7.128588683513272e-06,0.957974014225056,344.8541087962963,-8.6117934774471e-05,8.343105604624484e-07
x11n2,191.3817183334933,-0.07876709439743682,6.7699063520551236e-06,-0.08342565883609034,7.1703025482835436e-06,0.9623639905218543,344.8541087962963,-8.6117934774471e-05,8.343105604624484e-07
x11n2,193.40380910647323,-0.07965277714612995,6.249528197920736e-06,-0.08436372399381549,6.619147390350201e-06,0.9388226768508394,344.8541087962963,-8.6117934774471e-05,8.343105604624484e-07
x11n2,194.44649743061902,-0.07908292453163084,7.538842042274384e-06,-0.08376016828101769,7.98471581374498e-06,0.9276989845111266,344.8541087962963,-8.6117934774471e-05,8.343105604624484e-07
x11n2,196.03499077513197,-0.07967347750003051,9.25021789161669e-06,-0.0843856486398305,9.79730848127648e-06,0.8847182256281746,344.8541087962963,-8.6117934774471e-05,8.343105604624484e-07
x11n2,198.52288677799478,-0.0768873715670385,9.293035227738707e-06,-0.08143476255186326,9.842658186034688e-06,0.8720636044426434,344.8541087962963,-8.6117934774471e-05,8.343105604624484e-07
x11n2,200.62651817813426,-0.07735819534042714,8.44285142754213e-06,-0.08193343250777724,8.942191510124416e-06,0.8978149985334765,344.8541087962963,-8.6117934774471e-05,8.343105604624484e-07
x11n2,203.0583362550343,-0.07375610274311102,7.5244345938548205e-06,-0.07811829941928947,7.969456257889276e-06,0.9457002160451742,344.8541087962963,-8.6117934774471e-05,8.343105604624484e-07
x11n2,204.31289739044036,-0.0733883328838343,8.345816889744795e-06,-0.07772877835030846,8.839418006702388e-06,0.9400881948845212,344.8541087962963,-8.6117934774471e-05,8.343105604624484e-07
x11n2,207.75777847653563,-0.08092499736080402,9.904395785808888e-06,-0.08571118780983804,1.0490176768935016e-05,0.9062482925912135,344.8541087962963,-8.6117934774471e-05,8.343105604624484e-07
x11n2,210.29732389028484,-0.08582286293635431,8.412513548144062e-06,-0.09089873047161465,8.910059341281127e-06,0.9543917369090057,344.8541087962963,-8.6117934774471e-05,8.343105604624484e-07
x11n2,210.9829592771233,-0.08508036188535442,7.554557440088206e-06,-0.09011231528339397,8.001360675746287e-06,0.9654866731418558,344.8541087962963,-8.6117934774471e-05,8.343105604624484e-07
x11n2,211.75312155270163,-0.08550277592890664,8.495928752720526e-06,-0.09055971238689951,8.998408015965328e-06,0.9655715141155623,344.8541087962963,-8.6117934774471e-05,8.343105604624484e-07
x11n2,214.7197005996854,-0.0799179773725934,7.135235268185618e-06,-0.08464460909927032,7.557238308110849e-06,0.937383784747046,344.8541087962963,-8.6117934774471e-05,8.343105604624484e-07
x11n2,217.54541167874444,-0.0830782874974053,7.318608660146578e-06,-0.08799183113793649,7.751457050777197e-06,0.9309807936718659,344.8541087962963,-8.6117934774471e-05,8.343105604624484e-07
x11n2,218.59110721433711,-0.07951740079250892,9.02470103211337e-06,-0.08422034100402695,9.558453757401803e-06,0.9084366413276893,344.8541087962963,-8.6117934774471e-05,8.343105604624484e-07
x11n2,220.180257740319,-0.07990791241698988,1.2326424209574066e-05,-0.08463394886660841,1.3055452516607164e-05,0.9046528733084293,344.8541087962963,-8.6117934774471e-05,8.343105604624484e-07
x11n2,223.23649207719953,-0.0800052907705415,1.5250203375262079e-05,-0.08473708652026396,1.6152154318986897e-05,0.8375651606446471,344.8541087962963,-8.6117934774471e-05,8.343105604624484e-07
x11n2,224.79012898394654,-0.08530804554096247,1.4545029843314239e-05,-0.0903534649553556,1.5405274331264057e-05,0.8357365495572807,344.8541087962963,-8.6117934774471e-05,8.343105604624484e-07
x11n2,227.00777123397967,-0.09809020515822986,1.3277493001220692e-05,-0.10389160668289024,1.4062770879034228e-05,0.8810363246622769,344.8541087962963,-8.6117934774471e-05,8.343105604624484e-07
x11n2,230.49808460481034,-0.08184735822355174,1.2926276113854428e-05,-0.08668810035495607,1.369078178324444e-05,0.9154056454976788,344.8541087962963,-8.6117934774471e-05,8.343105604624484e-07
x11n2,231.04019644871434,-0.07994954104629366,1.2740792407474457e-05,-0.08467803956022454,1.349432791470346e-05,0.9257664675841534,344.8541087962963,-8.6117934774471e-05,8.343105604624484e-07
x11n2,231.9968468850415,-0.07862968741427727,1.173152129139751e-05,-0.08328012511815319,1.2425364936608697e-05,0.9446943936053327,344.8541087962963,-8.6117934774471e-05,8.343105604624484e-07
x11n2,235.94521587253212,-0.08281820680945766,1.0516968966745513e-05,-0.0877163683586051,1.1138979693505261e-05,0.9394522242046649,344.8541087962963,-8.6117934774471e-05,8.343105604624484e-07
x11n2,236.8902772886526,-0.08387390919561791,9.909229255601456e-06,-0.08883450871625066,1.0495296107219538e-05,0.9522674564776448,344.8541087962963,-8.6117934774471e-05,8.343105604624484e-07
x11n2,237.99240504283307,-0.08264697096704446,1.1400306313801876e-05,-0.0875350050230783,1.2074560734248837e-05,0.9540060219040416,344.8541087962963,-8.6117934774471e-05,8.343105604624484e-07
x11n2,241.56906758880402,-0.07904120775218815,1.247678686877119e-05,-0.08371598422375177,1.3214708155066704e-05,0.9497826602628997,344.8541087962963,-8.6117934774471e-05,8.343105604624484e-07
x11n2,243.56669067557067,-0.0795562598601863,9.354268316881128e-06,-0.0842614983343505,9.907512816554634e-06,0.9561724012398595,344.8541087962963,-8.6117934774471e-05,8.343105604624484e-07
x11n2,244.38814118919484,-0.07837546844705415,9.633776166465901e-06,-0.08301087074243371,1.020355174854585e-05,0.9780300141185939,344.8541087962963,-8.6117934774471e-05,8.343105604624484e-07
x11n2,246.6479142127982,-0.08199575243399522,9.133121641004642e-06,-0.08684527112364335,9.673286744416984e-06,0.9536817081997438,344.8541087962963,-8.6117934774471e-05,8.343105604624484e-07
x11n2,249.7410238167466,-0.08246817697011635,8.330145798464844e-06,-0.0873456365170572,8.822820071680008e-06,0.9516533764883394,344.8541087962963,-8.6117934774471e-05,8.343105604624484e-07
x11n2,250.6201582620107,-0.08243137946986483,8.111008041677256e-06,-0.08730666268254561,8.590721733208576e-06,0.9485634948187184,344.8541087962963,-8.6117934774471e-05,8.343105604624484e-07
x11n2,252.2991458375736,-0.08218117888991283,1.2931471099207111e-05,-0.08704166435572722,1.3696284018397418e-05,0.9537927904108431,344.8541087962963,-8.6117934774471e-05,8.343105604624484e-07
x11n2,255.1635727455805,-0.0796678624564865,1.6309146759437064e-05,-0.08437970150275967,1.727372735872812e-05,0.9306961551468507,344.8541087962963,-8.6117934774471e-05,8.343105604624484e-07
x11n2,257.79053904707325,-0.0814705182831524,1.4748655511025574e-05,-0.08628897276818817,1.5620943140869273e-05,0.9474320344824609,344.8541087962963,-8.6117934774471e-05,8.343105604624484e-07
x11n2,259.0532559190999,-0.08291881398222473,1.2609878782484802e-05,-0.0878229257952598,1.3355671595095227e-05,0.9592014444739354,344.8541087962963,-8.6117934774471e-05,8.343105604624484e-07
x11n2,262.2118642854841,-0.08585165842147513,1.3231523307478238e-05,-0.0909292290235301,1.4014082375080954e-05,0.9784940242134559,344.8541087962963,-8.6117934774471e-05,8.343105604624484e-07
x11n2,263.9253495735487,-0.08096020343642302,8.138895544421691e-06,-0.08574847609723794,8.620258601459788e-06,0.974268560840544,344.8541087962963,-8.6117934774471e-05,8.343105604624484e-07
x11n2,264.58411117946434,-0.0814307684459568,7.910494756445567e-06,-0.08624687198508783,8.37834938338648e-06,0.9752651914256616,344.8541087962963,-8.6117934774471e-05,8.343105604624484e-07
x11n2,265.60136207114647,-0.07883754321097772,9.319071618524552e-06,-0.0835002742415313,9.87023446102159e-06,0.9708785779423275,344.8541087962963,-8.6117934774471e-05,8.343105604624484e-07
x11n2,268.9149793850835,-0.0838740078376965,1.0678883002039968e-05,-0.08883461319237053,1.1310469897283673e-05,0.9376875294868136,344.8541087962963,-8.6117934774471e-05,8.343105604624484e-07
x11n2,271.4359926619497,-0.08297716970272828,1.4115754346925195e-05,-0.08788473287938683,1.4950609964342696e-05,0.9350185701309631,344.8541087962963,-8.6117934774471e-05,8.343105604624484e-07
x11n2,273.7776401296032,-0.08092927240992523,1.5064643222179914e-05,-0.08571571570047842,1.595561948241548e-05,0.9611056381664003,344.8541087962963,-8.6117934774471e-05,8.343105604624484e-07
x11n2,274.9480275134865,-0.07961454190562489,1.4907326951144587e-05,-0.08432322738600874,1.5788998970929583e-05,0.9568303138398943,344.8541087962963,-8.6117934774471e-05,8.343105604624484e-07
x11n2,276.70365996760995,-0.07849045658943334,1.4778056247870114e-05,-0.08313265969008639,1.565208274123521e-05,0.9646642121896736,344.8541087962963,-8.6117934774471e-05,8.343105604624484e-07
x11n2,278.6211732980262,-0.08025426180305076,1.588160487389618e-05,-0.08500078257985687,1.6820899134529548e-05,0.9399189981272998,344.8541087962963,-8.6117934774471e-05,8.343105604624484e-07
x11n2,280.87276868864905,-0.08414867526443989,1.0191650830647823e-05,-0.08912552542180052,1.0794421092697436e-05,0.9474530051926011,344.8541087962963,-8.6117934774471e-05,8.343105604624484e-07
x11n2,283.58712076909944,-0.08889657365296094,9.826492275731008e-06,-0.09415423130690766,1.040766576984829e-05,0.9466469085068773,344.8541087962963,-8.6117934774471e-05,8.343105604624484e-07
x11n2,285.133302068077,-0.08939858769278021,8.920222305185556e-06,-0.09468593623188015,9.447795789185667e-06,0.9572161218712076,344.8541087962963,-8.6117934774471e-05,8.343105604624484e-07
x11n2,286.7606984926983,-0.08819463196337168,9.748141981047945e-06,-0.09341077430412646,1.0324681561735248e-05,0.9611664121639006,344.8541087962963,-8.6117934774471e-05,8.343105604624484e-07
x11n2,289.41459015380997,-0.08339545808714456,1.083462495894303e-05,-0.08832776031768913,1.1475422984133641e-05,0.9688612990940896,344.8541087962963,-8.6117934774471e-05,8.343105604624484e-07
x11n2,290.67020500325094,-0.08430111518649223,1.2242284932782498e-05,-0.08928698117978456,1.296633694551715e-05,0.9557667275037477,344.8541087962963,-8.6117934774471e-05,8.343105604624484e-07
x11n2,291.5184051131445,-0.08567306114448975,1.3287917824528309e-05,-0.09074006887216463,1.407381226324855e-05,0.9562402739168661,344.8541087962963,-8.6117934774471e-05,8.343105604624484e-07
x11n2,294.9456760406712,-0.09464067418825693,1.1610739599849642e-05,-0.10023805825575854,1.2297439788806795e-05,0.9527208651365754,344.8541087962963,-8.6117934774471e-05,8.343105604624484e-07
x11n2,297.5793062504812,-0.08739212573656778,1.176636815344726e-05,-0.0925608050218603,1.2462272765278904e-05,0.9762423608230321,344.8541087962963,-8.6117934774471e-05,8.343105604624484e-07
x11n2,299.62775837776525,-0.0835991490363543,1.1601755220966821e-05,-0.08854349826977137,1.2287924041993151e-05,0.9740425745069611,344.8541087962963,-8.6117934774471e-05,8.343105604624484e-07
x11n2,301.2956299596638,-0.08228911138385762,9.283005090836033e-06,-0.08715598035895228,9.832034831374686e-06,0.9723042683837554,344.8541087962963,-8.6117934774471e-05,8.343105604624484e-07
x11n2,302.88046519786405,-0.08387009312389712,9.82022311543492e-06,-0.08883046694855684,1.0401025829248077e-05,0.966507849594175,344.8541087962963,-8.6117934774471e-05,8.343105604624484e-07
x11n2,304.14958006734844,-0.08698771198316006,1.2165369203471973e-05,-0.09213247280929726,1.2884872148044592e-05,0.9638199069230142,344.8541087962963,-8.6117934774471e-05,8.343105604624484e-07
x11n2,306.5306598723001,-0.08956118355416161,1.150655601628302e-05,-0.09485814858735085,1.2187094419773693e-05,0.969352926477717,344.8541087962963,-8.6117934774471e-05,8.343105604624484e-07
x11n2,309.2016212236898,-0.09117863970074105,9.191752980320506e-06,-0.09657126680885103,9.735385748427312e-06,0.9639136002353637,344.8541087962963,-8.6117934774471e-05,8.343105604624484e-07
x11n2,310.6728909251182,-0.09115704191026403,9.451022711454184e-06,-0.09654839164868757,1.000998960809167e-05,0.9703564376776804,344.8541087962963,-8.6117934774471e-05,8.343105604624484e-07
x11n2,313.6132107343875,-0.09054596486551043,1.3718964291279706e-05,-0.09590117334708374,1.4530352341980646e-05,0.96628997633093,344.8541087962963,-8.6117934774471e-05,8.343105604624484e-07
x11n2,315.2879326183598,-0.08572217499890984,1.675002818599688e-05,-0.090792087493574,1.7740684071562572e-05,0.9339325711626656,344.8541087962963,-8.6117934774471e-05,8.343105604624484e-07
x11n2,317.23718494894194,-0.08678706513322414,1.4898137286364331e-05,-0.09191995899528212,1.5779265796884752e-05,0.9409195925265962,344.8541087962963,-8.6117934774471e-05,8.343105604624484e-07
x11n2,319.43368556348275,-0.08823393953617359,1.552956073343344e-05,-0.09345240666575326,1.644803385897046e-05,0.9499705448172584,344.8541087962963,-8.6117934774471e-05,8.343105604624484e-07
x11n2,320.53613329037927,-0.09114040072392014,1.4881249829393642e-05,-0.09653076624374948,1.57613795560043e-05,0.9690875396055394,344.8541087962963,-8.6117934774471e-05,8.343105604624484e-07
x11n2,322.10996803561517,-0.08887720390194391,1.7908586163542118e-05,-0.09413371596033497,1.8967763263906945e-05,0.9651206904752081,344.8541087962963,-8.6117934774471e-05,8.343105604624484e-07
x11n2,324.8477359860225,-0.08651066623861581,1.1076330942203794e-05,-0.09162721289285616,1.173142431378038e-05,0.9477092421673349,344.8541087962963,-8.6117934774471e-05,8.343105604624484e-07
x11n2,327.0020252570437,-0.08141496650695845,1.1304069374922313e-05,-0.08623013546355039,1.1972632002564437e-05,0.9620740402086277,344.8541087962963,-8.6117934774471e-05,8.343105604624484e-07
x11n2,329.04904906393983,-0.08890482861337987,1.0739116744757355e-05,-0.09416297449487064,1.1374266076497884e-05,0.9382405213265563,344.8541087962963,-8.6117934774471e-05,8.343105604624484e-07
x11n2,331.04137935169257,-0.09036055591550868,1.0222394369130054e-05,-0.09570479865627746,1.0826982912737307e-05,0.9532796648116695,344.8541087962963,-8.6117934774471e-05,8.343105604624484e-07
x11n2,333.43426096910855,-0.0937515590537952,1.0308195290928631e-05,-0.09929635770883546,1.0917858404394686e-05,0.9726124317186943,344.8541087962963,-8.6117934774471e-05,8.343105604624484e-07
x11n2,335.4810620289782,-0.09456045100515924,9.076974873174683e-06,-0.10015309038998854,9.613819258234279e-06,0.9793050060013251,344.8541087962963,-8.6117934774471e-05,8.343105604624484e-07
x11n2,336.51079167866703,-0.0966809493490586,1.0295902509998537e-05,-0.10239900250283146,1.0904838584940049e-05,0.9732742015934418,344.8541087962963,-8.6117934774471e-05,8.343105604624484e-07
x11n2,338.19536667688055,-0.09623879413772068,1.3636084015380524e-05,-0.10193069666908373,1.4442570233546908e-05,0.9580838754096346,344.8541087962963,-8.6117934774471e-05,8.343105604624484e-07
x11n2,341.9598183491591,-0.08903509552118626,1.5539178297170974e-05,-0.09430094584815496,1.6458220239429708e-05,0.9522600352215287,344.8541087962963,-8.6117934774471e-05,8.343105604624484e-07
x11n2,343.3729876449012,-0.08711529618158259,1.2061859016382337e-05,-0.09226760278828022,1.2775240002536876e-05,0.9548613277007753,344.8541087962963,-8.6117934774471e-05,8.343105604624484e-07
x11n2,344.60084642555785,-0.087930913655399,1.21594570660942e-05,-0.09313145876306117,1.2878610345960317e-05,0.9483281614978063,344.8541087962963,-8.6117934774471e-05,8.343105604624484e-07
x11n2,347.1076520753224,-0.08723011699619283,1.1729759459831192e-05,-0.09238921451180811,1.2423498904094704e-05,0.9444286233951386,344.8541087962963,-8.6117934774471e-05,8.343105604624484e-07
x11n2,348.9304517749498,-0.08912588969793725,1.390636612640612e-05,-0.09439710991351598,1.4728837784183555e-05,0.9408945860342198,344.8541087962963,-8.6117934774471e-05,8.343105604624484e-07
x11n2,351.15784179974344,-0.08980453780458322,9.18869232362374e-06,-0.09511589566850567,9.732144073672745e-06,0.9670228527242339,344.8541087962963,-8.6117934774471e-05,8.343105604624484e-07
x11n2,353.7842252154337,-0.09055571613463724,9.061580844765379e-06,-0.09591150134074168,9.597514772560253e-06,0.9804224153461184,344.8541087962963,-8.6117934774471e-05,8.343105604624484e-07
x11n2,355.1315402658641,-0.08615315490217865,6.965974000254613e-06,-0.09124855707202381,7.377966330382093e-06,0.9835030060091398,344.8541087962963,-8.6117934774471e-05,8.343105604624484e-07
x11n2,356.7210737458704,-0.08516033653721547,7.958858590694832e-06,-0.09019701991891131,8.429573625780468e-06,0.9813399847400084,344.8541087962963,-8.6117934774471e-05,8.343105604624484e-07
x11n2,359.5422053893342,-0.08896446507946268,1.1450946927613334e-05,-0.09422613807239848,1.2128196412997731e-05,0.9688443326635902,344.8541087962963,-8.6117934774471e-05,8.343105604624484e-07
x11n2,360.8911390144416,-0.09239568220556939,1.3538666174155117e-05,-0.0978602895101903,1.4339390756776928e-05,0.9721860452688804,344.8541087962963,-8.6117934774471e-05,8.343105604624484e-07
x11n2,361.61734123776563,-0.0923470917153556,1.4095335274224243e-05,-0.09780882520659673,1.4928983235491892e-05,0.973392265196556,344.8541087962963,-8.6117934774471e-05,8.343105604624484e-07
x11n2,364.948691473384,-0.09017068709376933,8.948916354651542e-06,-0.09550370032115146,9.478186906183035e-06,0.9844073097478424,344.8541087962963,-8.6117934774471e-05,8.343105604624484e-07
x11n2,366.37602182804096,-0.08966858742701384,1.1032742717593272e-05,-0.09497190470496303,1.1685258127463032e-05,0.9841191461609675,344.8541087962963,-8.6117934774471e-05,8.343105604624484e-07
x11n2,368.92473517543937,-0.0886419069188555,1.0170961726408559e-05,-0.09388450268178938,1.0772508361688467e-05,0.9781903058401551,344.8541087962963,-8.6117934774471e-05,8.343105604624484e-07
x11n2,371.23600283983075,-0.09059575981967899,1.1821984801024258e-05,-0.09595391335088867,1.252117877802268e-05,0.9695178633417744,344.8541087962963,-8.6117934774471e-05,8.343105604624484e-07
x11n2,373.03322434162544,-0.09272950414751173,9.183535127266875e-06,-0.0982138548619851,9.726681862490398e-06,0.9699677093774586,344.8541087962963,-8.6117934774471e-05,8.343105604624484e-07
x11n2,375.6824201157081,-0.09484612702715689,1.2080441920951044e-05,-0.10045566230191634,1.2794921965780437e-05,0.9727651867358769,344.8541087962963,-8.6117934774471e-05,8.343105604624484e-07
x11n2,376.6188115162971,-0.09530664717127807,1.360013496122753e-05,-0.10094341923550013,1.4404495025235741e-05,0.969275575109279,344.8541087962963,-8.6117934774471e-05,8.343105604624484e-07
x11n2,377.79683012220397,-0.09413402923202084,2.2627599484393827e-05,-0.09970144852560005,2.3965875716321485e-05,0.966584621060057,344.8541087962963,-8.6117934774471e-05,8.343105604624484e-07
x11n2,380.21731693150167,-0.09800958555036111,4.6454670614266774e-05,-0.10380621894638671,4.9202164071890474e-05,0.950463719197958,344.8541087962963,-8.6117934774471e-05,8.343105604624484e-07
x11n2,384.32474084202704,-0.08860464821772827,2.051747939694981e-05,-0.09384504036935176,2.1730955666712368e-05,0.9595481813660509,344.8541087962963,-8.6117934774471e-05,8.343105604624484e-07
x11n2,385.6994274377811,-0.09173451974717622,1.1690494487292518e-05,-0.09716002356651046,1.2381911662261312e-05,0.9697985544475504,344.8541087962963,-8.6117934774471e-05,8.343105604624484e-07
x11n2,386.64867879914476,-0.09034348981704614,1.0380875165821827e-05,-0.09568672320841577,1.099483682404408e-05,0.9784720901648748,344.8541087962963,-8.6117934774471e-05,8.343105604624484e-07
x11n2,388.99239092143915,-0.08929361793552187,8.433259022225913e-06,-0.09457475819206375,8.932031776044468e-06,0.9729231199353835,344.8541087962963,-8.6117934774471e-05,8.343105604624484e-07
x11n2,391.94698453475405,-0.08621849270516148,9.008971030453108e-06,-0.09131775918367263,9.541793427830944e-06,0.9651049410246196,344.8541087962963,-8.6117934774471e-05,8.343105604624484e-07
x11n2,392.88290558765175,-0.08638767950869294,8.076254084673015e-06,-0.091496952292914,8.55391230431673e-06,0.9601871111924511,344.8541087962963,-8.6117934774471e-05,8.343105604624484e-07
x11n2,394.0741925297814,-0.0890457121979163,1.006207394627691e-05,-0.0943121904326814,1.0657180573274098e-05,0.9487200656276974,344.8541087962963,-8.6117934774471e-05,8.343105604624484e-07
x11n2,396.82492469516797,-0.09466815049960038,1.7045739694489488e-05,-0.10026715961329556,1.8053885004136427e-05,0.9292007813336295,344.8541087962963,-8.6117934774471e-05,8.343105604624484e-07
x11n2,400.0548217319274,-0.10174636948247892,1.243624311643633e-05,-0.1077640094914089,1.3171766501878934e-05,0.9672013836514212,344.8541087962963,-8.6117934774471e-05,8.343105604624484e-07
x11n2,401.0761515579229,-0.09915428094806582,1.0563812463989915e-05,-0.10501861567690851,1.1188593680788865e-05,0.9663131399652795,344.8541087962963,-8.6117934774471e-05,8.343105604624484e-07
x11n2,401.60473264379283,-0.0989842846936999,1.2075214522333088e-05,-0.10483856524304859,1.2789385400327085e-05,0.9663565892341811,344.8541087962963,-8.6117934774471e-05,8.343105604624484e-07
x11n2,405.9003526383593,-0.09386427855114651,1.0025097644606525e-05,-0.09941574383577265,1.0618017362395593e-05,0.9681652767730415,344.8541087962963,-8.6117934774471e-05,8.343105604624484e-07
x11n2,407.7915283103666,-0.09594263279227368,8.494248311380274e-06,-0.10161701929460763,8.996628187383122e-06,0.9741956927672488,344.8541087962963,-8.6117934774471e-05,8.343105604624484e-07
x11n2,409.0501707377317,-0.09706702071834249,6.0410181474450965e-06,-0.10280790749782524,6.398305318315577e-06,0.9851406641268654,344.8541087962963,-8.6117934774471e-05,8.343105604624484e-07
x11n2,410.258118949852,-0.09862786643503489,8.729686426341495e-06,-0.10446106714847234,9.24599094483944e-06,0.9860120289220184,344.8541087962963,-8.6117934774471e-05,8.343105604624484e-07
x11n2,412.4698398419437,-0.1002446089038954,9.751953423651149e-06,-0.10617342948283012,1.0328718426529117e-05,0.9773525334416143,344.8541087962963,-8.6117934774471e-05,8.343105604624484e-07
x11n2,415.15606032143637,-0.10172884488818934,1.647037152902182e-05,-0.10774544843065594,1.7444487531185908e-05,0.9587520694351518,344.8541087962963,-8.6117934774471e-05,8.343105604624484e-07
x11n2,415.9162554998398,-0.10220807018504235,1.7096175798609828e-05,-0.108253016805835,1.810730407776804e-05,0.9528243094455165,344.8541087962963,-8.6117934774471e-05,8.343105604624484e-07
x11n2,419.2680188480415,-0.09413131871946462,1.5661179685015017e-05,-0.0996985777037484,1.6587437220678897e-05,0.9327665294548567,344.8541087962963,-8.6117934774471e-05,8.343105604624484e-07
x11n2,421.9312678956062,-0.09379319289460128,1.3975614967077164e-05,-0.09934045392218056,1.4802182246116701e-05,0.9645665026085228,344.8541087962963,-8.6117934774471e-05,8.343105604624484e-07
x11n2,422.9844798034736,-0.09349576820764818,1.1032772956941893e-05,-0.09902543848771524,1.168529015527364e-05,0.972629210064413,344.8541087962963,-8.6117934774471e-05,8.343105604624484e-07
x11n2,424.62897445465944,-0.09799211517969265,9.049317277384135e-06,-0.10378771531623156,9.58452589444703e-06,0.9792252257774945,344.8541087962963,-8.6117934774471e-05,8.343105604624484e-07
x11n2,426.9115029444121,-0.10194934828980355,7.917342691083326e-06,-0.10797899318301718,8.385602329089148e-06,0.9730878727971698,344.8541087962963,-8.6117934774471e-05,8.343105604624484e-07
x11n2,429.1629110043252,-0.09910744397805571,9.616300603135895e-06,-0.10496900860290291,1.0185042618616779e-05,0.9695928235600983,344.8541087962963,-8.6117934774471e-05,8.343105604624484e-07
x11n2,430.66053441407,-0.09659036879578058,1.4252954455125939e-05,-0.10230306469539084,1.5095924572004576e-05,0.9574012236929446,344.8541087962963,-8.6117934774471e-05,8.343105604624484e-07
x11n2,432.46887739069786,-0.09431631480675982,1.3379994585027768e-05,-0.09989451511368799,1.4171334768895405e-05,0.9663248619749744,344.8541087962963,-8.6117934774471e-05,8.343105604624484e-07
x11n2,436.2114691010172,-0.09490400389613653,1.1751547567984891e-05,-0.10051696221354736,1.2446575637995066e-05,0.9691664771352736,344.8541087962963,-8.6117934774471e-05,8.343105604624484e-07
x11n2,437.3276454817761,-0.09516054645369854,9.037304733787276e-06,-0.10078867760495328,9.57180288655228e-06,0.9645516024401045,344.8541087962963,-8.6117934774471e-05,8.343105604624484e-07
x11n2,439.1055701896721,-0.09525280444648251,9.032655666821478e-06,-0.10088639206160269,9.566878857329647e-06,0.9719196822195625,344.8541087962963,-8.6117934774471e-05,8.343105604624484e-07
x11n2,440.734589004443,-0.0990229145207449,1.0477203230372728e-05,-0.10487947977463828,1.109686207089419e-05,0.964176440643112,344.8541087962963,-8.6117934774471e-05,8.343105604624484e-07
x11n2,442.71061060170615,-0.09941747459128386,1.2192838691531764e-05,-0.10529737552269065,1.2913966278744845e-05,0.9762209485184864,344.8541087962963,-8.6117934774471e-05,8.343105604624484e-07
x11n2,445.6553289191539,-0.10213878225140363,1.1998374283319886e-05,-0.10817963093883785,1.2708000557914926e-05,0.9622976410765814,344.8541087962963,-8.6117934774471e-05,8.343105604624484e-07
x11n2,446.783548943112,-0.10118082021783374,1.224436629233834e-05,-0.10716501164378957,1.2968541404035636e-05,0.9592672685388551,344.8541087962963,-8.6117934774471e-05,8.343105604624484e-07
x11n2,448.10747171919064,-0.10142046454067921,1.2882542735998999e-05,-0.10741882937913519,1.3644461858806102e-05,0.9565126870161516,344.8541087962963,-8.6117934774471e-05,8.343105604624484e-07
x11n2,451.10091768118696,-0.09442365746643214,1.2045275443038221e-05,-0.10000820639775639,1.2757675618035033e-05,0.9600459816249514,344.8541087962963,-8.6117934774471e-05,8.343105604624484e-07
x11n2,453.70227658421885,-0.099413708592966,1.1305526836136729e-05,-0.10529338678991783,1.1974175663187832e-05,0.9621808973521006,344.8541087962963,-8.6117934774471e-05,8.343105604624484e-07
x11n2,455.2365502842682,-0.10034114752730683,9.94677048593873e-06,-0.1062756777417362,1.0535057658643561e-05,0.9630434270062853,344.8541087962963,-8.6117934774471e-05,8.343105604624484e-07
x11n2,456.7042440626066,-0.10328118710864234,8.91980753723044e-06,-0.10938960165823246,9.4473564903873e-06,0.9715169988587979,344.8541087962963,-8.6117934774471e-05,8.343105604624484e-07
x11n2,458.47891794730526,-0.10046320343397319,1.0353908930189464e-05,-0.10640495246624361,1.096627570989903e-05,0.9581484639983844,344.8541087962963,-8.6117934774471e-05,8.343105604624484e-07
x11n2,460.9561113502841,-0.10235031838372245,9.473870852206427e-06,-0.10840367806589439,1.0034189068666131e-05,0.9672947617039109,344.8541087962963,-8.6117934774471e-05,8.343105604624484e-07
x11n2,463.14771653461315,-0.10281132471386716,9.714915262184732e-06,-0.10889194994026205,1.028948969724754e-05,0.9659891513131112,344.8541087962963,-8.6117934774471e-05,8.343105604624484e-07
x11n2,465.15054863777084,-0.10210102849160975,8.000108695911665e-06,-0.10813964428821378,8.473263408056914e-06,0.9722293163128202,344.8541087962963,-8.6117934774471e-05,8.343105604624484e-07
x11n2,467.05077003710625,-0.1003280181084302,8.011459331069333e-06,-0.10626177180260898,8.485285359907247e-06,0.9673407163865192,344.8541087962963,-8.6117934774471e-05,8.343105604624484e-07
x11n2,469.2816271409695,-0.10058975324384087,9.918273143488114e-06,-0.10653898687927556,1.0504874882609897e-05,0.9709891529442851,344.8541087962963,-8.6117934774471e-05,8.343105604624484e-07
x11n2,471.4020964218031,-0.10078989681678373,1.0067708374066076e-05,-0.10675096765071697,1.0663148241042872e-05,0.9774153704853334,344.8541087962963,-8.6117934774471e-05,8.343105604624484e-07
x11n2,472.83284307940283,-0.10011160765818868,1.0389337431018712e-05,-0.10603256207323496,1.1003799577522503e-05,0.981305383367884,344.8541087962963,-8.6117934774471e-05,8.343105604624484e-07
x11n2,474.44933042941534,-0.10087183960673343,1.124047495220869e-05,-0.10683775682696775,1.1905276380857543e-05,0.9791476239116197,344.8541087962963,-8.6117934774471e-05,8.343105604624484e-07
x11n2,477.00960257566265,-0.10319756283880985,1.0919264885784265e-05,-0.10930103155343385,1.1565068815487275e-05,0.9697743421000082,344.8541087962963,-8.6117934774471e-05,8.343105604624484e-07
x11n2,479.18121404680636,-0.10403651205943819,8.967160106501652e-06,-0.1101895991970211,9.49750965801717e-06,0.9760622273682628,344.8541087962963,-8.6117934774471e-05,8.343105604624484e-07
x11n2,480.66028584846407,-0.1031733419027466,8.655215238746186e-06,-0.10927537810558029,9.167115267921658e-06,0.9796168745431584,344.8541087962963,-8.6117934774471e-05,8.343105604624484e-07
x11n2,482.1027264045644,-0.10293610695133065,1.042842278787654e-05,-0.10902411224040869,1.1045196580568665e-05,0.9780350279722053,344.8541087962963,-8.6117934774471e-05,8.343105604624484e-07
x11n2,485.1302029961755,-0.1032739455489971,1.0767151244054338e-05,-0.10938193180714774,1.1403958635197457e-05,0.9726673302702342,344.8541087962963,-8.6117934774471e-05,8.343105604624484e-07
x11n2,487.710101269924,-0.10077005797907808,1.0018818812371726e-05,-0.10672995547401046,1.0611367177824021e-05,0.9697347291041004,344.8541087962963,-8.6117934774471e-05,8.343105604624484e-07
x11n2,488.76876084943376,-0.10101932918577916,9.104784737443195e-06,-0.10699396946115815,9.643273896195616e-06,0.9683002030655307,344.8541087962963,-8.6117934774471e-05,8.343105604624484e-07
x11n2,490.1951191412756,-0.10179385534462852,1.1128163152481812e-05,-0.10781430383532921,1.1786322064223682e-05,0.961016147708767,344.8541087962963,-8.6117934774471e-05,8.343105604624484e-07
x11n2,493.153420575989,-0.10018731461154655,1.1409149385990701e-05,-0.10611274660347149,1.208392681699102e-05,0.9447262752990931,344.8541087962963,-8.6117934774471e-05,8.343105604624484e-07
x11n2,495.55993406216277,-0.09874623562691114,9.718914836958167e-06,-0.1045864371128428,1.0293725821013316e-05,0.9688449218766163,344.8541087962963,-8.6117934774471e-05,8.343105604624484e-07
x11n2,496.697049584241,-0.09824324804560669,1.0242037219975633e-05,-0.10405370106769982,1.0847787511227927e-05,0.9688879178574022,344.8541087962963,-8.6117934774471e-05,8.343105604624484e-07
x11n2,498.934499140566,-0.10392597557857511,9.219683744207646e-06,-0.11007252519788516,9.764968436438154e-06,0.9729161604634565,344.8541087962963,-8.6117934774471e-05,8.343105604624484e-07
x11n2,502.13147874302945,-0.10193678202353894,1.0604928624558714e-05,-0.10796568370333846,1.123214159645724e-05,0.9757918432744792,344.8541087962963,-8.6117934774471e-05,8.343105604624484e-07
x11n2,503.63801339969206,-0.10394715891705675,6.526015477856562e-06,-0.11009496139389693,6.911987105524402e-06,0.9855259358967852,344.8541087962963,-8.6117934774471e-05,8.343105604624484e-07
x11n2,504.5080656913949,-0.10348251960889485,6.955902481779761e-06,-0.109602841674348,7.367299146697433e-06,0.9873450911232419,344.8541087962963,-8.6117934774471e-05,8.343105604624484e-07
x11n2,506.36701904467463,-0.10419780362814693,7.982521690270997e-06,-0.11036043011933923,8.45463624472493e-06,0.9846882807698171,344.8541087962963,-8.6117934774471e-05,8.343105604624484e-07
x11n2,509.74928827403704,-0.09943836267569868,1.4196311376079954e-05,-0.10531949900226624,1.5035931421005855e-05,0.9790415482857074,344.8541087962963,-8.6117934774471e-05,8.343105604624484e-07
x11n2,511.4504605841403,-0.10237072764674639,1.0830923094940631e-05,-0.1084252944048892,1.1471502178806438e-05,0.9739830681356263,344.8541087962963,-8.6117934774471e-05,8.343105604624484e-07
x11n2,512.3353766334294,-0.10352458542801887,1.2747090134917511e-05,-0.10964739541473602,1.3500998112012707e-05,0.9736932710865503,344.8541087962963,-8.6117934774471e-05,8.343105604624484e-07
x11n2,513.7033871130255,-0.10699183616103848,1.4417626032822735e-05,-0.11331971161434805,1.527033540899212e-05,0.9787243946000919,344.8541087962963,-8.6117934774471e-05,8.343105604624484e-07
x11n2,517.0156860617211,-0.10824465689308471,1.020793671077488e-05,-0.1146466285937545,1.0811670177352887e-05,0.9738232790476897,344.8541087962963,-8.6117934774471e-05,8.343105604624484e-07
x11n2,519.0952394406698,-0.10471356655439705,9.748114794124919e-06,-0.11090669708849439,1.0324652766881477e-05,0.9615947539899884,344.8541087962963,-8.6117934774471e-05,8.343105604624484e-07
x11n2,521.2206745907705,-0.10030974662284897,9.784018884207865e-06,-0.10624241967677282,1.0362680351788528e-05,0.964319873941757,344.8541087962963,-8.6117934774471e-05,8.343105604624484e-07
x11n2,522.8127442668517,-0.09752461320025933,9.505397989907049e-06,-0.1032925636169114,1.0067580832752533e-05,0.9764940580267657,344.8541087962963,-8.6117934774471e-05,8.343105604624484e-07
x11n2,524.7037483995266,-0.09936565472026578,1.0553383549353272e-05,-0.10524249084129474,1.1177547963269853e-05,0.9680595596010146,344.8541087962963,-8.6117934774471e-05,8.343105604624484e-07
x11n2,527.1357986064017,-0.10665858693300588,1.0926670918338145e-05,-0.11296675284878842,1.1572912866989945e-05,0.9519949677128752,344.8541087962963,-8.6117934774471e-05,8.343105604624484e-07
x11n2,528.6614784987629,-0.1126961668078988,1.2896479982996913e-05,-0.1193614165429573,1.365922340386571e-05,0.9613283151502288,344.8541087962963,-8.6117934774471e-05,8.343105604624484e-07
x11n2,530.1991250214612,-0.11402820958934086,1.4518859646245725e-05,-0.12077224104384529,1.5377556336217866e-05,0.9827424125110535,344.8541087962963,-8.6117934774471e-05,8.343105604624484e-07
x11n2,533.0463775655777,-0.10742040319075735,1.503063013477293e-05,-0.11377362561337563,1.591959474076817e-05,0.9639806574455305,344.8541087962963,-8.6117934774471e-05,8.343105604624484e-07
x11n2,534.946654320613,-0.10801464695874048,1.5171566653319883e-05,-0.11440301505870784,1.606886674329397e-05,0.9611937046188258,344.8541087962963,-8.6117934774471e-05,8.343105604624484e-07
x11n2,536.7059041238796,-0.11206458143936021,1.4875886916334001e-05,-0.11869247698279393,1.575569946130608e-05,0.9482574972049903,344.8541087962963,-8.6117934774471e-05,8.343105604624484e-07
x11n2,539.8383297528011,-0.10698256134985676,1.4164451969869088e-05,-0.11330988825804254,1.50021877368748e-05,0.9561472657445398,344.8541087962963,-8.6117934774471e-05,8.343105604624484e-07
x11n2,541.6105872255164,-0.10346903557509679,1.1542394133874133e-05,-0.1095885601471192,1.2225052130342504e-05,0.9564982745116075,344.8541087962963,-8.6117934774471e-05,8.343105604624484e-07
x11n2,542.8360609365453,-0.1015918952621345,1.0568622049377683e-05,-0.10760039911953961,1.1193687722060444e-05,0.9659027572820181,344.8541087962963,-8.6117934774471e-05,8.343105604624484e-07
x11n2,545.1761750876906,-0.1037867378205116,1.1275740869410943e-05,-0.10992505242654366,1.1942628049083518e-05,0.9684471039432032,344.8541087962963,-8.6117934774471e-05,8.343105604624484e-07
x11n2,547.4380646124683,-0.10283236091041052,1.291302311397723e-05,-0.1089142302918411,1.3676744954099378e-05,0.9739503965680182,344.8541087962963,-8.6117934774471e-05,8.343105604624484e-07
x11n2,548.8538025401288,-0.10129151105205549,1.2146202414923595e-05,-0.10728224912528751,1.2864571767858517e-05,0.9719121295567702,344.8541087962963,-8.6117934774471e-05,8.343105604624484e-07
x11n2,550.7819399851877,-0.10133050822042573,1.540202772572371e-05,-0.10732355272406717,1.6312958098300043e-05,0.9552212787460687,344.8541087962963,-8.6117934774471e-05,8.343105604624484e-07
x11n2,552.8259699168198,-0.10510842598478676,1.531466471187533e-05,-0.11132490990159742,1.622042812694636e-05,0.9554975463221128,344.8541087962963,-8.6117934774471e-05,8.343105604624484e-07
x11n2,555.219489967932,-0.11018280347359412,1.1254120225454622e-05,-0.11669940401522765,1.1919728683805223e-05,0.9648718788137812,344.8541087962963,-8.6117934774471e-05,8.343105604624484e-07
x11n2,556.7097807719574,-0.10775697959145673,1.0159143707231116e-05,-0.11413010833235657,1.0759991383075023e-05,0.9746183290043604,344.8541087962963,-8.6117934774471e-05,8.343105604624484e-07
x11n2,558.4222229527145,-0.10627390222197969,1.0991992045888495e-05,-0.11255931652392412,1.164209731696226e-05,0.9749242060718544,344.8541087962963,-8.6117934774471e-05,8.343105604624484e-07
x11n2,560.4876825619885,-0.10409708973470352,1.3879778300461347e-05,-0.11025375965017009,1.470067746021286e-05,0.9833048402400839,344.8541087962963,-8.6117934774471e-05,8.343105604624484e-07
x11n2,563.1505047967946,-0.1055598675135847,1.0912875222913307e-05,-0.11180305127845093,1.1558301245363886e-05,0.9815076197600535,344.8541087962963,-8.6117934774471e-05,8.343105604624484e-07
x11n2,564.8334542592078,-0.1064559337344628,1.2917590981461713e-05,-0.11275211402361617,1.3681582981416293e-05,0.9758863274891907,344.8541087962963,-8.6117934774471e-05,8.343105604624484e-07
x11n2,566.8424253078715,-0.10515810200168511,1.3840828313702358e-05,-0.1113775239337615,1.4659423833531776e-05,0.9687655491722669,344.8541087962963,-8.6117934774471e-05,8.343105604624484e-07
x11n2,569.844523321713,-0.10416506295044975,1.5006708545134992e-05,-0.11032575304221048,1.5894258343745804e-05,0.962964416163793,344.8541087962963,-8.6117934774471e-05,8.343105604624484e-07
x11n2,570.7265487561613,-0.10381059886912859,1.4595315903373085e-05,-0.10995032470193505,1.545853448669791e-05,0.9623500375606475,344.8541087962963,-8.6117934774471e-05,8.343105604624484e-07
x11n2,572.5852843834501,-0.10529111533716132,1.3532575709741575e-05,-0.11151840414815786,1.4332940080765522e-05,0.9712083528688827,344.8541087962963,-8.6117934774471e-05,8.343105604624484e-07
x11n2,575.1034782827143,-0.10771109205949107,1.6055559893504865e-05,-0.11408150684951802,1.700514246900466e-05,0.9766387761099737,344.8541087962963,-8.6117934774471e-05,8.343105604624484e-07
x11n2,576.6301692482184,-0.11144828906066602,1.0978273343278385e-05,-0.11803973489396176,1.1627567241778197e-05,0.9699019568291659,344.8541087962963,-8.6117934774471e-05,8.343105604624484e-07
x11n2,579.4254840602116,-0.10915229219452832,1.1996591719473533e-05,-0.11560794465581163,1.2706112566940561e-05,0.9666076799362923,344.8541087962963,-8.6117934774471e-05,8.343105604624484e-07
x11n2,580.6966264869482,-0.10935488372574403,1.5553754196944004e-05,-0.11582251816643277,1.647365820944747e-05,0.9620625043822192,344.8541087962963,-8.6117934774471e-05,8.343105604624484e-07
x11n2,583.5567537131549,-0.10705259653909673,1.1795978413941081e-05,-0.11338406557597906,1.2493634281263499e-05,0.9865189195910895,344.8541087962963,-8.6117934774471e-05,8.343105604624484e-07
x11n2,585.2919608720313,-0.10908967997614653,1.5842081097400576e-05,-0.11554162932947327,1.677903778215823e-05,0.9859863213940097,344.8541087962963,-8.6117934774471e-05,8.343105604624484e-07
x11n2,585.7848089597237,-0.10938414248992986,1.5698352602706088e-05,-0.11585350739737502,1.6626808676144674e-05,0.9870721545481321,344.8541087962963,-8.6117934774471e-05,8.343105604624484e-07
x11n2,588.9836812995615,-0.1151664612564332,2.3311673674746122e-05,-0.12197781293874495,2.469040847279146e-05,0.9589930941774902,344.8541087962963,-8.6117934774471e-05,8.343105604624484e-07
x11n2,592.2104008431992,-0.11519283939907077,1.9261765023333457e-05,-0.12200575117799631,2.040097390554305e-05,0.9467918380573331,344.8541087962963,-8.6117934774471e-05,8.343105604624484e-07
x11n2,592.8011544876468,-0.11481760074831088,1.9440010450499292e-05,-0.12160831958679841,2.05897613974467e-05,0.9389315993745335,344.8541087962963,-8.6117934774471e-05,8.343105604624484e-07
x11n2,594.9691618111015,-0.11461637655097806,1.5313686769456022e-05,-0.12139519427902012,1.621939234555492e-05,0.954859905120219,344.8541087962963,-8.6117934774471e-05,8.343105604624484e-07
x11n2,597.3995957076635,-0.1110605484981503,1.387148983437478e-05,-0.11762906198374708,1.4691898784938595e-05,0.9667768150315239,344.8541087962963,-8.6117934774471e-05,8.343105604624484e-07
x11n2,599.0348934523563,-0.1114934711660807,1.1473317951701771e-05,-0.11808758922882909,1.2151890538542073e-05,0.9789689244720456,344.8541087962963,-8.6117934774471e-05,8.343105604624484e-07
x11n2,601.0312472634669,-0.10919679526557899,1.1969918088533184e-05,-0.11565507979582199,1.2677861363163495e-05,0.9747702650004623,344.8541087962963,-8.6117934774471e-05,8.343105604624484e-07
x11n2,602.5677752286852,-0.11236312808946816,1.2610770218048143e-05,-0.11900868073728173,1.3356615753309397e-05,0.966684852795294,344.8541087962963,-8.6117934774471e-05,8.343105604624484e-07
x11n2,604.9163364004379,-0.1116812688023603,1.3212967038164144e-05,-0.11828649388126472,1.399442862239513e-05,0.9530025314521179,344.8541087962963,-8.6117934774471e-05,8.343105604624484e-07
x11n2,606.7887296732682,-0.11397619165564761,1.5873149965113165e-05,-0.12071714658564738,1.6811944172549323e-05,0.9542841350803668,344.8541087962963,-8.6117934774471e-05,8.343105604624484e-07
x11n2,608.8054082389483,-0.11151691115540596,1.3259319948756895e-05,-0.11811241554199362,1.4043523007998068e-05,0.9639649370251897,344.8541087962963,-8.6117934774471e-05,8.343105604624484e-07
x11n2,611.6176728304106,-0.1119309823086915,1.4610866730019208e-05,-0.11855097632720636,1.5475005044210828e-05,0.9753779528588088,344.8541087962963,-8.6117934774471e-05,8.343105604624484e-07
x11n2,612.9086388644555,-0.11222367087020296,1.4887033454077006e-05,-0.11886097552502717,1.5767505244699072e-05,0.9752626494872043,344.8541087962963,-8.6117934774471e-05,8.343105604624484e-07
x11n2,614.297121809549,-0.10929320987543906,1.6931798713095155e-05,-0.11575719670657682,1.793320515027143e-05,0.9673003030441574,344.8541087962963,-8.6117934774471e-05,8.343105604624484e-07
x11n2,617.7940378964465,-0.115975786111002,1.3779349853541278e-05,-0.12283500412652884,1.4594309319883634e-05,0.9600878047792731,344.8541087962963,-8.6117934774471e-05,8.343105604624484e-07
x11n2,620.0606716289556,-0.11019792640555327,1.405556037829324e-05,-0.116715421370849,1.4886855911593948e-05,0.9665086366798441,344.8541087962963,-8.6117934774471e-05,8.343105604624484e-07
x11n2,621.2038764690009,-0.11200435938622598,1.135550583868439e-05,-0.11862869318452615,1.2027110600643705e-05,0.9672138456387623,344.8541087962963,-8.6117934774471e-05,8.343105604624484e-07
x11n2,623.0120833911969,-0.10901464273236362,1.0012195918208724e-05,-0.11546215411780371,1.0604352582285405e-05,0.9744866233437062,344.8541087962963,-8.6117934774471e-05,8.343105604624484e-07
x11n2,624.5368633842849,-0.11187119651298168,1.3849005204562876e-05,-0.11848765458816941,1.4668084334626655e-05,0.9703759616422383,344.8541087962963,-8.6117934774471e-05,8.343105604624484e-07
x11n2,627.0138704274204,-0.11468802744389375,1.2386419215411794e-05,-0.12147108285905997,1.3118995839198615e-05,0.9683666047193477,344.8541087962963,-8.6117934774471e-05,8.343105604624484e-07
x11n2,629.1598222238596,-0.11894727892709372,1.6169623193706702e-05,-0.1259822415332857,1.7125951876043888e-05,0.9673222534197412,344.8541087962963,-8.6117934774471e-05,8.343105604624484e-07
x11n2,630.3724648399677,-0.11807444783683917,1.6138521442918487e-05,-0.12505778812651536,1.7093010657755816e-05,0.9590987423318231,344.8541087962963,-8.6117934774471e-05,8.343105604624484e-07
x11n2,633.273293712386,-0.11563954934013321,1.7590592796561407e-05,-0.12247888112428741,1.8630962644957928e-05,0.9535287159253862,344.8541087962963,-8.6117934774471e-05,8.343105604624484e-07
x11n2,636.1126591017438,-0.1125532595427064,1.643113997321418e-05,-0.11921005723686197,1.7402935682467166e-05,0.9695567255539889,344.8541087962963,-8.6117934774471e-05,8.343105604624484e-07
x11n2,637.7043698765443,-0.11165302250896335,1.1729940988051819e-05,-0.11825657700221331,1.242369116853608e-05,0.97832990031959,344.8541087962963,-8.6117934774471e-05,8.343105604624484e-07
x11n2,638.4801505868177,-0.11042351276683941,1.2675274354296603e-05,-0.11695434970708768,1.3424934892225811e-05,0.9782864936885791,344.8541087962963,-8.6117934774471e-05,8.343105604624484e-07
x11n2,640.1092743636465,-0.11150616512145678,1.751446402157445e-05,-0.11810103394960476,1.855033134506986e-05,0.968687798810992,344.8541087962963,-8.6117934774471e-05,8.343105604624484e-07
x11n2,643.2838508897806,-0.11766349989443205,1.4385306487169277e-05,-0.1246225352699143,1.5236104371145044e-05,0.9578783733386754,344.8541087962963,-8.6117934774471e-05,8.343105604624484e-07
x11n2,645.6265026720125,-0.1211465524524313,1.251919278630975e-05,-0.12831158787030164,1.3259622108491884e-05,0.9829073860204018,344.8541087962963,-8.6117934774471e-05,8.343105604624484e-07
x11n2,647.0506219531263,-0.12041654055462175,1.154899304802403e-05,-0.12753840048794557,1.223204132760526e-05,0.9814469624660457,344.8541087962963,-8.6117934774471e-05,8.343105604624484e-07
x11n2,649.2422330893394,-0.11617583377595962,9.443852506447882e-06,-0.12304688331764768,1.0002395331811498e-05,0.9834903976367956,344.8541087962963,-8.6117934774471e-05,8.343105604624484e-07
x11n2,651.1286086148582,-0.11377361024834441,1.0452175009280101e-05,-0.12050258379770275,1.1070353592320482e-05,0.9763544708656687,344.8541087962963,-8.6117934774471e-05,8.343105604624484e-07
x11n2,652.4516073766431,-0.11450463476997993,1.02005516668877e-05,-0.12127684369403792,1.0803848355860873e-05,0.9749155374842697,344.8541087962963,-8.6117934774471e-05,8.343105604624484e-07
x11n2,654.379940806213,-0.11610275412537342,1.5801954837438717e-05,-0.12296948147815741,1.6736538313318418e-05,0.9579613718780733,344.8541087962963,-8.6117934774471e-05,8.343105604624484e-07
x11n2,658.0986133006554,-0.11534087705709316,1.4715135259837577e-05,-0.12216254430649176,1.558544038351733e-05,0.9835442950086825,344.8541087962963,-8.6117934774471e-05,8.343105604624484e-07
x11n2,659.5748468423234,-0.11388718138415387,1.442853227938384e-05,-0.1206228719320074,1.528188668953318e-05,0.978983535977054,344.8541087962963,-8.6117934774471e-05,8.343105604624484e-07
x11n2,660.3631663177032,-0.1153933228569687,1.2506187896746317e-05,-0.12221809193639069,1.324584806378172e-05,0.977831098691336,344.8541087962963,-8.6117934774471e-05,8.343105604624484e-07
x11n2,662.3403110177841,-0.11559686877984325,1.681807865385389e-05,-0.12243367628476752,1.7812759284676692e-05,0.9578414467827292,344.8541087962963,-8.6117934774471e-05,8.343105604624484e-07
x11n2,665.7241430394807,-0.12068888972137527,1.4098504006335537e-05,-0.12782685734729385,1.4932339377623095e-05,0.9774572365008914,344.8541087962963,-8.6117934774471e-05,8.343105604624484e-07
x11n2,667.319302041523,-0.12129341652196728,1.685369349588387e-05,-0.12846713800013843,1.7850480514378304e-05,0.9764430905407941,344.8541087962963,-8.6117934774471e-05,8.343105604624484e-07
x11n2,668.4625552748353,-0.12082286146086146,1.453374637383506e-05,-0.1279687526491017,1.5393323517507898e-05,0.9723903284618057,344.8541087962963,-8.6117934774471e-05,8.343105604624484e-07
x11n2,671.5278778680536,-0.12095750915022044,1.2958113216618821e-05,-0.12811136387884758,1.3724501844824344e-05,0.964182237136502,344.8541087962963,-8.6117934774471e-05,8.343105604624484e-07
x11n2,672.7509472131702,-0.12027906910531373,1.3236435984201261e-05,-0.12739279849110405,1.4019285604873831e-05,0.9576071027677064,344.8541087962963,-8.6117934774471e-05,8.343105604624484e-07
x11n2,674.3988792266418,-0.12126529389957334,1.615152512007045e-05,-0.12843735210643037,1.710678341834821e-05,0.9653792584136691,344.8541087962963,-8.6117934774471e-05,8.343105604624484e-07
x11n2,677.3870997279193,-0.12079860400976208,1.67078797181337e-05,-0.12794306052658366,1.7696042794296774e-05,0.9683987090377928,344.8541087962963,-8.6117934774471e-05,8.343105604624484e-07
x11n2,679.6688109513657,-0.11864526711983471,1.6220850771317752e-05,-0.12566236768000208,1.7180209233706656e-05,0.981533461799817,344.8541087962963,-8.6117934774471e-05,8.343105604624484e-07
x11n2,681.0993630116815,-0.11847377753887409,1.3859920320291527e-05,-0.12548073559893308,1.4679645008889188e-05,0.9793498860729887,344.8541087962963,-8.6117934774471e-05,8.343105604624484e-07
x11n2,683.5267233029014,-0.12185128619375146,1.1147574734274771e-05,-0.1290580020566242,1.1806881715592275e-05,0.9714455081233402,344.8541087962963,-8.6117934774471e-05,8.343105604624484e-07
x11n2,684.901727793691,-0.12256793136598293,1.1779256866091699e-05,-0.1298170321579943,1.2475923761956348e-05,0.9690489882490562,344.8541087962963,-8.6117934774471e-05,8.343105604624484e-07
x11n2,686.5550922543409,-0.12379403698597279,1.1560529729775923e-05,-0.1311156539991678,1.2244260329503155e-05,0.9717245907619113,344.8541087962963,-8.6117934774471e-05,8.343105604624484e-07
x11n2,688.4535572359667,-0.12008677127305306,1.580355972787146e-05,-0.12718912748518685,1.6738238122645342e-05,0.9679169699937372,344.8541087962963,-8.6117934774471e-05,8.343105604624484e-07
x11n2,690.5082639316357,-0.1206384260770988,1.6343220878389244e-05,-0.12777340910468388,1.7309816741541985e-05,0.9759462788691401,344.8541087962963,-8.6117934774471e-05,8.343105604624484e-07
x11n2,693.2968120613983,-0.11774340517890829,2.0731359447990166e-05,-0.12470716643541446,2.1957485340130393e-05,0.9739583770176261,344.8541087962963,-8.6117934774471e-05,8.343105604624484e-07
x11n2,694.4121901440419,-0.11705597729668488,1.9832045483950796e-05,-0.12397908163787937,2.1004982768791135e-05,0.9683077452647935,344.8541087962963,-8.6117934774471e-05,8.343105604624484e-07
x11n2,697.0526600989537,-0.11695737430959748,1.719529571044978e-05,-0.1238746469215311,1.821228629162627e-05,0.9610677910991513,344.8541087962963,-8.6117934774471e-05,8.343105604624484e-07
x11n2,699.4350278628636,-0.11988303643788106,1.9742025517501342e-05,-0.1269733430515714,2.090963870326607e-05,0.9649448921625392,344.8541087962963,-8.6117934774471e-05,8.343105604624484e-07
x11n2,701.3513302144713,-0.11757595024614717,1.4900135105002104e-05,-0.12452980762590371,1.5781381773579923e-05,0.9762516731294744,344.8541087962963,-8.6117934774471e-05,8.343105604624484e-07
x11n2,702.6378167679366,-0.1171791245415435,1.6283539216736006e-05,-0.12410951224617807,1.7246605295417904e-05,0.9816015440862728,344.8541087962963,-8.6117934774471e-05,8.343105604624484e-07
x11n2,703.9128315537506,-0.11703982922226083,2.168427326495521e-05,-0.1239619785092434,2.2966757849196175e-05,0.9791820056834795,344.8541087962963,-8.6117934774471e-05,8.343105604624484e-07
x11n2,706.7772803988238,-0.11997048726444907,2.3973392974101064e-05,-0.1270659660291994,2.5391264190976212e-05,0.9699609524966079,344.8541087962963,-8.6117934774471e-05,8.343105604624484e-07
x11n2,709.2721298644265,-0.11953826191510565,2.721151212737687e-05,-0.12660817734459093,2.882089715913846e-05,0.9672346106284203,344.8541087962963,-8.6117934774471e-05,8.343105604624484e-07
x11n2,711.6599379616641,-0.11945053818597394,1.726019839720562e-05,-0.12651526532397678,1.828102755273612e-05,0.9861914982397413,344.8541087962963,-8.6117934774471e-05,8.343105604624484e-07
x11n2,712.9551811089599,-0.12176354450152004,1.5696853150774328e-05,-0.1289650710105091,1.6625220541324455e-05,0.9885364300078411,344.8541087962963,-8.6117934774471e-05,8.343105604624484e-07
x11n2,714.2015457778514,-0.12206192213282832,1.810397024936894e-05,-0.12928109574982788,1.9174703055337414e-05,0.9776185641374598,344.8541087962963,-8.6117934774471e-05,8.343105604624484e-07
x11n2,717.9390162176159,-0.12060179994357456,2.9513909505489697e-05,-0.1277346167721337,3.125946645817052e-05,0.9624711957507213,344.8541087962963,-8.6117934774471e-05,8.343105604624484e-07
x11n2,720.2093190743026,-0.11892704072885502,1.526104477340641e-05,-0.1259608063764523,1.6163636915746548e-05,0.9694579394997855,344.8541087962963,-8.6117934774471e-05,8.343105604624484e-07
x11n2,721.3857717537009,-0.11988416225042144,1.0590785608468046e-05,-0.12697453544864565,1.1217162112393247e-05,0.9786033597464473,344.8541087962963,-8.6117934774471e-05,8.343105604624484e-07
x11n2,723.1461664031373,-0.121207018482824,9.491045565928397e-06,-0.1283756300755055,1.0052379555677713e-05,0.9858103427660256,344.8541087962963,-8.6117934774471e-05,8.343105604624484e-07
x11n2,724.4575244299184,-0.12193226278470651,1.2798397974517644e-05,-0.12914376788945586,1.3555340478642353e-05,0.9899708305784148,344.8541087962963,-8.6117934774471e-05,8.343105604624484e-07
x11n2,726.1497170827229,-0.12075445463573337,1.4317067260056732e-05,-0.1278963000024876,1.5163829234885668e-05,0.9910750257346356,344.8541087962963,-8.6117934774471e-05,8.343105604624484e-07
x11n2,728.7294163553761,-0.11866371699266524,2.115636839940037e-05,-0.12568190874354015,2.240763082351877e-05,0.9825970238362676,344.8541087962963,-8.6117934774471e-05,8.343105604624484e-07
x11n2,731.0560468487079,-0.12299408640002725,1.528370399082476e-05,-0.13026839150739566,1.6187636279393224e-05,0.9817995317011484,344.8541087962963,-8.6117934774471e-05,8.343105604624484e-07
x11n2,734.2456669907065,-0.12746117695039821,1.817902733377651e-05,-0.13499968158602652,1.9254199281076344e-05,0.9868736106380033,344.8541087962963,-8.6117934774471e-05,8.343105604624484e-07
x11n2,734.9163432289923,-0.12742555435079803,1.5126869910573455e-05,-0.13496195213994455,1.6021526477159064e-05,0.9830584671754057,344.8541087962963,-8.6117934774471e-05,8.343105604624484e-07
x11n2,736.7536020119279,-0.126941591807721,1.584342175957451e-05,-0.13444936634105156,1.6780457735832953e-05,0.9844281557281446,344.8541087962963,-8.6117934774471e-05,8.343105604624484e-07
x11n2,739.0996230638998,-0.12526560245305923,1.4244944835216148e-05,-0.13267425305060268,1.5087441234855825e-05,0.9769736202881498,344.8541087962963,-8.6117934774471e-05,8.343105604624484e-07
x11n2,740.9379035424843,-0.12218558122555198,1.4367202166944477e-05,-0.129412068478484,1.521692929741549e-05,0.9774642447835854,344.8541087962963,-8.6117934774471e-05,8.343105604624484e-07
x11n2,742.7278105557805,-0.12251815686782644,1.765766751015579e-05,-0.1297643138200423,1.8702004394252613e-05,0.9666791458475339,344.8541087962963,-8.6117934774471e-05,8.343105604624484e-07
x11n2,744.615315719558,-0.12109139421367132,2.0935306660031412e-05,-0.12825316737829298,2.2173494711333994e-05,0.9658572967963743,344.8541087962963,-8.6117934774471e-05,8.343105604624484e-07
x11n2,747.2675594161481,-0.12072499993004861,2.1712640762455253e-05,-0.12786510324137343,2.299680310078983e-05,0.9739396620524701,344.8541087962963,-8.6117934774471e-05,8.343105604624484e-07
x11n2,749.4744847456083,-0.11788200928485829,1.736673867195212e-05,-0.12485396807821623,1.839386899599741e-05,0.9862272165885306,344.8541087962963,-8.6117934774471e-05,8.343105604624484e-07
x11n2,750.6498436433337,-0.11792344020245724,1.8238190087078403e-05,-0.12489784936675834,1.931686112877461e-05,0.9811013973081546,344.8541087962963,-8.6117934774471e-05,8.343105604624484e-07
x11n2,752.2524062375139,-0.12056218342524154,1.8388871273635847e-05,-0.1276926571928448,1.9476454133428692e-05,0.9743600337642253,344.8541087962963,-8.6117934774471e-05,8.343105604624484e-07
x11n2,755.3213687043202,-0.1241955565908153,1.7618447183721195e-05,-0.1315409208929874,1.866046443905174e-05,0.9689707681262641,344.8541087962963,-8.6117934774471e-05,8.343105604624484e-07
x11n2,757.2086365178436,-0.12597573509983873,1.8738908998405544e-05,-0.13342638545274096,1.98471943267771e-05,0.9794473736141891,344.8541087962963,-8.6117934774471e-05,8.343105604624484e-07
x11n2,758.9672846674088,-0.126355240272515,1.7653908588615398e-05,-0.13382833590304538,1.8698023156802898e-05,0.9828200285287226,344.8541087962963,-8.6117934774471e-05,8.343105604624484e-07
x11n2,760.0434894355931,-0.12628586666878958,2.005088454164182e-05,-0.13375485929912975,2.12367647420454e-05,0.9813320628479247,344.8541087962963,-8.6117934774471e-05,8.343105604624484e-07
x11n2,761.8702898514849,-0.12678614069791455,2.9369794547541858e-05,-0.13428472130302377,3.110682803210049e-05,0.9723685920687931,344.8541087962963,-8.6117934774471e-05,8.343105604624484e-07
x11n2,764.9489614911658,-0.12479653279876601,2.9988611338966187e-05,-0.13217744095858902,3.176224383635657e-05,0.9557498565850436,344.8541087962963,-8.6117934774471e-05,8.343105604624484e-07
x11n2,766.9138198799939,-0.1256137562707642,3.315806626755263e-05,-0.1330429979159621,3.511915153482338e-05,0.9346622503448114,344.8541087962963,-8.6117934774471e-05,8.343105604624484e-07
x11n2,769.6113421629411,-0.11899365942645238,2.6110761222862592e-05,-0.12603136513935168,2.765504395449728e-05,0.9517621149163478,344.8541087962963,-8.6117934774471e-05,8.343105604624484e-07
x11n2,771.6477866772204,-0.11805884294582793,2.3486350247023206e-05,-0.12504126030707965,2.4875416035110776e-05,0.9691340395989348,344.8541087962963,-8.6117934774471e-05,8.343105604624484e-07
x11n2,772.8992915571442,-0.11838825554674198,1.78790255646406e-05,-0.1253901555338288,1.8936454346676797e-05,0.9791544046592844,344.8541087962963,-8.6117934774471e-05,8.343105604624484e-07
x11n2,774.4055689033119,-0.12434867378994956,1.848206604466522e-05,-0.13170309398461447,1.9575160772700852e-05,0.9709488205475005,344.8541087962963,-8.6117934774471e-05,8.343105604624484e-07
x11n2,777.6694573937563,-0.12450589358984424,1.4871344344247486e-05,-0.13186961231931538,1.5750888225446397e-05,0.9764425604594672,344.8541087962963,-8.6117934774471e-05,8.343105604624484e-07
x11n2,779.1182415269242,-0.1255240174506254,1.4945996691666457e-05,-0.13294795162473452,1.582995577662029e-05,0.975267760483594,344.8541087962963,-8.6117934774471e-05,8.343105604624484e-07
x11n2,779.9763192268975,-0.12358391637033898,1.551317656226037e-05,-0.13089310610745752,1.6430680669989028e-05,0.977081634812268,344.8541087962963,-8.6117934774471e-05,8.343105604624484e-07
x11n2,782.4976519574825,-0.126746629466191,2.4007660751175527e-05,-0.1342428732373667,2.5427558685538376e-05,0.9700799870211227,344.8541087962963,-8.6117934774471e-05,8.343105604624484e-07
x11n2,785.5921974799727,-0.1219945076778939,2.2395879076603088e-05,-0.12920969416568917,2.3720450544381425e-05,0.9679214304366214,344.8541087962963,-8.6117934774471e-05,8.343105604624484e-07
x11n2,786.9537101697201,-0.1220122580776084,2.4976573766179912e-05,-0.12922849438679818,2.645377664177968e-05,0.9747750781598188,344.8541087962963,-8.6117934774471e-05,8.343105604624484e-07
x11n2,788.1238868637447,-0.1219618077964597,2.4843812232626622e-05,-0.12917506029765863,2.63131631217622e-05,0.9726390094408954,344.8541087962963,-8.6117934774471e-05,8.343105604624484e-07
x11n2,792.1372021411794,-0.12377275144244004,2.7114478002593838e-05,-0.13109310955333686,2.8718124093157857e-05,0.9706375062918753,344.8541087962963,-8.6117934774471e-05,8.343105604624484e-07
x11n2,793.5211049627071,-0.12216557107499819,2.306957278774064e-05,-0.12939087485688183,2.4433988883396377e-05,0.9702489406897271,344.8541087962963,-8.6117934774471e-05,8.343105604624484e-07
x11n2,794.9831640465154,-0.12167735924860419,1.7426124385223993e-05,-0.12887378845703343,1.8456766990306544e-05,0.970926093701921,344.8541087962963,-8.6117934774471e-05,8.343105604624484e-07
x11n2,796.6335870360467,-0.12196536924550289,2.1367411196907982e-05,-0.1291788323833895,2.26311554381992e-05,0.9611070299866543,344.8541087962963,-8.6117934774471e-05,8.343105604624484e-07
x11n2,798.8932465805507,-0.12328904725318676,2.0064113405302255e-05,-0.13058079738822614,2.1250776007472512e-05,0.9620136029572094,344.8541087962963,-8.6117934774471e-05,8.343105604624484e-07
x11n2,801.3880699626142,-0.12605724856417597,2.7782959920088786e-05,-0.1335127199115447,2.9426142394628226e-05,0.9617973405340895,344.8541087962963,-8.6117934774471e-05,8.343105604624484e-07
x11n2,802.643544589035,-0.12573505262521628,2.2843620745590222e-05,-0.13317146816565195,2.419467323863429e-05,0.9727227264049122,344.8541087962963,-8.6117934774471e-05,8.343105604624484e-07
x11n2,805.5442866219913,-0.12915341475600536,1.8385932535401944e-05,-0.13679200431825503,1.9473341587825914e-05,0.974282997937028,344.8541087962963,-8.6117934774471e-05,8.343105604624484e-07
x11n2,806.9223675460398,-0.12952076400786858,1.8732670923549888e-05,-0.13718107990361306,1.984058731012017e-05,0.9772537907082524,344.8541087962963,-8.6117934774471e-05,8.343105604624484e-07
x11n2,809.0058738142851,-0.12957697555710418,1.7417943082801498e-05,-0.1372406160026028,1.8448101816734314e-05,0.9818100170743628,344.8541087962963,-8.6117934774471e-05,8.343105604624484e-07
x11n2,811.8843961490559,-0.12573971472235237,1.8129850001840756e-05,-0.13317640599569522,1.9202113427866614e-05,0.9843280894250964,344.8541087962963,-8.6117934774471e-05,8.343105604624484e-07
x11n2,813.0670453047159,-0.12513384597533495,1.5857229799079407e-05,-0.13253470402896925,1.6795082431611607e-05,0.9823021565554078,344.8541087962963,-8.6117934774471e-05,8.343105604624484e-07
x11n2,814.1264510242033,-0.1248845440312322,1.9289586291108918e-05,-0.1322706574865013,2.0430440621455052e-05,0.9780700220265767,344.8541087962963,-8.6117934774471e-05,8.343105604624484e-07
x11n2,817.4137032508759,-0.12717640477538603,2.2110045934454987e-05,-0.13469806697779044,2.3417712219662024e-05,0.9831858920308343,344.8541087962963,-8.6117934774471e-05,8.343105604624484e-07
x11n2,819.3868252431901,-0.1281752127591877,2.664506165869496e-05,-0.1357559479969754,2.8220944807089553e-05,0.9835255116105883,344.8541087962963,-8.6117934774471e-05,8.343105604624484e-07
x11n2,821.8188415103579,-0.13065334612712004,1.8582084355339245e-05,-0.1383806469335682,1.9681094519876433e-05,0.9912620708989776,344.8541087962963,-8.6117934774471e-05,8.343105604624484e-07
x11n2,823.6524237254097,-0.13016712304622613,1.7155926463792677e-05,-0.13786566690065982,1.817058860853443e-05,0.9816729026604297,344.8541087962963,-8.6117934774471e-05,8.343105604624484e-07
x11n2,824.3538910935405,-0.13103283424707962,1.6599330697723167e-05,-0.138782579322598,1.758107380105109e-05,0.9832874146844954,344.8541087962963,-8.6117934774471e-05,8.343105604624484e-07
x11n2,826.2182162009582,-0.1286752645238643,2.3235194746763773e-05,-0.1362855745909158,2.4609406310621905e-05,0.9736855271805865,344.8541087962963,-8.6117934774471e-05,8.343105604624484e-07
x11n2,830.3094480604819,-0.12843122008515354,1.9127113519189147e-05,-0.1360270965012963,2.0258358635391927e-05,0.9912259243962871,344.8541087962963,-8.6117934774471e-05,8.343105604624484e-07
x11n2,831.0748288249348,-0.1270942265274018,1.939054656382884e-05,-0.1346110284176845,2.053737204164217e-05,0.9892818933587514,344.8541087962963,-8.6117934774471e-05,8.343105604624484e-07
x11n2,831.9538215429843,-0.12699039396516856,2.024753852696491e-05,-0.13450105483062746,2.1445049539317996e-05,0.991158709430655,344.8541087962963,-8.6117934774471e-05,8.343105604624484e-07
x11n2,835.8077854474112,-0.12454277848016836,2.5299780288720545e-05,-0.13190867871245746,2.6796098740739213e-05,0.9783070722170409,344.8541087962963,-8.6117934774471e-05,8.343105604624484e-07
x11n2,837.0223517851834,-0.12573994768645153,2.8256986451567856e-05,-0.1331766527381148,2.9928204531069238e-05,0.9713121058227427,344.8541087962963,-8.6117934774471e-05,8.343105604624484e-07
x11n2,838.9894970228416,-0.12960379910509395,2.148601492578174e-05,-0.13726902599005358,2.27567738109144e-05,0.9717392585196671,344.8541087962963,-8.6117934774471e-05,8.343105604624484e-07
x11n2,841.5693774709224,-0.13351000424535076,1.741105978740488e-05,-0.14140625791244185,1.8440811418912492e-05,0.988170556413258,344.8541087962963,-8.6117934774471e-05,8.343105604624484e-07
x11n2,843.0331536517174,-0.1297224929624372,1.5067937630933302e-05,-0.13739473982175462,1.5959108734149716e-05,0.9844796360747003,344.8541087962963,-8.6117934774471e-05,8.343105604624484e-07
x11n2,844.5617321828844,-0.12642914584244863,1.776612210632432e-05,-0.13390661250967328,1.881687337867279e-05,0.9851979589264952,344.8541087962963,-8.6117934774471e-05,8.343105604624484e-07
x11n2,846.3893617369174,-0.12420452042997539,2.3103289353690092e-05,-0.13155041488528652,2.446969956625883e-05,0.9791299739568369,344.8541087962963,-8.6117934774471e-05,8.343105604624484e-07
x11n2,848.7530649736843,-0.12856081885101292,2.645865255293974e-05,-0.1361643601963567,2.802351080778258e-05,0.9731311890912895,344.8541087962963,-8.6117934774471e-05,8.343105604624484e-07
x11n2,851.285411921694,-0.1303925727181545,2.7994799240578135e-05,-0.13810445046324882,2.965051064147559e-05,0.9678693522890499,344.8541087962963,-8.6117934774471e-05,8.343105604624484e-07
x11n2,853.3485753438254,-0.1321889101857143,2.4243300362401585e-05,-0.14000702967947554,2.5677134856461015e-05,0.9777189336732678,344.8541087962963,-8.6117934774471e-05,8.343105604624484e-07
x11n2,855.5644208894009,-0.13172972417648782,2.188064606506035e-05,-0.13952068578624086,2.317474483096292e-05,0.9825491957302868,344.8541087962963,-8.6117934774471e-05,8.343105604624484e-07
x11n2,856.657406258246,-0.1316020035329625,2.013893149632352e-05,-0.13938541129230933,2.1330019104911315e-05,0.9854185362424569,344.8541087962963,-8.6117934774471e-05,8.343105604624484e-07
x11n2,858.0108888230814,-0.13162307902035986,2.5578199654068843e-05,-0.1394077332585424,2.709098481168794e-05,0.985067973072682,344.8541087962963,-8.6117934774471e-05,8.343105604624484e-07
x11n2,859.903647391006,-0.12868209386195056,4.694771529070781e-05,-0.13629280784020117,4.972436915362393e-05,0.9730333185940675,344.8541087962963,-8.6117934774471e-05,8.343105604624484e-07
x11n2,862.9463805176717,-0.12288491160042941,3.539058476601865e-05,-0.13015275972416915,3.7483709070214044e-05,0.9608659978958272,344.8541087962963,-8.6117934774471e-05,8.343105604624484e-07
x17s2,13.957014479559113,-0.03616870877262387,1.0167291730056597e-05,-0.038082639697678965,1.0705311878592869e-05,0.964762920772054,346.89351851851853,-3.73586549995541e-05,1.108359051287272e-06
x17s2,16.037753633107908,-0.02956953251629044,7.508350704845246e-06,-0.031134256407268454,7.905668306103921e-06,0.971671191274408,346.89351851851853,-3.73586549995541e-05,1.108359051287272e-06
x17s2,17.209437131460902,-0.02586677314777191,6.459962050586851e-06,-0.02723555900546273,6.801802319782715e-06,0.9692689182951947,346.89351851851853,-3.73586549995541e-05,1.108359051287272e-06
x17s2,18.25389944420337,-0.026696493499481208,5.891173602100774e-06,-0.028109185470886713,6.202915428794438e-06,0.9572028438902594,346.89351851851853,-3.73586549995541e-05,1.108359051287272e-06
x17s2,19.912300411882768,-0.026986542087025223,8.999311871689887e-06,-0.028414582490274364,9.475526308973855e-06,0.9204739848398543,346.89351851851853,-3.73586549995541e-05,1.108359051287272e-06
x17s2,21.944836507635518,-0.0342733596018194,1.1047831424364189e-05,-0.03608699478741128,1.1632446881631788e-05,0.914868512052151,346.89351851851853,-3.73586549995541e-05,1.108359051287272e-06
x17s2,25.879856601125073,-0.03865419711184474,5.059035455847379e-06,-0.04069965202981328,5.32674322696984e-06,0.9269790517698262,346.89351851851853,-3.73586549995541e-05,1.108359051287272e-06
x17s2,27.112061949503552,-0.04154851498065843,3.913838189088105e-06,-0.04374712782612961,4.120945829917881e-06,0.9461248865351859,346.89351851851853,-3.73586549995541e-05,1.108359051287272e-06
x17s2,28.48336545867637,-0.043757384607952796,4.049715727147111e-06,-0.04607288368001478,4.264013567210882e-06,0.9537026387698021,346.89351851851853,-3.73586549995541e-05,1.108359051287272e-06
x17s2,30.098227275412313,-0.04481944327780807,5.712810216704472e-06,-0.04719114305488382,6.015113630726189e-06,0.934664711804156,346.89351851851853,-3.73586549995541e-05,1.108359051287272e-06
x17s2,32.41948632753929,-0.043572740720127734,6.996543610001597e-06,-0.045878469035670534,7.366778037441657e-06,0.9472442257174026,346.89351851851853,-3.73586549995541e-05,1.108359051287272e-06
x17s2,35.36827990771667,-0.04782583519489149,4.033172395439253e-06,-0.05035662349511897,4.246594815969577e-06,0.9628057335050361,346.89351851851853,-3.73586549995541e-05,1.108359051287272e-06
x17s2,37.558017965731715,-0.05251804475128311,5.95341096642134e-06,-0.055297129584109345,6.268446192860511e-06,0.9584303464051037,346.89351851851853,-3.73586549995541e-05,1.108359051287272e-06
x17s2,38.480371714183775,-0.05513892543190223,7.1428247691425506e-06,-0.05805669878184006,7.520799921749021e-06,0.9499626514772591,346.89351851851853,-3.73586549995541e-05,1.108359051287272e-06
x17s2,40.587125508191605,-0.05421305154847041,7.253836027215847e-06,-0.05708183065121681,7.63768553605636e-06,0.9467150568229019,346.89351851851853,-3.73586549995541e-05,1.108359051287272e-06
x17s2,43.98338353219095,-0.045100039452623586,9.647317411966263e-06,-0.04748658747047585,1.0157822203681703e-05,0.9488369740042054,346.89351851851853,-3.73586549995541e-05,1.108359051287272e-06
x17s2,45.77582923587272,-0.04913166589942873,7.236846888153627e-06,-0.051731554531216625,7.61979738677938e-06,0.9563833945648127,346.89351851851853,-3.73586549995541e-05,1.108359051287272e-06
x17s2,47.168706078379934,-0.05080237726718518,5.992220232763864e-06,-0.05349067453345577,6.309309119882453e-06,0.9473418098954747,346.89351851851853,-3.73586549995541e-05,1.108359051287272e-06
x17s2,48.558463365821126,-0.05325964348519605,6.068335999611547e-06,-0.05607797132113143,6.3894526865880154e-06,0.9376126956804177,346.89351851851853,-3.73586549995541e-05,1.108359051287272e-06
x17s2,50.2527480186335,-0.05262433160547081,7.102409856145384e-06,-0.05540904079437886,7.47824638245184e-06,0.9312726225842276,346.89351851851853,-3.73586549995541e-05,1.108359051287272e-06
x17s2,53.36898058244114,-0.057621280416375514,8.574740772345913e-06,-0.06067041195224185,9.028488282153218e-06,0.9438748643522269,346.89351851851853,-3.73586549995541e-05,1.108359051287272e-06
x17s2,56.13298317860802,-0.06186367170510529,6.997617110341809e-06,-0.06513729684771685,7.367908343943022e-06,0.9698390463183777,346.89351851851853,-3.73586549995541e-05,1.108359051287272e-06
x17s2,57.223104194680225,-0.058257441553154765,5.613455652875908e-06,-0.06134023667598115,5.910501545169318e-06,0.9511629174866776,346.89351851851853,-3.73586549995541e-05,1.108359051287272e-06
x17s2,58.44508996540785,-0.05675572824040578,5.090826734252737e-06,-0.05975905755846966,5.3602167968628355e-06,0.952500323191498,346.89351851851853,-3.73586549995541e-05,1.108359051287272e-06
x17s2,60.55082831600534,-0.0508467628561408,4.780251426722522e-06,-0.053537408864022897,5.03320684994924e-06,0.9585838723295349,346.89351851851853,-3.73586549995541e-05,1.108359051287272e-06
x17s2,63.14850671545364,-0.060294373650807344,4.862419411428489e-06,-0.06348495662302706,5.119722898280228e-06,0.9662491188228,346.89351851851853,-3.73586549995541e-05,1.108359051287272e-06
x17s2,66.06206895752236,-0.06850269882356591,6.512745590270769e-06,-0.07212763977880939,6.857378993431409e-06,0.9822172012186078,346.89351851851853,-3.73586549995541e-05,1.108359051287272e-06
x17s2,67.07537249277223,-0.06863445413251994,6.007772605979383e-06,-0.07226636715198424,6.325684474317519e-06,0.984271335400368,346.89351851851853,-3.73586549995541e-05,1.108359051287272e-06
x17s2,68.22231262601859,-0.06611296304262199,6.066168353515771e-06,-0.06961144692021272,6.387170335681421e-06,0.9627953719295015,346.89351851851853,-3.73586549995541e-05,1.108359051287272e-06
x17s2,71.63671980473778,-0.0590421423376378,7.263503104795898e-06,-0.062166461284490604,7.647864164072222e-06,0.9482642156323688,346.89351851851853,-3.73586549995541e-05,1.108359051287272e-06
x17s2,72.86179776916222,-0.05789369739407654,8.166211442187707e-06,-0.060957244354098876,8.598340902987588e-06,0.9253135467424833,346.89351851851853,-3.73586549995541e-05,1.108359051287272e-06
x17s2,75.89719741254301,-0.060412339129588905,7.764188831031915e-06,-0.06360916445287922,8.175044557320021e-06,0.9558949018115215,346.89351851851853,-3.73586549995541e-05,1.108359051287272e-06
x17s2,77.70669738232904,-0.061049104473989424,7.3451882658163e-06,-0.0642796253569502,7.733871839251973e-06,0.9568120189188267,346.89351851851853,-3.73586549995541e-05,1.108359051287272e-06
x17s2,78.6242552886657,-0.06376461771700545,5.672744766989046e-06,-0.06713883476578399,5.972928047175777e-06,0.9684201742662514,346.89351851851853,-3.73586549995541e-05,1.108359051287272e-06
x17s2,80.15708334541294,-0.0647138776933772,7.5001340184327465e-06,-0.0681383265056427,7.897016819258672e-06,0.9587563570256741,346.89351851851853,-3.73586549995541e-05,1.108359051287272e-06
x17s2,82.83592008609332,-0.06302487474850683,4.070055866895954e-06,-0.0663599469952715,4.285430041277601e-06,0.9621746986207567,346.89351851851853,-3.73586549995541e-05,1.108359051287272e-06
x17s2,86.00750737704341,-0.05850298966315132,5.900987143148197e-06,-0.061598778396677656,6.2132482706500004e-06,0.9818911189556201,346.89351851851853,-3.73586549995541e-05,1.108359051287272e-06
x17s2,87.22075016172437,-0.0600152017661893,6.063126629735691e-06,-0.06319101186645676,6.383967653730432e-06,0.9740034591304465,346.89351851851853,-3.73586549995541e-05,1.108359051287272e-06
x17s2,88.65293257961564,-0.06255383946573873,5.757413866897967e-06,-0.0658639860509281,6.0620775616256475e-06,0.9771398031024131,346.89351851851853,-3.73586549995541e-05,1.108359051287272e-06
x17s2,90.4816161701749,-0.06542862678779515,7.491470768821888e-06,-0.06889089780720829,7.887895138536935e-06,0.977770827641472,346.89351851851853,-3.73586549995541e-05,1.108359051287272e-06
x17s2,92.34881310154904,-0.06525752013940941,5.160049228634072e-06,-0.0687107367491701,5.433102321449058e-06,0.9763076571006055,346.89351851851853,-3.73586549995541e-05,1.108359051287272e-06
x17s2,94.48873779026303,-0.06638971651118264,8.121825740445546e-06,-0.06990284528598063,8.551606453665615e-06,0.962974381866639,346.89351851851853,-3.73586549995541e-05,1.108359051287272e-06
x17s2,97.70933476803606,-0.06750854831317621,9.485827918648686e-06,-0.07108088204326393,9.987787209409833e-06,0.9593315425362551,346.89351851851853,-3.73586549995541e-05,1.108359051287272e-06
x17s2,99.28316474828002,-0.06908787710757623,7.686922770368093e-06,-0.07274378380233446,8.093689826975141e-06,0.9742869707415157,346.89351851851853,-3.73586549995541e-05,1.108359051287272e-06
x17s2,101.0897138583023,-0.06937820211511193,6.0750727537861e-06,-0.07304947186896449,6.39654592797449e-06,0.9748333415444709,346.89351851851853,-3.73586549995541e-05,1.108359051287272e-06
x17s2,103.17950987520926,-0.06872896126830727,5.988670100489954e-06,-0.0723658752993078,6.305571126106773e-06,0.9751051921756269,346.89351851851853,-3.73586549995541e-05,1.108359051287272e-06
x17s2,105.19879062236772,-0.06980956293727289,4.9079927817398835e-06,-0.07350365890874304,5.167707863745497e-06,0.979366795545396,346.89351851851853,-3.73586549995541e-05,1.108359051287272e-06
x17s2,106.92296215312558,-0.06702851913725578,4.649476641851956e-06,-0.07057545127807201,4.895511887016619e-06,0.9816327649286396,346.89351851851853,-3.73586549995541e-05,1.108359051287272e-06
x17s2,109.05322281594194,-0.06777441120018796,3.950647895736016e-06,-0.07136081353317979,4.159703387022345e-06,0.9855016942113068,346.89351851851853,-3.73586549995541e-05,1.108359051287272e-06
x17s2,110.26821349832335,-0.06519239800465576,5.299646782349261e-06,-0.0686421685619628,5.580086925578382e-06,0.977049545841994,346.89351851851853,-3.73586549995541e-05,1.108359051287272e-06
x17s2,111.90777009289536,-0.0668693221479874,6.029622693314538e-06,-0.07040783009973865,6.3486907975064015e-06,0.9714802178120994,346.89351851851853,-3.73586549995541e-05,1.108359051287272e-06
x17s2,114.58419353580933,-0.06579978399108573,7.416087883002491e-06,-0.06928169544759329,7.808523234550021e-06,0.9340110996580625,346.89351851851853,-3.73586549995541e-05,1.108359051287272e-06
x17s2,116.82560827873233,-0.06842930935133781,5.345596629415811e-06,-0.07205036677340476,5.628468289729356e-06,0.9510501502153349,346.89351851851853,-3.73586549995541e-05,1.108359051287272e-06
x17s2,119.73055478803911,-0.06815003262099417,6.917714750057676e-06,-0.07175631162301263,7.283777809540369e-06,0.9540448147072212,346.89351851851853,-3.73586549995541e-05,1.108359051287272e-06
x17s2,121.17779371134935,-0.06626076329958291,6.201344707681245e-06,-0.06976706828807663,6.529499784700238e-06,0.9675187594841606,346.89351851851853,-3.73586549995541e-05,1.108359051287272e-06
x17s2,122.08631692294101,-0.0677692781126214,6.467501511531071e-06,-0.07135540881924425,6.809740744581301e-06,0.9579820813916797,346.89351851851853,-3.73586549995541e-05,1.108359051287272e-06
x17s2,124.33428701855394,-0.0695568191097157,4.873701177521187e-06,-0.07323754069641808,5.131601658895174e-06,0.9604650334293316,346.89351851851853,-3.73586549995541e-05,1.108359051287272e-06
x17s2,127.35364045044551,-0.06985969982770592,5.6285378704383115e-06,-0.07355644888103445,5.9263818648368465e-06,0.9602190013242314,346.89351851851853,-3.73586549995541e-05,1.108359051287272e-06
x17s2,128.95330602382623,-0.06604461209744954,7.204141739421911e-06,-0.06953947906439675,7.585361587502197e-06,0.9578585459465131,346.89351851851853,-3.73586549995541e-05,1.108359051287272e-06
x17s2,130.61422222528464,-0.0685928799727735,7.3341568884445385e-06,-0.0722225930223544,7.722256717118117e-06,0.956294272253105,346.89351851851853,-3.73586549995541e-05,1.108359051287272e-06
x17s2,132.51894055524747,-0.07317271337883322,8.863175340756893e-06,-0.07704477637910112,9.332185873742799e-06,0.9219297934261327,346.89351851851853,-3.73586549995541e-05,1.108359051287272e-06
x17s2,135.47463746874016,-0.07280099497869896,5.336954886015666e-06,-0.07665338784515309,5.619369253257349e-06,0.9692994962285814,346.89351851851853,-3.73586549995541e-05,1.108359051287272e-06
x17s2,137.82111429543372,-0.07371288104709631,3.924380553331121e-06,-0.07761352797087398,4.132046061932035e-06,0.9849021730905955,346.89351851851853,-3.73586549995541e-05,1.108359051287272e-06
x17s2,138.66644046319593,-0.07321781680610487,3.2549165365028515e-06,-0.07709226653366302,3.4271561775928677e-06,0.9934662598109717,346.89351851851853,-3.73586549995541e-05,1.108359051287272e-06
x17s2,139.90684001463654,-0.07490104134357378,4.742573016145295e-06,-0.07886456186202818,4.99353461991708e-06,0.9916859458845559,346.89351851851853,-3.73586549995541e-05,1.108359051287272e-06
x17s2,142.52352135445685,-0.07462882996193539,5.129436652334762e-06,-0.07857794593571155,5.4008698267599815e-06,0.9774476963900287,346.89351851851853,-3.73586549995541e-05,1.108359051287272e-06
x17s2,144.91887549383594,-0.07620437877181511,5.215103820879647e-06,-0.08023686768572356,5.491070224405489e-06,0.9654150356571545,346.89351851851853,-3.73586549995541e-05,1.108359051287272e-06
x17s2,146.32955693773957,-0.07502741533742037,5.593565806517703e-06,-0.07899762315832912,5.88955919256106e-06,0.966931735072811,346.89351851851853,-3.73586549995541e-05,1.108359051287272e-06
x17s2,149.7014059560341,-0.07411537902167006,6.276799190388484e-06,-0.07803732483465198,6.60894707425041e-06,0.9698121327164828,346.89351851851853,-3.73586549995541e-05,1.108359051287272e-06
x17s2,150.9440699882883,-0.07536190755868638,7.142305765752479e-06,-0.07934981562459133,7.5202534543804946e-06,0.9472576394815103,346.89351851851853,-3.73586549995541e-05,1.108359051287272e-06
x17s2,151.81920459794736,-0.0747153280483257,7.895945214117391e-06,-0.07866902122068369,8.313773061465887e-06,0.9382323535187896,346.89351851851853,-3.73586549995541e-05,1.108359051287272e-06
x17s2,154.7836240355916,-0.0750281948864861,7.914604387480041e-06,-0.07899844395860661,8.333419617849568e-06,0.8836977040552677,346.89351851851853,-3.73586549995541e-05,1.108359051287272e-06
x17s2,157.36439332023807,-0.06940108512424277,6.700115374731389e-06,-0.07307356577282506,7.05466378003254e-06,0.9238806332659638,346.89351851851853,-3.73586549995541e-05,1.108359051287272e-06
x17s2,159.68078539322872,-0.0688879577623652,7.691694135717495e-06,-0.07253328537287351,8.098713677525337e-06,0.9220186803293158,346.89351851851853,-3.73586549995541e-05,1.108359051287272e-06
x17s2,161.66495327005754,-0.07414635424765494,6.128022169987868e-06,-0.07806993916927342,6.452297255789119e-06,0.9015918740108405,346.89351851851853,-3.73586549995541e-05,1.108359051287272e-06
x17s2,162.8640771206323,-0.0803199051207476,6.24692200119053e-06,-0.08457017435967731,6.577488880966324e-06,0.8950348878931682,346.89351851851853,-3.73586549995541e-05,1.108359051287272e-06
x17s2,164.64409127146016,-0.0844744061913613,6.0275742385975305e-06,-0.08894451817135232,6.346533945200304e-06,0.9203287998803307,346.89351851851853,-3.73586549995541e-05,1.108359051287272e-06
x17s2,166.63676120379017,-0.07744560972602504,6.4133700127520386e-06,-0.08154378056193222,6.752744782207947e-06,0.9092223088765838,346.89351851851853,-3.73586549995541e-05,1.108359051287272e-06
x17s2,169.25060869636553,-0.07558970707441556,7.020392163716975e-06,-0.07958966955289595,7.391888579378972e-06,0.9231948693179581,346.89351851851853,-3.73586549995541e-05,1.108359051287272e-06
x17s2,171.8102506688219,-0.0696939721940372,6.3714126540241185e-06,-0.07338195147775055,6.708567175947614e-06,0.9419636031106036,346.89351851851853,-3.73586549995541e-05,1.108359051287272e-06
x17s2,173.39408923857152,-0.06990942508988485,4.4360450656820435e-06,-0.07360880544303774,4.670786203097854e-06,0.9668897946084187,346.89351851851853,-3.73586549995541e-05,1.108359051287272e-06
x17s2,174.54442084612296,-0.06732300193241679,4.424838047839973e-06,-0.07088551714898224,4.658986146168865e-06,0.9657138662373539,346.89351851851853,-3.73586549995541e-05,1.108359051287272e-06
x17s2,176.40842145984197,-0.06978117699006142,4.9465877708611095e-06,-0.07347377086914153,5.208345174689591e-06,0.960553655187231,346.89351851851853,-3.73586549995541e-05,1.108359051287272e-06
x17s2,178.34331958800342,-0.0695086269988395,7.0298368500817705e-06,-0.0731867984151189,7.4018330479567476e-06,0.952325024892838,346.89351851851853,-3.73586549995541e-05,1.108359051287272e-06
x17s2,181.63662442318508,-0.07251742026585686,6.5947872245300785e-06,-0.07635480727694899,6.9437620052593255e-06,0.9573077862192845,346.89351851851853,-3.73586549995541e-05,1.108359051287272e-06
x17s2,183.28299742635352,-0.07204131579142739,6.182748884339445e-06,-0.07585350889573961,6.5099199306153315e-06,0.9650829061058005,346.89351851851853,-3.73586549995541e-05,1.108359051287272e-06
x17s2,184.43695815352456,-0.07085611089345456,6.696787467061245e-06,-0.07460558679320696,7.051159770266918e-06,0.9638832391389753,346.89351851851853,-3.73586549995541e-05,1.108359051287272e-06
x17s2,186.779242530164,-0.07146289126723386,7.2255465028623685e-06,-0.07524447601912675,7.607899021698189e-06,0.964934799063705,346.89351851851853,-3.73586549995541e-05,1.108359051287272e-06
x17s2,188.30487062521325,-0.07250534328509227,6.745995624249684e-06,-0.07634209122147725,7.102971863758419e-06,0.939756387041461,346.89351851851853,-3.73586549995541e-05,1.108359051287272e-06
x17s2,189.4630592215114,-0.07508130203187979,9.246706114249436e-06,-0.07905436136213113,9.736011853589331e-06,0.9288054443843194,346.89351851851853,-3.73586549995541e-05,1.108359051287272e-06
x17s2,193.8512163736244,-0.06999757498375365,6.610599252683144e-06,-0.07370161994379026,6.9604107547302645e-06,0.9349859595385286,346.89351851851853,-3.73586549995541e-05,1.108359051287272e-06
x17s2,195.1038621185155,-0.07303582417585128,6.500647263803683e-06,-0.07690064344285405,6.844640462711737e-06,0.949861658984301,346.89351851851853,-3.73586549995541e-05,1.108359051287272e-06
x17s2,196.36052081251097,-0.07450926758978102,5.2533574828671865e-06,-0.07845205671006131,5.531348146289471e-06,0.9495310914586891,346.89351851851853,-3.73586549995541e-05,1.108359051287272e-06
x17s2,199.5162035340135,-0.07603615214568668,5.065803749470717e-06,-0.08005973905139271,5.333869676770579e-06,0.9390336883494153,346.89351851851853,-3.73586549995541e-05,1.108359051287272e-06
x17s2,200.62805791380745,-0.07167512633214249,5.482723537370241e-06,-0.07546794187628354,5.772851509526188e-06,0.9272642072141007,346.89351851851853,-3.73586549995541e-05,1.108359051287272e-06
x17s2,202.90749875234502,-0.06730947726943583,5.673789032557113e-06,-0.07087127680463999,5.974027571895538e-06,0.956723248377874,346.89351851851853,-3.73586549995541e-05,1.108359051287272e-06
x17s2,205.06211229539903,-0.06637189744910144,7.1328038317396e-06,-0.06988408329684646,7.5102487087945124e-06,0.9270351509975047,346.89351851851853,-3.73586549995541e-05,1.108359051287272e-06
x17s2,206.3108851170413,-0.07135886195352453,7.813702236242407e-06,-0.07513494181106599,8.227178051570266e-06,0.94787983651386,346.89351851851853,-3.73586549995541e-05,1.108359051287272e-06
x17s2,208.00973089945614,-0.06840306840106657,1.044250005507818e-05,-0.07202273723703434,1.0995083336830039e-05,0.8746817457711134,346.89351851851853,-3.73586549995541e-05,1.108359051287272e-06
x17s2,210.98879806496157,-0.07247521852012014,1.3474682373016158e-05,-0.07631037235151086,1.418771892240303e-05,0.7803194110992686,346.89351851851853,-3.73586549995541e-05,1.108359051287272e-06
x17s2,214.07253642148865,-0.0700095747073867,1.19205313399697e-05,-0.07371425465393328,1.2551327250271183e-05,0.8163698579837757,346.89351851851853,-3.73586549995541e-05,1.108359051287272e-06
x17s2,215.5754592238362,-0.07477823113514151,9.190200628658023e-06,-0.0787352529351233,9.676516280710353e-06,0.8836470512909551,346.89351851851853,-3.73586549995541e-05,1.108359051287272e-06
x17s2,217.28338049037382,-0.07272547588952422,7.134294202151969e-06,-0.07657387253037039,7.511817944782092e-06,0.9526707291760935,346.89351851851853,-3.73586549995541e-05,1.108359051287272e-06
x17s2,218.91637237619352,-0.07528065070189209,6.665391818629112e-06,-0.07926425891811013,7.0181027658039625e-06,0.9758420725323348,346.89351851851853,-3.73586549995541e-05,1.108359051287272e-06
x17s2,220.8974058134474,-0.07234611690016574,6.138013899472697e-06,-0.07617443909196273,6.462817715237076e-06,0.969562573725164,346.89351851851853,-3.73586549995541e-05,1.108359051287272e-06
x17s2,222.65142349764662,-0.07096663785636191,8.45602531023797e-06,-0.0747219624850167,8.903490782286089e-06,0.9580964074977243,346.89351851851853,-3.73586549995541e-05,1.108359051287272e-06
x17s2,224.49338806783794,-0.07217668054930369,8.899231092275736e-06,-0.07599603671818342,9.370149578854675e-06,0.9358440021991753,346.89351851851853,-3.73586549995541e-05,1.108359051287272e-06
x17s2,226.76146246816774,-0.07876503201481161,1.1000397928026714e-05,-0.08293302240489726,1.1582503358295714e-05,0.8736725862346169,346.89351851851853,-3.73586549995541e-05,1.108359051287272e-06
x17s2,228.99343193327815,-0.07911512329064567,1.101668610221553e-05,-0.08330163937717304,1.1599653449908473e-05,0.890621568000248,346.89351851851853,-3.73586549995541e-05,1.108359051287272e-06
x17s2,231.1917403082513,-0.07506396570335956,1.1898425709441701e-05,-0.07903610765125452,1.2528051861371345e-05,0.9157741057048211,346.89351851851853,-3.73586549995541e-05,1.108359051287272e-06
x17s2,233.19390053870276,-0.0722592043656391,8.83820943888531e-06,-0.0760829274276012,9.30589885720372e-06,0.9571671492865911,346.89351851851853,-3.73586549995541e-05,1.108359051287272e-06
x17s2,234.85421284616442,-0.07255102357038297,9.490240883082131e-06,-0.07639018875951625,9.99243369362839e-06,0.9600987404884217,346.89351851851853,-3.73586549995541e-05,1.108359051287272e-06
x17s2,237.3793960982283,-0.06909703742089074,7.069133538314256e-06,-0.07275342884976116,7.443209189656407e-06,0.9600821637797162,346.89351851851853,-3.73586549995541e-05,1.108359051287272e-06
x17s2,239.050160599804,-0.06963239610911613,8.665561744186546e-06,-0.07331711698584804,9.124115205672748e-06,0.9351952979987433,346.89351851851853,-3.73586549995541e-05,1.108359051287272e-06
x17s2,240.18332814405005,-0.0693797251628784,9.541207853242043e-06,-0.0730510755114859,1.0046097670777372e-05,0.9186175851354662,346.89351851851853,-3.73586549995541e-05,1.108359051287272e-06
x17s2,243.3761463895411,-0.07582423189822941,1.0466211084605002e-05,-0.07983660467080718,1.102004907724415e-05,0.9165549072182007,346.89351851851853,-3.73586549995541e-05,1.108359051287272e-06
x17s2,245.6834248890479,-0.0751926580225584,1.2851108995843326e-05,-0.07917160995117674,1.353114806173929e-05,0.9623339341487993,346.89351851851853,-3.73586549995541e-05,1.108359051287272e-06
x17s2,247.71526847939833,-0.06923212545408115,8.145263344774687e-06,-0.07289566530414497,8.576284300106156e-06,0.9776710481152524,346.89351851851853,-3.73586549995541e-05,1.108359051287272e-06
x17s2,248.5750933240819,-0.06712409127513044,9.752443846434047e-06,-0.07067608078394401,1.0268511588578089e-05,0.9804183895227087,346.89351851851853,-3.73586549995541e-05,1.108359051287272e-06
x17s2,250.21447551185554,-0.06737382073462635,9.304990715415133e-06,-0.07093902511761283,9.797380687076585e-06,0.9806850166599993,346.89351851851853,-3.73586549995541e-05,1.108359051287272e-06
x17s2,253.86141504583966,-0.07101483174910231,1.0459295782613515e-05,-0.07477270664247057,1.101276783986855e-05,0.9582396911035451,346.89351851851853,-3.73586549995541e-05,1.108359051287272e-06
x17s2,255.7804069871637,-0.07062863596835016,8.30285646956117e-06,-0.07436607463181168,8.742216742643822e-06,0.967755527767495,346.89351851851853,-3.73586549995541e-05,1.108359051287272e-06
x17s2,256.8863528307035,-0.07101336370649729,8.176084790822808e-06,-0.07477116091580559,8.608736717254663e-06,0.9523599225718824,346.89351851851853,-3.73586549995541e-05,1.108359051287272e-06
x17s2,257.7747375840586,-0.07070111634640477,8.943669000796003e-06,-0.07444239043672354,9.416938997568363e-06,0.9555155513751823,346.89351851851853,-3.73586549995541e-05,1.108359051287272e-06
x17s2,260.53300380620686,-0.0725416001656429,8.912444126338676e-06,-0.07638026669871786,9.384061803885859e-06,0.9354308141338229,346.89351851851853,-3.73586549995541e-05,1.108359051287272e-06
x17s2,263.8237370292903,-0.07441719229001309,7.794145548602003e-06,-0.07835510908364308,8.20658648736012e-06,0.966866526708051,346.89351851851853,-3.73586549995541e-05,1.108359051287272e-06
x17s2,265.5237048752594,-0.07536864367887976,6.37046187853307e-06,-0.07935690819844839,6.707566088496951e-06,0.9707893779186545,346.89351851851853,-3.73586549995541e-05,1.108359051287272e-06
x17s2,267.05924154576167,-0.07671048770922137,5.218696052207014e-06,-0.08076975826891204,5.4948525449801835e-06,0.9703742144654031,346.89351851851853,-3.73586549995541e-05,1.108359051287272e-06
x17s2,268.750650328737,-0.07562694496561853,7.140777011750365e-06,-0.07962887795269533,7.518643803667916e-06,0.9515900458370338,346.89351851851853,-3.73586549995541e-05,1.108359051287272e-06
x17s2,270.89514638534064,-0.07434783492740134,7.241036266589872e-06,-0.0782820815540365,7.624208453553916e-06,0.9535912758666693,346.89351851851853,-3.73586549995541e-05,1.108359051287272e-06
x17s2,272.96223540411245,-0.06944755748714639,9.651520070094713e-06,-0.07312249730265888,1.0162247252866744e-05,0.9570155360418965,346.89351851851853,-3.73586549995541e-05,1.108359051287272e-06
x17s2,274.59993510015437,-0.06728069531987717,8.287387432944071e-06,-0.07084097180752964,8.725929134710053e-06,0.9712045520882128,346.89351851851853,-3.73586549995541e-05,1.108359051287272e-06
x17s2,276.8309976457227,-0.06555808062755743,7.721542636534488e-06,-0.06902720192489577,8.13014166433226e-06,0.9456067138018149,346.89351851851853,-3.73586549995541e-05,1.108359051287272e-06
x17s2,278.7011234866452,-0.06811503238680361,8.108752186992599e-06,-0.07171945928978744,8.537841090106555e-06,0.9422634564213608,346.89351851851853,-3.73586549995541e-05,1.108359051287272e-06
x17s2,281.48495796077265,-0.07563933665147236,8.60388332024877e-06,-0.07964192536643036,9.059172959304227e-06,0.9313073811136837,346.89351851851853,-3.73586549995541e-05,1.108359051287272e-06
x17s2,283.19762601245753,-0.07766122473740336,9.26121543444418e-06,-0.0817708052213789,9.751288960016002e-06,0.9641433696924265,346.89351851851853,-3.73586549995541e-05,1.108359051287272e-06
x17s2,285.9865724733147,-0.07472909795338362,7.352066106339516e-06,-0.0786835197845193,7.741113632819733e-06,0.9798911086512793,346.89351851851853,-3.73586549995541e-05,1.108359051287272e-06
x17s2,287.3553191450262,-0.07461449208675122,6.887906261206468e-06,-0.07856284934661013,7.25239195200287e-06,0.9842205892872311,346.89351851851853,-3.73586549995541e-05,1.108359051287272e-06
x17s2,288.3327517834677,-0.07489553170954799,6.284576840348894e-06,-0.07885876067601434,6.617136292256478e-06,0.9813474740714855,346.89351851851853,-3.73586549995541e-05,1.108359051287272e-06
x17s2,290.3099661491852,-0.07707799601606749,9.110883582414225e-06,-0.08115671392507078,9.593002033271334e-06,0.9466334646018326,346.89351851851853,-3.73586549995541e-05,1.108359051287272e-06
x17s2,293.00745343844704,-0.07397066112583234,9.75827291593771e-06,-0.07788494893647875,1.02746491135607e-05,0.93723229815004,346.89351851851853,-3.73586549995541e-05,1.108359051287272e-06
x17s2,295.15788418174924,-0.07064237976851166,1.4111821395374202e-05,-0.07438054570936432,1.4858573278258781e-05,0.9028014422780374,346.89351851851853,-3.73586549995541e-05,1.108359051287272e-06
x17s2,295.82931188293213,-0.07148814289373644,1.4593390010632473e-05,-0.07527106387991889,1.536562494493238e-05,0.9276886679774737,346.89351851851853,-3.73586549995541e-05,1.108359051287272e-06
x17s2,299.9033994131632,-0.07211337898999394,1.3824664211115815e-05,-0.07592938544537604,1.4556220665853954e-05,0.9191864974516026,346.89351851851853,-3.73586549995541e-05,1.108359051287272e-06
x17s2,302.018989452826,-0.07610130919815547,1.3994728919255433e-05,-0.08012834400404753,1.473528464754285e-05,0.9458929389435697,346.89351851851853,-3.73586549995541e-05,1.108359051287272e-06
x17s2,302.8944038321141,-0.07731587419540957,1.1680474556869722e-05,-0.08140717984722394,1.229856743970532e-05,0.9358390424110364,346.89351851851853,-3.73586549995541e-05,1.108359051287272e-06
x17s2,305.2908805774371,-0.07732669107142259,1.0576036170898279e-05,-0.08141856911728187,1.1135685751402644e-05,0.9521927982821349,346.89351851851853,-3.73586549995541e-05,1.108359051287272e-06
x17s2,306.5752267301407,-0.07614745865980244,1.3157956218066904e-05,-0.080176935545736,1.3854232645146342e-05,0.9113735140502061,346.89351851851853,-3.73586549995541e-05,1.108359051287272e-06
x17s2,308.62793221977824,-0.0761241751576251,1.1310037866387628e-05,-0.08015241995603403,1.1908528439333043e-05,0.9415134171356934,346.89351851851853,-3.73586549995541e-05,1.108359051287272e-06
x17s2,311.68658331649016,-0.08430584985143605,1.0182221345059369e-05,-0.0887670423758384,1.0721031520467559e-05,0.8894678619244094,346.89351851851853,-3.73586549995541e-05,1.108359051287272e-06
x17s2,313.0295675531765,-0.07693707304721692,8.292038331924077e-06,-0.08100833376912986,8.730826144200751e-06,0.9472309576640717,346.89351851851853,-3.73586549995541e-05,1.108359051287272e-06
x17s2,314.4882977903002,-0.07420023773346421,9.52030541585713e-06,-0.07812667399463391,1.0024089144104852e-05,0.9317803077670647,346.89351851851853,-3.73586549995541e-05,1.108359051287272e-06
x17s2,317.6604717541045,-0.06989244578568549,1.0673283855558729e-05,-0.07359092764905271,1.1238079468569583e-05,0.9645819508397366,346.89351851851853,-3.73586549995541e-05,1.108359051287272e-06
x17s2,319.49923483103873,-0.07049264077066379,9.636739709310449e-06,-0.07422288300872491,1.01466847632604e-05,0.965596153882145,346.89351851851853,-3.73586549995541e-05,1.108359051287272e-06
x17s2,320.40917612116874,-0.06972306329821772,9.79407608477718e-06,-0.07341258198894404,1.0312346870135873e-05,0.973710169199936,346.89351851851853,-3.73586549995541e-05,1.108359051287272e-06
x17s2,323.84605363075553,-0.07185457580494534,8.722451067108587e-06,-0.07565688723398627,9.184014927310719e-06,0.9741111885294008,346.89351851851853,-3.73586549995541e-05,1.108359051287272e-06
x17s2,325.4850489553724,-0.07415919646930422,8.701013805525835e-06,-0.07808346095969901,9.161443275275997e-06,0.9647995261404951,346.89351851851853,-3.73586549995541e-05,1.108359051287272e-06
x17s2,327.0502331068886,-0.07459860567288065,6.3241714196514794e-06,-0.07854612227517044,6.658826088456856e-06,0.9669633154983314,346.89351851851853,-3.73586549995541e-05,1.108359051287272e-06
x17s2,328.9815232759152,-0.07719874889265212,7.240515023847986e-06,-0.08128385665278992,7.62365962833433e-06,0.9567467523980142,346.89351851851853,-3.73586549995541e-05,1.108359051287272e-06
x17s2,329.82051030522854,-0.07730529890376156,8.544027655363747e-06,-0.08139604494539317,8.99614992649398e-06,0.970420029759663,346.89351851851853,-3.73586549995541e-05,1.108359051287272e-06
x17s2,333.1988133083606,-0.0817091077487912,9.945161706487522e-06,-0.08603288909144834,1.0471427453611105e-05,0.9574800934550435,346.89351851851853,-3.73586549995541e-05,1.108359051287272e-06
x17s2,335.65324523968076,-0.08079430196860554,1.1503738725578025e-05,-0.08506967475224766,1.2112479320633567e-05,0.9413394991134241,346.89351851851853,-3.73586549995541e-05,1.108359051287272e-06
x17s2,336.87529446476003,-0.08157639761512288,9.138687415119801e-06,-0.08589315636732779,9.622277154752653e-06,0.9526426013885604,346.89351851851853,-3.73586549995541e-05,1.108359051287272e-06
x17s2,338.4999407972423,-0.08286255189903671,1.2211795406558901e-05,-0.08724736977035062,1.28580040679184e-05,0.9508212700632133,346.89351851851853,-3.73586549995541e-05,1.108359051287272e-06
x17s2,340.3755818436563,-0.08275740324796635,1.4888961842501542e-05,-0.08713665699322101,1.567683748084609e-05,0.942292270413692,346.89351851851853,-3.73586549995541e-05,1.108359051287272e-06
x17s2,343.0610465297319,-0.08738010999727618,1.5042452809709791e-05,-0.09200398241168448,1.583845069291255e-05,0.923290325131017,346.89351851851853,-3.73586549995541e-05,1.108359051287272e-06
x17s2,345.9373343270003,-0.08237754454360184,1.3890968841771164e-05,-0.08673669739650768,1.4626033922816188e-05,0.9387704320814922,346.89351851851853,-3.73586549995541e-05,1.108359051287272e-06
x17s2,346.9111736967365,-0.07742784917169696,1.3335687450819925e-05,-0.08152508017659196,1.4041368839100843e-05,0.9234413288803976,346.89351851851853,-3.73586549995541e-05,1.108359051287272e-06
x17s2,348.9658671562316,-0.07902022793642259,1.1601214230766606e-05,-0.0832017224681515,1.2215112913853124e-05,0.9198840483808464,346.89351851851853,-3.73586549995541e-05,1.108359051287272e-06
x17s2,351.9982646035194,-0.07369148549130994,9.698625366978567e-06,-0.0775910002315713,1.0211845209497083e-05,0.9479746875335521,346.89351851851853,-3.73586549995541e-05,1.108359051287272e-06
x17s2,352.8202259948114,-0.07428733829606311,8.991465498336337e-06,-0.07821838363690431,9.467264730955262e-06,0.9713201766742875,346.89351851851853,-3.73586549995541e-05,1.108359051287272e-06
x17s2,354.5373862144255,-0.07380999515731453,8.155096908072715e-06,-0.07771578104527181,8.586638223724977e-06,0.977344834480541,346.89351851851853,-3.73586549995541e-05,1.108359051287272e-06
x17s2,357.93570299326564,-0.07562224217575872,8.542576185210331e-06,-0.07962392630642752,8.994621649241067e-06,0.9787355483952643,346.89351851851853,-3.73586549995541e-05,1.108359051287272e-06
x17s2,359.0714037216936,-0.0733167727670609,7.63594894486833e-06,-0.07719645892357435,8.040018631723925e-06,0.9770720870420014,346.89351851851853,-3.73586549995541e-05,1.108359051287272e-06
x17s2,360.64901535525445,-0.07167878405116962,8.11960901470675e-06,-0.07547179314995497,8.549272425980253e-06,0.9820912678299221,346.89351851851853,-3.73586549995541e-05,1.108359051287272e-06
x17s2,363.29770505823575,-0.07455261678728635,7.120852730011241e-06,-0.07849769980669927,7.497665193469909e-06,0.9777655498383122,346.89351851851853,-3.73586549995541e-05,1.108359051287272e-06
x17s2,365.20842241254263,-0.07960796529619604,6.189222624370895e-06,-0.08382056098544076,6.5167362400021015e-06,0.9851712453955589,346.89351851851853,-3.73586549995541e-05,1.108359051287272e-06
x17s2,367.1180543821872,-0.0766650913953505,5.606672599346435e-06,-0.08072195972914067,5.903359554416016e-06,0.9883994592054822,346.89351851851853,-3.73586549995541e-05,1.108359051287272e-06
x17s2,369.1318874089417,-0.07665151311653363,6.346259589976033e-06,-0.08070766293178615,6.682083093215833e-06,0.9794809229431295,346.89351851851853,-3.73586549995541e-05,1.108359051287272e-06
x17s2,370.1101828067549,-0.07585018486744653,7.798720048550755e-06,-0.0798639309870988,8.211403055030271e-06,0.9667394112592009,346.89351851851853,-3.73586549995541e-05,1.108359051287272e-06
x17s2,372.2425223221514,-0.0787720768861865,1.419745792849034e-05,-0.08294044006804838,1.4948741419347876e-05,0.9245826878781429,346.89351851851853,-3.73586549995541e-05,1.108359051287272e-06
x17s2,375.78650297427833,-0.07805592767052943,1.1153656137081621e-05,-0.08218639455536239,1.174387149540121e-05,0.9287481063774438,346.89351851851853,-3.73586549995541e-05,1.108359051287272e-06
x17s2,377.60356456320966,-0.08560475524045832,1.043407721473469e-05,-0.09013468163115373,1.0986214787055459e-05,0.9331489862521851,346.89351851851853,-3.73586549995541e-05,1.108359051287272e-06
x17s2,378.2522930741502,-0.0866133949871375,1.1455930689183723e-05,-0.09119669532644538,1.206214143779392e-05,0.9468193350650486,346.89351851851853,-3.73586549995541e-05,1.108359051287272e-06
x17s2,380.5506119936607,-0.0889127368427374,1.4020606085693989e-05,-0.09361771090593661,1.4762531149818381e-05,0.9285679934278245,346.89351851851853,-3.73586549995541e-05,1.108359051287272e-06
x17s2,384.26069653779786,-0.08031118223519862,1.2207576431151723e-05,-0.08456098988727676,1.285356183799709e-05,0.9504608100833633,346.89351851851853,-3.73586549995541e-05,1.108359051287272e-06
x17s2,385.2337811513774,-0.07775256714098937,8.967322769093578e-06,-0.08186698116912297,9.441844446674434e-06,0.9736895104739549,346.89351851851853,-3.73586549995541e-05,1.108359051287272e-06
x17s2,386.1112825872182,-0.0772719360283455,9.792066700870266e-06,-0.08136091661466575,1.0310231156140596e-05,0.9694893522693501,346.89351851851853,-3.73586549995541e-05,1.108359051287272e-06
x17s2,388.77803797056504,-0.0821217462533699,1.3742397366631673e-05,-0.08646736308923601,1.446960052640552e-05,0.9346589019064253,346.89351851851853,-3.73586549995541e-05,1.108359051287272e-06
x17s2,391.36030252180905,-0.08740725860213501,1.3541367330204353e-05,-0.09203256763278356,1.4257932631546426e-05,0.8874181924224284,346.89351851851853,-3.73586549995541e-05,1.108359051287272e-06
x17s2,393.17810554401916,-0.08429289884667956,1.278276336000103e-05,-0.08875340604585591,1.3459185796206024e-05,0.9177140891354272,346.89351851851853,-3.73586549995541e-05,1.108359051287272e-06
x17s2,394.4858322705302,-0.08322279065028898,1.5850815229281253e-05,-0.08762667118957812,1.6689589033604013e-05,0.8979555756371957,346.89351851851853,-3.73586549995541e-05,1.108359051287272e-06
x17s2,395.9059062539874,-0.08017374205179731,2.3738485841052446e-05,-0.08441627681451103,2.4994649627567317e-05,0.9065523739274822,346.89351851851853,-3.73586549995541e-05,1.108359051287272e-06
x17s2,400.6123331970036,-0.08235736706400934,1.6307024823181164e-05,-0.08671545219004595,1.716993976164175e-05,0.9459111024872585,346.89351851851853,-3.73586549995541e-05,1.108359051287272e-06
x17s2,402.31045345580446,-0.08254715763008703,9.57249861445161e-06,-0.0869152858581869,1.0079044237725651e-05,0.9644906250703632,346.89351851851853,-3.73586549995541e-05,1.108359051287272e-06
x17s2,403.473260624523,-0.08109692408205194,6.5855765366397976e-06,-0.08538831064780533,6.934063917597461e-06,0.9718007620048527,346.89351851851853,-3.73586549995541e-05,1.108359051287272e-06
x17s2,404.5535427541071,-0.08124161317863339,7.089438293279872e-06,-0.0855406562227589,7.464588406491774e-06,0.9620063930920653,346.89351851851853,-3.73586549995541e-05,1.108359051287272e-06
x17s2,405.8471810535073,-0.07813137880514498,8.927590722627504e-06,-0.08226583831965072,9.400009908993505e-06,0.9633047581371557,346.89351851851853,-3.73586549995541e-05,1.108359051287272e-06
x17s2,408.79532169221454,-0.0810491747066988,8.866215200563444e-06,-0.08533803453015915,9.335386593084818e-06,0.922002017558684,346.89351851851853,-3.73586549995541e-05,1.108359051287272e-06
x17s2,410.2618865398807,-0.0794575514632986,1.164398769613102e-05,-0.0836621877396666,1.2260149812469948e-05,0.9218309630706525,346.89351851851853,-3.73586549995541e-05,1.108359051287272e-06
x17s2,412.4873677342126,-0.0829751010367949,1.2462443254523091e-05,-0.0873658746439549,1.3121915388198757e-05,0.9433230721088995,346.89351851851853,-3.73586549995541e-05,1.108359051287272e-06
x17s2,415.29521640901794,-0.08188170173538885,1.652668008801169e-05,-0.08621461619281943,1.7401218471667767e-05,0.9628840924860832,346.89351851851853,-3.73586549995541e-05,1.108359051287272e-06
x17s2,417.008469361816,-0.07919841504576537,1.1991536124653152e-05,-0.0833893386622084,1.2626089378189829e-05,0.9639871242780896,346.89351851851853,-3.73586549995541e-05,1.108359051287272e-06
x17s2,418.50219621287044,-0.07852190248391351,1.5211638722918071e-05,-0.08267702724667181,1.6016589376688574e-05,0.954016611263141,346.89351851851853,-3.73586549995541e-05,1.108359051287272e-06
x17s2,419.55473529966457,-0.08050080276762742,1.8313767384985525e-05,-0.08476064452413881,1.92828726403802e-05,0.9357988792714665,346.89351851851853,-3.73586549995541e-05,1.108359051287272e-06
x17s2,423.89553820790246,-0.08573519255654066,1.6611830397274242e-05,-0.09027202126754286,1.7490874659511726e-05,0.9488415696701631,346.89351851851853,-3.73586549995541e-05,1.108359051287272e-06
x17s2,425.6367085379954,-0.08418138441175352,1.212889646467071e-05,-0.08863599062820646,1.277071838251853e-05,0.9396436676871013,346.89351851851853,-3.73586549995541e-05,1.108359051287272e-06
x17s2,427.22247542210346,-0.08262898689122661,1.1035918210342966e-05,-0.08700144525879741,1.1619903258909075e-05,0.9528367882212513,346.89351851851853,-3.73586549995541e-05,1.108359051287272e-06
x17s2,428.69186728926826,-0.08209588146894437,1.24862387452038e-05,-0.08644012962418952,1.3146970059177468e-05,0.9440412993094446,346.89351851851853,-3.73586549995541e-05,1.108359051287272e-06
x17s2,430.37341213256127,-0.08180467910420332,1.5135680818857428e-05,-0.08613351777345242,1.5936612026357458e-05,0.9675526941115755,346.89351851851853,-3.73586549995541e-05,1.108359051287272e-06
x17s2,432.2811818555049,-0.08088397101112635,2.2568353101043713e-05,-0.08516408879007863,2.3762597252782533e-05,0.9265317142707545,346.89351851851853,-3.73586549995541e-05,1.108359051287272e-06
x17s2,435.3600474641032,-0.08379977423598475,1.6827416503504398e-05,-0.08823418687789482,1.771786888424343e-05,0.9416497486957947,346.89351851851853,-3.73586549995541e-05,1.108359051287272e-06
x17s2,437.51398534710046,-0.08560290859768789,1.3839937151433401e-05,-0.09013273727002881,1.457230180070716e-05,0.9441998395842425,346.89351851851853,-3.73586549995541e-05,1.108359051287272e-06
x17s2,439.3281971998091,-0.08514832294096694,1.0567955255188348e-05,-0.08965409641266593,1.112717721980581e-05,0.9393760717592122,346.89351851851853,-3.73586549995541e-05,1.108359051287272e-06
x17s2,441.0440767901101,-0.08454136411502086,9.008588993764066e-06,-0.08901501929146867,9.48529434630146e-06,0.9223716607204415,346.89351851851853,-3.73586549995541e-05,1.108359051287272e-06
x17s2,442.64247405242065,-0.08006181085579842,1.0430675243586348e-05,-0.08429842258214257,1.098263279461225e-05,0.894680478229255,346.89351851851853,-3.73586549995541e-05,1.108359051287272e-06
x17s2,444.2844016757641,-0.07966035866123318,1.2825845765790134e-05,-0.08387572683766406,1.3504547983374218e-05,0.9007521933742668,346.89351851851853,-3.73586549995541e-05,1.108359051287272e-06
x17s2,447.7906852566047,-0.08037568241704347,1.2116918209834074e-05,-0.08462890320984168,1.2758106277231104e-05,0.9330609170175432,346.89351851851853,-3.73586549995541e-05,1.108359051287272e-06
x17s2,449.69724020017713,-0.08102173896610777,8.804622507335051e-06,-0.0853091469790349,9.270534614017157e-06,0.9615452408223296,346.89351851851853,-3.73586549995541e-05,1.108359051287272e-06
x17s2,450.3495064682398,-0.07986705394791035,8.883212943274826e-06,-0.08409335976946762,9.353283801288207e-06,0.9651320798062933,346.89351851851853,-3.73586549995541e-05,1.108359051287272e-06
x17s2,452.40820768528147,-0.0772825354004591,1.121183501785567e-05,-0.08137207687122235,1.18051290141161e-05,0.972018641998864,346.89351851851853,-3.73586549995541e-05,1.108359051287272e-06
x17s2,455.5063622342106,-0.08038779273544559,1.0871517996538597e-05,-0.08464165436707075,1.1446803518249489e-05,0.9361071607219579,346.89351851851853,-3.73586549995541e-05,1.108359051287272e-06
x17s2,457.67807841148067,-0.08648842148463826,8.747676128706562e-06,-0.09106510863095797,9.210574817469544e-06,0.9574580586019279,346.89351851851853,-3.73586549995541e-05,1.108359051287272e-06
x17s2,458.77095701642975,-0.08792219420122363,9.009319095176383e-06,-0.09257475195600284,9.486063082315867e-06,0.9583126601007534,346.89351851851853,-3.73586549995541e-05,1.108359051287272e-06
x17s2,461.12858881362035,-0.09041129880854429,8.693154280449249e-06,-0.09519557191743241,9.153167849587784e-06,0.9739056907087058,346.89351851851853,-3.73586549995541e-05,1.108359051287272e-06
x17s2,463.2639698137798,-0.08737689718075231,1.0916081515884371e-05,-0.09200059958331584,1.1493725194706742e-05,0.9652644166655521,346.89351851851853,-3.73586549995541e-05,1.108359051287272e-06
x17s2,464.5813714685909,-0.0874783070889507,1.1014015652680981e-05,-0.09210737577540974,1.1596841688833606e-05,0.9671097370001752,346.89351851851853,-3.73586549995541e-05,1.108359051287272e-06
x17s2,467.91554357812043,-0.07874436760553635,1.1150783816725677e-05,-0.08291126450201103,1.1740847181154899e-05,0.976900163869254,346.89351851851853,-3.73586549995541e-05,1.108359051287272e-06
x17s2,469.21190423902385,-0.07806436981677012,1.2273026364391702e-05,-0.08219528343263972,1.2922475169724925e-05,0.9580730725150917,346.89351851851853,-3.73586549995541e-05,1.108359051287272e-06
x17s2,469.9661859436283,-0.0784173950384888,1.3558462407357301e-05,-0.08256698960571388,1.4275932324814783e-05,0.9462980076664985,346.89351851851853,-3.73586549995541e-05,1.108359051287272e-06
x17s2,473.4553673236856,-0.08460018631547311,1.3723015949362969e-05,-0.08907695417225554,1.4449193507307478e-05,0.9226704254124053,346.89351851851853,-3.73586549995541e-05,1.108359051287272e-06
x17s2,475.74832465805093,-0.08009657072980408,9.961062662063699e-06,-0.08433502183610035,1.0488169836256368e-05,0.9410108591371028,346.89351851851853,-3.73586549995541e-05,1.108359051287272e-06
x17s2,477.518205263039,-0.08197416305265942,1.3667587997029774e-05,-0.0863119702635363,1.4390832487256828e-05,0.9586164882924876,346.89351851851853,-3.73586549995541e-05,1.108359051287272e-06
x17s2,479.35369523646773,-0.07957466349416858,1.1874016454414718e-05,-0.08378549695990786,1.2502350947625015e-05,0.9546797979664168,346.89351851851853,-3.73586549995541e-05,1.108359051287272e-06
x17s2,480.57101075828,-0.08404455822964345,1.3355335939830309e-05,-0.08849192404769168,1.4062057062512142e-05,0.9527635822744563,346.89351851851853,-3.73586549995541e-05,1.108359051287272e-06
x17s2,481.4706976435254,-0.08314989392887792,1.745520050032833e-05,-0.08754991700976784,1.8378873176912854e-05,0.9492831163242745,346.89351851851853,-3.73586549995541e-05,1.108359051287272e-06
x17s2,484.6765582355664,-0.09181526814653278,1.9555465347798986e-05,-0.0966738347656122,2.0590277237775137e-05,0.9528225107480341,346.89351851851853,-3.73586549995541e-05,1.108359051287272e-06
x17s2,488.5749897508597,-0.08170930810033483,1.43068401086664e-05,-0.08603310004494677,1.5063911750231911e-05,0.9617037631948929,346.89351851851853,-3.73586549995541e-05,1.108359051287272e-06
x17s2,489.2941282584754,-0.08136753971580515,1.2445911246416418e-05,-0.08567324638442701,1.3104508559766937e-05,0.9509214775216569,346.89351851851853,-3.73586549995541e-05,1.108359051287272e-06
x17s2,489.92391426568355,-0.08097382147948248,1.2157575369145109e-05,-0.08525869385421253,1.2800914881732495e-05,0.9557937448525143,346.89351851851853,-3.73586549995541e-05,1.108359051287272e-06
x17s2,492.82145028329074,-0.08797976003549304,1.5985021441403998e-05,-0.0926353639877776,1.6830897003805296e-05,0.9556463115373873,346.89351851851853,-3.73586549995541e-05,1.108359051287272e-06
x17s2,495.98692094602836,-0.08715771238175823,1.1518550737650047e-05,-0.09176981623465459,1.2128075136411305e-05,0.9776504268504704,346.89351851851853,-3.73586549995541e-05,1.108359051287272e-06
x17s2,496.9257952649015,-0.08709834030183664,1.096203794542084e-05,-0.09170730237655779,1.1542113489650626e-05,0.967644274540998,346.89351851851853,-3.73586549995541e-05,1.108359051287272e-06
x17s2,497.8777548581862,-0.08466353046057251,1.3863992170787558e-05,-0.08914365028435461,1.4597629733776157e-05,0.9610132468029209,346.89351851851853,-3.73586549995541e-05,1.108359051287272e-06
x17s2,501.0251112106998,-0.08702025800434901,1.442766826338389e-05,-0.09162508821678002,1.5191133739558898e-05,0.9285114527935991,346.89351851851853,-3.73586549995541e-05,1.108359051287272e-06
x17s2,503.883985653038,-0.08444840415709887,1.2161065700263873e-05,-0.0889171401936521,1.2804589909869583e-05,0.9611490972967387,346.89351851851853,-3.73586549995541e-05,1.108359051287272e-06
x17s2,504.54327606684774,-0.08508699386617456,1.180642439764867e-05,-0.08958952200186811,1.2431182138132022e-05,0.9622519169809771,346.89351851851853,-3.73586549995541e-05,1.108359051287272e-06
x17s2,506.2346884542025,-0.0834288822611568,1.2274214576539865e-05,-0.08784366850100368,1.292372625821159e-05,0.9560761084006876,346.89351851851853,-3.73586549995541e-05,1.108359051287272e-06
x17s2,509.83335397005624,-0.08817922321044008,1.2508705409918215e-05,-0.09284538210792163,1.3170625587023552e-05,0.9320586950684402,346.89351851851853,-3.73586549995541e-05,1.108359051287272e-06
x17s2,511.4444277022078,-0.08685335340380168,8.38986423036951e-06,-0.09144935156534226,8.833828672353456e-06,0.9446908780840555,346.89351851851853,-3.73586549995541e-05,1.108359051287272e-06
x17s2,512.4066588937925,-0.08663745716625773,8.703895017000181e-06,-0.09122203079815208,9.1644769511299e-06,0.947907706322934,346.89351851851853,-3.73586549995541e-05,1.108359051287272e-06
x17s2,514.4026193759057,-0.08145913795849302,1.00680155130959e-05,-0.08576969170944958,1.0600782285766364e-05,0.9411173934313815,346.89351851851853,-3.73586549995541e-05,1.108359051287272e-06
x17s2,517.6284037576206,-0.08219817631145958,1.1386492139517057e-05,-0.08654783757845816,1.1989028424976425e-05,0.9476587651346208,346.89351851851853,-3.73586549995541e-05,1.108359051287272e-06
x17s2,519.5856667184431,-0.07986024247109902,7.64826256171388e-06,-0.08408618785136443,8.052983845291608e-06,0.9690849982433024,346.89351851851853,-3.73586549995541e-05,1.108359051287272e-06
x17s2,521.0255429921249,-0.08190423497626013,7.1539645049485605e-06,-0.08623834181981699,7.532529136294515e-06,0.9812889051074577,346.89351851851853,-3.73586549995541e-05,1.108359051287272e-06
x17s2,522.0960441620122,-0.07936937284002903,8.545226744319484e-06,-0.08356934298924648,8.997412467353646e-06,0.9810511469758451,346.89351851851853,-3.73586549995541e-05,1.108359051287272e-06
x17s2,525.1857515702847,-0.08337254906516635,1.0429883479788555e-05,-0.08778435433473333,1.0981799133238643e-05,0.9778000728011909,346.89351851851853,-3.73586549995541e-05,1.108359051287272e-06
x17s2,527.512401865347,-0.08665349793551788,9.834480902435762e-06,-0.09123892039296863,1.0354889779881849e-05,0.976040017104456,346.89351851851853,-3.73586549995541e-05,1.108359051287272e-06
x17s2,528.2158856078775,-0.08721157401536957,1.0337072323510031e-05,-0.09182652805146961,1.0884076711166575e-05,0.9769728898965027,346.89351851851853,-3.73586549995541e-05,1.108359051287272e-06
x17s2,530.8880590652005,-0.08901723282220324,9.833046328577848e-06,-0.09372773647419426,1.035337929302167e-05,0.9724836699314987,346.89351851851853,-3.73586549995541e-05,1.108359051287272e-06
x17s2,533.5226257662662,-0.08687125747907493,1.4865670422989716e-05,-0.09146820306629125,1.5652313554849933e-05,0.9537968842694663,346.89351851851853,-3.73586549995541e-05,1.108359051287272e-06
x17s2,535.205560708625,-0.0869862694129599,1.3433297989585462e-05,-0.09158930105921682,1.41441446114369e-05,0.9610706869025155,346.89351851851853,-3.73586549995541e-05,1.108359051287272e-06
x17s2,536.6967295145441,-0.0860621630616279,1.550404833355551e-05,-0.09061629399276744,1.6324472356864877e-05,0.9526103036903185,346.89351851851853,-3.73586549995541e-05,1.108359051287272e-06
x17s2,538.0845818976841,-0.08765243101184032,1.621464432330168e-05,-0.09229071377234623,1.707267078491055e-05,0.947763965521299,346.89351851851853,-3.73586549995541e-05,1.108359051287272e-06
x17s2,540.6958528273753,-0.0915472040989207,1.4726486132505893e-05,-0.09639158563680618,1.55057640825037e-05,0.937391184392459,346.89351851851853,-3.73586549995541e-05,1.108359051287272e-06
x17s2,543.1063702417622,-0.0925956283850139,1.4337060736373977e-05,-0.09749548914048346,1.5095731555679224e-05,0.9436930159863134,346.89351851851853,-3.73586549995541e-05,1.108359051287272e-06
x17s2,545.1684931306695,-0.08980246386602651,1.4336419695446882e-05,-0.09455451940165084,1.5095056592942469e-05,0.9622788771082629,346.89351851851853,-3.73586549995541e-05,1.108359051287272e-06
x17s2,545.947082561724,-0.08922377498830072,1.588243322229962e-05,-0.093945208182773,1.6722880148408576e-05,0.962402937230731,346.89351851851853,-3.73586549995541e-05,1.108359051287272e-06
x17s2,547.9699314308813,-0.08909625518317939,2.076410135695031e-05,-0.09381094044257568,2.1862870350001168e-05,0.967498555448752,346.89351851851853,-3.73586549995541e-05,1.108359051287272e-06
x17s2,552.5832457777002,-0.08805305761447932,2.0509367745038285e-05,-0.09271254023724766,2.159465706037783e-05,0.9695916469675342,346.89351851851853,-3.73586549995541e-05,1.108359051287272e-06
x17s2,553.2519627129722,-0.08478359105038004,1.7339170931934295e-05,-0.0892700640917226,1.82567036995559e-05,0.9576942075351651,346.89351851851853,-3.73586549995541e-05,1.108359051287272e-06
x17s2,554.6318564673239,-0.08402582992606956,1.5864779820717277e-05,-0.08847220470294989,1.670429258599032e-05,0.9658077751936831,346.89351851851853,-3.73586549995541e-05,1.108359051287272e-06
x17s2,558.0271107302999,-0.08712742409909735,1.5053035127845057e-05,-0.09173792519417297,1.5849592993049524e-05,0.9542682306486646,346.89351851851853,-3.73586549995541e-05,1.108359051287272e-06
x17s2,560.1834896522732,-0.0872972183324527,9.79500483855712e-06,-0.09191670438842801,1.03133247705578e-05,0.9783651080225123,346.89351851851853,-3.73586549995541e-05,1.108359051287272e-06
x17s2,560.8159088414033,-0.08838556805674398,9.804463159443405e-06,-0.09306264605518237,1.0323283595151783e-05,0.9657262815484575,346.89351851851853,-3.73586549995541e-05,1.108359051287272e-06
x17s2,562.3126139126806,-0.08682089521910186,1.0826467262315289e-05,-0.09141517579863366,1.1399368845081375e-05,0.9696571393473181,346.89351851851853,-3.73586549995541e-05,1.108359051287272e-06
x17s2,564.9855280580052,-0.08911602905351185,1.3048222800911417e-05,-0.09383176068208256,1.3738692490959513e-05,0.9368501888944406,346.89351851851853,-3.73586549995541e-05,1.108359051287272e-06
x17s2,566.8705306978277,-0.08440585978878218,1.2092978862439688e-05,-0.08887234451515676,1.2732900137107351e-05,0.9606374982654958,346.89351851851853,-3.73586549995541e-05,1.108359051287272e-06
x17s2,569.2732493593048,-0.08697522143805114,1.2569462520442645e-05,-0.09157766846125809,1.3234597767056842e-05,0.9534885529812362,346.89351851851853,-3.73586549995541e-05,1.108359051287272e-06
x17s2,571.0826787359364,-0.087646614563562,1.1728422356835395e-05,-0.09228458953646332,1.2349052481951871e-05,0.9613559397148029,346.89351851851853,-3.73586549995541e-05,1.108359051287272e-06
x17s2,572.8300364877487,-0.08858845255617691,1.3716513242321465e-05,-0.0932762665452231,1.4442346698070302e-05,0.9415940135972989,346.89351851851853,-3.73586549995541e-05,1.108359051287272e-06
x17s2,574.7245967156896,-0.07975340521868678,1.7802369324505027e-05,-0.08397369711757896,1.8744413050854803e-05,0.9097441982535185,346.89351851851853,-3.73586549995541e-05,1.108359051287272e-06
x17s2,577.4366521519586,-0.0801172246921363,1.3730268338410444e-05,-0.08435676873922514,1.4456829669294311e-05,0.91546687377154,346.89351851851853,-3.73586549995541e-05,1.108359051287272e-06
x17s2,578.9784068292212,-0.08163751249717559,1.398462797022806e-05,-0.08595750525099989,1.4724649189007896e-05,0.9260670408506699,346.89351851851853,-3.73586549995541e-05,1.108359051287272e-06
x17s2,581.3979832003122,-0.08431466934957618,1.4406138523968916e-05,-0.08877632857325553,1.5168464716064588e-05,0.9630126106526823,346.89351851851853,-3.73586549995541e-05,1.108359051287272e-06
x17s2,583.7181824697218,-0.07821100153413184,1.3732400303242614e-05,-0.0823496744255735,1.4459074450800393e-05,0.9552144190026002,346.89351851851853,-3.73586549995541e-05,1.108359051287272e-06
x17s2,585.2360817778622,-0.08228278795439753,9.242924607996585e-06,-0.08663692659550025,9.73203024227312e-06,0.9531306750321131,346.89351851851853,-3.73586549995541e-05,1.108359051287272e-06
x17s2,586.2829456908798,-0.08139755273424618,1.0671695396638942e-05,-0.08570484759459779,1.1236406953548461e-05,0.9477942911138028,346.89351851851853,-3.73586549995541e-05,1.108359051287272e-06
x17s2,588.204415439322,-0.08730638873633043,1.260672097333752e-05,-0.09192636006037785,1.3273827816606257e-05,0.9691863803866336,346.89351851851853,-3.73586549995541e-05,1.108359051287272e-06
x17s2,591.3578396948657,-0.08539999153955019,1.2876549722346877e-05,-0.0899190824983821,1.3557935029092e-05,0.9726416805752165,346.89351851851853,-3.73586549995541e-05,1.108359051287272e-06
x17s2,593.2194639527797,-0.08841005061035773,1.0879223964979968e-05,-0.09308842414623927,1.1454917261582693e-05,0.9815217348009283,346.89351851851853,-3.73586549995541e-05,1.108359051287272e-06
x17s2,594.3535253241255,-0.08818007213708222,1.1442837397725357e-05,-0.09284627595701216,1.2048355291758122e-05,0.9770721704672531,346.89351851851853,-3.73586549995541e-05,1.108359051287272e-06
x17s2,596.1003798602076,-0.0895966990053056,1.579502411535235e-05,-0.09433786613093169,1.663084563462222e-05,0.9688015356091859,346.89351851851853,-3.73586549995541e-05,1.108359051287272e-06
x17s2,599.1176481413029,-0.0926248388166035,1.5338099016427484e-05,-0.09752624529350606,1.6149741539350985e-05,0.9635114017945029,346.89351851851853,-3.73586549995541e-05,1.108359051287272e-06
x17s2,601.5967336265394,-0.0908075349904835,1.9720286830143995e-05,-0.09561277563479033,2.0763820539142123e-05,0.9455136149584579,346.89351851851853,-3.73586549995541e-05,1.108359051287272e-06
x17s2,602.382292403927,-0.08959685030052703,2.1530815874008824e-05,-0.0943380254322062,2.2670156916067903e-05,0.9415836828707654,346.89351851851853,-3.73586549995541e-05,1.108359051287272e-06
x17s2,604.0265716469978,-0.08801929677816733,2.3969192866702027e-05,-0.09267699288682263,2.5237564921800503e-05,0.9413828954301252,346.89351851851853,-3.73586549995541e-05,1.108359051287272e-06
x17s2,608.1769880565826,-0.08497968796444133,1.664220476290801e-05,-0.08947653781935745,1.7522856338198352e-05,0.9574748559934285,346.89351851851853,-3.73586549995541e-05,1.108359051287272e-06
x17s2,609.2754247368413,-0.0882905242105106,1.4262828841323754e-05,-0.09296257279643427,1.5017571549165159e-05,0.9546786446387899,346.89351851851853,-3.73586549995541e-05,1.108359051287272e-06
x17s2,611.0400146515196,-0.0861745165984541,1.3072395304059009e-05,-0.0907345929148719,1.3764144124683785e-05,0.9612638474991255,346.89351851851853,-3.73586549995541e-05,1.108359051287272e-06
x17s2,614.0582289413362,-0.08739033714306385,1.4073899250315735e-05,-0.09201475074490356,1.4818644416106041e-05,0.9513364967090799,346.89351851851853,-3.73586549995541e-05,1.108359051287272e-06
x17s2,614.7914038183086,-0.08834375393136998,1.4593281960102336e-05,-0.09301861926172113,1.536551117671814e-05,0.9365367475947992,346.89351851851853,-3.73586549995541e-05,1.108359051287272e-06
x17s2,616.555515233595,-0.09321238613447531,1.3582578751874089e-05,-0.09814488371249176,1.4301324828175396e-05,0.9400961438593762,346.89351851851853,-3.73586549995541e-05,1.108359051287272e-06
x17s2,618.9703372966467,-0.09932631262835326,1.530963329898236e-05,-0.10458233939464429,1.6119769508333413e-05,0.9523113957632878,346.89351851851853,-3.73586549995541e-05,1.108359051287272e-06
x17s2,620.8344655233819,-0.09253115981495724,1.644643932427323e-05,-0.09742760910250017,1.7316731626596005e-05,0.9420576030681452,346.89351851851853,-3.73586549995541e-05,1.108359051287272e-06
x17s2,623.9242629635806,-0.0885008471093577,1.7795940039389634e-05,-0.09318402530189467,1.873764354879427e-05,0.9373455628509627,346.89351851851853,-3.73586549995541e-05,1.108359051287272e-06
x17s2,624.544878908815,-0.08865795841315537,1.7336153828872622e-05,-0.09334945042703731,1.8253526941171994e-05,0.9431452376658489,346.89351851851853,-3.73586549995541e-05,1.108359051287272e-06
x17s2,625.646938039288,-0.08905287019287693,1.8580184992997305e-05,-0.09376525965910171,1.9563388205334773e-05,0.9475374591875289,346.89351851851853,-3.73586549995541e-05,1.108359051287272e-06
x17s2,629.2716532585953,-0.08279515141332479,1.5004382529670973e-05,-0.08717640266923148,1.5798365856956076e-05,0.9371100960884107,346.89351851851853,-3.73586549995541e-05,1.108359051287272e-06
x17s2,631.1773827963132,-0.08281948740540898,1.3161352554357127e-05,-0.08720202644319737,1.3857808704552991e-05,0.9340724677073169,346.89351851851853,-3.73586549995541e-05,1.108359051287272e-06
x17s2,632.7650351486433,-0.08390754716241168,1.2382525393447004e-05,-0.08834766279853337,1.3037768532752444e-05,0.9389362883946843,346.89351851851853,-3.73586549995541e-05,1.108359051287272e-06
x17s2,635.093956032647,-0.08560122283250234,1.244529993274773e-05,-0.09013096229960949,1.3103864897358824e-05,0.9583799603607421,346.89351851851853,-3.73586549995541e-05,1.108359051287272e-06
x17s2,637.0925126101621,-0.08762171220472993,1.3236433170631825e-05,-0.09225836942545561,1.3936862343869892e-05,0.9622505717028215,346.89351851851853,-3.73586549995541e-05,1.108359051287272e-06
x17s2,638.1768135290782,-0.08771435359354146,1.6254061989216678e-05,-0.09235591309651615,1.7114174306039856e-05,0.9495504958704271,346.89351851851853,-3.73586549995541e-05,1.108359051287272e-06
x17s2,640.8731083659831,-0.08958141744091139,1.7558157580949165e-05,-0.09432177591564365,1.8487278412782813e-05,0.9540767937254931,346.89351851851853,-3.73586549995541e-05,1.108359051287272e-06
x17s2,643.9114319376777,-0.08327683694044921,1.5929455550602797e-05,-0.08768357743436854,1.677239074602967e-05,0.9695529217534726,346.89351851851853,-3.73586549995541e-05,1.108359051287272e-06
x17s2,644.9152459570064,-0.08513540597278857,1.4466289408251577e-05,-0.08964049592036703,1.5231798590326841e-05,0.9601486158699107,346.89351851851853,-3.73586549995541e-05,1.108359051287272e-06
x17s2,647.3336984277671,-0.08776081293166288,1.091771918649613e-05,-0.0924048309123385,1.149544952554319e-05,0.9602096647391165,346.89351851851853,-3.73586549995541e-05,1.108359051287272e-06
x17s2,649.4728562473746,-0.08916183017393384,1.1242247391821406e-05,-0.09387998544945662,1.1837150712412523e-05,0.9570770046036008,346.89351851851853,-3.73586549995541e-05,1.108359051287272e-06
x17s2,651.024451552877,-0.09091347402860414,9.462414668500202e-06,-0.09572432062369303,9.963135005894313e-06,0.951451414531656,346.89351851851853,-3.73586549995541e-05,1.108359051287272e-06
x17s2,652.5255117012233,-0.09304288298537074,1.4014346646068355e-05,-0.09796641100572326,1.4755940480920828e-05,0.9305904091093126,346.89351851851853,-3.73586549995541e-05,1.108359051287272e-06
x17s2,653.8606802491802,-0.09810987843627288,2.1127350255637952e-05,-0.10330153544490535,2.2245341203917047e-05,0.9292277986418338,346.89351851851853,-3.73586549995541e-05,1.108359051287272e-06
x17s2,656.1714894832319,-0.09870751236662052,4.4600894484028486e-05,-0.10393079422723057,4.696102936677312e-05,0.92583551292747,346.89351851851853,-3.73586549995541e-05,1.108359051287272e-06
x17s2,659.5676675263367,-0.09260331384892287,2.8705938257930246e-05,-0.09750358129425082,3.0224963537764398e-05,0.9399941031508694,346.89351851851853,-3.73586549995541e-05,1.108359051287272e-06
x17s2,661.9684334178564,-0.09388193003288092,2.329014966995804e-05,-0.09884985770548262,2.4522588958369518e-05,0.9475553707973717,346.89351851851853,-3.73586549995541e-05,1.108359051287272e-06
x17s2,663.7951864277617,-0.0896261331207453,1.602764129914087e-05,-0.09436885780442925,1.6875772166376433e-05,0.9698818170835612,346.89351851851853,-3.73586549995541e-05,1.108359051287272e-06
x17s2,664.6790567139562,-0.0887486636545329,1.7417482751496245e-05,-0.09344495549601248,1.8339159526972797e-05,0.9653054225174991,346.89351851851853,-3.73586549995541e-05,1.108359051287272e-06
x17s2,666.0169650083958,-0.08807615725888684,2.176934076105058e-05,-0.09273686224002213,2.292130376759765e-05,0.9633429407064952,346.89351851851853,-3.73586549995541e-05,1.108359051287272e-06
x17s2,668.753523515859,-0.09317221681208587,2.5980276752398452e-05,-0.09810258875966184,2.7355068853230705e-05,0.8868970078988132,346.89351851851853,-3.73586549995541e-05,1.108359051287272e-06
x17s2,672.1403185493918,-0.09074852620539217,2.1399363664746066e-05,-0.0955506442959096,2.2531748681638297e-05,0.9540712246872255,346.89351851851853,-3.73586549995541e-05,1.108359051287272e-06
x17s2,673.891017236914,-0.08817632584390007,1.3822660893848476e-05,-0.0928423314221283,1.4554111339525173e-05,0.9687987803450169,346.89351851851853,-3.73586549995541e-05,1.108359051287272e-06
x17s2,674.834601015697,-0.08807563993397939,1.0871488322451187e-05,-0.09273631753995609,1.1446772273905482e-05,0.9645182689616101,346.89351851851853,-3.73586549995541e-05,1.108359051287272e-06
x17s2,676.164043624766,-0.08694564183717818,1.5923934560070878e-05,-0.09154652360370931,1.676657760256018e-05,0.9448330802566937,346.89351851851853,-3.73586549995541e-05,1.108359051287272e-06
x17s2,678.3513132884137,-0.0898446578846855,2.2823470908148076e-05,-0.0945989461911193,2.4031215067963463e-05,0.925152769630694,346.89351851851853,-3.73586549995541e-05,1.108359051287272e-06
x17s2,682.1733233743233,-0.09395459660178664,2.3271646535721094e-05,-0.09892636955386239,2.4503106698196694e-05,0.9478546771392333,346.89351851851853,-3.73586549995541e-05,1.108359051287272e-06
x17s2,682.8989946588205,-0.09563130056194159,2.2438762357048977e-05,-0.10069179925708098,2.3626148986334023e-05,0.9501562040542728,346.89351851851853,-3.73586549995541e-05,1.108359051287272e-06
x17s2,684.7296784597795,-0.09578523493475741,2.0497911417666867e-05,-0.10085387933834362,2.158259450126666e-05,0.9635213414903475,346.89351851851853,-3.73586549995541e-05,1.108359051287272e-06
x17s2,687.0669800019916,-0.09762652805734819,2.2628146768751728e-05,-0.10279260772940288,2.3825555007725965e-05,0.9314499449537035,346.89351851851853,-3.73586549995541e-05,1.108359051287272e-06
x17s2,688.2905832956163,-0.09552165471075048,2.252081647164909e-05,-0.10057635130256573,2.3712545138921955e-05,0.9147553080060132,346.89351851851853,-3.73586549995541e-05,1.108359051287272e-06
x17s2,691.8290103321045,-0.09198038577315334,2.2952305715184714e-05,-0.09684768988225065,2.4166867395718384e-05,0.9262350048830904,346.89351851851853,-3.73586549995541e-05,1.108359051287272e-06
x17s2,693.3236556051311,-0.08746410793782966,2.1057796364791082e-05,-0.09209242525119958,2.217210674643766e-05,0.914454554489645,346.89351851851853,-3.73586549995541e-05,1.108359051287272e-06
x17s2,694.719932682972,-0.08530155630858212,1.705112058313977e-05,-0.08981543839380317,1.7953410659240465e-05,0.9302756297582614,346.89351851851853,-3.73586549995541e-05,1.108359051287272e-06
x17s2,696.6544735975801,-0.08314290526833144,2.3874083284195725e-05,-0.08754255853194011,2.513742244822882e-05,0.8983285692710232,346.89351851851853,-3.73586549995541e-05,1.108359051287272e-06
x17s2,699.6756459413127,-0.0869810247708093,1.708053146601394e-05,-0.09158377888758996,1.7984377870780387e-05,0.9600090871484148,346.89351851851853,-3.73586549995541e-05,1.108359051287272e-06
x17s2,701.4156122318901,-0.0911159518000911,1.8496200394044265e-05,-0.0959375128630622,1.9474959413414407e-05,0.9496890986686887,346.89351851851853,-3.73586549995541e-05,1.108359051287272e-06
x17s2,702.7495105681047,-0.0919039797889744,1.4786259958607e-05,-0.0967672407408526,1.5568700945886648e-05,0.9557634800447443,346.89351851851853,-3.73586549995541e-05,1.108359051287272e-06
x17s2,705.2304960287996,-0.09149331679224058,1.7677058742518954e-05,-0.09633484678838672,1.8612471438725864e-05,0.9461967238074784,346.89351851851853,-3.73586549995541e-05,1.108359051287272e-06
x17s2,706.5529675430726,-0.08866405697505057,1.6339240362536702e-05,-0.093355871705076,1.7203860043000316e-05,0.960305231705337,346.89351851851853,-3.73586549995541e-05,1.108359051287272e-06
x17s2,709.2360286051108,-0.08269397524410023,1.25774753247507e-05,-0.08706987258482088,1.3243034583017013e-05,0.970456628493209,346.89351851851853,-3.73586549995541e-05,1.108359051287272e-06
x17s2,711.0735578164335,-0.08413803030839764,1.290601356215561e-05,-0.08859034236611624,1.3588957999875945e-05,0.955542348869014,346.89351851851853,-3.73586549995541e-05,1.108359051287272e-06
x17s2,712.8890071143404,-0.08577079815730404,1.2847010501655319e-05,-0.09030951100137923,1.3526832688513054e-05,0.9513929388509956,346.89351851851853,-3.73586549995541e-05,1.108359051287272e-06
x17s2,715.6766690257863,-0.09216706761304087,1.930128602103013e-05,-0.09704425032048002,2.0322647564269524e-05,0.9576303257115966,346.89351851851853,-3.73586549995541e-05,1.108359051287272e-06
x17s2,717.5499145184492,-0.09295519602741456,1.3217358696035992e-05,-0.09787408393795251,1.3916778509856844e-05,0.9721915259194683,346.89351851851853,-3.73586549995541e-05,1.108359051287272e-06
x17s2,718.3439587070861,-0.09355706843355305,1.5186075412493509e-05,-0.09850780548247987,1.598967333867078e-05,0.972862767616607,346.89351851851853,-3.73586549995541e-05,1.108359051287272e-06
x17s2,719.7737364396194,-0.09320851251301464,1.7701934650953216e-05,-0.09814080511152927,1.863866369966639e-05,0.9635076949995206,346.89351851851853,-3.73586549995541e-05,1.108359051287272e-06
x17s2,723.1610573376257,-0.09214843568296584,2.4802018576440815e-05,-0.09702463244901048,2.611446107074326e-05,0.9210595493236274,346.89351851851853,-3.73586549995541e-05,1.108359051287272e-06
x17s2,724.5092427507574,-0.09109087139230934,2.3502917648987908e-05,-0.09591110528133104,2.474661592973684e-05,0.9273396863435004,346.89351851851853,-3.73586549995541e-05,1.108359051287272e-06
x17s2,727.1165984447689,-0.09204026977484833,2.4967036503369907e-05,-0.09691074275136308,2.6288211211905475e-05,0.9282699117276308,346.89351851851853,-3.73586549995541e-05,1.108359051287272e-06
x17s2,729.8491784674509,-0.08954622473667592,1.7561597615694202e-05,-0.09428472092748215,1.8490900483024976e-05,0.9489761518046551,346.89351851851853,-3.73586549995541e-05,1.108359051287272e-06
x17s2,731.2247490075086,-0.09484135317929566,1.4100952867226114e-05,-0.09986005041742653,1.4847129622802079e-05,0.9483729719203388,346.89351851851853,-3.73586549995541e-05,1.108359051287272e-06
x17s2,732.5265692767593,-0.09476747026791557,1.1982247146625232e-05,-0.09978225786166812,1.2616308857529808e-05,0.9492890659020817,346.89351851851853,-3.73586549995541e-05,1.108359051287272e-06
x17s2,734.6635119073037,-0.0980990501762014,1.4254836146391039e-05,-0.10329013418838143,1.5009155906703339e-05,0.939695728774076,346.89351851851853,-3.73586549995541e-05,1.108359051287272e-06
x17s2,736.8978954951185,-0.09415929281454948,1.4882531590842298e-05,-0.09914189762723467,1.5670066961095334e-05,0.9347278999501789,346.89351851851853,-3.73586549995541e-05,1.108359051287272e-06
x17s2,739.2929021637561,-0.09484408069464641,1.3992074042768083e-05,-0.09986292226405574,1.4732489283590402e-05,0.9293744290221534,346.89351851851853,-3.73586549995541e-05,1.108359051287272e-06
x17s2,740.8735383905085,-0.0923065898822976,1.3710972450278522e-05,-0.09719115565634116,1.443651270525796e-05,0.9324018686957779,346.89351851851853,-3.73586549995541e-05,1.108359051287272e-06
x17s2,742.9226495861013,-0.08750171892830022,1.302774887938451e-05,-0.09213202649347138,1.3717135155816326e-05,0.9423100585533342,346.89351851851853,-3.73586549995541e-05,1.108359051287272e-06
x17s2,744.8089014551657,-0.08296728340179006,1.6145908193489656e-05,-0.08735764332502535,1.7000297361731413e-05,0.960595628181851,346.89351851851853,-3.73586549995541e-05,1.108359051287272e-06
x17s2,747.7812577734794,-0.08663793235021919,1.6804506473529234e-05,-0.09122253112730976,1.769374652968297e-05,0.9705410495915936,346.89351851851853,-3.73586549995541e-05,1.108359051287272e-06
x17s2,749.1869425437427,-0.08750437084241042,2.0347728242369e-05,-0.09213481873828729,2.142446411874521e-05,0.94696960128767,346.89351851851853,-3.73586549995541e-05,1.108359051287272e-06
x17s2,749.7530360299771,-0.08729006520689703,2.1728826821807475e-05,-0.09190917274263548,2.2878645961906324e-05,0.9527179076610874,346.89351851851853,-3.73586549995541e-05,1.108359051287272e-06
x17s2,752.6816835015067,-0.08767942865837879,3.606234067329658e-05,-0.09231914004689953,3.7970642943040215e-05,0.9142737922681285,346.89351851851853,-3.73586549995541e-05,1.108359051287272e-06
x17s2,755.6345504743989,-0.09697801727597354,3.6659488970340355e-05,-0.1021097798578742,3.8599390393920005e-05,0.9490870506494766,346.89351851851853,-3.73586549995541e-05,1.108359051287272e-06
x17s2,757.322628928246,-0.09637788225078743,2.6320489287582596e-05,-0.1014778876308722,2.7713284333896638e-05,0.9434077053417939,346.89351851851853,-3.73586549995541e-05,1.108359051287272e-06
x17s2,759.4438453131044,-0.09187842658895662,1.904812823720264e-05,-0.09674033534825159,2.005609349044916e-05,0.9468782766262905,346.89351851851853,-3.73586549995541e-05,1.108359051287272e-06
x17s2,760.0508233109024,-0.08964262547639505,2.2055135450030544e-05,-0.09438622288212456,2.3222221785886767e-05,0.9541780878989106,346.89351851851853,-3.73586549995541e-05,1.108359051287272e-06
x17s2,761.4213183375018,-0.08711286315523648,2.8943638612747604e-05,-0.09172259373232294,3.0475242225494927e-05,0.9557815340066567,346.89351851851853,-3.73586549995541e-05,1.108359051287272e-06
x17s2,765.0101460532902,-0.09483819336072759,5.207111190877519e-05,-0.09985672339149385,5.482654650310173e-05,0.8837236249283659,346.89351851851853,-3.73586549995541e-05,1.108359051287272e-06
x17s2,767.3421795869866,-0.10477459420081399,4.352649694819511e-05,-0.11031892638202856,4.5829778193101536e-05,0.9019883483826607,346.89351851851853,-3.73586549995541e-05,1.108359051287272e-06
x17s2,770.1573279659176,-0.09939043187042414,3.312381462879434e-05,-0.1046498516193362,3.48766196175593e-05,0.955910109818162,346.89351851851853,-3.73586549995541e-05,1.108359051287272e-06
x17s2,771.9374096343245,-0.09185328415783404,1.604009685683478e-05,-0.09671386246110529,1.688888683184245e-05,0.9863174319479662,346.89351851851853,-3.73586549995541e-05,1.108359051287272e-06
x17s2,772.6106947213352,-0.09014226839414785,1.6053767532874287e-05,-0.09491230528484167,1.6903280915781394e-05,0.98231500211293,346.89351851851853,-3.73586549995541e-05,1.108359051287272e-06
x17s2,773.5331341147009,-0.08870523608656279,2.1753101903409542e-05,-0.09339922988179855,2.290420560220465e-05,0.9736837780698265,346.89351851851853,-3.73586549995541e-05,1.108359051287272e-06
x17s2,776.3842872931499,-0.08682052895204508,4.2298521450134985e-05,-0.09141479014991051,4.453682220885037e-05,0.8900458102819238,346.89351851851853,-3.73586549995541e-05,1.108359051287272e-06
x17s2,778.8937022717603,-0.09611504368223296,4.8146395270775945e-05,-0.10120114049655123,5.069414657198945e-05,0.8823967667834282,346.89351851851853,-3.73586549995541e-05,1.108359051287272e-06
x17s2,782.1039359800269,-0.09725772903777229,2.9275497758527287e-05,-0.10240429306017707,3.082466228244407e-05,0.941849936171997,346.89351851851853,-3.73586549995541e-05,1.108359051287272e-06
x17s2,783.4586907831184,-0.10278688789507764,2.3625606381515507e-05,-0.10822603709637464,2.4875796952625608e-05,0.9569809346105037,346.89351851851853,-3.73586549995541e-05,1.108359051287272e-06
x17s2,784.3911439449168,-0.10371548512689387,2.309617895840308e-05,-0.10920377268615843,2.4318353944991293e-05,0.9545314833507168,346.89351851851853,-3.73586549995541e-05,1.108359051287272e-06
x17s2,786.7284668375997,-0.10992771833817785,3.215122552163653e-05,-0.11574473715880639,3.385256424487171e-05,0.9488465900802161,346.89351851851853,-3.73586549995541e-05,1.108359051287272e-06
x17s2,789.0956494474947,-0.1044737548350903,3.713270922917445e-05,-0.11000216757142914,3.909765193618611e-05,0.9352739603287622,346.89351851851853,-3.73586549995541e-05,1.108359051287272e-06
x17s2,790.7020135032882,-0.09803185364588753,3.509983555350926e-05,-0.10321938183531945,3.695720516967475e-05,0.9274635988387894,346.89351851851853,-3.73586549995541e-05,1.108359051287272e-06
x17s2,793.8133265257101,-0.08733539966778094,2.6068473295597445e-05,-0.09195690615636014,2.744793247184488e-05,0.9826734086383603,346.89351851851853,-3.73586549995541e-05,1.108359051287272e-06
x17s2,795.5948765514372,-0.09083412452692183,2.039429429983432e-05,-0.09564077220337881,2.1473494301153475e-05,0.9615906421177224,346.89351851851853,-3.73586549995541e-05,1.108359051287272e-06
x17s2,796.8233141990636,-0.09259483526960388,1.8146555163724168e-05,-0.0974946540559747,1.9106812089936533e-05,0.9645498251319873,346.89351851851853,-3.73586549995541e-05,1.108359051287272e-06
x17s2,798.437541426701,-0.09789510252424564,2.3321616974527273e-05,-0.10307539428722971,2.4555721410780266e-05,0.9708559769639714,346.89351851851853,-3.73586549995541e-05,1.108359051287272e-06
x17s2,801.1963656579255,-0.09535367878095527,2.1433931063990794e-05,-0.10039948663060609,2.2568145275694186e-05,0.9755323505596118,346.89351851851853,-3.73586549995541e-05,1.108359051287272e-06
x17s2,803.4338508637842,-0.09605545858290075,2.1023763045776458e-05,-0.10113840234674654,2.2136272494407877e-05,0.968196464712354,346.89351851851853,-3.73586549995541e-05,1.108359051287272e-06
x17s2,804.4707146914275,-0.09591132735406264,2.0820516827690874e-05,-0.10098664416009046,2.192227114473493e-05,0.9679146314785707,346.89351851851853,-3.73586549995541e-05,1.108359051287272e-06
x17s2,807.115466880033,-0.09629677926388763,2.324420862076071e-05,-0.10139249293658197,2.4474216857642507e-05,0.973431534291266,346.89351851851853,-3.73586549995541e-05,1.108359051287272e-06
x17s2,808.9633086873615,-0.09770791063242454,2.7445680349897858e-05,-0.10287829680677044,2.889801686296149e-05,0.9761545065299431,346.89351851851853,-3.73586549995541e-05,1.108359051287272e-06
x17s2,810.1013011651897,-0.09650892957745638,3.136381141047839e-05,-0.10161586955763248,3.3023482729227426e-05,0.9700053465538148,346.89351851851853,-3.73586549995541e-05,1.108359051287272e-06
x17s2,813.2173093835454,-0.09893230339414075,3.932524111052441e-05,-0.10416748046787412,4.140620550352617e-05,0.9540312116488503,346.89351851851853,-3.73586549995541e-05,1.108359051287272e-06
x17s2,815.552840780897,-0.09571361886686466,3.99309909513226e-05,-0.10077847358008808,4.204400966399718e-05,0.9647037600347224,346.89351851851853,-3.73586549995541e-05,1.108359051287272e-06
x17s2,816.8916664259556,-0.09419078107378179,3.5325855624382867e-05,-0.0991750521431614,3.719518549066532e-05,0.9663644898266935,346.89351851851853,-3.73586549995541e-05,1.108359051287272e-06
x17s2,818.3255238183771,-0.09117974694460289,4.282409400109307e-05,-0.09600468384000185,4.5090206356981094e-05,0.969428254990414,346.89351851851853,-3.73586549995541e-05,1.108359051287272e-06
x17s2,820.9413485448174,-0.0933705700976968,3.8347976164560084e-05,-0.09831143825872081,4.0377226861786535e-05,0.9605915107469889,346.89351851851853,-3.73586549995541e-05,1.108359051287272e-06
x17s2,824.5314443885981,-0.10184443726057398,4.0251020763886126e-05,-0.10723371502670158,4.238097441772921e-05,0.9575891082640986,346.89351851851853,-3.73586549995541e-05,1.108359051287272e-06
x17s2,825.4460132539405,-0.1016308427165853,3.199187110879759e-05,-0.1070088177512349,3.368477731262231e-05,0.9313546697769748,346.89351851851853,-3.73586549995541e-05,1.108359051287272e-06
x17s2,826.2703540340148,-0.10221351618767802,3.304970525473879e-05,-0.10762232441525536,3.479858861545413e-05,0.9166077755111438,346.89351851851853,-3.73586549995541e-05,1.108359051287272e-06
x17s2,828.4509262483738,-0.10249799930685152,4.3556277305987005e-05,-0.10792186145971176,4.5861134430975175e-05,0.8803009934855197,346.89351851851853,-3.73586549995541e-05,1.108359051287272e-06
x17s2,830.6066142580956,-0.10747331580065951,5.1401252305738766e-05,-0.11316045558832001,5.41212400994135e-05,0.9180935516029222,346.89351851851853,-3.73586549995541e-05,1.108359051287272e-06
x17s2,833.5535741157872,-0.10676421782591997,5.0809414694568894e-05,-0.11241383444538336,5.3498084358703815e-05,0.9241512497518821,346.89351851851853,-3.73586549995541e-05,1.108359051287272e-06
x17s2,835.5739989937258,-0.10656035776640227,4.185152901187353e-05,-0.11219918677177781,4.406617637847496e-05,0.956978826868801,346.89351851851853,-3.73586549995541e-05,1.108359051287272e-06
x17s2,836.9372197102216,-0.10420252453293961,3.5773295037021064e-05,-0.10971658464014916,3.7666301947853834e-05,0.9728155062782299,346.89351851851853,-3.73586549995541e-05,1.108359051287272e-06
x17s2,838.6680852670767,-0.10238160468671409,4.124122919848556e-05,-0.1077993076132555,4.342358147560117e-05,0.9711457059727181,346.89351851851853,-3.73586549995541e-05,1.108359051287272e-06
x17s2,840.8997302767905,-0.10150611424991696,3.7395180483060514e-05,-0.10687748905808095,3.9374012318736085e-05,0.9573916943959098,346.89351851851853,-3.73586549995541e-05,1.108359051287272e-06
x17s2,842.5414867178393,-0.10152035779575778,4.515612141176972e-05,-0.1068924863262357,4.754563710526178e-05,0.925893047475016,346.89351851851853,-3.73586549995541e-05,1.108359051287272e-06
x17s2,844.2081349846742,-0.10320002759924697,5.58152974369474e-05,-0.10866103881561198,5.876886220275899e-05,0.9169189608232111,346.89351851851853,-3.73586549995541e-05,1.108359051287272e-06
x17s2,847.5610923329308,-0.10575634592858493,5.865201361402085e-05,-0.11135262923153624,6.175568821236852e-05,0.9381256715395271,346.89351851851853,-3.73586549995541e-05,1.108359051287272e-06
x17s2,849.552823173478,-0.10794176713863494,5.206920209840794e-05,-0.11365369585388121,5.482453563175534e-05,0.9895742205430602,346.89351851851853,-3.73586549995541e-05,1.108359051287272e-06
x17s2,851.8646510058078,-0.10687945254297937,3.6324431696749e-05,-0.1125351670104474,3.8246602974593486e-05,0.9877665252094682,346.89351851851853,-3.73586549995541e-05,1.108359051287272e-06
x17s2,852.9886246425237,-0.10646881767308856,3.752040065523906e-05,-0.11210280267320595,3.95058587368633e-05,0.9779303116921298,346.89351851851853,-3.73586549995541e-05,1.108359051287272e-06
x17s2,853.9131186490085,-0.10256553578501307,4.005367452911836e-05,-0.10799297174956053,4.2173185259382404e-05,0.9481115153025563,346.89351851851853,-3.73586549995541e-05,1.108359051287272e-06
x17s2,857.9399685410986,-0.09098590010446321,3.414616505900064e-05,-0.09580057925291302,3.595306952134416e-05,0.962078867908167,346.89351851851853,-3.73586549995541e-05,1.108359051287272e-06
x17s2,859.0734532307757,-0.08901879180350515,3.2476503845334885e-05,-0.09372937795173744,3.419505524394894e-05,0.9573694327923344,346.89351851851853,-3.73586549995541e-05,1.108359051287272e-06
x17s2,859.882574879678,-0.09185387050765986,3.2348621616488944e-05,-0.09671447983866484,3.406040590173736e-05,0.9559987636488902,346.89351851851853,-3.73586549995541e-05,1.108359051287272e-06
x17s2,863.0446630976852,-0.09851213466176909,4.551893901338131e-05,-0.10372507776702758,4.792765383925722e-05,0.9407164070635743,346.89351851851853,-3.73586549995541e-05,1.108359051287272e-06
